geo_code1,geo_code2,all,bicycle,foot,car_driver,car_passenger,motorbike,bus
E02002239,E02002239,552,7,245,210,59,4,11
E02002239,E02002271,30,2,4,22,2,0,0
E02002239,E02002272,25,0,0,22,1,0,2
E02002239,E02002276,3,0,0,3,0,0,0
E02002239,E02002277,5,0,1,3,0,0,0
E02002239,E02002336,17,0,0,14,1,1,1
E02002239,E02002341,1,0,0,0,1,0,0
E02002239,E02002343,5,0,0,5,0,0,0
E02002239,E02002346,1,0,0,1,0,0,0
E02002239,E02002347,3,0,0,3,0,0,0
E02002239,E02002348,5,0,0,5,0,0,0
E02002239,E02002350,1,0,0,1,0,0,0
E02002239,E02002354,4,0,0,4,0,0,0
E02002239,E02002356,12,0,0,10,0,1,1
E02002239,E02002357,6,0,0,5,0,0,0
E02002239,E02002359,1,0,0,1,0,0,0
E02002239,E02002362,1,0,0,1,0,0,0
E02002239,E02002363,1,0,0,0,0,0,0
E02002239,E02002364,6,1,0,5,0,0,0
E02002239,E02002366,3,0,0,3,0,0,0
E02002239,E02002367,1,0,0,1,0,0,0
E02002239,E02002368,5,0,0,5,0,0,0
E02002239,E02002371,7,0,0,6,0,0,0
E02002239,E02002373,6,0,0,5,0,1,0
E02002239,E02002375,1,0,0,1,0,0,0
E02002239,E02002376,1,0,0,1,0,0,0
E02002239,E02002380,3,0,0,3,0,0,0
E02002239,E02002381,4,0,0,4,0,0,0
E02002239,E02002383,1,0,0,0,0,0,1
E02002239,E02002384,12,0,0,11,0,1,0
E02002239,E02002385,4,0,0,4,0,0,0
E02002239,E02002386,4,0,0,2,0,0,0
E02002239,E02002387,8,0,0,8,0,0,0
E02002239,E02002388,2,0,0,2,0,0,0
E02002239,E02002390,3,0,0,3,0,0,0
E02002239,E02002391,25,1,0,18,3,0,2
E02002239,E02002392,27,0,0,19,3,0,5
E02002239,E02002393,14,0,0,10,1,0,2
E02002239,E02002394,2,0,0,2,0,0,0
E02002239,E02002395,31,0,0,23,2,1,5
E02002239,E02002396,7,0,0,6,0,0,1
E02002239,E02002397,4,0,0,4,0,0,0
E02002239,E02002399,6,0,0,5,1,0,0
E02002239,E02002400,43,0,1,33,5,0,2
E02002239,E02002402,4,0,0,4,0,0,0
E02002239,E02002403,3,0,0,3,0,0,0
E02002239,E02002404,6,0,0,3,2,1,0
E02002239,E02002405,12,0,2,6,2,0,0
E02002239,E02002407,3,0,0,3,0,0,0
E02002239,E02002408,18,0,1,17,0,0,0
E02002239,E02002409,2,0,0,2,0,0,0
E02002239,E02002410,7,0,0,7,0,0,0
E02002239,E02002411,18,0,0,17,1,0,0
E02002239,E02002412,22,0,1,21,0,0,0
E02002239,E02002414,13,0,0,11,0,0,1
E02002239,E02002415,1,0,0,1,0,0,0
E02002239,E02002416,3,0,0,3,0,0,0
E02002239,E02002419,19,0,0,13,6,0,0
E02002239,E02002420,18,1,0,16,0,0,1
E02002239,E02002422,26,0,0,23,1,0,2
E02002239,E02002424,12,0,0,10,0,0,2
E02002239,E02002425,19,2,2,9,2,0,4
E02002239,E02002426,1,0,0,1,0,0,0
E02002239,E02002428,1,0,0,1,0,0,0
E02002239,E02002429,3,0,0,3,0,0,0
E02002239,E02002431,7,0,0,4,1,0,2
E02002239,E02002433,19,0,1,11,2,0,5
E02002239,E02002434,6,0,0,6,0,0,0
E02002239,E02002435,22,1,0,19,2,0,0
E02002239,E02002436,2,0,0,2,0,0,0
E02002239,E02002437,1,0,0,1,0,0,0
E02002239,E02002443,4,0,0,4,0,0,0
E02002239,E02002445,1,0,0,1,0,0,0
E02002239,E02002451,20,0,0,19,1,0,0
E02002239,E02006852,7,0,0,6,1,0,0
E02002239,E02006861,3,0,0,3,0,0,0
E02002239,E02006875,163,0,3,108,4,0,16
E02002239,E02006876,31,0,0,28,3,0,0
E02002271,E02002239,177,4,22,120,18,1,9
E02002271,E02002271,186,3,70,95,14,0,2
E02002271,E02002272,128,2,5,96,11,1,12
E02002271,E02002276,21,0,0,15,5,0,1
E02002271,E02002277,15,0,0,14,1,0,0
E02002271,E02002336,5,0,0,5,0,0,0
E02002271,E02002341,2,0,0,2,0,0,0
E02002271,E02002348,4,0,0,4,0,0,0
E02002271,E02002350,1,0,0,1,0,0,0
E02002271,E02002351,2,0,0,2,0,0,0
E02002271,E02002352,1,0,0,1,0,0,0
E02002271,E02002353,1,0,0,1,0,0,0
E02002271,E02002356,7,1,0,6,0,0,0
E02002271,E02002357,6,0,0,6,0,0,0
E02002271,E02002358,1,0,0,1,0,0,0
E02002271,E02002359,3,0,0,2,1,0,0
E02002271,E02002363,1,0,0,1,0,0,0
E02002271,E02002368,5,0,0,5,0,0,0
E02002271,E02002371,1,0,0,1,0,0,0
E02002271,E02002373,2,0,0,2,0,0,0
E02002271,E02002374,1,0,0,1,0,0,0
E02002271,E02002375,1,0,0,1,0,0,0
E02002271,E02002376,1,0,0,1,0,0,0
E02002271,E02002379,1,0,0,1,0,0,0
E02002271,E02002380,1,0,0,1,0,0,0
E02002271,E02002381,4,0,0,4,0,0,0
E02002271,E02002382,1,0,0,1,0,0,0
E02002271,E02002384,4,0,0,3,0,0,1
E02002271,E02002385,5,0,0,5,0,0,0
E02002271,E02002386,9,0,0,9,0,0,0
E02002271,E02002387,4,0,0,4,0,0,0
E02002271,E02002388,3,0,0,3,0,0,0
E02002271,E02002390,3,0,0,3,0,0,0
E02002271,E02002391,15,0,0,13,0,0,1
E02002271,E02002392,31,0,0,23,2,0,6
E02002271,E02002393,13,0,0,12,0,0,1
E02002271,E02002394,4,0,0,3,0,0,1
E02002271,E02002395,21,0,0,20,1,0,0
E02002271,E02002396,8,0,0,8,0,0,0
E02002271,E02002397,3,0,0,3,0,0,0
E02002271,E02002399,7,0,0,7,0,0,0
E02002271,E02002400,28,0,0,26,1,0,1
E02002271,E02002401,1,0,0,1,0,0,0
E02002271,E02002402,4,0,0,4,0,0,0
E02002271,E02002403,2,0,0,1,0,0,1
E02002271,E02002404,3,0,0,3,0,0,0
E02002271,E02002405,2,0,0,2,0,0,0
E02002271,E02002407,6,0,0,6,0,0,0
E02002271,E02002408,11,0,0,9,2,0,0
E02002271,E02002409,2,0,0,2,0,0,0
E02002271,E02002410,11,0,0,10,1,0,0
E02002271,E02002411,11,0,0,9,1,1,0
E02002271,E02002412,19,0,0,17,1,0,1
E02002271,E02002414,9,0,0,8,0,0,1
E02002271,E02002415,4,0,0,4,0,0,0
E02002271,E02002416,1,0,0,1,0,0,0
E02002271,E02002419,18,0,0,16,0,0,1
E02002271,E02002420,10,0,0,10,0,0,0
E02002271,E02002422,23,1,0,19,1,0,1
E02002271,E02002424,23,0,0,20,1,1,0
E02002271,E02002425,27,0,0,18,3,0,4
E02002271,E02002426,1,0,0,1,0,0,0
E02002271,E02002427,8,0,0,8,0,0,0
E02002271,E02002428,1,0,0,1,0,0,0
E02002271,E02002429,1,0,0,1,0,0,0
E02002271,E02002430,4,0,0,4,0,0,0
E02002271,E02002431,16,1,0,10,2,0,2
E02002271,E02002433,31,0,0,26,3,0,2
E02002271,E02002434,2,0,0,1,1,0,0
E02002271,E02002435,42,1,1,34,6,0,0
E02002271,E02002436,7,0,0,7,0,0,0
E02002271,E02002437,2,0,0,2,0,0,0
E02002271,E02002444,1,0,0,1,0,0,0
E02002271,E02002445,3,0,0,3,0,0,0
E02002271,E02002451,17,0,0,16,1,0,0
E02002271,E02006852,5,0,0,4,0,0,1
E02002271,E02006861,5,0,0,4,0,0,1
E02002271,E02006875,188,1,0,124,9,0,49
E02002271,E02006876,47,0,0,44,2,0,1
E02002272,E02002239,70,1,0,51,10,0,7
E02002272,E02002271,45,0,3,31,4,0,5
E02002272,E02002272,579,5,236,255,34,4,25
E02002272,E02002276,100,0,40,37,12,0,10
E02002272,E02002277,46,1,1,35,5,0,4
E02002272,E02002335,1,0,0,1,0,0,0
E02002272,E02002336,6,0,0,6,0,0,0
E02002272,E02002341,1,0,0,1,0,0,0
E02002272,E02002343,2,0,0,2,0,0,0
E02002272,E02002346,1,0,0,1,0,0,0
E02002272,E02002348,4,0,0,4,0,0,0
E02002272,E02002351,3,0,0,2,0,0,1
E02002272,E02002352,1,0,0,1,0,0,0
E02002272,E02002354,1,0,0,1,0,0,0
E02002272,E02002356,8,0,0,7,0,0,1
E02002272,E02002357,5,0,0,5,0,0,0
E02002272,E02002358,3,0,0,3,0,0,0
E02002272,E02002359,1,0,0,0,0,0,1
E02002272,E02002361,3,0,0,3,0,0,0
E02002272,E02002362,4,0,0,3,1,0,0
E02002272,E02002363,3,0,0,3,0,0,0
E02002272,E02002364,2,0,0,1,0,1,0
E02002272,E02002367,2,0,0,1,0,0,1
E02002272,E02002368,3,0,0,3,0,0,0
E02002272,E02002370,1,0,0,1,0,0,0
E02002272,E02002371,5,0,0,5,0,0,0
E02002272,E02002373,2,0,0,2,0,0,0
E02002272,E02002374,5,0,0,4,0,0,1
E02002272,E02002375,4,0,0,4,0,0,0
E02002272,E02002376,1,0,0,1,0,0,0
E02002272,E02002377,2,0,0,2,0,0,0
E02002272,E02002379,2,0,0,2,0,0,0
E02002272,E02002380,1,0,0,1,0,0,0
E02002272,E02002382,1,0,0,1,0,0,0
E02002272,E02002384,14,0,0,10,2,0,2
E02002272,E02002385,8,0,0,5,1,0,2
E02002272,E02002386,8,0,0,5,0,0,3
E02002272,E02002387,7,0,0,6,1,0,0
E02002272,E02002388,1,0,0,1,0,0,0
E02002272,E02002389,1,1,0,0,0,0,0
E02002272,E02002390,3,0,0,3,0,0,0
E02002272,E02002391,17,1,0,15,0,0,1
E02002272,E02002392,36,0,2,24,1,1,8
E02002272,E02002393,20,0,0,15,2,2,1
E02002272,E02002394,5,0,0,5,0,0,0
E02002272,E02002395,8,0,0,6,1,0,1
E02002272,E02002396,14,0,0,13,0,1,0
E02002272,E02002397,4,0,0,4,0,0,0
E02002272,E02002399,14,0,0,9,4,0,0
E02002272,E02002400,36,1,0,30,3,0,2
E02002272,E02002402,7,0,0,6,0,0,1
E02002272,E02002403,5,0,0,5,0,0,0
E02002272,E02002404,10,0,0,7,1,0,1
E02002272,E02002405,4,0,0,4,0,0,0
E02002272,E02002407,4,1,0,2,0,0,1
E02002272,E02002408,11,0,0,11,0,0,0
E02002272,E02002409,2,0,0,2,0,0,0
E02002272,E02002410,20,0,2,17,1,0,0
E02002272,E02002411,32,0,0,24,5,0,3
E02002272,E02002412,27,0,2,21,2,0,2
E02002272,E02002414,10,0,0,10,0,0,0
E02002272,E02002415,5,0,1,3,0,0,1
E02002272,E02002416,4,0,0,4,0,0,0
E02002272,E02002419,38,0,0,27,3,1,7
E02002272,E02002420,26,1,0,25,0,0,0
E02002272,E02002421,1,0,0,1,0,0,0
E02002272,E02002422,53,1,0,36,5,0,10
E02002272,E02002424,38,0,2,28,4,0,4
E02002272,E02002425,41,0,0,30,3,2,3
E02002272,E02002427,2,0,0,2,0,0,0
E02002272,E02002428,7,0,1,4,1,0,1
E02002272,E02002429,2,0,0,2,0,0,0
E02002272,E02002430,4,0,0,4,0,0,0
E02002272,E02002431,39,1,1,26,5,0,6
E02002272,E02002433,60,0,0,41,5,0,13
E02002272,E02002434,2,0,0,2,0,0,0
E02002272,E02002435,139,2,7,100,16,1,11
E02002272,E02002436,6,0,0,5,1,0,0
E02002272,E02002437,2,0,0,1,0,0,1
E02002272,E02002443,1,0,0,1,0,0,0
E02002272,E02002444,1,0,0,0,1,0,0
E02002272,E02002445,4,0,0,3,0,0,1
E02002272,E02002451,26,0,0,24,2,0,0
E02002272,E02006852,4,0,0,4,0,0,0
E02002272,E02006861,5,0,0,3,0,0,2
E02002272,E02006875,227,1,8,121,13,5,68
E02002272,E02006876,75,0,0,65,7,0,3
E02002276,E02002239,31,0,0,29,2,0,0
E02002276,E02002271,32,1,2,21,5,1,1
E02002276,E02002272,222,2,57,117,19,1,15
E02002276,E02002276,144,2,51,72,8,1,5
E02002276,E02002277,75,1,17,35,12,2,5
E02002276,E02002336,3,0,0,3,0,0,0
E02002276,E02002341,1,0,0,1,0,0,0
E02002276,E02002343,2,0,0,2,0,0,0
E02002276,E02002346,1,0,0,1,0,0,0
E02002276,E02002348,3,0,0,3,0,0,0
E02002276,E02002349,3,1,0,1,0,0,1
E02002276,E02002351,1,0,0,1,0,0,0
E02002276,E02002357,1,0,0,1,0,0,0
E02002276,E02002359,1,0,0,1,0,0,0
E02002276,E02002361,1,0,0,1,0,0,0
E02002276,E02002362,1,0,0,1,0,0,0
E02002276,E02002363,3,0,0,2,0,1,0
E02002276,E02002368,1,0,0,1,0,0,0
E02002276,E02002369,1,0,0,1,0,0,0
E02002276,E02002370,1,0,0,1,0,0,0
E02002276,E02002371,3,0,0,3,0,0,0
E02002276,E02002373,1,0,0,1,0,0,0
E02002276,E02002374,3,0,0,2,0,0,1
E02002276,E02002377,4,0,0,4,0,0,0
E02002276,E02002379,3,0,0,3,0,0,0
E02002276,E02002382,1,0,0,0,0,0,1
E02002276,E02002383,1,0,0,1,0,0,0
E02002276,E02002384,12,2,0,8,2,0,0
E02002276,E02002385,3,0,0,2,0,0,1
E02002276,E02002386,4,0,0,3,1,0,0
E02002276,E02002387,4,0,1,2,1,0,0
E02002276,E02002390,3,0,0,3,0,0,0
E02002276,E02002391,3,0,0,3,0,0,0
E02002276,E02002392,21,0,0,15,3,0,2
E02002276,E02002393,11,0,0,9,2,0,0
E02002276,E02002394,3,0,0,2,0,0,1
E02002276,E02002395,5,0,0,2,2,0,1
E02002276,E02002396,1,0,0,0,0,0,1
E02002276,E02002397,2,0,0,2,0,0,0
E02002276,E02002398,1,0,0,1,0,0,0
E02002276,E02002399,14,0,0,13,1,0,0
E02002276,E02002400,27,1,0,20,1,0,2
E02002276,E02002402,6,0,0,6,0,0,0
E02002276,E02002403,2,0,0,2,0,0,0
E02002276,E02002404,2,0,0,2,0,0,0
E02002276,E02002405,2,0,0,2,0,0,0
E02002276,E02002408,2,0,0,1,0,0,1
E02002276,E02002409,1,0,0,1,0,0,0
E02002276,E02002410,7,0,0,6,0,0,1
E02002276,E02002411,23,0,0,19,1,0,3
E02002276,E02002412,18,0,0,17,1,0,0
E02002276,E02002414,10,0,0,8,0,0,1
E02002276,E02002415,2,0,0,2,0,0,0
E02002276,E02002416,5,1,0,4,0,0,0
E02002276,E02002419,25,0,1,22,1,0,0
E02002276,E02002420,14,0,0,13,1,0,0
E02002276,E02002422,44,0,0,31,5,1,7
E02002276,E02002424,26,1,1,19,3,1,1
E02002276,E02002425,13,0,0,10,1,0,0
E02002276,E02002427,4,0,0,4,0,0,0
E02002276,E02002428,2,0,0,2,0,0,0
E02002276,E02002429,2,0,0,1,0,1,0
E02002276,E02002430,1,0,0,1,0,0,0
E02002276,E02002431,22,0,1,17,1,0,2
E02002276,E02002433,36,2,0,28,2,0,4
E02002276,E02002434,1,0,0,1,0,0,0
E02002276,E02002435,86,1,2,56,16,1,8
E02002276,E02002436,2,0,0,2,0,0,0
E02002276,E02002443,2,0,0,2,0,0,0
E02002276,E02002444,1,0,1,0,0,0,0
E02002276,E02002445,4,0,1,3,0,0,0
E02002276,E02002451,21,0,0,21,0,0,0
E02002276,E02006861,2,0,0,1,1,0,0
E02002276,E02006875,139,2,3,73,14,4,27
E02002276,E02006876,51,0,1,46,0,3,1
E02002277,E02002239,14,0,0,13,0,0,1
E02002277,E02002271,6,0,0,4,1,0,1
E02002277,E02002272,102,2,7,65,14,1,9
E02002277,E02002276,25,0,3,17,2,0,2
E02002277,E02002277,154,1,68,60,10,0,13
E02002277,E02002335,4,0,0,4,0,0,0
E02002277,E02002336,1,0,0,1,0,0,0
E02002277,E02002348,1,0,0,1,0,0,0
E02002277,E02002351,1,0,0,1,0,0,0
E02002277,E02002352,2,0,0,2,0,0,0
E02002277,E02002354,1,0,0,1,0,0,0
E02002277,E02002356,2,0,0,2,0,0,0
E02002277,E02002357,2,0,0,1,0,0,0
E02002277,E02002358,1,0,0,1,0,0,0
E02002277,E02002359,1,0,0,1,0,0,0
E02002277,E02002360,1,0,0,1,0,0,0
E02002277,E02002363,1,0,0,1,0,0,0
E02002277,E02002364,3,0,0,3,0,0,0
E02002277,E02002367,1,0,0,1,0,0,0
E02002277,E02002369,2,0,0,1,0,0,1
E02002277,E02002371,1,0,0,1,0,0,0
E02002277,E02002377,1,0,0,1,0,0,0
E02002277,E02002383,1,0,0,1,0,0,0
E02002277,E02002384,5,0,0,3,0,1,1
E02002277,E02002385,3,0,0,3,0,0,0
E02002277,E02002386,1,0,0,0,0,0,0
E02002277,E02002387,3,0,0,3,0,0,0
E02002277,E02002389,1,0,0,1,0,0,0
E02002277,E02002390,1,0,0,1,0,0,0
E02002277,E02002391,3,0,0,3,0,0,0
E02002277,E02002392,18,0,0,10,2,0,2
E02002277,E02002393,9,0,0,3,3,0,0
E02002277,E02002394,3,0,1,0,1,1,0
E02002277,E02002395,6,0,0,3,1,0,0
E02002277,E02002396,2,1,0,1,0,0,0
E02002277,E02002398,1,0,0,0,0,0,0
E02002277,E02002399,7,0,0,7,0,0,0
E02002277,E02002400,19,0,1,16,1,0,1
E02002277,E02002402,5,0,0,4,1,0,0
E02002277,E02002403,1,0,0,1,0,0,0
E02002277,E02002404,8,0,0,5,2,1,0
E02002277,E02002408,5,0,0,5,0,0,0
E02002277,E02002409,1,0,0,1,0,0,0
E02002277,E02002410,9,0,0,4,2,0,1
E02002277,E02002411,14,0,0,13,0,0,1
E02002277,E02002412,12,2,1,8,1,0,0
E02002277,E02002414,6,0,0,6,0,0,0
E02002277,E02002415,8,0,0,7,0,0,1
E02002277,E02002416,7,0,0,7,0,0,0
E02002277,E02002419,22,0,0,15,4,0,1
E02002277,E02002420,15,0,0,11,4,0,0
E02002277,E02002422,74,0,0,53,9,0,9
E02002277,E02002424,13,1,0,9,2,1,0
E02002277,E02002425,4,0,0,4,0,0,0
E02002277,E02002428,2,0,0,2,0,0,0
E02002277,E02002429,1,0,0,1,0,0,0
E02002277,E02002430,1,0,0,1,0,0,0
E02002277,E02002431,19,1,0,15,1,0,2
E02002277,E02002433,30,1,0,20,5,0,4
E02002277,E02002434,1,0,0,1,0,0,0
E02002277,E02002435,68,2,4,45,8,1,7
E02002277,E02002436,5,0,0,4,0,0,1
E02002277,E02002437,4,0,0,4,0,0,0
E02002277,E02002443,2,0,0,2,0,0,0
E02002277,E02002444,2,0,0,1,0,0,1
E02002277,E02002445,6,0,0,6,0,0,0
E02002277,E02002451,17,0,0,16,1,0,0
E02002277,E02006852,1,0,0,1,0,0,0
E02002277,E02006861,2,0,0,1,0,0,0
E02002277,E02006875,101,1,0,35,10,0,13
E02002277,E02006876,30,1,0,24,2,0,1
E02002335,E02002239,1,0,0,1,0,0,0
E02002335,E02002271,3,0,0,3,0,0,0
E02002335,E02002272,9,0,0,8,0,0,1
E02002335,E02002335,195,2,56,117,16,0,4
E02002335,E02002336,21,0,0,20,0,0,1
E02002335,E02002341,17,1,0,15,1,0,0
E02002335,E02002342,3,0,0,2,1,0,0
E02002335,E02002343,5,0,0,4,0,0,1
E02002335,E02002344,15,0,0,15,0,0,0
E02002335,E02002345,8,0,0,7,0,0,1
E02002335,E02002346,3,0,0,3,0,0,0
E02002335,E02002347,9,0,0,9,0,0,0
E02002335,E02002348,12,0,0,12,0,0,0
E02002335,E02002349,17,0,0,16,0,0,0
E02002335,E02002350,8,0,0,8,0,0,0
E02002335,E02002351,9,0,0,9,0,0,0
E02002335,E02002352,30,0,2,27,0,0,1
E02002335,E02002353,11,0,0,11,0,0,0
E02002335,E02002354,12,0,0,12,0,0,0
E02002335,E02002356,20,0,0,20,0,0,0
E02002335,E02002357,18,1,0,16,0,0,1
E02002335,E02002358,24,0,2,21,0,0,1
E02002335,E02002359,10,0,1,6,1,0,2
E02002335,E02002360,4,0,0,4,0,0,0
E02002335,E02002361,22,0,0,20,1,0,1
E02002335,E02002362,10,0,0,10,0,0,0
E02002335,E02002363,26,0,0,23,1,1,0
E02002335,E02002364,20,0,1,17,1,0,1
E02002335,E02002366,7,0,0,6,1,0,0
E02002335,E02002367,4,0,0,4,0,0,0
E02002335,E02002368,3,0,0,3,0,0,0
E02002335,E02002369,3,0,0,3,0,0,0
E02002335,E02002370,1,0,0,1,0,0,0
E02002335,E02002371,12,0,1,10,0,0,1
E02002335,E02002373,9,0,0,9,0,0,0
E02002335,E02002374,3,0,0,3,0,0,0
E02002335,E02002376,5,0,0,4,1,0,0
E02002335,E02002377,7,0,0,7,0,0,0
E02002335,E02002379,14,0,0,13,1,0,0
E02002335,E02002380,4,0,0,3,1,0,0
E02002335,E02002381,1,0,0,1,0,0,0
E02002335,E02002382,7,0,0,6,0,0,1
E02002335,E02002383,2,0,0,2,0,0,0
E02002335,E02002384,41,1,0,33,4,0,2
E02002335,E02002385,5,0,0,5,0,0,0
E02002335,E02002386,18,0,0,17,1,0,0
E02002335,E02002387,7,0,0,7,0,0,0
E02002335,E02002388,1,0,0,1,0,0,0
E02002335,E02002390,15,0,0,13,0,0,1
E02002335,E02002391,11,0,0,10,1,0,0
E02002335,E02002392,81,4,1,66,3,1,6
E02002335,E02002393,76,0,0,62,9,1,4
E02002335,E02002394,16,0,0,15,0,0,1
E02002335,E02002395,5,0,0,4,1,0,0
E02002335,E02002396,8,0,0,8,0,0,0
E02002335,E02002397,1,0,0,1,0,0,0
E02002335,E02002398,4,0,0,3,0,0,1
E02002335,E02002399,15,1,2,12,0,0,0
E02002335,E02002400,41,0,3,32,3,0,3
E02002335,E02002402,18,0,0,17,1,0,0
E02002335,E02002403,16,0,0,15,0,1,0
E02002335,E02002404,18,0,0,17,1,0,0
E02002335,E02002405,1,0,0,1,0,0,0
E02002335,E02002407,4,0,1,3,0,0,0
E02002335,E02002408,4,0,0,4,0,0,0
E02002335,E02002409,1,0,0,0,0,0,1
E02002335,E02002410,10,1,1,5,2,0,1
E02002335,E02002411,27,0,0,23,3,0,1
E02002335,E02002412,9,0,0,8,0,0,1
E02002335,E02002414,17,0,0,16,1,0,0
E02002335,E02002415,2,0,0,2,0,0,0
E02002335,E02002416,22,0,0,22,0,0,0
E02002335,E02002419,17,0,0,17,0,0,0
E02002335,E02002420,15,2,0,12,0,0,1
E02002335,E02002422,11,0,0,5,0,0,6
E02002335,E02002423,1,0,0,1,0,0,0
E02002335,E02002424,3,0,0,3,0,0,0
E02002335,E02002425,1,0,0,1,0,0,0
E02002335,E02002426,3,0,0,2,1,0,0
E02002335,E02002427,3,0,0,3,0,0,0
E02002335,E02002428,4,0,0,4,0,0,0
E02002335,E02002429,1,0,0,1,0,0,0
E02002335,E02002430,2,0,0,2,0,0,0
E02002335,E02002431,1,0,1,0,0,0,0
E02002335,E02002433,4,0,0,4,0,0,0
E02002335,E02002434,2,0,0,2,0,0,0
E02002335,E02002435,14,0,0,11,1,0,2
E02002335,E02002436,2,0,0,2,0,0,0
E02002335,E02002443,1,0,0,1,0,0,0
E02002335,E02002444,1,0,0,1,0,0,0
E02002335,E02002445,3,0,0,3,0,0,0
E02002335,E02002451,7,0,0,7,0,0,0
E02002335,E02006852,12,0,0,12,0,0,0
E02002335,E02006861,20,0,0,18,1,0,1
E02002335,E02006875,378,4,3,294,21,3,50
E02002335,E02006876,54,1,1,44,1,1,6
E02002336,E02002239,7,0,0,7,0,0,0
E02002336,E02002271,1,0,0,1,0,0,0
E02002336,E02002272,7,0,0,7,0,0,0
E02002336,E02002335,17,0,2,12,2,0,1
E02002336,E02002336,180,4,50,111,10,3,2
E02002336,E02002341,19,0,1,15,1,1,1
E02002336,E02002342,6,0,0,6,0,0,0
E02002336,E02002343,15,0,1,13,1,0,0
E02002336,E02002344,4,1,1,2,0,0,0
E02002336,E02002345,28,0,1,25,1,0,1
E02002336,E02002346,7,1,0,5,1,0,0
E02002336,E02002347,12,0,0,12,0,0,0
E02002336,E02002348,39,0,0,37,2,0,0
E02002336,E02002349,8,0,1,6,0,0,1
E02002336,E02002350,24,0,0,21,1,1,1
E02002336,E02002351,2,0,0,2,0,0,0
E02002336,E02002352,12,0,0,12,0,0,0
E02002336,E02002353,5,0,0,5,0,0,0
E02002336,E02002354,12,0,1,9,0,0,0
E02002336,E02002356,30,1,0,28,0,0,1
E02002336,E02002357,22,1,0,20,1,0,0
E02002336,E02002358,9,0,0,8,1,0,0
E02002336,E02002359,4,0,1,3,0,0,0
E02002336,E02002360,2,0,0,2,0,0,0
E02002336,E02002361,4,0,0,2,2,0,0
E02002336,E02002362,16,0,0,15,0,0,0
E02002336,E02002363,10,0,0,9,1,0,0
E02002336,E02002364,13,0,0,9,0,0,4
E02002336,E02002366,6,0,0,5,1,0,0
E02002336,E02002367,4,0,1,3,0,0,0
E02002336,E02002368,8,0,0,7,1,0,0
E02002336,E02002369,5,0,0,5,0,0,0
E02002336,E02002371,16,0,1,15,0,0,0
E02002336,E02002373,16,1,0,13,1,0,1
E02002336,E02002374,8,0,0,8,0,0,0
E02002336,E02002376,1,0,0,1,0,0,0
E02002336,E02002377,2,0,0,2,0,0,0
E02002336,E02002379,4,0,0,4,0,0,0
E02002336,E02002381,6,0,0,5,1,0,0
E02002336,E02002382,1,0,0,0,0,0,1
E02002336,E02002383,4,1,0,3,0,0,0
E02002336,E02002384,31,0,1,26,1,0,3
E02002336,E02002385,7,1,0,6,0,0,0
E02002336,E02002386,2,0,0,2,0,0,0
E02002336,E02002387,12,0,0,10,2,0,0
E02002336,E02002388,8,0,0,8,0,0,0
E02002336,E02002389,1,0,1,0,0,0,0
E02002336,E02002390,9,0,0,8,0,0,1
E02002336,E02002391,13,0,0,13,0,0,0
E02002336,E02002392,91,3,0,65,3,0,18
E02002336,E02002393,49,0,0,42,2,0,5
E02002336,E02002394,4,1,0,3,0,0,0
E02002336,E02002395,11,0,1,10,0,0,0
E02002336,E02002396,9,0,0,8,0,0,1
E02002336,E02002398,1,0,0,1,0,0,0
E02002336,E02002399,7,0,0,7,0,0,0
E02002336,E02002400,31,0,1,24,1,1,1
E02002336,E02002401,3,0,0,3,0,0,0
E02002336,E02002402,10,0,0,7,2,0,1
E02002336,E02002403,5,0,0,4,1,0,0
E02002336,E02002404,6,0,0,5,1,0,0
E02002336,E02002405,4,0,0,4,0,0,0
E02002336,E02002407,2,0,0,2,0,0,0
E02002336,E02002408,8,0,0,8,0,0,0
E02002336,E02002409,2,0,0,2,0,0,0
E02002336,E02002410,5,0,0,5,0,0,0
E02002336,E02002411,26,2,1,19,1,1,1
E02002336,E02002412,7,1,0,5,1,0,0
E02002336,E02002414,4,0,0,4,0,0,0
E02002336,E02002415,4,0,0,3,0,0,1
E02002336,E02002416,7,0,1,6,0,0,0
E02002336,E02002419,7,0,0,6,0,0,0
E02002336,E02002420,14,0,1,8,2,0,3
E02002336,E02002421,1,0,0,0,0,0,1
E02002336,E02002422,14,0,0,12,0,0,2
E02002336,E02002424,1,0,0,1,0,0,0
E02002336,E02002425,3,0,0,3,0,0,0
E02002336,E02002427,6,0,0,5,0,0,1
E02002336,E02002428,4,0,0,3,1,0,0
E02002336,E02002429,3,1,0,2,0,0,0
E02002336,E02002431,7,0,0,7,0,0,0
E02002336,E02002433,3,0,0,1,0,0,0
E02002336,E02002434,1,0,0,1,0,0,0
E02002336,E02002435,9,0,0,8,0,0,1
E02002336,E02002436,1,0,0,1,0,0,0
E02002336,E02002443,4,0,0,4,0,0,0
E02002336,E02002445,1,0,0,1,0,0,0
E02002336,E02002451,5,0,0,5,0,0,0
E02002336,E02006852,45,0,0,39,4,0,2
E02002336,E02006861,30,0,1,28,0,0,1
E02002336,E02006875,369,7,0,258,18,0,49
E02002336,E02006876,33,0,0,31,0,0,1
E02002341,E02002239,3,0,0,3,0,0,0
E02002341,E02002272,3,0,0,3,0,0,0
E02002341,E02002276,2,0,0,2,0,0,0
E02002341,E02002277,1,0,0,1,0,0,0
E02002341,E02002335,18,0,1,15,1,0,1
E02002341,E02002336,21,0,1,16,3,1,0
E02002341,E02002341,71,3,18,44,4,0,2
E02002341,E02002342,4,0,1,2,0,0,1
E02002341,E02002343,7,0,0,6,1,0,0
E02002341,E02002344,31,0,4,26,0,0,1
E02002341,E02002345,28,0,2,21,2,0,3
E02002341,E02002346,8,0,0,8,0,0,0
E02002341,E02002347,78,1,16,52,9,0,0
E02002341,E02002348,34,2,0,27,5,0,0
E02002341,E02002349,28,0,1,22,4,0,1
E02002341,E02002350,11,0,0,11,0,0,0
E02002341,E02002351,15,0,0,13,1,0,0
E02002341,E02002352,59,0,3,43,10,0,2
E02002341,E02002353,17,0,0,17,0,0,0
E02002341,E02002354,44,0,3,40,0,0,1
E02002341,E02002356,18,1,0,15,0,0,2
E02002341,E02002357,21,1,1,18,0,0,1
E02002341,E02002358,19,0,0,17,1,1,0
E02002341,E02002359,11,0,0,10,0,0,1
E02002341,E02002360,24,0,0,21,3,0,0
E02002341,E02002361,32,0,0,32,0,0,0
E02002341,E02002362,16,0,1,14,1,0,0
E02002341,E02002363,44,0,1,37,2,0,2
E02002341,E02002364,28,1,1,24,0,0,1
E02002341,E02002366,7,0,0,6,0,0,1
E02002341,E02002367,12,0,0,9,0,0,3
E02002341,E02002368,4,0,0,4,0,0,0
E02002341,E02002369,13,0,1,12,0,0,0
E02002341,E02002371,35,0,0,34,0,1,0
E02002341,E02002373,18,1,0,16,0,0,1
E02002341,E02002374,8,0,0,7,1,0,0
E02002341,E02002376,4,0,0,2,1,0,1
E02002341,E02002377,5,0,0,5,0,0,0
E02002341,E02002379,15,0,0,13,1,0,1
E02002341,E02002380,3,0,0,0,0,0,0
E02002341,E02002381,4,0,0,4,0,0,0
E02002341,E02002382,13,0,0,11,0,0,1
E02002341,E02002384,60,1,1,53,4,0,1
E02002341,E02002385,10,0,0,8,0,0,1
E02002341,E02002386,11,0,0,11,0,0,0
E02002341,E02002387,10,0,1,9,0,0,0
E02002341,E02002388,2,0,0,1,1,0,0
E02002341,E02002389,2,0,0,2,0,0,0
E02002341,E02002390,17,0,0,16,1,0,0
E02002341,E02002391,8,0,0,8,0,0,0
E02002341,E02002392,113,6,1,73,9,1,23
E02002341,E02002393,107,1,1,93,4,0,8
E02002341,E02002394,19,0,0,19,0,0,0
E02002341,E02002395,12,0,0,9,2,0,1
E02002341,E02002396,12,0,0,10,1,0,1
E02002341,E02002397,2,0,0,2,0,0,0
E02002341,E02002398,4,0,0,4,0,0,0
E02002341,E02002399,16,1,0,15,0,0,0
E02002341,E02002400,39,0,0,29,4,0,5
E02002341,E02002401,1,0,0,1,0,0,0
E02002341,E02002402,13,0,0,11,1,0,0
E02002341,E02002403,6,0,0,4,1,0,0
E02002341,E02002404,24,0,2,18,1,0,3
E02002341,E02002405,8,0,0,6,2,0,0
E02002341,E02002407,8,0,0,6,2,0,0
E02002341,E02002408,7,0,0,7,0,0,0
E02002341,E02002409,2,0,0,1,0,0,0
E02002341,E02002410,11,0,0,10,1,0,0
E02002341,E02002411,43,1,0,37,0,0,5
E02002341,E02002412,11,0,0,11,0,0,0
E02002341,E02002414,20,0,0,18,0,0,2
E02002341,E02002415,1,0,0,1,0,0,0
E02002341,E02002416,13,0,0,13,0,0,0
E02002341,E02002419,22,0,0,18,2,0,2
E02002341,E02002420,5,0,0,5,0,0,0
E02002341,E02002422,31,0,0,26,2,0,3
E02002341,E02002423,1,0,0,1,0,0,0
E02002341,E02002424,9,0,1,8,0,0,0
E02002341,E02002425,3,0,0,3,0,0,0
E02002341,E02002426,4,0,0,4,0,0,0
E02002341,E02002427,8,0,1,7,0,0,0
E02002341,E02002428,5,0,0,5,0,0,0
E02002341,E02002429,1,0,0,1,0,0,0
E02002341,E02002431,13,0,0,10,1,0,2
E02002341,E02002433,7,0,0,5,0,0,2
E02002341,E02002434,6,0,1,4,1,0,0
E02002341,E02002435,9,0,1,8,0,0,0
E02002341,E02002436,1,0,0,1,0,0,0
E02002341,E02002443,5,0,0,5,0,0,0
E02002341,E02002445,3,0,0,3,0,0,0
E02002341,E02002451,10,0,0,10,0,0,0
E02002341,E02006852,52,1,2,40,3,1,5
E02002341,E02006861,37,0,0,33,3,0,1
E02002341,E02006875,478,5,6,281,32,3,143
E02002341,E02006876,57,1,0,47,2,2,5
E02002342,E02002239,5,0,0,5,0,0,0
E02002342,E02002271,3,1,1,1,0,0,0
E02002342,E02002272,4,0,0,4,0,0,0
E02002342,E02002277,1,0,0,1,0,0,0
E02002342,E02002335,5,0,0,5,0,0,0
E02002342,E02002336,55,1,1,41,6,0,4
E02002342,E02002341,7,0,0,5,1,0,0
E02002342,E02002342,60,0,33,20,2,0,3
E02002342,E02002343,13,0,0,11,1,0,0
E02002342,E02002344,2,0,1,1,0,0,0
E02002342,E02002345,42,0,7,20,12,0,1
E02002342,E02002346,105,1,52,38,7,1,4
E02002342,E02002347,8,0,1,5,0,0,2
E02002342,E02002348,90,1,19,59,8,0,3
E02002342,E02002349,5,0,0,5,0,0,0
E02002342,E02002350,66,1,8,46,5,0,4
E02002342,E02002351,3,0,0,3,0,0,0
E02002342,E02002352,13,0,0,12,0,0,0
E02002342,E02002353,4,1,0,3,0,0,0
E02002342,E02002354,9,0,0,8,1,0,0
E02002342,E02002356,51,0,0,45,1,0,1
E02002342,E02002357,28,1,3,19,2,0,1
E02002342,E02002358,9,0,0,8,0,0,1
E02002342,E02002359,4,0,0,3,1,0,0
E02002342,E02002360,6,0,0,4,0,0,2
E02002342,E02002361,5,0,0,5,0,0,0
E02002342,E02002362,18,0,1,13,3,0,1
E02002342,E02002363,10,1,1,6,1,0,1
E02002342,E02002364,10,0,0,8,0,0,2
E02002342,E02002366,4,0,0,3,0,0,0
E02002342,E02002367,5,0,0,5,0,0,0
E02002342,E02002368,6,0,0,5,1,0,0
E02002342,E02002369,2,0,0,2,0,0,0
E02002342,E02002371,7,0,0,7,0,0,0
E02002342,E02002373,21,1,0,14,1,0,5
E02002342,E02002374,10,0,0,6,1,0,3
E02002342,E02002375,2,0,0,2,0,0,0
E02002342,E02002376,3,0,1,2,0,0,0
E02002342,E02002377,3,0,0,2,0,0,1
E02002342,E02002379,4,0,0,3,0,0,1
E02002342,E02002380,9,0,0,8,0,0,1
E02002342,E02002381,9,0,2,5,2,0,0
E02002342,E02002384,29,0,3,20,1,0,4
E02002342,E02002385,21,0,0,15,2,1,2
E02002342,E02002386,9,0,0,7,0,0,2
E02002342,E02002387,11,0,0,10,1,0,0
E02002342,E02002388,6,0,0,5,0,0,0
E02002342,E02002389,2,1,0,1,0,0,0
E02002342,E02002390,9,0,0,9,0,0,0
E02002342,E02002391,14,0,0,13,0,0,1
E02002342,E02002392,92,4,0,51,12,0,16
E02002342,E02002393,48,1,0,38,3,0,6
E02002342,E02002394,6,0,0,6,0,0,0
E02002342,E02002395,13,1,1,8,1,1,0
E02002342,E02002396,13,0,0,11,1,0,1
E02002342,E02002397,7,0,0,7,0,0,0
E02002342,E02002398,2,0,0,2,0,0,0
E02002342,E02002399,7,0,0,7,0,0,0
E02002342,E02002400,46,1,0,35,1,1,5
E02002342,E02002401,6,0,0,6,0,0,0
E02002342,E02002402,11,0,0,11,0,0,0
E02002342,E02002403,2,0,0,1,1,0,0
E02002342,E02002404,13,0,0,12,0,0,1
E02002342,E02002405,2,0,0,2,0,0,0
E02002342,E02002407,10,0,1,7,1,0,0
E02002342,E02002408,13,0,3,9,0,1,0
E02002342,E02002409,3,0,0,3,0,0,0
E02002342,E02002410,3,1,0,1,1,0,0
E02002342,E02002411,23,0,1,15,1,0,0
E02002342,E02002412,16,0,0,14,0,1,1
E02002342,E02002414,19,0,0,13,0,0,3
E02002342,E02002415,5,0,0,5,0,0,0
E02002342,E02002416,5,0,1,4,0,0,0
E02002342,E02002419,23,0,1,19,0,0,2
E02002342,E02002420,12,0,0,9,0,0,1
E02002342,E02002421,1,0,0,1,0,0,0
E02002342,E02002422,15,0,0,10,0,0,3
E02002342,E02002423,1,0,0,1,0,0,0
E02002342,E02002424,4,0,0,4,0,0,0
E02002342,E02002425,1,0,0,1,0,0,0
E02002342,E02002427,2,0,0,2,0,0,0
E02002342,E02002428,2,0,0,2,0,0,0
E02002342,E02002429,3,0,0,2,0,0,1
E02002342,E02002431,4,0,0,3,0,0,0
E02002342,E02002433,5,0,0,3,1,0,0
E02002342,E02002434,4,0,0,4,0,0,0
E02002342,E02002435,6,0,0,5,0,0,1
E02002342,E02002436,1,0,0,1,0,0,0
E02002342,E02002445,1,0,0,0,0,1,0
E02002342,E02002451,6,0,0,5,0,0,0
E02002342,E02006852,57,2,2,38,6,0,7
E02002342,E02006861,21,0,0,14,3,0,4
E02002342,E02006875,335,8,5,122,11,1,84
E02002342,E02006876,34,1,0,27,0,0,5
E02002343,E02002239,19,0,0,19,0,0,0
E02002343,E02002271,3,0,0,3,0,0,0
E02002343,E02002272,3,0,0,3,0,0,0
E02002343,E02002277,1,0,0,1,0,0,0
E02002343,E02002335,3,0,0,3,0,0,0
E02002343,E02002336,123,3,5,91,16,1,0
E02002343,E02002341,2,0,0,2,0,0,0
E02002343,E02002342,7,0,0,4,2,0,1
E02002343,E02002343,145,1,58,73,4,1,4
E02002343,E02002344,2,0,1,1,0,0,0
E02002343,E02002345,9,0,0,9,0,0,0
E02002343,E02002346,8,0,0,8,0,0,0
E02002343,E02002347,3,0,0,2,0,0,1
E02002343,E02002348,24,1,0,22,0,0,1
E02002343,E02002349,3,0,1,2,0,0,0
E02002343,E02002350,54,1,5,38,2,0,8
E02002343,E02002351,1,0,0,1,0,0,0
E02002343,E02002352,6,0,0,3,1,0,1
E02002343,E02002353,1,0,0,1,0,0,0
E02002343,E02002354,6,0,0,6,0,0,0
E02002343,E02002356,115,3,21,77,8,2,2
E02002343,E02002357,37,0,0,31,4,0,2
E02002343,E02002358,7,0,0,5,2,0,0
E02002343,E02002359,1,0,0,1,0,0,0
E02002343,E02002360,2,0,0,2,0,0,0
E02002343,E02002361,3,0,0,3,0,0,0
E02002343,E02002362,17,0,0,16,1,0,0
E02002343,E02002363,9,0,0,8,1,0,0
E02002343,E02002364,1,0,0,1,0,0,0
E02002343,E02002366,2,0,0,1,1,0,0
E02002343,E02002367,4,0,0,4,0,0,0
E02002343,E02002368,14,1,0,12,1,0,0
E02002343,E02002369,2,0,0,2,0,0,0
E02002343,E02002371,11,0,0,11,0,0,0
E02002343,E02002373,7,1,0,5,0,0,1
E02002343,E02002374,8,0,0,6,0,0,2
E02002343,E02002375,1,0,0,1,0,0,0
E02002343,E02002376,1,0,0,1,0,0,0
E02002343,E02002377,1,0,0,1,0,0,0
E02002343,E02002379,6,0,0,6,0,0,0
E02002343,E02002380,2,0,0,2,0,0,0
E02002343,E02002381,12,1,0,11,0,0,0
E02002343,E02002382,5,0,2,3,0,0,0
E02002343,E02002383,2,0,0,2,0,0,0
E02002343,E02002384,23,1,2,19,0,0,0
E02002343,E02002385,10,0,0,9,0,0,1
E02002343,E02002386,8,0,0,6,0,0,2
E02002343,E02002387,12,1,0,10,1,0,0
E02002343,E02002388,9,0,1,6,1,0,1
E02002343,E02002390,10,0,0,8,2,0,0
E02002343,E02002391,22,0,0,21,1,0,0
E02002343,E02002392,73,2,0,46,8,0,12
E02002343,E02002393,30,0,2,23,1,0,4
E02002343,E02002394,3,0,0,2,0,0,1
E02002343,E02002395,30,1,1,24,2,0,0
E02002343,E02002396,14,0,2,11,1,0,0
E02002343,E02002397,9,0,0,9,0,0,0
E02002343,E02002398,1,0,0,1,0,0,0
E02002343,E02002399,4,0,0,4,0,0,0
E02002343,E02002400,18,1,0,14,2,0,1
E02002343,E02002402,12,0,2,10,0,0,0
E02002343,E02002403,6,0,0,6,0,0,0
E02002343,E02002404,4,0,0,4,0,0,0
E02002343,E02002405,8,0,0,8,0,0,0
E02002343,E02002407,5,0,0,5,0,0,0
E02002343,E02002408,21,0,0,19,1,0,1
E02002343,E02002409,1,0,0,1,0,0,0
E02002343,E02002410,12,0,1,10,0,0,1
E02002343,E02002411,18,0,0,11,0,0,3
E02002343,E02002412,12,0,2,9,0,0,1
E02002343,E02002414,11,0,0,10,0,0,1
E02002343,E02002416,8,0,0,7,1,0,0
E02002343,E02002419,15,0,2,12,1,0,0
E02002343,E02002420,5,1,1,3,0,0,0
E02002343,E02002421,1,0,0,1,0,0,0
E02002343,E02002422,12,0,0,10,0,1,0
E02002343,E02002423,1,0,0,1,0,0,0
E02002343,E02002424,4,0,0,4,0,0,0
E02002343,E02002426,1,0,0,1,0,0,0
E02002343,E02002427,2,0,0,1,1,0,0
E02002343,E02002428,3,0,0,3,0,0,0
E02002343,E02002429,2,0,0,2,0,0,0
E02002343,E02002431,6,0,0,6,0,0,0
E02002343,E02002433,4,0,0,3,0,0,1
E02002343,E02002435,10,0,0,10,0,0,0
E02002343,E02002436,1,0,0,1,0,0,0
E02002343,E02002437,1,0,1,0,0,0,0
E02002343,E02002443,1,0,0,1,0,0,0
E02002343,E02002445,2,0,0,2,0,0,0
E02002343,E02002451,4,0,0,3,0,1,0
E02002343,E02006852,30,0,0,26,2,0,2
E02002343,E02006861,18,0,0,14,1,0,3
E02002343,E02006875,276,6,3,130,14,1,67
E02002343,E02006876,44,0,0,37,0,1,5
E02002344,E02002239,8,0,0,8,0,0,0
E02002344,E02002271,1,0,0,1,0,0,0
E02002344,E02002272,3,0,0,3,0,0,0
E02002344,E02002335,24,1,3,16,1,0,2
E02002344,E02002336,21,1,1,17,1,0,1
E02002344,E02002341,43,3,4,29,2,0,2
E02002344,E02002342,4,0,1,3,0,0,0
E02002344,E02002343,3,0,0,3,0,0,0
E02002344,E02002344,63,0,24,37,1,0,1
E02002344,E02002345,14,0,1,11,1,0,1
E02002344,E02002346,5,0,0,5,0,0,0
E02002344,E02002347,68,1,12,38,10,1,3
E02002344,E02002348,21,0,0,16,1,0,4
E02002344,E02002349,35,0,5,21,7,0,0
E02002344,E02002350,13,0,0,13,0,0,0
E02002344,E02002351,19,0,1,15,2,0,1
E02002344,E02002352,95,2,21,55,8,1,8
E02002344,E02002353,14,0,1,12,1,0,0
E02002344,E02002354,45,1,7,35,1,0,1
E02002344,E02002356,20,0,0,19,0,0,1
E02002344,E02002357,14,0,0,13,1,0,0
E02002344,E02002358,30,1,0,28,0,0,1
E02002344,E02002359,22,0,0,21,0,0,1
E02002344,E02002360,10,0,0,10,0,0,0
E02002344,E02002361,39,0,1,34,1,0,2
E02002344,E02002362,18,0,0,17,1,0,0
E02002344,E02002363,65,0,1,49,1,0,12
E02002344,E02002364,27,0,1,20,2,0,3
E02002344,E02002366,17,0,2,11,0,0,4
E02002344,E02002367,11,0,0,10,0,1,0
E02002344,E02002368,10,0,0,9,1,0,0
E02002344,E02002369,11,0,0,10,1,0,0
E02002344,E02002370,1,0,0,0,0,0,1
E02002344,E02002371,39,0,0,29,4,0,6
E02002344,E02002373,17,1,0,12,3,0,1
E02002344,E02002374,9,0,0,6,1,1,1
E02002344,E02002375,1,0,0,1,0,0,0
E02002344,E02002376,4,0,0,4,0,0,0
E02002344,E02002377,14,0,1,10,2,0,1
E02002344,E02002379,9,0,0,6,2,0,1
E02002344,E02002380,3,0,0,1,0,0,2
E02002344,E02002381,4,0,1,2,0,0,1
E02002344,E02002382,10,0,0,9,0,0,1
E02002344,E02002383,4,0,0,4,0,0,0
E02002344,E02002384,46,0,0,31,5,2,8
E02002344,E02002385,14,0,0,12,0,0,2
E02002344,E02002386,19,0,1,17,0,0,1
E02002344,E02002387,7,0,0,7,0,0,0
E02002344,E02002388,4,0,0,2,1,0,1
E02002344,E02002389,6,0,1,5,0,0,0
E02002344,E02002390,29,1,4,19,3,0,1
E02002344,E02002391,11,0,1,10,0,0,0
E02002344,E02002392,124,3,2,89,7,1,22
E02002344,E02002393,125,4,0,98,3,1,19
E02002344,E02002394,18,0,0,14,2,0,2
E02002344,E02002395,13,1,1,11,0,0,0
E02002344,E02002396,8,0,0,7,0,0,1
E02002344,E02002397,1,0,0,1,0,0,0
E02002344,E02002398,2,0,0,2,0,0,0
E02002344,E02002399,12,0,0,9,0,0,3
E02002344,E02002400,56,1,0,44,1,0,10
E02002344,E02002401,5,0,1,3,0,0,1
E02002344,E02002402,25,1,0,22,1,0,1
E02002344,E02002403,12,0,0,11,0,0,0
E02002344,E02002404,24,0,0,21,0,0,2
E02002344,E02002405,2,0,0,2,0,0,0
E02002344,E02002407,9,0,1,8,0,0,0
E02002344,E02002408,8,0,0,7,0,0,1
E02002344,E02002409,2,0,1,1,0,0,0
E02002344,E02002410,10,0,0,8,1,0,1
E02002344,E02002411,33,0,1,27,2,0,3
E02002344,E02002412,15,0,0,15,0,0,0
E02002344,E02002414,20,0,0,13,4,0,2
E02002344,E02002415,6,0,0,5,0,0,1
E02002344,E02002416,18,0,0,13,2,0,3
E02002344,E02002419,29,1,0,24,1,0,3
E02002344,E02002420,11,0,0,11,0,0,0
E02002344,E02002421,4,0,0,3,1,0,0
E02002344,E02002422,28,0,0,25,0,0,3
E02002344,E02002423,4,0,0,3,0,0,1
E02002344,E02002424,8,0,0,5,1,0,2
E02002344,E02002425,5,0,0,3,0,0,2
E02002344,E02002426,2,0,0,2,0,0,0
E02002344,E02002427,5,0,0,3,1,0,1
E02002344,E02002428,4,0,1,3,0,0,0
E02002344,E02002429,1,0,0,0,1,0,0
E02002344,E02002430,1,0,0,1,0,0,0
E02002344,E02002431,6,0,0,5,0,0,0
E02002344,E02002433,9,0,0,8,1,0,0
E02002344,E02002434,3,0,1,2,0,0,0
E02002344,E02002435,17,0,0,16,0,0,1
E02002344,E02002436,1,0,0,1,0,0,0
E02002344,E02002437,1,0,0,1,0,0,0
E02002344,E02002443,1,0,0,1,0,0,0
E02002344,E02002445,3,0,0,3,0,0,0
E02002344,E02002451,8,0,0,6,0,0,2
E02002344,E02006852,48,1,0,40,5,0,2
E02002344,E02006861,39,0,1,34,3,0,1
E02002344,E02006875,589,12,2,314,50,0,206
E02002344,E02006876,64,0,1,59,1,1,1
E02002345,E02002239,2,0,0,2,0,0,0
E02002345,E02002272,6,0,0,5,0,0,1
E02002345,E02002276,1,0,0,1,0,0,0
E02002345,E02002335,6,0,0,6,0,0,0
E02002345,E02002336,27,1,0,26,0,0,0
E02002345,E02002341,20,0,1,14,5,0,0
E02002345,E02002342,6,0,2,3,0,0,1
E02002345,E02002343,11,0,0,11,0,0,0
E02002345,E02002344,1,0,0,1,0,0,0
E02002345,E02002345,99,5,34,53,3,0,2
E02002345,E02002346,33,1,12,16,3,0,0
E02002345,E02002347,15,0,2,11,1,0,0
E02002345,E02002348,36,0,3,29,2,0,1
E02002345,E02002349,3,0,0,3,0,0,0
E02002345,E02002350,27,0,1,20,1,0,5
E02002345,E02002351,3,0,0,3,0,0,0
E02002345,E02002352,15,1,1,12,1,0,0
E02002345,E02002353,5,0,0,5,0,0,0
E02002345,E02002354,13,1,0,9,2,0,1
E02002345,E02002356,35,1,1,30,1,0,2
E02002345,E02002357,19,0,0,15,3,0,1
E02002345,E02002358,9,0,0,7,2,0,0
E02002345,E02002359,1,0,0,1,0,0,0
E02002345,E02002360,3,0,0,3,0,0,0
E02002345,E02002361,3,0,0,3,0,0,0
E02002345,E02002362,17,0,1,12,3,0,1
E02002345,E02002363,14,0,1,12,1,0,0
E02002345,E02002364,7,0,0,7,0,0,0
E02002345,E02002366,5,1,0,4,0,0,0
E02002345,E02002367,3,0,0,3,0,0,0
E02002345,E02002368,12,0,0,10,1,0,1
E02002345,E02002369,5,0,0,5,0,0,0
E02002345,E02002371,16,0,0,15,0,0,1
E02002345,E02002373,17,0,0,11,2,0,4
E02002345,E02002374,4,0,0,4,0,0,0
E02002345,E02002375,2,0,0,2,0,0,0
E02002345,E02002376,2,0,0,2,0,0,0
E02002345,E02002379,4,0,0,4,0,0,0
E02002345,E02002381,4,0,0,4,0,0,0
E02002345,E02002382,3,0,1,1,1,0,0
E02002345,E02002383,2,0,0,1,0,0,1
E02002345,E02002384,47,2,2,34,0,1,7
E02002345,E02002385,19,0,0,17,1,0,1
E02002345,E02002386,9,0,0,8,1,0,0
E02002345,E02002387,9,0,0,8,0,0,1
E02002345,E02002388,10,0,0,8,2,0,0
E02002345,E02002389,1,0,0,1,0,0,0
E02002345,E02002390,10,0,2,8,0,0,0
E02002345,E02002391,11,0,0,10,0,1,0
E02002345,E02002392,123,7,0,80,6,0,30
E02002345,E02002393,62,5,1,47,3,0,6
E02002345,E02002394,8,0,0,5,1,0,2
E02002345,E02002395,7,0,0,7,0,0,0
E02002345,E02002396,15,0,0,14,0,0,1
E02002345,E02002397,4,0,0,4,0,0,0
E02002345,E02002398,2,0,0,2,0,0,0
E02002345,E02002399,11,0,0,9,0,0,2
E02002345,E02002400,36,2,0,28,2,0,3
E02002345,E02002401,1,0,0,1,0,0,0
E02002345,E02002402,8,0,0,7,0,0,0
E02002345,E02002403,7,0,0,5,0,0,2
E02002345,E02002404,16,1,1,11,1,0,2
E02002345,E02002405,2,0,0,2,0,0,0
E02002345,E02002407,2,1,0,1,0,0,0
E02002345,E02002408,3,0,0,2,0,0,1
E02002345,E02002409,1,0,0,0,1,0,0
E02002345,E02002410,7,0,0,5,1,0,1
E02002345,E02002411,30,1,1,15,2,0,10
E02002345,E02002412,7,0,1,6,0,0,0
E02002345,E02002414,11,0,0,9,0,0,2
E02002345,E02002415,3,0,0,3,0,0,0
E02002345,E02002416,8,0,0,8,0,0,0
E02002345,E02002419,18,0,0,14,3,0,1
E02002345,E02002420,10,0,0,9,1,0,0
E02002345,E02002421,2,0,0,1,0,0,1
E02002345,E02002422,14,1,0,9,2,0,2
E02002345,E02002423,1,0,0,1,0,0,0
E02002345,E02002424,5,0,0,5,0,0,0
E02002345,E02002425,1,0,0,1,0,0,0
E02002345,E02002426,4,0,0,4,0,0,0
E02002345,E02002427,3,0,0,3,0,0,0
E02002345,E02002428,3,0,0,3,0,0,0
E02002345,E02002429,3,0,0,2,0,0,1
E02002345,E02002430,1,0,0,1,0,0,0
E02002345,E02002431,1,0,0,1,0,0,0
E02002345,E02002433,7,0,1,5,1,0,0
E02002345,E02002434,3,0,0,3,0,0,0
E02002345,E02002435,14,0,0,13,0,0,1
E02002345,E02002436,1,0,0,1,0,0,0
E02002345,E02002445,2,0,0,2,0,0,0
E02002345,E02002451,3,0,0,3,0,0,0
E02002345,E02006852,69,2,3,45,7,0,9
E02002345,E02006861,38,0,0,32,3,0,3
E02002345,E02006875,381,10,3,216,27,1,113
E02002345,E02006876,38,0,0,33,2,0,3
E02002346,E02002239,10,0,0,10,0,0,0
E02002346,E02002271,1,0,0,0,1,0,0
E02002346,E02002272,1,0,0,1,0,0,0
E02002346,E02002276,1,0,0,1,0,0,0
E02002346,E02002277,2,0,0,2,0,0,0
E02002346,E02002335,9,0,0,7,1,0,1
E02002346,E02002336,49,0,2,40,5,0,1
E02002346,E02002341,8,0,1,5,2,0,0
E02002346,E02002342,59,1,27,21,2,1,7
E02002346,E02002343,10,0,1,9,0,0,0
E02002346,E02002344,1,0,0,1,0,0,0
E02002346,E02002345,41,0,8,18,6,0,8
E02002346,E02002346,82,0,31,30,4,1,14
E02002346,E02002347,6,0,0,6,0,0,0
E02002346,E02002348,82,1,27,43,3,0,7
E02002346,E02002349,4,0,0,3,0,0,0
E02002346,E02002350,135,1,42,75,11,0,4
E02002346,E02002351,1,0,0,1,0,0,0
E02002346,E02002352,14,0,0,10,2,0,2
E02002346,E02002353,2,0,0,2,0,0,0
E02002346,E02002354,10,0,1,9,0,0,0
E02002346,E02002356,67,0,6,46,8,0,3
E02002346,E02002357,42,1,10,25,1,0,4
E02002346,E02002358,9,0,0,8,0,0,1
E02002346,E02002359,2,0,0,1,1,0,0
E02002346,E02002360,9,0,0,9,0,0,0
E02002346,E02002361,7,0,0,6,1,0,0
E02002346,E02002362,36,0,6,24,5,0,1
E02002346,E02002363,14,1,0,8,0,0,3
E02002346,E02002364,14,0,0,12,0,0,1
E02002346,E02002366,6,0,1,3,1,0,1
E02002346,E02002367,1,0,0,0,0,0,1
E02002346,E02002368,8,0,0,8,0,0,0
E02002346,E02002369,2,0,0,1,1,0,0
E02002346,E02002370,1,0,0,1,0,0,0
E02002346,E02002371,10,0,0,7,0,0,2
E02002346,E02002373,20,0,0,13,0,0,7
E02002346,E02002374,14,1,0,7,2,0,2
E02002346,E02002375,2,0,0,2,0,0,0
E02002346,E02002376,4,0,0,4,0,0,0
E02002346,E02002377,8,0,0,5,0,0,3
E02002346,E02002379,7,0,1,6,0,0,0
E02002346,E02002380,3,0,0,2,0,0,1
E02002346,E02002381,9,0,0,7,0,0,0
E02002346,E02002382,2,0,0,2,0,0,0
E02002346,E02002383,7,0,0,5,0,0,0
E02002346,E02002384,32,0,0,26,1,1,4
E02002346,E02002385,22,1,2,14,2,0,2
E02002346,E02002386,8,0,0,6,1,0,1
E02002346,E02002387,10,0,0,5,1,0,2
E02002346,E02002388,11,0,0,9,2,0,0
E02002346,E02002389,1,0,0,1,0,0,0
E02002346,E02002390,10,0,0,6,0,0,3
E02002346,E02002391,14,0,1,9,2,0,2
E02002346,E02002392,72,4,1,41,5,1,10
E02002346,E02002393,60,3,1,32,4,0,13
E02002346,E02002394,7,0,0,5,0,0,1
E02002346,E02002395,14,2,0,11,0,0,0
E02002346,E02002396,20,1,0,17,0,0,2
E02002346,E02002397,3,0,0,3,0,0,0
E02002346,E02002398,3,0,0,3,0,0,0
E02002346,E02002399,15,0,0,12,1,0,2
E02002346,E02002400,48,0,0,32,2,1,7
E02002346,E02002401,2,0,0,2,0,0,0
E02002346,E02002402,10,0,1,6,1,0,2
E02002346,E02002403,7,0,2,5,0,0,0
E02002346,E02002404,16,0,2,10,0,1,0
E02002346,E02002405,2,0,0,2,0,0,0
E02002346,E02002407,7,0,2,4,0,0,1
E02002346,E02002408,13,0,0,13,0,0,0
E02002346,E02002409,4,0,0,2,1,0,1
E02002346,E02002410,8,1,0,5,1,0,1
E02002346,E02002411,39,0,2,21,0,0,5
E02002346,E02002412,12,0,0,10,0,1,1
E02002346,E02002414,19,0,0,16,1,0,1
E02002346,E02002415,3,0,0,3,0,0,0
E02002346,E02002416,5,0,0,5,0,0,0
E02002346,E02002419,13,0,0,10,0,0,1
E02002346,E02002420,18,0,1,14,0,0,3
E02002346,E02002421,3,0,0,2,1,0,0
E02002346,E02002422,12,0,0,9,1,0,1
E02002346,E02002424,7,0,0,6,0,0,1
E02002346,E02002425,4,0,0,4,0,0,0
E02002346,E02002426,1,0,0,0,0,0,1
E02002346,E02002427,2,0,0,2,0,0,0
E02002346,E02002428,4,0,1,3,0,0,0
E02002346,E02002429,1,0,0,1,0,0,0
E02002346,E02002430,1,0,0,1,0,0,0
E02002346,E02002431,4,0,0,3,0,1,0
E02002346,E02002433,10,0,0,9,1,0,0
E02002346,E02002435,11,0,4,7,0,0,0
E02002346,E02002445,3,0,0,1,2,0,0
E02002346,E02002451,5,0,0,4,0,0,0
E02002346,E02006852,42,0,4,22,6,0,8
E02002346,E02006861,46,0,3,32,2,0,8
E02002346,E02006875,336,4,6,86,19,0,86
E02002346,E02006876,44,0,0,33,2,0,8
E02002347,E02002239,4,0,0,3,0,0,1
E02002347,E02002272,4,0,0,4,0,0,0
E02002347,E02002335,10,0,0,6,1,1,2
E02002347,E02002336,14,0,1,13,0,0,0
E02002347,E02002341,32,0,6,16,2,0,4
E02002347,E02002342,3,0,1,2,0,0,0
E02002347,E02002343,2,0,0,2,0,0,0
E02002347,E02002344,19,0,6,10,1,0,1
E02002347,E02002345,17,1,2,10,2,0,1
E02002347,E02002346,5,0,0,4,1,0,0
E02002347,E02002347,187,2,121,46,5,0,10
E02002347,E02002348,10,0,1,8,0,0,1
E02002347,E02002349,15,1,1,6,6,0,1
E02002347,E02002350,5,0,0,4,0,0,1
E02002347,E02002351,9,0,0,7,0,0,1
E02002347,E02002352,59,2,12,28,4,0,6
E02002347,E02002353,9,0,0,8,1,0,0
E02002347,E02002354,55,0,21,26,3,0,3
E02002347,E02002356,15,0,0,13,2,0,0
E02002347,E02002357,8,0,0,5,1,0,2
E02002347,E02002358,10,0,2,7,0,0,1
E02002347,E02002359,4,0,0,3,0,0,1
E02002347,E02002360,29,0,3,15,3,0,7
E02002347,E02002361,18,0,1,13,2,0,2
E02002347,E02002362,4,0,0,4,0,0,0
E02002347,E02002363,35,0,3,23,3,1,2
E02002347,E02002364,18,2,0,11,1,0,4
E02002347,E02002366,8,2,0,3,2,0,1
E02002347,E02002367,11,0,2,7,0,0,2
E02002347,E02002368,1,0,0,1,0,0,0
E02002347,E02002369,5,0,0,4,0,0,1
E02002347,E02002370,1,0,0,0,0,0,1
E02002347,E02002371,40,0,3,26,1,1,6
E02002347,E02002373,7,0,0,6,1,0,0
E02002347,E02002374,5,0,0,2,1,0,2
E02002347,E02002375,1,0,0,1,0,0,0
E02002347,E02002376,2,0,0,2,0,0,0
E02002347,E02002377,11,0,0,9,0,0,2
E02002347,E02002379,12,0,0,9,1,0,1
E02002347,E02002380,1,0,0,0,1,0,0
E02002347,E02002381,4,0,0,4,0,0,0
E02002347,E02002382,8,0,0,7,0,0,1
E02002347,E02002384,45,1,2,34,0,0,8
E02002347,E02002385,14,1,2,8,0,0,3
E02002347,E02002386,12,1,2,5,1,0,3
E02002347,E02002387,8,0,0,7,0,0,1
E02002347,E02002388,1,0,0,1,0,0,0
E02002347,E02002390,8,0,0,6,0,0,2
E02002347,E02002391,8,0,0,6,0,0,2
E02002347,E02002392,79,3,1,46,11,1,16
E02002347,E02002393,70,2,0,47,3,0,18
E02002347,E02002394,11,0,0,8,0,0,3
E02002347,E02002395,3,0,0,2,0,0,1
E02002347,E02002396,9,0,1,5,0,0,3
E02002347,E02002397,2,0,0,2,0,0,0
E02002347,E02002398,2,0,1,1,0,0,0
E02002347,E02002399,16,0,1,9,2,1,2
E02002347,E02002400,46,0,0,33,2,0,10
E02002347,E02002401,3,0,0,3,0,0,0
E02002347,E02002402,12,0,0,8,0,0,4
E02002347,E02002403,5,0,0,4,1,0,0
E02002347,E02002404,14,1,0,11,1,0,1
E02002347,E02002405,3,0,1,2,0,0,0
E02002347,E02002407,5,0,1,4,0,0,0
E02002347,E02002408,4,0,0,3,0,0,1
E02002347,E02002409,2,0,0,2,0,0,0
E02002347,E02002410,17,1,1,11,1,1,2
E02002347,E02002411,24,0,1,15,2,0,6
E02002347,E02002412,14,1,0,9,1,0,3
E02002347,E02002414,23,0,3,14,1,0,5
E02002347,E02002415,4,0,0,3,0,0,1
E02002347,E02002416,11,0,0,11,0,0,0
E02002347,E02002419,20,0,1,14,1,0,4
E02002347,E02002420,16,0,0,12,1,0,3
E02002347,E02002421,1,0,0,0,1,0,0
E02002347,E02002422,27,0,1,18,0,1,7
E02002347,E02002424,6,0,0,6,0,0,0
E02002347,E02002425,6,0,0,6,0,0,0
E02002347,E02002426,1,0,1,0,0,0,0
E02002347,E02002427,4,0,0,4,0,0,0
E02002347,E02002428,6,0,0,5,1,0,0
E02002347,E02002429,3,0,0,2,1,0,0
E02002347,E02002430,4,0,0,3,0,0,1
E02002347,E02002431,4,0,1,2,0,0,1
E02002347,E02002433,5,0,0,3,0,0,1
E02002347,E02002434,1,0,1,0,0,0,0
E02002347,E02002435,12,0,0,10,0,0,2
E02002347,E02002436,2,0,0,2,0,0,0
E02002347,E02002451,4,0,0,3,0,0,1
E02002347,E02006852,39,1,1,21,3,0,13
E02002347,E02006861,19,0,0,15,1,1,2
E02002347,E02006875,357,2,6,130,27,6,177
E02002347,E02006876,65,1,0,41,2,1,20
E02002348,E02002239,5,0,0,5,0,0,0
E02002348,E02002271,2,0,0,2,0,0,0
E02002348,E02002272,2,0,0,2,0,0,0
E02002348,E02002277,1,0,0,1,0,0,0
E02002348,E02002335,6,0,0,6,0,0,0
E02002348,E02002336,31,0,0,24,1,0,2
E02002348,E02002341,4,1,0,2,1,0,0
E02002348,E02002342,32,1,6,21,1,0,2
E02002348,E02002343,9,0,0,9,0,0,0
E02002348,E02002344,1,0,0,1,0,0,0
E02002348,E02002345,48,2,19,18,6,0,3
E02002348,E02002346,57,1,23,22,1,0,10
E02002348,E02002347,20,0,0,15,3,0,2
E02002348,E02002348,161,1,59,86,6,0,9
E02002348,E02002349,6,0,0,4,0,0,2
E02002348,E02002350,42,1,7,26,6,0,2
E02002348,E02002351,4,0,0,3,0,0,1
E02002348,E02002352,13,0,0,13,0,0,0
E02002348,E02002353,3,0,0,3,0,0,0
E02002348,E02002354,19,1,0,13,4,0,0
E02002348,E02002356,45,0,4,33,3,0,5
E02002348,E02002357,29,0,7,17,5,0,0
E02002348,E02002358,13,0,1,8,4,0,0
E02002348,E02002359,2,0,0,1,1,0,0
E02002348,E02002360,3,0,0,0,2,0,0
E02002348,E02002361,10,0,0,10,0,0,0
E02002348,E02002362,25,0,9,12,2,0,1
E02002348,E02002363,20,0,1,16,1,0,2
E02002348,E02002364,7,0,0,7,0,0,0
E02002348,E02002366,4,0,0,4,0,0,0
E02002348,E02002367,5,0,0,5,0,0,0
E02002348,E02002368,4,0,0,3,1,0,0
E02002348,E02002369,3,0,0,2,1,0,0
E02002348,E02002371,16,0,1,9,2,0,4
E02002348,E02002373,30,0,2,14,3,0,11
E02002348,E02002374,19,0,2,15,0,0,2
E02002348,E02002375,2,0,0,2,0,0,0
E02002348,E02002376,1,0,0,0,1,0,0
E02002348,E02002377,5,0,0,4,0,0,1
E02002348,E02002379,4,0,0,3,0,0,1
E02002348,E02002380,5,0,0,5,0,0,0
E02002348,E02002381,7,0,0,6,1,0,0
E02002348,E02002383,1,0,0,1,0,0,0
E02002348,E02002384,40,1,1,28,2,0,7
E02002348,E02002385,16,0,0,11,1,0,3
E02002348,E02002386,11,0,1,8,0,0,2
E02002348,E02002387,11,0,0,11,0,0,0
E02002348,E02002388,3,0,1,2,0,0,0
E02002348,E02002390,10,0,0,8,0,0,2
E02002348,E02002391,8,0,1,7,0,0,0
E02002348,E02002392,112,7,2,60,10,0,32
E02002348,E02002393,55,0,0,37,2,0,14
E02002348,E02002394,10,0,0,7,0,0,3
E02002348,E02002395,7,0,0,5,1,0,1
E02002348,E02002396,7,1,0,5,1,0,0
E02002348,E02002397,6,0,0,5,0,0,1
E02002348,E02002399,15,0,0,12,1,0,1
E02002348,E02002400,55,0,2,35,5,1,8
E02002348,E02002401,3,0,0,3,0,0,0
E02002348,E02002402,4,0,1,2,0,0,0
E02002348,E02002403,8,0,0,7,0,0,1
E02002348,E02002404,9,0,0,7,0,0,2
E02002348,E02002407,6,0,0,6,0,0,0
E02002348,E02002408,6,0,1,4,0,0,1
E02002348,E02002409,1,0,0,1,0,0,0
E02002348,E02002410,9,0,0,7,1,0,1
E02002348,E02002411,33,0,1,18,4,1,9
E02002348,E02002412,14,0,0,10,1,0,3
E02002348,E02002414,8,0,0,6,0,0,1
E02002348,E02002415,5,0,0,5,0,0,0
E02002348,E02002416,7,0,1,4,0,0,2
E02002348,E02002419,19,0,0,12,0,0,7
E02002348,E02002420,14,0,0,12,0,0,2
E02002348,E02002421,2,0,0,2,0,0,0
E02002348,E02002422,7,0,0,6,0,0,1
E02002348,E02002424,4,1,0,3,0,0,0
E02002348,E02002425,2,0,0,2,0,0,0
E02002348,E02002426,1,0,0,1,0,0,0
E02002348,E02002427,3,0,0,3,0,0,0
E02002348,E02002428,3,0,0,3,0,0,0
E02002348,E02002429,2,0,0,2,0,0,0
E02002348,E02002430,2,0,0,1,0,0,1
E02002348,E02002431,4,0,1,3,0,0,0
E02002348,E02002433,8,0,0,6,0,0,2
E02002348,E02002435,10,0,0,8,0,0,1
E02002348,E02002436,5,0,0,5,0,0,0
E02002348,E02002445,1,0,0,1,0,0,0
E02002348,E02002451,9,0,0,8,0,1,0
E02002348,E02006852,68,1,14,37,4,0,11
E02002348,E02006861,31,0,5,22,1,0,3
E02002348,E02006875,392,11,8,160,30,2,141
E02002348,E02006876,53,0,0,42,3,0,8
E02002349,E02002239,3,0,0,1,2,0,0
E02002349,E02002272,3,0,0,3,0,0,0
E02002349,E02002276,1,0,0,1,0,0,0
E02002349,E02002335,7,0,0,5,1,0,1
E02002349,E02002336,9,0,0,6,2,0,1
E02002349,E02002341,17,1,0,15,0,0,0
E02002349,E02002342,3,0,0,3,0,0,0
E02002349,E02002343,7,0,0,7,0,0,0
E02002349,E02002344,13,0,1,9,0,0,1
E02002349,E02002345,2,0,0,2,0,0,0
E02002349,E02002346,3,0,0,3,0,0,0
E02002349,E02002347,27,1,0,22,3,0,1
E02002349,E02002348,19,1,1,15,0,0,2
E02002349,E02002349,76,0,36,33,4,1,2
E02002349,E02002350,12,0,0,11,0,0,0
E02002349,E02002351,14,0,1,10,2,0,1
E02002349,E02002352,57,3,19,21,5,0,7
E02002349,E02002353,33,0,15,15,0,0,2
E02002349,E02002354,29,0,3,18,2,1,4
E02002349,E02002356,10,0,1,9,0,0,0
E02002349,E02002357,18,0,1,14,1,1,1
E02002349,E02002358,20,1,0,17,2,0,0
E02002349,E02002359,7,0,0,7,0,0,0
E02002349,E02002361,44,1,11,21,5,0,4
E02002349,E02002362,9,0,0,9,0,0,0
E02002349,E02002363,49,5,0,39,1,0,2
E02002349,E02002364,26,0,3,17,1,0,4
E02002349,E02002366,23,1,2,13,0,0,7
E02002349,E02002367,8,0,0,8,0,0,0
E02002349,E02002368,5,0,0,4,1,0,0
E02002349,E02002369,6,0,1,4,0,1,0
E02002349,E02002370,6,0,0,6,0,0,0
E02002349,E02002371,23,0,0,19,1,0,3
E02002349,E02002373,16,0,0,13,1,0,2
E02002349,E02002374,5,0,0,4,1,0,0
E02002349,E02002375,2,0,0,2,0,0,0
E02002349,E02002376,6,0,0,5,1,0,0
E02002349,E02002377,13,1,0,9,2,0,1
E02002349,E02002379,17,1,0,15,1,0,0
E02002349,E02002380,2,0,0,2,0,0,0
E02002349,E02002381,2,0,0,2,0,0,0
E02002349,E02002382,7,0,0,5,0,0,2
E02002349,E02002383,2,0,0,1,0,0,1
E02002349,E02002384,32,1,1,22,1,1,6
E02002349,E02002385,8,0,1,6,0,0,1
E02002349,E02002386,15,0,1,11,1,0,1
E02002349,E02002387,5,0,0,4,0,0,1
E02002349,E02002388,4,0,0,4,0,0,0
E02002349,E02002389,2,0,0,2,0,0,0
E02002349,E02002390,16,0,1,11,2,0,2
E02002349,E02002391,8,0,0,8,0,0,0
E02002349,E02002392,116,7,1,77,7,0,23
E02002349,E02002393,124,10,3,88,4,2,16
E02002349,E02002394,18,1,0,17,0,0,0
E02002349,E02002395,6,0,0,4,0,0,0
E02002349,E02002396,11,0,0,10,0,0,1
E02002349,E02002398,7,0,0,6,1,0,0
E02002349,E02002399,17,0,0,13,2,0,0
E02002349,E02002400,24,0,0,19,1,0,3
E02002349,E02002401,2,0,0,2,0,0,0
E02002349,E02002402,21,1,0,17,1,0,2
E02002349,E02002403,8,0,0,7,1,0,0
E02002349,E02002404,16,0,0,9,2,0,3
E02002349,E02002405,3,0,0,3,0,0,0
E02002349,E02002407,5,0,0,5,0,0,0
E02002349,E02002408,2,0,0,2,0,0,0
E02002349,E02002409,3,0,0,2,0,0,1
E02002349,E02002410,3,0,1,1,1,0,0
E02002349,E02002411,16,0,2,7,2,0,3
E02002349,E02002412,11,0,0,9,2,0,0
E02002349,E02002414,17,2,0,11,1,0,3
E02002349,E02002415,5,0,0,3,0,0,2
E02002349,E02002416,9,0,0,6,0,0,3
E02002349,E02002419,12,0,0,12,0,0,0
E02002349,E02002420,11,0,0,11,0,0,0
E02002349,E02002421,7,0,0,6,0,0,1
E02002349,E02002422,18,0,1,10,2,0,5
E02002349,E02002423,1,0,0,1,0,0,0
E02002349,E02002424,3,0,0,3,0,0,0
E02002349,E02002425,4,0,0,3,1,0,0
E02002349,E02002427,3,0,0,1,1,0,1
E02002349,E02002428,3,0,0,2,0,0,1
E02002349,E02002429,1,0,0,1,0,0,0
E02002349,E02002431,3,0,1,1,0,0,1
E02002349,E02002433,8,0,1,6,0,0,1
E02002349,E02002434,3,0,0,3,0,0,0
E02002349,E02002435,14,0,0,12,1,0,1
E02002349,E02002436,2,0,0,2,0,0,0
E02002349,E02002443,5,0,0,5,0,0,0
E02002349,E02002444,5,0,0,5,0,0,0
E02002349,E02002445,6,0,0,6,0,0,0
E02002349,E02002451,8,0,0,8,0,0,0
E02002349,E02006852,33,0,4,21,2,0,5
E02002349,E02006861,19,1,1,16,1,0,0
E02002349,E02006875,499,16,6,284,34,4,149
E02002349,E02006876,48,4,1,34,2,0,7
E02002350,E02002239,10,0,0,9,1,0,0
E02002350,E02002271,1,0,0,1,0,0,0
E02002350,E02002272,1,0,0,0,0,0,1
E02002350,E02002276,2,0,0,2,0,0,0
E02002350,E02002335,9,0,0,9,0,0,0
E02002350,E02002336,30,0,0,23,5,0,1
E02002350,E02002341,11,0,0,11,0,0,0
E02002350,E02002342,7,0,0,7,0,0,0
E02002350,E02002343,21,1,1,17,1,0,1
E02002350,E02002344,1,0,0,1,0,0,0
E02002350,E02002345,7,0,0,6,0,0,1
E02002350,E02002346,16,1,0,12,3,0,0
E02002350,E02002347,4,0,1,3,0,0,0
E02002350,E02002348,21,0,4,15,0,0,1
E02002350,E02002349,7,0,0,7,0,0,0
E02002350,E02002350,249,2,122,94,14,0,6
E02002350,E02002351,8,0,0,7,0,0,0
E02002350,E02002352,11,0,0,11,0,0,0
E02002350,E02002353,3,0,0,3,0,0,0
E02002350,E02002354,5,0,0,4,0,0,0
E02002350,E02002356,89,2,23,56,5,2,0
E02002350,E02002357,83,0,32,45,3,0,2
E02002350,E02002358,2,0,0,2,0,0,0
E02002350,E02002360,3,0,0,2,1,0,0
E02002350,E02002361,5,0,0,4,0,0,1
E02002350,E02002362,15,0,0,14,0,0,0
E02002350,E02002363,12,0,0,9,1,0,1
E02002350,E02002364,6,0,0,6,0,0,0
E02002350,E02002366,2,0,0,2,0,0,0
E02002350,E02002367,1,0,0,0,1,0,0
E02002350,E02002368,21,0,1,17,3,0,0
E02002350,E02002369,4,0,0,3,0,0,1
E02002350,E02002370,1,0,0,1,0,0,0
E02002350,E02002371,9,0,0,8,0,0,0
E02002350,E02002373,13,0,0,9,1,0,1
E02002350,E02002374,14,0,0,8,3,0,2
E02002350,E02002375,1,0,0,1,0,0,0
E02002350,E02002376,1,0,0,1,0,0,0
E02002350,E02002377,2,0,0,1,0,0,1
E02002350,E02002379,5,0,0,5,0,0,0
E02002350,E02002380,5,0,0,5,0,0,0
E02002350,E02002381,7,0,0,7,0,0,0
E02002350,E02002382,3,0,0,2,0,0,1
E02002350,E02002383,2,0,0,1,0,0,0
E02002350,E02002384,13,0,1,9,1,0,0
E02002350,E02002385,19,0,0,15,1,0,1
E02002350,E02002386,2,0,0,2,0,0,0
E02002350,E02002387,15,0,0,14,1,0,0
E02002350,E02002388,3,0,0,3,0,0,0
E02002350,E02002390,10,0,0,10,0,0,0
E02002350,E02002391,24,0,0,23,1,0,0
E02002350,E02002392,85,3,1,52,3,1,11
E02002350,E02002393,52,1,0,44,3,0,2
E02002350,E02002394,7,0,0,6,0,0,1
E02002350,E02002395,21,3,0,17,1,0,0
E02002350,E02002396,21,0,4,12,1,1,3
E02002350,E02002397,9,0,0,7,0,0,2
E02002350,E02002398,2,0,0,2,0,0,0
E02002350,E02002399,11,0,0,10,0,0,0
E02002350,E02002400,43,4,1,26,1,0,4
E02002350,E02002401,1,0,0,1,0,0,0
E02002350,E02002402,9,0,1,7,0,0,1
E02002350,E02002403,3,0,0,3,0,0,0
E02002350,E02002404,8,0,0,5,0,1,0
E02002350,E02002405,7,0,0,7,0,0,0
E02002350,E02002407,8,1,2,5,0,0,0
E02002350,E02002408,14,0,0,12,1,1,0
E02002350,E02002409,2,0,0,2,0,0,0
E02002350,E02002410,6,0,0,5,1,0,0
E02002350,E02002411,30,0,0,18,1,0,2
E02002350,E02002412,21,0,0,15,1,0,4
E02002350,E02002414,5,0,0,5,0,0,0
E02002350,E02002415,2,0,0,2,0,0,0
E02002350,E02002416,10,0,0,9,1,0,0
E02002350,E02002419,15,1,0,13,0,0,0
E02002350,E02002420,9,0,0,9,0,0,0
E02002350,E02002421,2,0,0,2,0,0,0
E02002350,E02002422,13,0,0,11,1,0,0
E02002350,E02002423,1,0,0,1,0,0,0
E02002350,E02002424,4,0,1,2,1,0,0
E02002350,E02002425,8,0,0,8,0,0,0
E02002350,E02002426,1,0,0,0,1,0,0
E02002350,E02002427,4,0,0,3,1,0,0
E02002350,E02002428,1,0,1,0,0,0,0
E02002350,E02002429,2,0,0,2,0,0,0
E02002350,E02002431,6,0,0,6,0,0,0
E02002350,E02002433,3,0,0,3,0,0,0
E02002350,E02002435,7,0,0,6,0,0,0
E02002350,E02002436,1,0,0,1,0,0,0
E02002350,E02002444,4,0,0,2,2,0,0
E02002350,E02002445,1,0,0,1,0,0,0
E02002350,E02002451,5,0,0,4,0,1,0
E02002350,E02006852,30,1,2,21,3,0,3
E02002350,E02006861,23,0,1,17,2,0,2
E02002350,E02006875,394,13,2,155,13,6,49
E02002350,E02006876,36,3,1,25,2,0,2
E02002351,E02002239,5,0,0,5,0,0,0
E02002351,E02002271,2,0,0,2,0,0,0
E02002351,E02002272,7,0,0,7,0,0,0
E02002351,E02002276,2,0,0,2,0,0,0
E02002351,E02002335,25,0,0,23,2,0,0
E02002351,E02002336,7,0,0,7,0,0,0
E02002351,E02002341,14,1,0,11,1,0,0
E02002351,E02002342,1,0,0,1,0,0,0
E02002351,E02002343,3,0,0,2,0,0,1
E02002351,E02002344,6,0,0,5,1,0,0
E02002351,E02002345,3,0,0,3,0,0,0
E02002351,E02002347,6,0,1,5,0,0,0
E02002351,E02002348,7,0,0,7,0,0,0
E02002351,E02002349,10,0,1,8,0,0,1
E02002351,E02002350,5,0,0,4,0,0,1
E02002351,E02002351,89,0,40,45,3,0,1
E02002351,E02002352,21,0,0,19,0,1,1
E02002351,E02002353,9,0,0,8,0,0,1
E02002351,E02002354,11,1,1,9,0,0,0
E02002351,E02002356,6,0,0,4,1,0,1
E02002351,E02002357,11,0,0,11,0,0,0
E02002351,E02002358,52,0,7,39,4,0,2
E02002351,E02002359,21,0,2,16,2,0,1
E02002351,E02002360,1,0,0,0,0,0,1
E02002351,E02002361,17,0,0,12,5,0,0
E02002351,E02002362,7,0,0,7,0,0,0
E02002351,E02002363,17,0,0,16,1,0,0
E02002351,E02002364,26,0,4,19,1,0,2
E02002351,E02002366,7,0,0,5,1,0,0
E02002351,E02002367,2,0,0,2,0,0,0
E02002351,E02002368,1,0,0,1,0,0,0
E02002351,E02002369,7,0,1,5,0,0,1
E02002351,E02002370,6,0,0,3,1,0,1
E02002351,E02002371,11,0,1,9,1,0,0
E02002351,E02002373,10,0,1,8,1,0,0
E02002351,E02002374,5,0,0,5,0,0,0
E02002351,E02002375,1,0,0,1,0,0,0
E02002351,E02002376,1,0,0,0,1,0,0
E02002351,E02002377,5,0,0,5,0,0,0
E02002351,E02002379,23,0,0,22,0,0,0
E02002351,E02002380,1,0,0,1,0,0,0
E02002351,E02002381,1,0,0,1,0,0,0
E02002351,E02002382,2,0,0,1,0,0,1
E02002351,E02002383,1,0,0,0,1,0,0
E02002351,E02002384,38,0,0,37,1,0,0
E02002351,E02002385,10,0,0,9,1,0,0
E02002351,E02002386,34,2,1,22,4,1,4
E02002351,E02002387,1,0,0,1,0,0,0
E02002351,E02002388,3,0,0,1,1,0,0
E02002351,E02002389,5,0,0,5,0,0,0
E02002351,E02002390,41,0,0,29,5,0,6
E02002351,E02002391,7,0,0,6,1,0,0
E02002351,E02002392,66,1,0,55,6,0,4
E02002351,E02002393,72,2,0,59,2,1,7
E02002351,E02002394,19,0,0,14,3,0,2
E02002351,E02002395,3,0,0,3,0,0,0
E02002351,E02002396,4,0,0,4,0,0,0
E02002351,E02002397,1,0,0,1,0,0,0
E02002351,E02002398,11,0,0,11,0,0,0
E02002351,E02002399,14,0,0,12,0,2,0
E02002351,E02002400,44,0,0,37,2,0,5
E02002351,E02002401,4,0,0,4,0,0,0
E02002351,E02002402,22,0,0,19,1,0,2
E02002351,E02002403,22,0,0,19,3,0,0
E02002351,E02002404,25,0,0,25,0,0,0
E02002351,E02002405,1,0,0,0,0,0,1
E02002351,E02002407,3,0,0,1,0,0,2
E02002351,E02002408,8,0,0,8,0,0,0
E02002351,E02002409,4,0,0,4,0,0,0
E02002351,E02002410,10,0,0,10,0,0,0
E02002351,E02002411,28,0,0,20,1,0,7
E02002351,E02002412,10,0,0,10,0,0,0
E02002351,E02002414,17,0,0,13,2,0,2
E02002351,E02002415,3,0,0,3,0,0,0
E02002351,E02002416,9,0,0,8,1,0,0
E02002351,E02002419,16,0,0,15,0,0,1
E02002351,E02002420,10,0,0,7,0,0,2
E02002351,E02002422,15,0,1,10,1,0,3
E02002351,E02002424,7,0,0,5,1,0,1
E02002351,E02002425,3,0,0,3,0,0,0
E02002351,E02002426,1,0,0,0,0,0,1
E02002351,E02002427,5,0,1,4,0,0,0
E02002351,E02002428,6,0,0,5,0,0,1
E02002351,E02002429,4,0,1,2,0,0,1
E02002351,E02002430,1,0,0,1,0,0,0
E02002351,E02002431,4,0,1,3,0,0,0
E02002351,E02002433,6,0,0,6,0,0,0
E02002351,E02002434,2,0,0,2,0,0,0
E02002351,E02002435,27,0,0,22,4,0,1
E02002351,E02002445,1,0,0,1,0,0,0
E02002351,E02002451,7,0,0,7,0,0,0
E02002351,E02006852,5,0,0,5,0,0,0
E02002351,E02006861,10,0,0,8,1,0,1
E02002351,E02006875,347,6,2,205,40,2,77
E02002351,E02006876,61,0,0,59,0,1,1
E02002352,E02002239,3,0,0,3,0,0,0
E02002352,E02002271,2,0,0,2,0,0,0
E02002352,E02002272,5,0,0,4,0,0,1
E02002352,E02002277,2,0,0,1,1,0,0
E02002352,E02002335,6,0,0,6,0,0,0
E02002352,E02002336,19,0,0,19,0,0,0
E02002352,E02002341,22,0,1,19,1,0,0
E02002352,E02002342,1,0,0,1,0,0,0
E02002352,E02002343,3,0,0,3,0,0,0
E02002352,E02002344,28,3,6,17,0,0,2
E02002352,E02002345,18,0,0,14,0,2,2
E02002352,E02002347,57,3,9,37,3,1,3
E02002352,E02002348,15,1,0,12,0,0,2
E02002352,E02002349,39,1,9,16,8,0,5
E02002352,E02002350,18,0,0,15,2,0,1
E02002352,E02002351,8,0,0,7,1,0,0
E02002352,E02002352,156,3,77,59,4,0,9
E02002352,E02002353,32,0,16,10,3,0,3
E02002352,E02002354,39,0,13,24,1,0,1
E02002352,E02002356,13,0,0,10,1,0,1
E02002352,E02002357,18,0,1,13,3,0,1
E02002352,E02002358,19,0,2,14,1,0,0
E02002352,E02002359,9,0,2,5,1,0,0
E02002352,E02002360,9,0,0,8,0,0,0
E02002352,E02002361,28,2,5,18,0,0,3
E02002352,E02002362,13,0,0,11,0,1,0
E02002352,E02002363,83,2,25,37,8,1,9
E02002352,E02002364,16,0,1,14,1,0,0
E02002352,E02002366,14,0,2,8,0,0,4
E02002352,E02002367,7,0,0,6,0,1,0
E02002352,E02002368,6,1,0,4,1,0,0
E02002352,E02002369,9,0,0,9,0,0,0
E02002352,E02002370,4,0,0,3,1,0,0
E02002352,E02002371,43,1,1,33,3,1,3
E02002352,E02002373,18,1,2,12,2,0,1
E02002352,E02002374,13,1,0,10,1,0,1
E02002352,E02002376,5,0,0,5,0,0,0
E02002352,E02002377,34,0,2,27,3,0,2
E02002352,E02002379,12,1,0,10,0,0,1
E02002352,E02002380,1,0,0,1,0,0,0
E02002352,E02002381,2,0,0,1,1,0,0
E02002352,E02002382,10,0,0,9,0,0,1
E02002352,E02002383,10,0,0,6,3,0,0
E02002352,E02002384,60,4,1,38,8,0,9
E02002352,E02002385,18,2,0,14,0,0,1
E02002352,E02002386,8,0,0,7,1,0,0
E02002352,E02002387,4,0,0,4,0,0,0
E02002352,E02002388,1,0,0,1,0,0,0
E02002352,E02002389,2,0,0,2,0,0,0
E02002352,E02002390,26,1,2,21,1,0,1
E02002352,E02002391,8,0,0,7,0,0,1
E02002352,E02002392,113,9,3,61,14,1,25
E02002352,E02002393,131,8,4,101,9,0,7
E02002352,E02002394,24,1,0,17,1,0,4
E02002352,E02002395,14,0,1,10,0,0,3
E02002352,E02002396,18,0,0,13,2,0,3
E02002352,E02002397,2,0,0,1,0,0,1
E02002352,E02002398,3,0,0,3,0,0,0
E02002352,E02002399,15,0,0,13,1,0,1
E02002352,E02002400,60,3,0,32,8,0,15
E02002352,E02002401,7,2,0,5,0,0,0
E02002352,E02002402,26,1,0,24,0,0,1
E02002352,E02002403,7,1,0,5,0,0,0
E02002352,E02002404,17,2,0,13,1,0,1
E02002352,E02002405,2,0,0,1,1,0,0
E02002352,E02002407,11,0,0,11,0,0,0
E02002352,E02002408,5,0,0,3,0,0,2
E02002352,E02002409,2,0,0,2,0,0,0
E02002352,E02002410,9,0,0,7,0,0,2
E02002352,E02002411,51,3,1,35,2,0,10
E02002352,E02002412,16,0,0,13,2,0,1
E02002352,E02002414,29,0,0,24,1,0,4
E02002352,E02002415,9,0,0,7,0,0,1
E02002352,E02002416,11,1,1,5,2,0,2
E02002352,E02002419,35,0,0,24,1,0,10
E02002352,E02002420,18,0,1,13,1,0,1
E02002352,E02002421,5,1,0,3,1,0,0
E02002352,E02002422,29,2,0,18,2,0,7
E02002352,E02002423,2,0,0,2,0,0,0
E02002352,E02002424,5,0,0,5,0,0,0
E02002352,E02002425,4,0,0,3,0,0,1
E02002352,E02002426,3,0,0,1,1,0,1
E02002352,E02002427,2,0,0,2,0,0,0
E02002352,E02002428,8,0,0,5,0,0,3
E02002352,E02002429,1,0,1,0,0,0,0
E02002352,E02002430,2,0,0,2,0,0,0
E02002352,E02002431,6,0,1,4,0,0,1
E02002352,E02002433,6,0,0,4,0,0,2
E02002352,E02002435,23,0,0,17,1,0,5
E02002352,E02002443,3,0,0,2,1,0,0
E02002352,E02002444,2,0,0,2,0,0,0
E02002352,E02002445,1,0,0,1,0,0,0
E02002352,E02002451,5,0,0,5,0,0,0
E02002352,E02006852,40,1,1,28,4,0,5
E02002352,E02006861,37,0,1,32,1,1,2
E02002352,E02006875,680,19,15,324,61,6,247
E02002352,E02006876,85,2,0,69,4,0,10
E02002353,E02002239,3,0,0,3,0,0,0
E02002353,E02002271,1,0,0,1,0,0,0
E02002353,E02002272,3,0,0,3,0,0,0
E02002353,E02002277,2,0,0,2,0,0,0
E02002353,E02002335,11,1,0,8,2,0,0
E02002353,E02002336,8,0,0,8,0,0,0
E02002353,E02002341,13,0,0,11,2,0,0
E02002353,E02002342,2,0,0,2,0,0,0
E02002353,E02002343,4,0,0,4,0,0,0
E02002353,E02002344,6,1,2,0,1,0,2
E02002353,E02002345,10,0,0,9,0,0,1
E02002353,E02002346,1,0,0,1,0,0,0
E02002353,E02002347,17,4,2,10,0,0,0
E02002353,E02002348,17,0,1,15,0,0,1
E02002353,E02002349,41,0,17,15,4,0,4
E02002353,E02002350,12,0,0,11,0,0,1
E02002353,E02002351,5,0,0,4,1,0,0
E02002353,E02002352,81,2,28,37,8,0,3
E02002353,E02002353,63,1,34,26,2,0,0
E02002353,E02002354,15,1,1,12,1,0,0
E02002353,E02002356,17,1,0,14,1,0,0
E02002353,E02002357,13,0,0,13,0,0,0
E02002353,E02002358,17,2,1,14,0,0,0
E02002353,E02002359,7,0,0,6,0,0,1
E02002353,E02002360,6,0,3,0,0,0,3
E02002353,E02002361,74,2,28,32,7,0,4
E02002353,E02002362,9,0,0,9,0,0,0
E02002353,E02002363,52,0,4,36,4,0,6
E02002353,E02002364,16,0,0,15,0,0,1
E02002353,E02002366,27,1,3,16,5,0,1
E02002353,E02002367,7,0,0,6,1,0,0
E02002353,E02002368,1,0,0,1,0,0,0
E02002353,E02002369,7,0,1,4,1,0,1
E02002353,E02002371,45,0,1,37,1,0,6
E02002353,E02002373,11,0,0,9,0,0,2
E02002353,E02002374,7,0,0,4,2,0,1
E02002353,E02002376,7,0,0,6,1,0,0
E02002353,E02002377,26,0,0,23,0,0,3
E02002353,E02002379,20,1,0,14,4,0,0
E02002353,E02002380,3,0,0,3,0,0,0
E02002353,E02002381,4,1,0,3,0,0,0
E02002353,E02002382,4,0,0,3,1,0,0
E02002353,E02002383,3,0,0,2,0,0,1
E02002353,E02002384,54,0,0,42,7,0,5
E02002353,E02002385,4,0,0,4,0,0,0
E02002353,E02002386,14,0,0,13,1,0,0
E02002353,E02002387,5,0,0,5,0,0,0
E02002353,E02002388,4,0,0,4,0,0,0
E02002353,E02002389,3,0,0,3,0,0,0
E02002353,E02002390,14,0,0,12,2,0,0
E02002353,E02002391,11,0,2,9,0,0,0
E02002353,E02002392,152,19,2,92,11,0,27
E02002353,E02002393,108,6,0,75,8,0,18
E02002353,E02002394,17,2,0,12,1,1,0
E02002353,E02002395,12,0,3,8,0,0,1
E02002353,E02002396,8,0,0,7,0,0,1
E02002353,E02002397,2,0,0,2,0,0,0
E02002353,E02002398,3,0,0,3,0,0,0
E02002353,E02002399,10,0,1,6,1,0,2
E02002353,E02002400,47,0,1,37,2,0,7
E02002353,E02002401,3,0,0,3,0,0,0
E02002353,E02002402,21,1,0,19,1,0,0
E02002353,E02002403,8,0,0,8,0,0,0
E02002353,E02002404,15,2,0,9,0,2,2
E02002353,E02002405,2,0,0,2,0,0,0
E02002353,E02002407,3,0,0,3,0,0,0
E02002353,E02002408,8,0,0,8,0,0,0
E02002353,E02002410,7,1,0,4,0,0,1
E02002353,E02002411,34,1,0,24,5,0,4
E02002353,E02002412,9,0,0,8,0,0,1
E02002353,E02002414,30,0,2,22,1,0,5
E02002353,E02002415,3,0,0,3,0,0,0
E02002353,E02002416,10,1,0,7,0,0,2
E02002353,E02002419,11,0,0,7,0,0,4
E02002353,E02002420,10,0,0,7,0,1,1
E02002353,E02002421,3,1,0,2,0,0,0
E02002353,E02002422,28,0,0,20,2,2,4
E02002353,E02002423,4,0,0,3,0,0,1
E02002353,E02002424,5,1,0,4,0,0,0
E02002353,E02002425,1,0,0,1,0,0,0
E02002353,E02002426,2,0,0,1,0,0,1
E02002353,E02002427,1,0,0,1,0,0,0
E02002353,E02002428,3,0,0,3,0,0,0
E02002353,E02002429,1,0,0,0,1,0,0
E02002353,E02002430,7,1,0,6,0,0,0
E02002353,E02002431,7,1,1,4,0,0,0
E02002353,E02002433,5,0,0,4,1,0,0
E02002353,E02002434,4,0,0,4,0,0,0
E02002353,E02002435,17,0,0,14,1,0,2
E02002353,E02002436,2,0,0,2,0,0,0
E02002353,E02002443,2,0,0,2,0,0,0
E02002353,E02002444,1,0,0,1,0,0,0
E02002353,E02002451,9,0,0,6,0,0,1
E02002353,E02006852,17,0,0,15,1,0,1
E02002353,E02006861,29,4,0,24,0,0,1
E02002353,E02006875,531,32,10,268,41,5,171
E02002353,E02006876,52,0,0,44,1,0,7
E02002354,E02002239,7,0,0,7,0,0,0
E02002354,E02002271,3,0,0,3,0,0,0
E02002354,E02002272,7,0,1,4,0,0,2
E02002354,E02002276,2,0,0,2,0,0,0
E02002354,E02002277,1,0,0,1,0,0,0
E02002354,E02002335,14,1,0,10,2,0,0
E02002354,E02002336,15,0,0,14,1,0,0
E02002354,E02002341,19,0,1,15,0,0,3
E02002354,E02002343,3,0,0,3,0,0,0
E02002354,E02002344,13,0,3,9,1,0,0
E02002354,E02002345,20,0,1,11,2,0,6
E02002354,E02002346,6,0,0,5,0,0,1
E02002354,E02002347,73,1,20,39,5,0,7
E02002354,E02002348,23,1,0,19,0,0,3
E02002354,E02002349,20,0,1,16,0,1,1
E02002354,E02002350,9,0,0,9,0,0,0
E02002354,E02002351,4,0,1,2,1,0,0
E02002354,E02002352,77,0,31,38,4,0,3
E02002354,E02002353,22,0,4,16,0,0,2
E02002354,E02002354,112,1,52,49,6,0,2
E02002354,E02002356,15,0,0,10,1,0,4
E02002354,E02002357,17,1,0,14,1,0,0
E02002354,E02002358,7,0,0,4,1,0,2
E02002354,E02002359,7,0,0,7,0,0,0
E02002354,E02002360,18,0,1,10,3,0,3
E02002354,E02002361,19,2,4,11,0,0,2
E02002354,E02002362,10,0,0,6,0,0,4
E02002354,E02002363,79,2,25,40,4,0,5
E02002354,E02002364,19,0,0,15,0,0,4
E02002354,E02002366,25,0,2,18,0,0,3
E02002354,E02002367,14,0,1,12,0,0,1
E02002354,E02002368,4,0,0,4,0,0,0
E02002354,E02002369,5,0,0,3,2,0,0
E02002354,E02002370,1,0,0,1,0,0,0
E02002354,E02002371,57,0,4,45,3,0,4
E02002354,E02002373,29,1,0,22,3,0,3
E02002354,E02002374,19,2,0,6,3,0,8
E02002354,E02002376,11,0,0,10,1,0,0
E02002354,E02002377,18,0,0,14,0,0,3
E02002354,E02002379,7,0,1,5,1,0,0
E02002354,E02002381,6,0,0,4,0,0,2
E02002354,E02002382,13,0,0,10,1,0,2
E02002354,E02002383,5,0,0,3,1,0,0
E02002354,E02002384,84,2,3,65,6,1,7
E02002354,E02002385,9,0,1,6,0,0,2
E02002354,E02002386,13,0,0,12,0,0,1
E02002354,E02002387,9,0,0,4,0,0,5
E02002354,E02002388,9,0,0,9,0,0,0
E02002354,E02002389,4,0,0,3,0,0,1
E02002354,E02002390,10,0,0,9,0,0,1
E02002354,E02002391,11,0,2,6,0,0,3
E02002354,E02002392,130,9,4,68,14,4,29
E02002354,E02002393,121,3,3,93,11,0,11
E02002354,E02002394,23,0,0,16,1,1,5
E02002354,E02002395,13,0,0,10,1,0,2
E02002354,E02002396,16,0,1,10,1,0,4
E02002354,E02002397,3,0,0,3,0,0,0
E02002354,E02002398,11,1,0,8,0,0,1
E02002354,E02002399,10,0,0,7,1,1,1
E02002354,E02002400,84,1,0,53,7,0,18
E02002354,E02002401,1,0,0,1,0,0,0
E02002354,E02002402,14,0,1,10,1,0,2
E02002354,E02002403,8,0,0,8,0,0,0
E02002354,E02002404,22,0,0,15,2,0,4
E02002354,E02002405,5,0,0,5,0,0,0
E02002354,E02002407,3,0,0,1,0,0,2
E02002354,E02002408,7,0,0,7,0,0,0
E02002354,E02002409,3,0,0,2,1,0,0
E02002354,E02002410,7,0,0,5,0,1,1
E02002354,E02002411,55,0,0,35,3,0,17
E02002354,E02002412,19,1,0,16,1,0,1
E02002354,E02002414,33,1,0,25,4,0,3
E02002354,E02002415,7,0,0,5,1,0,1
E02002354,E02002416,9,0,0,8,0,0,1
E02002354,E02002419,36,1,0,24,0,0,11
E02002354,E02002420,24,2,0,18,0,0,4
E02002354,E02002422,30,0,0,19,1,1,9
E02002354,E02002423,3,0,0,3,0,0,0
E02002354,E02002424,6,0,0,4,1,0,1
E02002354,E02002425,3,0,0,2,0,0,1
E02002354,E02002426,5,0,0,2,1,0,1
E02002354,E02002427,3,0,0,2,0,0,1
E02002354,E02002428,8,0,1,6,0,0,1
E02002354,E02002430,3,0,0,2,1,0,0
E02002354,E02002431,7,0,0,5,0,0,2
E02002354,E02002433,9,0,0,4,0,0,5
E02002354,E02002434,2,0,0,2,0,0,0
E02002354,E02002435,10,0,0,8,0,0,1
E02002354,E02002436,1,0,0,0,1,0,0
E02002354,E02002443,1,0,0,1,0,0,0
E02002354,E02002445,1,0,0,1,0,0,0
E02002354,E02002451,8,0,0,6,0,0,2
E02002354,E02006852,47,0,9,26,5,1,5
E02002354,E02006861,46,0,1,35,7,0,3
E02002354,E02006875,574,15,14,261,49,3,220
E02002354,E02006876,83,1,0,67,2,1,12
E02002356,E02002239,17,0,0,15,2,0,0
E02002356,E02002271,1,0,0,0,1,0,0
E02002356,E02002272,3,0,0,3,0,0,0
E02002356,E02002335,8,0,0,8,0,0,0
E02002356,E02002336,62,1,1,50,5,0,5
E02002356,E02002341,10,0,0,9,1,0,0
E02002356,E02002342,5,0,0,5,0,0,0
E02002356,E02002343,45,0,4,37,2,0,1
E02002356,E02002344,2,0,0,2,0,0,0
E02002356,E02002345,11,0,0,8,1,0,0
E02002356,E02002346,10,0,0,8,2,0,0
E02002356,E02002347,13,1,0,8,2,2,0
E02002356,E02002348,28,1,1,23,1,0,1
E02002356,E02002349,5,0,0,5,0,0,0
E02002356,E02002350,140,2,48,80,7,0,3
E02002356,E02002351,5,0,0,4,0,0,1
E02002356,E02002352,7,0,0,7,0,0,0
E02002356,E02002353,2,0,0,2,0,0,0
E02002356,E02002354,10,0,0,10,0,0,0
E02002356,E02002356,268,2,117,121,13,0,11
E02002356,E02002357,65,0,19,40,1,0,5
E02002356,E02002358,7,0,0,5,1,0,1
E02002356,E02002359,1,1,0,0,0,0,0
E02002356,E02002360,2,0,0,2,0,0,0
E02002356,E02002361,9,0,0,9,0,0,0
E02002356,E02002362,22,0,4,15,1,1,1
E02002356,E02002363,10,0,0,9,0,0,1
E02002356,E02002364,9,0,0,5,0,0,3
E02002356,E02002366,3,0,0,3,0,0,0
E02002356,E02002367,7,0,0,5,1,0,1
E02002356,E02002368,33,0,0,32,1,0,0
E02002356,E02002369,4,0,0,4,0,0,0
E02002356,E02002371,11,0,0,9,0,0,2
E02002356,E02002373,24,0,0,20,1,0,3
E02002356,E02002374,21,0,0,18,0,0,3
E02002356,E02002375,7,1,0,4,1,0,1
E02002356,E02002376,3,0,0,3,0,0,0
E02002356,E02002377,4,0,0,4,0,0,0
E02002356,E02002379,7,0,0,7,0,0,0
E02002356,E02002380,4,0,0,4,0,0,0
E02002356,E02002381,18,1,1,13,2,0,1
E02002356,E02002382,6,0,1,3,0,0,0
E02002356,E02002383,2,0,0,2,0,0,0
E02002356,E02002384,43,1,0,30,3,0,6
E02002356,E02002385,20,0,1,12,0,1,6
E02002356,E02002386,12,0,0,9,2,0,1
E02002356,E02002387,13,0,0,12,0,0,0
E02002356,E02002388,3,0,0,2,0,0,1
E02002356,E02002389,2,0,0,1,0,0,1
E02002356,E02002390,7,0,0,6,0,0,1
E02002356,E02002391,28,2,1,21,3,0,1
E02002356,E02002392,128,13,3,73,8,0,27
E02002356,E02002393,74,3,0,56,5,1,9
E02002356,E02002394,5,0,0,4,0,0,1
E02002356,E02002395,25,2,0,20,1,0,2
E02002356,E02002396,19,0,4,12,2,0,1
E02002356,E02002397,6,0,0,6,0,0,0
E02002356,E02002398,6,0,0,5,0,0,1
E02002356,E02002399,19,1,0,18,0,0,0
E02002356,E02002400,64,1,0,51,3,0,8
E02002356,E02002401,5,0,0,4,1,0,0
E02002356,E02002402,17,0,0,16,0,0,0
E02002356,E02002403,4,0,0,4,0,0,0
E02002356,E02002404,13,1,0,11,0,0,1
E02002356,E02002405,6,0,0,6,0,0,0
E02002356,E02002407,6,1,1,4,0,0,0
E02002356,E02002408,23,0,0,23,0,0,0
E02002356,E02002409,3,0,0,3,0,0,0
E02002356,E02002410,12,0,0,11,0,0,1
E02002356,E02002411,34,2,0,27,2,0,3
E02002356,E02002412,14,0,0,13,0,0,1
E02002356,E02002414,19,0,1,13,0,3,1
E02002356,E02002415,2,1,0,1,0,0,0
E02002356,E02002416,9,0,0,9,0,0,0
E02002356,E02002419,22,1,0,18,2,0,1
E02002356,E02002420,20,1,0,17,1,0,1
E02002356,E02002421,2,0,0,2,0,0,0
E02002356,E02002422,17,0,1,12,1,0,3
E02002356,E02002423,3,0,0,2,1,0,0
E02002356,E02002424,14,0,0,12,1,0,1
E02002356,E02002425,7,0,0,6,1,0,0
E02002356,E02002426,3,0,0,3,0,0,0
E02002356,E02002427,2,0,0,2,0,0,0
E02002356,E02002428,2,0,0,2,0,0,0
E02002356,E02002430,2,0,0,1,0,0,1
E02002356,E02002431,10,1,0,8,0,0,1
E02002356,E02002433,7,0,0,7,0,0,0
E02002356,E02002434,1,0,0,1,0,0,0
E02002356,E02002435,13,0,0,11,0,0,2
E02002356,E02002436,3,0,0,3,0,0,0
E02002356,E02002437,3,0,0,3,0,0,0
E02002356,E02002444,1,0,0,1,0,0,0
E02002356,E02002445,1,0,0,1,0,0,0
E02002356,E02002451,6,0,0,6,0,0,0
E02002356,E02006852,41,2,0,34,1,0,4
E02002356,E02006861,37,2,1,22,3,0,5
E02002356,E02006875,496,20,4,228,30,2,157
E02002356,E02006876,65,3,0,53,0,0,5
E02002357,E02002239,16,0,0,15,1,0,0
E02002357,E02002271,1,0,0,1,0,0,0
E02002357,E02002272,4,0,0,3,1,0,0
E02002357,E02002335,7,0,0,5,1,0,1
E02002357,E02002336,72,2,1,54,3,2,7
E02002357,E02002341,7,0,0,7,0,0,0
E02002357,E02002342,7,0,1,6,0,0,0
E02002357,E02002343,16,0,0,12,1,0,3
E02002357,E02002345,18,0,2,13,2,0,0
E02002357,E02002346,15,0,1,12,1,0,1
E02002357,E02002347,10,0,0,8,1,0,1
E02002357,E02002348,71,0,11,48,3,2,3
E02002357,E02002349,11,0,0,11,0,0,0
E02002357,E02002350,243,5,114,95,18,0,6
E02002357,E02002351,5,0,0,4,0,0,1
E02002357,E02002352,17,0,1,10,2,0,2
E02002357,E02002353,4,0,0,4,0,0,0
E02002357,E02002354,17,0,0,15,0,0,2
E02002357,E02002356,155,5,48,81,9,0,10
E02002357,E02002357,149,1,80,51,6,0,4
E02002357,E02002358,9,1,0,7,0,0,1
E02002357,E02002359,1,0,0,1,0,0,0
E02002357,E02002360,4,0,0,4,0,0,0
E02002357,E02002361,14,1,1,9,1,0,2
E02002357,E02002362,51,0,7,33,7,0,2
E02002357,E02002363,8,1,0,5,1,0,1
E02002357,E02002364,21,0,0,21,0,0,0
E02002357,E02002366,7,0,2,4,0,0,1
E02002357,E02002367,5,1,0,4,0,0,0
E02002357,E02002368,19,1,0,16,2,0,0
E02002357,E02002369,4,0,0,2,1,0,1
E02002357,E02002371,13,0,0,11,0,0,2
E02002357,E02002373,24,1,2,15,1,0,4
E02002357,E02002374,23,0,1,14,4,0,3
E02002357,E02002375,6,0,0,5,1,0,0
E02002357,E02002376,9,0,0,7,0,0,2
E02002357,E02002377,9,0,0,4,1,0,2
E02002357,E02002379,4,0,0,3,0,0,1
E02002357,E02002380,8,0,0,8,0,0,0
E02002357,E02002381,10,1,0,4,4,0,1
E02002357,E02002382,4,0,0,2,2,0,0
E02002357,E02002384,33,2,1,20,0,1,5
E02002357,E02002385,39,0,1,24,3,1,9
E02002357,E02002386,12,0,0,12,0,0,0
E02002357,E02002387,18,0,1,12,1,0,4
E02002357,E02002388,13,0,1,11,1,0,0
E02002357,E02002389,2,0,1,1,0,0,0
E02002357,E02002390,15,0,0,12,0,0,3
E02002357,E02002391,45,2,1,29,4,2,7
E02002357,E02002392,162,13,1,78,10,5,46
E02002357,E02002393,86,0,1,51,6,2,22
E02002357,E02002394,9,0,0,9,0,0,0
E02002357,E02002395,26,0,0,23,0,1,1
E02002357,E02002396,22,0,3,17,1,1,0
E02002357,E02002397,3,0,0,3,0,0,0
E02002357,E02002398,4,0,0,4,0,0,0
E02002357,E02002399,9,0,1,7,1,0,0
E02002357,E02002400,62,1,1,46,5,0,7
E02002357,E02002401,2,0,0,2,0,0,0
E02002357,E02002402,14,0,0,11,1,0,2
E02002357,E02002403,7,0,1,5,1,0,0
E02002357,E02002404,29,4,0,18,1,2,4
E02002357,E02002405,4,0,0,4,0,0,0
E02002357,E02002407,14,0,2,11,0,0,1
E02002357,E02002408,16,0,0,12,0,0,3
E02002357,E02002409,9,0,0,8,1,0,0
E02002357,E02002410,6,1,0,3,1,1,0
E02002357,E02002411,46,3,0,28,1,0,5
E02002357,E02002412,16,0,0,13,1,0,2
E02002357,E02002414,17,1,0,9,0,0,5
E02002357,E02002415,7,0,0,6,0,0,1
E02002357,E02002416,13,0,0,9,2,0,2
E02002357,E02002419,39,3,0,27,2,0,7
E02002357,E02002420,15,1,1,12,0,0,0
E02002357,E02002421,2,0,0,2,0,0,0
E02002357,E02002422,23,0,0,15,1,1,6
E02002357,E02002423,5,0,0,4,0,0,1
E02002357,E02002424,13,0,0,12,0,0,1
E02002357,E02002425,5,0,0,5,0,0,0
E02002357,E02002426,4,0,0,4,0,0,0
E02002357,E02002427,5,0,1,4,0,0,0
E02002357,E02002428,5,0,0,5,0,0,0
E02002357,E02002429,1,0,0,1,0,0,0
E02002357,E02002430,2,0,0,2,0,0,0
E02002357,E02002431,8,0,0,7,0,0,0
E02002357,E02002433,4,0,0,3,0,0,1
E02002357,E02002434,2,0,0,1,0,0,0
E02002357,E02002435,22,0,0,15,1,0,3
E02002357,E02002436,1,0,0,1,0,0,0
E02002357,E02002437,2,0,0,2,0,0,0
E02002357,E02002443,3,0,0,3,0,0,0
E02002357,E02002445,1,0,0,1,0,0,0
E02002357,E02002451,4,0,0,3,0,0,0
E02002357,E02006852,50,2,4,32,2,0,9
E02002357,E02006861,31,0,3,21,2,0,3
E02002357,E02006875,599,23,16,205,35,3,178
E02002357,E02006876,84,3,5,59,3,1,9
E02002358,E02002239,8,0,0,6,1,0,1
E02002358,E02002271,1,0,0,1,0,0,0
E02002358,E02002272,10,1,0,8,1,0,0
E02002358,E02002277,1,0,0,1,0,0,0
E02002358,E02002335,22,0,1,16,1,1,3
E02002358,E02002336,12,0,0,8,1,1,2
E02002358,E02002341,5,0,0,5,0,0,0
E02002358,E02002342,1,0,0,1,0,0,0
E02002358,E02002343,5,0,0,3,0,0,2
E02002358,E02002344,5,0,0,4,1,0,0
E02002358,E02002345,7,0,0,5,0,0,2
E02002358,E02002346,4,0,1,1,1,0,1
E02002358,E02002347,9,0,0,8,1,0,0
E02002358,E02002348,12,0,0,8,2,0,2
E02002358,E02002349,12,0,0,12,0,0,0
E02002358,E02002350,2,0,0,1,0,0,1
E02002358,E02002351,36,0,0,32,1,0,2
E02002358,E02002352,14,0,0,8,1,0,5
E02002358,E02002353,10,1,0,8,1,0,0
E02002358,E02002354,11,0,0,10,0,0,1
E02002358,E02002356,18,0,2,14,1,0,1
E02002358,E02002357,13,0,0,7,2,0,4
E02002358,E02002358,244,4,126,86,10,3,12
E02002358,E02002359,26,0,1,18,2,2,3
E02002358,E02002360,5,0,0,5,0,0,0
E02002358,E02002361,20,0,0,15,3,0,2
E02002358,E02002362,4,0,0,4,0,0,0
E02002358,E02002363,14,1,0,11,1,0,1
E02002358,E02002364,106,0,34,52,4,0,15
E02002358,E02002366,19,0,0,14,2,0,3
E02002358,E02002367,4,0,0,4,0,0,0
E02002358,E02002368,3,0,0,2,1,0,0
E02002358,E02002369,13,0,2,7,2,0,2
E02002358,E02002370,23,0,11,10,1,0,1
E02002358,E02002371,26,0,1,18,2,0,5
E02002358,E02002373,5,0,0,4,0,0,1
E02002358,E02002374,4,0,0,1,0,0,3
E02002358,E02002375,3,0,0,3,0,0,0
E02002358,E02002376,11,0,0,7,1,0,3
E02002358,E02002377,17,0,0,13,1,0,3
E02002358,E02002379,25,1,3,16,1,1,3
E02002358,E02002380,3,0,0,3,0,0,0
E02002358,E02002381,1,0,0,0,0,0,1
E02002358,E02002382,11,0,0,9,1,0,1
E02002358,E02002383,1,0,0,1,0,0,0
E02002358,E02002384,48,0,0,42,3,0,3
E02002358,E02002385,17,0,0,13,0,2,2
E02002358,E02002386,101,4,12,50,16,0,18
E02002358,E02002387,7,0,0,6,1,0,0
E02002358,E02002388,3,0,0,3,0,0,0
E02002358,E02002389,6,0,0,5,0,0,1
E02002358,E02002390,73,1,4,40,3,0,22
E02002358,E02002391,5,0,0,4,1,0,0
E02002358,E02002392,49,1,1,26,3,2,16
E02002358,E02002393,117,0,0,74,15,0,27
E02002358,E02002394,44,0,1,29,3,1,10
E02002358,E02002395,15,0,0,8,3,0,2
E02002358,E02002396,18,0,0,14,1,0,3
E02002358,E02002397,2,0,0,1,0,0,1
E02002358,E02002398,13,0,0,8,2,0,3
E02002358,E02002399,43,3,1,33,3,2,0
E02002358,E02002400,59,0,3,41,4,1,9
E02002358,E02002401,8,0,0,4,0,0,4
E02002358,E02002402,40,1,1,27,1,0,8
E02002358,E02002403,19,0,1,13,1,0,0
E02002358,E02002404,38,2,2,27,3,0,3
E02002358,E02002405,5,0,0,3,1,0,1
E02002358,E02002407,7,0,1,3,1,0,2
E02002358,E02002408,4,0,0,3,1,0,0
E02002358,E02002409,5,0,0,5,0,0,0
E02002358,E02002410,14,0,0,12,0,0,2
E02002358,E02002411,37,0,0,23,4,0,10
E02002358,E02002412,18,0,0,16,1,0,1
E02002358,E02002414,41,0,6,24,4,0,7
E02002358,E02002415,4,0,0,4,0,0,0
E02002358,E02002416,24,1,1,19,2,0,1
E02002358,E02002419,44,0,0,26,4,1,12
E02002358,E02002420,21,0,0,16,1,0,3
E02002358,E02002421,3,0,0,3,0,0,0
E02002358,E02002422,22,0,0,18,1,0,3
E02002358,E02002423,2,0,0,2,0,0,0
E02002358,E02002424,13,0,1,9,1,0,2
E02002358,E02002425,3,0,0,3,0,0,0
E02002358,E02002426,2,0,0,2,0,0,0
E02002358,E02002427,4,0,0,4,0,0,0
E02002358,E02002428,7,0,0,6,0,0,1
E02002358,E02002429,2,0,0,1,1,0,0
E02002358,E02002430,3,1,0,2,0,0,0
E02002358,E02002431,4,0,0,3,1,0,0
E02002358,E02002433,10,0,0,8,1,0,1
E02002358,E02002434,3,0,0,3,0,0,0
E02002358,E02002435,31,0,1,20,2,0,8
E02002358,E02002443,1,0,0,1,0,0,0
E02002358,E02002451,8,0,0,8,0,0,0
E02002358,E02006852,8,0,2,6,0,0,0
E02002358,E02006861,17,0,0,13,3,0,1
E02002358,E02006875,411,5,3,171,41,3,181
E02002358,E02006876,102,1,0,77,9,3,12
E02002359,E02002239,4,0,0,4,0,0,0
E02002359,E02002271,3,0,0,3,0,0,0
E02002359,E02002272,6,0,0,6,0,0,0
E02002359,E02002276,1,0,0,1,0,0,0
E02002359,E02002277,1,0,0,1,0,0,0
E02002359,E02002335,18,0,0,17,1,0,0
E02002359,E02002336,14,0,0,13,0,0,1
E02002359,E02002341,9,0,0,9,0,0,0
E02002359,E02002342,1,0,0,1,0,0,0
E02002359,E02002343,2,0,0,2,0,0,0
E02002359,E02002345,2,0,0,1,0,0,1
E02002359,E02002347,5,0,0,5,0,0,0
E02002359,E02002348,16,0,0,14,1,0,0
E02002359,E02002349,6,0,0,6,0,0,0
E02002359,E02002350,7,0,0,7,0,0,0
E02002359,E02002351,27,0,1,23,0,1,2
E02002359,E02002352,8,0,0,7,0,0,1
E02002359,E02002353,2,0,0,2,0,0,0
E02002359,E02002354,5,0,0,4,0,0,1
E02002359,E02002356,11,0,0,11,0,0,0
E02002359,E02002357,12,0,0,12,0,0,0
E02002359,E02002358,26,0,0,23,1,0,2
E02002359,E02002359,129,2,52,59,10,1,4
E02002359,E02002360,1,0,0,1,0,0,0
E02002359,E02002361,17,0,0,16,0,0,1
E02002359,E02002362,9,0,0,8,0,0,1
E02002359,E02002363,16,1,0,10,0,3,2
E02002359,E02002364,23,1,0,20,0,0,1
E02002359,E02002366,1,0,0,1,0,0,0
E02002359,E02002367,2,0,0,1,1,0,0
E02002359,E02002368,5,0,0,5,0,0,0
E02002359,E02002369,7,0,0,7,0,0,0
E02002359,E02002370,5,0,0,5,0,0,0
E02002359,E02002371,19,0,0,18,0,0,1
E02002359,E02002373,9,0,0,7,1,0,0
E02002359,E02002374,5,0,0,3,2,0,0
E02002359,E02002375,2,0,0,1,0,0,1
E02002359,E02002376,4,0,0,3,0,0,1
E02002359,E02002377,5,0,0,4,0,0,1
E02002359,E02002379,32,0,0,26,2,1,3
E02002359,E02002380,2,0,1,1,0,0,0
E02002359,E02002381,3,0,0,2,1,0,0
E02002359,E02002382,3,0,1,2,0,0,0
E02002359,E02002383,1,0,0,1,0,0,0
E02002359,E02002384,28,0,1,23,1,0,2
E02002359,E02002385,6,1,0,4,0,0,1
E02002359,E02002386,47,0,2,38,2,0,5
E02002359,E02002387,6,0,0,5,0,0,1
E02002359,E02002388,2,0,0,2,0,0,0
E02002359,E02002389,2,0,0,2,0,0,0
E02002359,E02002390,30,0,0,26,1,0,3
E02002359,E02002391,7,0,0,6,0,0,1
E02002359,E02002392,65,3,0,51,4,1,6
E02002359,E02002393,63,2,0,52,5,0,4
E02002359,E02002394,17,0,0,16,0,0,1
E02002359,E02002395,6,0,0,4,0,0,0
E02002359,E02002396,10,0,1,7,1,0,1
E02002359,E02002397,1,0,0,1,0,0,0
E02002359,E02002398,8,0,0,7,0,0,1
E02002359,E02002399,23,0,1,18,0,0,4
E02002359,E02002400,49,0,0,38,4,0,2
E02002359,E02002401,3,0,0,3,0,0,0
E02002359,E02002402,44,3,0,33,4,0,4
E02002359,E02002403,68,2,2,55,6,0,2
E02002359,E02002404,15,1,0,9,1,1,1
E02002359,E02002405,1,0,0,1,0,0,0
E02002359,E02002407,5,0,1,4,0,0,0
E02002359,E02002408,6,0,0,6,0,0,0
E02002359,E02002410,7,0,0,6,1,0,0
E02002359,E02002411,23,0,0,20,1,0,0
E02002359,E02002412,12,0,0,9,1,0,2
E02002359,E02002414,18,1,0,15,0,0,2
E02002359,E02002415,1,0,1,0,0,0,0
E02002359,E02002416,38,1,0,34,1,0,2
E02002359,E02002419,30,0,5,23,0,0,2
E02002359,E02002420,19,0,0,16,1,0,2
E02002359,E02002422,15,0,0,8,0,0,3
E02002359,E02002424,8,0,0,8,0,0,0
E02002359,E02002425,7,0,0,6,0,0,1
E02002359,E02002426,7,1,0,6,0,0,0
E02002359,E02002427,10,0,0,10,0,0,0
E02002359,E02002428,9,0,0,9,0,0,0
E02002359,E02002429,8,0,0,7,1,0,0
E02002359,E02002430,6,0,0,6,0,0,0
E02002359,E02002431,4,0,0,4,0,0,0
E02002359,E02002433,7,0,0,7,0,0,0
E02002359,E02002434,1,0,0,1,0,0,0
E02002359,E02002435,16,0,0,12,2,0,2
E02002359,E02002436,3,0,0,3,0,0,0
E02002359,E02002437,1,0,0,1,0,0,0
E02002359,E02002443,7,0,0,6,0,0,1
E02002359,E02002444,2,0,0,2,0,0,0
E02002359,E02002445,1,0,0,1,0,0,0
E02002359,E02002451,13,0,0,11,2,0,0
E02002359,E02006852,11,0,0,11,0,0,0
E02002359,E02006861,10,0,0,8,2,0,0
E02002359,E02006875,340,2,4,208,27,2,48
E02002359,E02006876,60,2,0,52,2,0,3
E02002360,E02002239,7,0,0,6,1,0,0
E02002360,E02002271,1,0,0,1,0,0,0
E02002360,E02002272,9,0,0,7,0,0,2
E02002360,E02002277,1,0,0,1,0,0,0
E02002360,E02002335,7,1,0,4,2,0,0
E02002360,E02002336,9,0,0,9,0,0,0
E02002360,E02002341,14,0,0,13,1,0,0
E02002360,E02002342,1,0,0,1,0,0,0
E02002360,E02002343,4,0,0,3,1,0,0
E02002360,E02002344,4,0,0,4,0,0,0
E02002360,E02002345,18,0,0,16,1,0,1
E02002360,E02002346,7,0,0,5,0,0,1
E02002360,E02002347,26,0,4,15,3,0,4
E02002360,E02002348,27,1,3,17,2,0,4
E02002360,E02002349,6,1,0,4,0,0,1
E02002360,E02002350,22,1,2,15,0,1,3
E02002360,E02002351,8,0,0,7,0,0,1
E02002360,E02002352,39,2,6,22,1,0,7
E02002360,E02002353,8,0,2,5,0,0,0
E02002360,E02002354,60,1,24,25,5,0,5
E02002360,E02002356,17,2,0,13,1,0,1
E02002360,E02002357,22,2,0,18,0,0,2
E02002360,E02002358,15,0,0,12,1,0,2
E02002360,E02002359,5,0,2,1,1,0,1
E02002360,E02002360,59,1,24,25,3,1,3
E02002360,E02002361,22,2,1,13,1,0,5
E02002360,E02002362,12,0,1,10,0,0,1
E02002360,E02002363,44,1,6,30,3,1,2
E02002360,E02002364,18,0,0,15,0,0,2
E02002360,E02002366,1,0,0,0,1,0,0
E02002360,E02002367,10,1,3,3,2,0,1
E02002360,E02002368,3,0,0,3,0,0,0
E02002360,E02002369,5,0,0,4,0,0,1
E02002360,E02002370,2,0,0,2,0,0,0
E02002360,E02002371,34,1,4,22,0,0,5
E02002360,E02002373,40,0,8,25,3,0,2
E02002360,E02002374,11,0,2,6,0,0,2
E02002360,E02002376,5,0,0,5,0,0,0
E02002360,E02002377,8,0,0,5,0,0,3
E02002360,E02002379,7,0,0,7,0,0,0
E02002360,E02002380,3,0,0,3,0,0,0
E02002360,E02002381,7,0,0,5,1,0,1
E02002360,E02002382,9,1,0,3,0,0,5
E02002360,E02002383,3,0,1,2,0,0,0
E02002360,E02002384,78,5,4,48,4,2,9
E02002360,E02002385,20,0,3,12,1,0,3
E02002360,E02002386,15,0,1,14,0,0,0
E02002360,E02002387,4,0,0,4,0,0,0
E02002360,E02002388,3,0,0,2,0,0,1
E02002360,E02002389,4,0,0,4,0,0,0
E02002360,E02002390,17,0,0,14,2,0,1
E02002360,E02002391,4,0,0,3,0,1,0
E02002360,E02002392,170,18,28,78,14,1,31
E02002360,E02002393,94,2,3,71,5,1,11
E02002360,E02002394,10,0,0,8,0,0,1
E02002360,E02002395,20,1,0,15,2,0,0
E02002360,E02002396,14,0,2,10,1,0,1
E02002360,E02002397,9,1,0,7,1,0,0
E02002360,E02002398,4,0,0,4,0,0,0
E02002360,E02002399,14,1,0,13,0,0,0
E02002360,E02002400,66,2,0,39,7,2,13
E02002360,E02002401,4,0,0,4,0,0,0
E02002360,E02002402,20,0,0,16,1,0,3
E02002360,E02002403,8,0,0,8,0,0,0
E02002360,E02002404,24,0,1,16,2,0,5
E02002360,E02002405,1,0,0,1,0,0,0
E02002360,E02002407,8,0,0,7,0,0,1
E02002360,E02002408,5,0,0,5,0,0,0
E02002360,E02002409,2,0,1,1,0,0,0
E02002360,E02002410,7,0,0,6,1,0,0
E02002360,E02002411,30,1,0,21,2,0,6
E02002360,E02002412,12,0,0,9,2,0,1
E02002360,E02002414,33,1,0,22,2,0,7
E02002360,E02002415,8,1,0,5,0,0,2
E02002360,E02002416,1,0,0,1,0,0,0
E02002360,E02002419,35,3,0,26,1,0,5
E02002360,E02002420,17,1,0,13,0,0,3
E02002360,E02002421,4,0,0,3,0,0,1
E02002360,E02002422,22,0,1,16,1,0,2
E02002360,E02002423,2,0,0,2,0,0,0
E02002360,E02002424,5,0,1,3,0,0,1
E02002360,E02002425,1,0,0,0,0,0,1
E02002360,E02002426,3,0,0,3,0,0,0
E02002360,E02002427,6,0,0,5,0,0,1
E02002360,E02002428,6,0,0,5,0,0,1
E02002360,E02002429,2,0,0,0,2,0,0
E02002360,E02002430,2,0,0,2,0,0,0
E02002360,E02002431,5,0,1,4,0,0,0
E02002360,E02002433,13,1,1,8,0,0,3
E02002360,E02002434,2,0,0,2,0,0,0
E02002360,E02002435,21,3,0,14,2,0,2
E02002360,E02002436,1,0,0,1,0,0,0
E02002360,E02002437,1,0,0,0,0,0,0
E02002360,E02002443,6,0,0,6,0,0,0
E02002360,E02002444,1,0,0,1,0,0,0
E02002360,E02002451,6,0,0,5,0,0,0
E02002360,E02006852,133,4,59,61,5,2,2
E02002360,E02006861,54,1,12,31,2,0,6
E02002360,E02006875,612,38,39,282,44,5,192
E02002360,E02006876,73,3,1,46,5,0,17
E02002361,E02002239,1,0,0,0,0,1,0
E02002361,E02002272,5,0,0,4,1,0,0
E02002361,E02002277,1,0,0,1,0,0,0
E02002361,E02002335,5,0,0,5,0,0,0
E02002361,E02002336,4,0,0,4,0,0,0
E02002361,E02002341,4,0,0,3,0,0,0
E02002361,E02002342,1,0,0,1,0,0,0
E02002361,E02002343,4,0,0,3,0,0,1
E02002361,E02002344,3,0,0,2,0,0,1
E02002361,E02002345,14,0,0,8,4,0,2
E02002361,E02002346,4,0,0,3,0,0,1
E02002361,E02002347,15,0,0,13,1,0,1
E02002361,E02002348,14,1,0,11,1,0,1
E02002361,E02002349,32,2,6,18,3,0,3
E02002361,E02002350,5,0,0,5,0,0,0
E02002361,E02002351,11,0,0,7,1,0,1
E02002361,E02002352,44,1,9,27,3,0,2
E02002361,E02002353,32,0,14,18,0,0,0
E02002361,E02002354,18,0,0,13,3,0,2
E02002361,E02002356,16,0,1,14,1,0,0
E02002361,E02002357,7,0,0,4,0,0,3
E02002361,E02002358,13,1,0,10,1,0,1
E02002361,E02002359,6,0,1,4,1,0,0
E02002361,E02002360,2,0,0,2,0,0,0
E02002361,E02002361,109,2,59,39,3,0,4
E02002361,E02002362,7,1,0,4,0,0,2
E02002361,E02002363,38,0,4,24,4,0,4
E02002361,E02002364,15,1,0,10,0,0,4
E02002361,E02002366,29,1,10,11,1,0,6
E02002361,E02002367,10,0,1,8,0,0,1
E02002361,E02002368,4,0,0,4,0,0,0
E02002361,E02002369,5,1,0,4,0,0,0
E02002361,E02002370,3,0,0,3,0,0,0
E02002361,E02002371,44,3,6,28,3,0,2
E02002361,E02002373,12,0,1,3,1,0,7
E02002361,E02002374,7,0,2,4,0,0,1
E02002361,E02002375,1,0,0,0,0,0,1
E02002361,E02002376,7,0,1,4,1,0,1
E02002361,E02002377,34,0,9,19,3,2,0
E02002361,E02002379,9,0,0,8,1,0,0
E02002361,E02002380,2,0,0,2,0,0,0
E02002361,E02002381,4,0,0,4,0,0,0
E02002361,E02002382,7,0,0,5,1,0,1
E02002361,E02002383,4,0,1,2,0,0,1
E02002361,E02002384,53,4,3,30,4,0,10
E02002361,E02002385,10,0,0,7,1,0,2
E02002361,E02002386,14,0,1,11,0,0,2
E02002361,E02002387,5,1,0,3,0,0,1
E02002361,E02002389,5,0,0,5,0,0,0
E02002361,E02002390,17,1,0,13,1,0,1
E02002361,E02002391,4,0,1,1,0,0,2
E02002361,E02002392,124,8,8,74,13,0,21
E02002361,E02002393,94,0,10,55,10,0,17
E02002361,E02002394,17,0,0,14,1,0,2
E02002361,E02002395,5,0,0,5,0,0,0
E02002361,E02002396,6,0,0,5,0,0,1
E02002361,E02002397,5,0,0,2,0,0,3
E02002361,E02002398,3,0,0,2,1,0,0
E02002361,E02002399,16,1,0,12,2,0,1
E02002361,E02002400,41,0,5,26,0,0,9
E02002361,E02002401,5,1,0,2,0,0,2
E02002361,E02002402,13,1,0,9,0,0,3
E02002361,E02002403,3,0,1,2,0,0,0
E02002361,E02002404,20,1,0,15,1,0,2
E02002361,E02002405,1,0,0,0,1,0,0
E02002361,E02002407,3,0,0,2,1,0,0
E02002361,E02002408,2,0,0,2,0,0,0
E02002361,E02002409,1,0,0,1,0,0,0
E02002361,E02002410,8,0,0,5,1,0,2
E02002361,E02002411,37,0,1,23,4,0,9
E02002361,E02002412,5,0,0,4,0,0,1
E02002361,E02002414,16,0,1,10,1,1,3
E02002361,E02002415,4,2,0,2,0,0,0
E02002361,E02002416,8,0,0,6,2,0,0
E02002361,E02002419,25,0,0,19,3,0,2
E02002361,E02002420,17,1,0,13,1,0,1
E02002361,E02002421,4,1,0,3,0,0,0
E02002361,E02002422,18,0,0,13,1,0,4
E02002361,E02002424,4,0,1,3,0,0,0
E02002361,E02002425,2,0,1,1,0,0,0
E02002361,E02002426,2,0,0,2,0,0,0
E02002361,E02002427,5,0,1,3,1,0,0
E02002361,E02002428,4,0,0,2,1,0,1
E02002361,E02002429,3,0,0,3,0,0,0
E02002361,E02002430,6,0,0,4,0,0,2
E02002361,E02002431,3,0,0,2,0,0,1
E02002361,E02002433,8,0,1,6,0,0,1
E02002361,E02002434,3,0,0,2,0,0,1
E02002361,E02002435,7,0,1,4,0,0,2
E02002361,E02002436,4,0,0,2,0,0,2
E02002361,E02002443,4,0,0,4,0,0,0
E02002361,E02002444,2,0,0,2,0,0,0
E02002361,E02002451,7,0,0,6,1,0,0
E02002361,E02006852,25,3,0,19,2,0,0
E02002361,E02006861,26,1,1,20,0,0,3
E02002361,E02006875,474,23,12,203,36,3,191
E02002361,E02006876,64,4,0,44,3,0,11
E02002362,E02002239,8,0,0,8,0,0,0
E02002362,E02002271,2,1,0,1,0,0,0
E02002362,E02002272,6,0,0,5,1,0,0
E02002362,E02002335,3,0,0,2,1,0,0
E02002362,E02002336,25,0,0,18,2,0,3
E02002362,E02002341,4,0,0,4,0,0,0
E02002362,E02002342,3,0,0,3,0,0,0
E02002362,E02002343,4,0,0,3,1,0,0
E02002362,E02002344,4,0,0,2,0,0,2
E02002362,E02002345,17,0,2,8,1,0,5
E02002362,E02002346,15,0,1,6,2,0,6
E02002362,E02002347,11,0,0,8,1,1,1
E02002362,E02002348,54,2,12,26,4,0,8
E02002362,E02002349,11,0,0,8,0,0,3
E02002362,E02002350,61,0,6,26,1,0,26
E02002362,E02002351,6,0,0,5,0,0,1
E02002362,E02002352,13,0,0,11,0,0,2
E02002362,E02002353,6,0,0,5,0,0,1
E02002362,E02002354,12,0,1,9,1,0,1
E02002362,E02002356,51,1,5,25,8,1,10
E02002362,E02002357,55,2,10,24,9,0,10
E02002362,E02002358,8,0,0,7,0,0,1
E02002362,E02002359,6,0,1,5,0,0,0
E02002362,E02002360,9,0,0,6,0,0,3
E02002362,E02002361,6,0,0,5,0,0,1
E02002362,E02002362,127,1,69,40,7,0,10
E02002362,E02002363,13,0,0,11,0,0,2
E02002362,E02002364,17,0,2,10,0,0,5
E02002362,E02002366,8,0,0,5,2,0,0
E02002362,E02002367,8,1,0,5,1,0,1
E02002362,E02002368,10,0,1,8,0,0,1
E02002362,E02002369,3,0,0,2,0,0,1
E02002362,E02002370,1,0,0,1,0,0,0
E02002362,E02002371,15,1,0,12,2,0,0
E02002362,E02002373,40,3,6,18,5,0,8
E02002362,E02002374,75,1,15,33,7,0,16
E02002362,E02002375,4,0,1,1,1,0,1
E02002362,E02002376,3,0,0,3,0,0,0
E02002362,E02002377,7,0,0,5,0,0,1
E02002362,E02002379,3,0,0,2,0,0,1
E02002362,E02002380,4,1,0,2,1,0,0
E02002362,E02002381,8,0,0,6,1,0,0
E02002362,E02002382,9,0,0,8,1,0,0
E02002362,E02002383,17,0,1,8,0,0,6
E02002362,E02002384,55,1,2,34,7,0,11
E02002362,E02002385,56,6,10,25,1,0,11
E02002362,E02002386,5,1,0,2,0,0,2
E02002362,E02002387,15,0,0,11,0,1,2
E02002362,E02002388,13,0,5,7,0,0,0
E02002362,E02002389,2,0,0,2,0,0,0
E02002362,E02002390,13,0,0,10,1,0,2
E02002362,E02002391,24,1,0,19,4,0,0
E02002362,E02002392,144,18,8,48,11,0,57
E02002362,E02002393,74,3,0,42,1,0,28
E02002362,E02002394,18,1,1,12,0,0,4
E02002362,E02002395,7,0,0,6,1,0,0
E02002362,E02002396,26,0,0,19,0,0,7
E02002362,E02002397,2,0,0,1,0,0,1
E02002362,E02002398,4,0,0,3,0,0,1
E02002362,E02002399,30,0,2,20,3,1,4
E02002362,E02002400,100,4,0,50,10,1,33
E02002362,E02002401,3,0,0,3,0,0,0
E02002362,E02002402,10,0,0,10,0,0,0
E02002362,E02002403,4,0,0,4,0,0,0
E02002362,E02002404,19,1,2,12,0,0,4
E02002362,E02002405,4,0,0,4,0,0,0
E02002362,E02002407,10,1,0,9,0,0,0
E02002362,E02002408,7,1,0,4,1,0,1
E02002362,E02002409,5,0,0,4,1,0,0
E02002362,E02002410,14,0,0,13,1,0,0
E02002362,E02002411,34,1,0,19,3,2,8
E02002362,E02002412,30,2,4,19,0,0,4
E02002362,E02002414,25,0,0,14,3,0,7
E02002362,E02002415,9,0,2,6,0,0,1
E02002362,E02002416,2,0,0,1,1,0,0
E02002362,E02002419,33,2,1,21,1,0,8
E02002362,E02002420,13,1,0,7,0,0,5
E02002362,E02002421,6,0,1,2,1,1,1
E02002362,E02002422,15,0,0,8,0,0,7
E02002362,E02002424,11,0,0,8,1,0,2
E02002362,E02002425,5,0,0,4,1,0,0
E02002362,E02002426,2,0,0,1,0,0,1
E02002362,E02002427,6,0,1,4,0,0,1
E02002362,E02002428,7,0,0,6,0,0,1
E02002362,E02002429,4,0,0,2,2,0,0
E02002362,E02002430,6,0,0,4,1,0,1
E02002362,E02002431,2,0,0,1,0,1,0
E02002362,E02002433,15,0,1,11,0,0,3
E02002362,E02002435,12,0,1,7,1,0,1
E02002362,E02002436,1,0,0,0,0,0,1
E02002362,E02002437,1,0,0,0,1,0,0
E02002362,E02002443,1,0,0,1,0,0,0
E02002362,E02002444,2,0,0,1,0,0,1
E02002362,E02002451,7,0,0,7,0,0,0
E02002362,E02006852,110,4,43,41,6,0,15
E02002362,E02006861,56,1,7,30,3,0,15
E02002362,E02006875,550,32,24,154,39,3,281
E02002362,E02006876,82,2,2,54,2,0,21
E02002363,E02002239,7,0,0,5,2,0,0
E02002363,E02002271,1,0,0,1,0,0,0
E02002363,E02002272,17,0,0,12,0,0,5
E02002363,E02002276,4,0,0,4,0,0,0
E02002363,E02002335,13,0,1,9,1,0,2
E02002363,E02002336,19,0,0,18,0,0,1
E02002363,E02002341,10,0,0,8,1,0,1
E02002363,E02002342,2,0,0,2,0,0,0
E02002363,E02002343,1,0,0,1,0,0,0
E02002363,E02002344,10,0,2,7,0,0,1
E02002363,E02002345,11,0,1,9,0,0,1
E02002363,E02002346,6,0,1,1,4,0,0
E02002363,E02002347,14,1,0,8,2,0,2
E02002363,E02002348,15,1,1,13,0,0,0
E02002363,E02002349,23,1,1,13,3,0,4
E02002363,E02002350,12,0,1,9,1,0,1
E02002363,E02002351,8,0,1,4,2,0,1
E02002363,E02002352,29,2,6,13,2,0,5
E02002363,E02002353,20,0,2,12,2,0,4
E02002363,E02002354,20,0,4,12,4,0,0
E02002363,E02002356,24,0,2,21,0,0,1
E02002363,E02002357,24,2,2,14,3,0,3
E02002363,E02002358,10,1,1,6,2,0,0
E02002363,E02002359,9,0,0,5,0,0,4
E02002363,E02002360,6,0,2,3,1,0,0
E02002363,E02002361,30,1,6,18,3,1,0
E02002363,E02002362,11,0,0,9,1,0,1
E02002363,E02002363,183,5,101,58,1,0,13
E02002363,E02002364,14,0,0,12,0,0,1
E02002363,E02002366,29,1,5,16,2,0,4
E02002363,E02002367,11,1,2,5,1,0,2
E02002363,E02002368,17,0,2,12,2,0,1
E02002363,E02002369,11,0,0,10,0,0,1
E02002363,E02002371,72,2,25,35,2,0,7
E02002363,E02002373,30,1,3,20,2,0,4
E02002363,E02002374,9,0,0,6,2,0,1
E02002363,E02002375,3,0,0,3,0,0,0
E02002363,E02002376,11,0,0,10,0,0,1
E02002363,E02002377,13,2,3,6,0,1,1
E02002363,E02002379,13,0,0,9,2,0,2
E02002363,E02002380,2,0,0,2,0,0,0
E02002363,E02002381,5,0,0,5,0,0,0
E02002363,E02002382,8,0,0,7,1,0,0
E02002363,E02002383,4,0,0,3,0,0,1
E02002363,E02002384,92,2,21,51,2,1,13
E02002363,E02002385,9,0,1,4,0,0,4
E02002363,E02002386,7,1,0,5,0,0,1
E02002363,E02002387,4,0,0,2,2,0,0
E02002363,E02002388,3,0,0,3,0,0,0
E02002363,E02002389,2,0,0,2,0,0,0
E02002363,E02002390,13,0,0,10,0,0,3
E02002363,E02002391,9,1,1,5,0,0,1
E02002363,E02002392,199,29,18,86,12,6,46
E02002363,E02002393,156,12,15,89,13,3,19
E02002363,E02002394,28,2,2,19,1,0,4
E02002363,E02002395,17,0,0,11,2,0,3
E02002363,E02002396,15,0,1,9,0,2,3
E02002363,E02002397,4,0,0,2,0,0,1
E02002363,E02002398,10,0,0,10,0,0,0
E02002363,E02002399,15,2,1,11,0,0,1
E02002363,E02002400,71,2,2,47,5,0,12
E02002363,E02002401,6,0,0,6,0,0,0
E02002363,E02002402,34,0,0,27,3,0,4
E02002363,E02002403,5,0,0,5,0,0,0
E02002363,E02002404,22,1,2,16,1,0,1
E02002363,E02002405,2,0,0,2,0,0,0
E02002363,E02002407,7,0,1,4,0,0,2
E02002363,E02002408,10,0,0,5,0,0,4
E02002363,E02002409,1,0,0,0,1,0,0
E02002363,E02002410,10,0,1,6,2,0,1
E02002363,E02002411,88,3,2,52,8,0,21
E02002363,E02002412,25,0,2,15,4,0,3
E02002363,E02002414,36,0,1,26,1,1,7
E02002363,E02002415,10,0,0,10,0,0,0
E02002363,E02002416,8,0,0,6,1,0,1
E02002363,E02002419,28,1,0,20,2,1,3
E02002363,E02002420,17,1,0,12,1,0,2
E02002363,E02002421,2,0,0,2,0,0,0
E02002363,E02002422,35,0,0,23,2,0,10
E02002363,E02002423,1,0,0,1,0,0,0
E02002363,E02002424,4,0,0,4,0,0,0
E02002363,E02002425,5,0,0,5,0,0,0
E02002363,E02002427,4,0,0,4,0,0,0
E02002363,E02002428,11,0,0,7,0,0,4
E02002363,E02002429,6,0,1,4,0,0,1
E02002363,E02002430,5,0,0,4,0,0,1
E02002363,E02002431,15,1,1,12,1,0,0
E02002363,E02002433,13,0,0,11,0,0,2
E02002363,E02002434,5,0,0,5,0,0,0
E02002363,E02002435,28,0,0,21,2,0,5
E02002363,E02002436,3,1,0,2,0,0,0
E02002363,E02002443,6,0,0,4,2,0,0
E02002363,E02002444,2,0,0,2,0,0,0
E02002363,E02002445,1,0,0,0,0,0,0
E02002363,E02002451,8,0,0,7,1,0,0
E02002363,E02006852,42,2,0,31,1,2,6
E02002363,E02006861,44,7,3,26,2,0,3
E02002363,E02006875,922,43,53,375,76,7,356
E02002363,E02006876,87,8,3,50,2,0,23
E02002364,E02002239,3,1,0,2,0,0,0
E02002364,E02002272,2,0,0,2,0,0,0
E02002364,E02002276,1,0,0,1,0,0,0
E02002364,E02002277,1,0,0,0,0,0,1
E02002364,E02002335,4,0,0,4,0,0,0
E02002364,E02002336,3,0,0,1,1,0,1
E02002364,E02002341,4,0,0,2,0,0,2
E02002364,E02002342,1,0,0,1,0,0,0
E02002364,E02002343,3,0,0,3,0,0,0
E02002364,E02002344,2,0,0,2,0,0,0
E02002364,E02002345,5,0,0,2,1,0,2
E02002364,E02002346,1,0,0,1,0,0,0
E02002364,E02002347,6,0,0,5,0,0,1
E02002364,E02002348,4,0,1,3,0,0,0
E02002364,E02002349,8,0,0,7,1,0,0
E02002364,E02002350,3,0,0,1,0,0,2
E02002364,E02002351,16,0,1,8,3,0,3
E02002364,E02002352,17,1,1,10,0,0,5
E02002364,E02002353,10,0,1,5,2,0,1
E02002364,E02002354,6,0,1,3,1,0,1
E02002364,E02002356,10,1,4,3,0,0,2
E02002364,E02002357,15,0,0,4,2,1,8
E02002364,E02002358,95,1,36,44,7,1,3
E02002364,E02002359,6,0,0,4,0,0,2
E02002364,E02002360,3,0,1,2,0,0,0
E02002364,E02002361,19,0,2,8,2,0,2
E02002364,E02002362,1,0,0,0,1,0,0
E02002364,E02002363,11,0,0,5,1,0,5
E02002364,E02002364,206,4,116,61,9,0,15
E02002364,E02002366,29,2,6,9,1,2,7
E02002364,E02002367,6,0,0,4,0,0,2
E02002364,E02002368,3,0,0,0,0,0,3
E02002364,E02002369,32,0,11,17,2,0,1
E02002364,E02002370,6,0,2,3,1,0,0
E02002364,E02002371,27,0,7,15,2,0,3
E02002364,E02002373,8,0,0,4,1,0,3
E02002364,E02002374,1,0,0,1,0,0,0
E02002364,E02002375,1,0,0,1,0,0,0
E02002364,E02002376,11,0,1,4,2,0,4
E02002364,E02002377,6,1,0,5,0,0,0
E02002364,E02002379,43,0,18,14,2,0,4
E02002364,E02002380,2,0,0,2,0,0,0
E02002364,E02002382,13,1,1,3,1,0,7
E02002364,E02002383,1,0,0,0,0,0,1
E02002364,E02002384,39,0,4,24,3,1,7
E02002364,E02002385,8,0,0,6,1,0,0
E02002364,E02002386,84,4,11,34,14,2,14
E02002364,E02002387,2,0,1,1,0,0,0
E02002364,E02002388,5,0,0,4,0,0,1
E02002364,E02002389,8,0,2,6,0,0,0
E02002364,E02002390,62,1,12,20,7,1,19
E02002364,E02002391,2,0,0,1,0,0,1
E02002364,E02002392,23,0,3,14,0,0,5
E02002364,E02002393,118,1,2,45,12,0,57
E02002364,E02002394,25,0,1,12,3,0,8
E02002364,E02002395,3,0,0,0,0,0,3
E02002364,E02002396,15,0,1,12,0,0,2
E02002364,E02002397,5,0,0,4,0,0,1
E02002364,E02002398,12,2,0,6,2,0,2
E02002364,E02002399,52,1,1,33,6,1,9
E02002364,E02002400,39,1,1,19,0,0,18
E02002364,E02002401,4,0,0,2,0,0,1
E02002364,E02002402,19,1,1,11,2,0,3
E02002364,E02002403,8,0,0,6,1,0,1
E02002364,E02002404,20,2,0,9,4,0,5
E02002364,E02002405,3,0,0,3,0,0,0
E02002364,E02002407,6,0,1,4,0,0,1
E02002364,E02002408,3,0,0,1,2,0,0
E02002364,E02002409,3,0,0,1,2,0,0
E02002364,E02002410,10,0,0,7,2,0,1
E02002364,E02002411,20,0,1,15,0,0,4
E02002364,E02002412,8,0,0,7,0,0,1
E02002364,E02002414,40,0,14,14,3,0,7
E02002364,E02002415,3,0,0,2,0,0,0
E02002364,E02002416,8,0,0,6,0,0,2
E02002364,E02002419,17,0,0,14,0,1,2
E02002364,E02002420,24,0,1,15,1,2,4
E02002364,E02002421,2,0,0,1,0,0,1
E02002364,E02002422,13,1,0,8,0,0,4
E02002364,E02002423,1,0,0,1,0,0,0
E02002364,E02002424,9,0,0,9,0,0,0
E02002364,E02002425,2,0,0,1,0,0,1
E02002364,E02002426,4,0,1,1,0,0,1
E02002364,E02002427,4,0,0,4,0,0,0
E02002364,E02002428,3,0,1,1,0,0,1
E02002364,E02002429,2,0,0,2,0,0,0
E02002364,E02002430,2,0,0,2,0,0,0
E02002364,E02002431,8,0,0,7,0,0,1
E02002364,E02002433,4,0,0,3,1,0,0
E02002364,E02002435,13,0,0,10,0,0,3
E02002364,E02002436,3,0,0,3,0,0,0
E02002364,E02002443,2,0,0,2,0,0,0
E02002364,E02002444,1,0,0,0,0,0,0
E02002364,E02002445,1,0,0,0,1,0,0
E02002364,E02002451,5,0,0,5,0,0,0
E02002364,E02006852,3,0,0,3,0,0,0
E02002364,E02006861,13,0,1,9,3,0,0
E02002364,E02006875,237,3,9,77,20,0,118
E02002364,E02006876,81,2,1,50,6,0,20
E02002366,E02002239,3,0,0,3,0,0,0
E02002366,E02002272,5,0,0,5,0,0,0
E02002366,E02002276,4,0,0,4,0,0,0
E02002366,E02002335,13,1,0,10,1,0,1
E02002366,E02002336,6,0,0,6,0,0,0
E02002366,E02002341,6,0,1,5,0,0,0
E02002366,E02002343,2,0,1,1,0,0,0
E02002366,E02002344,11,0,1,9,1,0,0
E02002366,E02002345,5,0,0,4,0,0,1
E02002366,E02002346,1,0,0,0,0,0,1
E02002366,E02002347,11,0,2,6,0,0,3
E02002366,E02002348,5,0,0,5,0,0,0
E02002366,E02002349,33,0,13,15,2,0,3
E02002366,E02002350,3,0,1,2,0,0,0
E02002366,E02002351,18,0,0,10,3,0,2
E02002366,E02002352,24,2,0,13,4,0,5
E02002366,E02002353,18,0,3,12,1,0,2
E02002366,E02002354,10,0,0,8,1,0,1
E02002366,E02002356,10,0,0,7,1,0,2
E02002366,E02002357,21,2,1,13,0,0,5
E02002366,E02002358,20,0,0,17,2,0,1
E02002366,E02002359,4,0,0,4,0,0,0
E02002366,E02002360,8,0,0,7,0,0,1
E02002366,E02002361,62,0,27,25,2,0,6
E02002366,E02002362,6,0,0,4,0,0,2
E02002366,E02002363,32,0,1,23,4,0,3
E02002366,E02002364,34,0,1,26,3,0,4
E02002366,E02002366,89,0,37,35,6,0,6
E02002366,E02002367,4,0,0,1,1,0,2
E02002366,E02002368,8,0,1,7,0,0,0
E02002366,E02002369,24,0,8,15,0,0,1
E02002366,E02002370,4,0,0,3,1,0,0
E02002366,E02002371,53,0,8,34,6,0,4
E02002366,E02002373,14,1,1,10,0,0,2
E02002366,E02002374,10,0,0,7,0,0,3
E02002366,E02002375,1,0,0,1,0,0,0
E02002366,E02002376,15,1,3,7,2,0,1
E02002366,E02002377,68,1,15,42,5,0,5
E02002366,E02002379,17,0,1,14,2,0,0
E02002366,E02002380,2,0,0,1,1,0,0
E02002366,E02002381,6,0,0,5,0,0,1
E02002366,E02002382,23,0,10,11,0,0,1
E02002366,E02002383,6,0,0,5,0,0,1
E02002366,E02002384,52,3,8,29,4,0,6
E02002366,E02002385,17,0,1,11,1,0,4
E02002366,E02002386,29,0,1,17,9,0,2
E02002366,E02002387,8,0,0,6,0,0,2
E02002366,E02002388,2,0,0,2,0,0,0
E02002366,E02002389,2,0,0,2,0,0,0
E02002366,E02002390,33,2,1,23,2,0,4
E02002366,E02002391,3,0,1,2,0,0,0
E02002366,E02002392,95,6,1,58,10,1,19
E02002366,E02002393,138,4,13,76,16,1,23
E02002366,E02002394,29,0,2,20,3,1,2
E02002366,E02002395,10,0,0,9,0,0,0
E02002366,E02002396,10,0,0,8,0,1,1
E02002366,E02002397,1,0,0,1,0,0,0
E02002366,E02002398,3,1,0,2,0,0,0
E02002366,E02002399,25,2,0,17,4,1,0
E02002366,E02002400,59,1,0,38,4,0,10
E02002366,E02002401,1,0,0,1,0,0,0
E02002366,E02002402,26,0,0,20,0,0,6
E02002366,E02002403,12,0,0,6,2,1,1
E02002366,E02002404,35,0,0,25,5,0,4
E02002366,E02002405,1,0,0,1,0,0,0
E02002366,E02002407,8,0,0,5,0,0,3
E02002366,E02002408,6,0,0,4,0,0,0
E02002366,E02002409,3,0,0,2,0,0,1
E02002366,E02002410,13,0,0,11,1,0,0
E02002366,E02002411,34,2,0,19,4,0,9
E02002366,E02002412,15,0,1,8,2,0,3
E02002366,E02002414,23,0,3,17,1,0,2
E02002366,E02002415,7,0,0,5,0,0,2
E02002366,E02002416,6,0,0,3,1,0,1
E02002366,E02002419,19,1,1,14,1,0,2
E02002366,E02002420,23,0,0,20,1,0,1
E02002366,E02002421,2,0,0,2,0,0,0
E02002366,E02002422,26,0,0,16,1,0,9
E02002366,E02002423,1,0,0,0,1,0,0
E02002366,E02002424,5,0,0,3,2,0,0
E02002366,E02002425,4,0,0,4,0,0,0
E02002366,E02002426,4,0,2,2,0,0,0
E02002366,E02002427,1,0,1,0,0,0,0
E02002366,E02002428,3,0,0,3,0,0,0
E02002366,E02002429,2,0,1,0,0,0,0
E02002366,E02002430,3,0,0,2,1,0,0
E02002366,E02002431,8,0,0,7,0,0,1
E02002366,E02002433,9,0,0,7,0,0,2
E02002366,E02002434,3,0,0,3,0,0,0
E02002366,E02002435,18,0,2,10,1,0,5
E02002366,E02002443,4,0,0,3,0,0,1
E02002366,E02002444,2,0,0,2,0,0,0
E02002366,E02002445,3,0,0,3,0,0,0
E02002366,E02002451,4,0,0,4,0,0,0
E02002366,E02006852,30,2,0,25,0,0,3
E02002366,E02006861,23,0,1,15,1,0,6
E02002366,E02006875,571,23,14,239,65,1,221
E02002366,E02006876,74,4,2,38,8,0,21
E02002367,E02002239,3,0,0,3,0,0,0
E02002367,E02002271,1,0,0,1,0,0,0
E02002367,E02002272,9,0,0,8,0,0,1
E02002367,E02002335,10,2,0,5,2,0,1
E02002367,E02002336,5,0,1,3,0,0,0
E02002367,E02002341,3,0,0,1,1,0,1
E02002367,E02002342,1,0,0,1,0,0,0
E02002367,E02002343,3,1,0,1,1,0,0
E02002367,E02002344,6,0,1,4,1,0,0
E02002367,E02002345,10,1,1,4,1,0,3
E02002367,E02002346,4,0,1,1,0,0,1
E02002367,E02002347,15,0,0,8,4,0,3
E02002367,E02002348,10,0,0,6,1,0,2
E02002367,E02002349,14,0,0,5,0,0,9
E02002367,E02002350,12,0,1,7,0,0,4
E02002367,E02002351,6,0,0,4,0,0,2
E02002367,E02002352,24,1,6,4,0,0,11
E02002367,E02002353,8,0,0,5,1,0,2
E02002367,E02002354,46,0,19,16,2,0,7
E02002367,E02002356,12,1,2,7,2,0,0
E02002367,E02002357,11,0,2,3,1,0,5
E02002367,E02002358,8,0,0,6,2,0,0
E02002367,E02002359,4,0,0,2,0,0,2
E02002367,E02002360,27,2,16,4,0,0,5
E02002367,E02002361,5,0,1,2,0,0,2
E02002367,E02002362,5,0,1,2,1,0,1
E02002367,E02002363,84,2,47,23,4,0,4
E02002367,E02002364,8,1,0,4,0,0,3
E02002367,E02002366,13,0,2,3,3,0,3
E02002367,E02002367,41,1,17,14,2,0,5
E02002367,E02002368,4,0,0,3,0,0,1
E02002367,E02002369,8,0,0,6,0,0,2
E02002367,E02002370,3,0,1,2,0,0,0
E02002367,E02002371,66,1,20,33,4,0,8
E02002367,E02002373,16,0,2,10,3,0,1
E02002367,E02002374,7,0,1,3,1,0,2
E02002367,E02002375,2,1,0,1,0,0,0
E02002367,E02002377,9,2,1,6,0,0,0
E02002367,E02002379,4,0,1,1,0,0,2
E02002367,E02002380,3,0,0,1,0,0,2
E02002367,E02002381,1,0,0,1,0,0,0
E02002367,E02002382,9,0,1,6,0,0,2
E02002367,E02002383,2,0,0,1,0,0,0
E02002367,E02002384,48,0,10,22,5,0,7
E02002367,E02002385,15,1,3,8,1,0,2
E02002367,E02002386,10,0,0,7,1,0,2
E02002367,E02002387,5,0,1,2,0,0,2
E02002367,E02002388,5,0,0,4,0,0,1
E02002367,E02002389,6,0,0,2,0,0,1
E02002367,E02002390,8,0,1,5,0,0,1
E02002367,E02002391,3,0,0,3,0,0,0
E02002367,E02002392,83,10,13,31,12,1,12
E02002367,E02002393,88,4,16,44,5,0,17
E02002367,E02002394,19,0,3,8,1,0,7
E02002367,E02002395,6,0,0,2,1,0,3
E02002367,E02002396,24,1,1,10,0,1,11
E02002367,E02002397,3,0,0,3,0,0,0
E02002367,E02002398,3,0,1,1,0,0,1
E02002367,E02002399,21,1,0,12,2,1,5
E02002367,E02002400,47,0,2,25,5,1,12
E02002367,E02002401,1,0,0,1,0,0,0
E02002367,E02002402,5,0,0,2,1,0,2
E02002367,E02002403,5,0,1,3,0,0,1
E02002367,E02002404,25,1,0,18,2,0,3
E02002367,E02002405,4,0,0,3,0,0,1
E02002367,E02002407,6,0,1,3,0,0,2
E02002367,E02002408,5,0,0,4,0,0,0
E02002367,E02002409,2,1,0,1,0,0,0
E02002367,E02002410,15,2,0,5,3,3,0
E02002367,E02002411,29,0,0,11,2,0,16
E02002367,E02002412,12,0,0,7,2,0,3
E02002367,E02002414,20,0,1,13,0,0,6
E02002367,E02002415,5,0,0,2,1,0,2
E02002367,E02002416,7,1,0,6,0,0,0
E02002367,E02002419,21,0,0,13,0,0,8
E02002367,E02002420,17,1,2,11,1,0,2
E02002367,E02002421,3,0,0,3,0,0,0
E02002367,E02002422,23,0,0,14,2,0,7
E02002367,E02002423,1,0,0,0,0,0,1
E02002367,E02002424,6,0,1,3,0,0,2
E02002367,E02002425,2,0,0,1,0,0,1
E02002367,E02002426,2,0,0,2,0,0,0
E02002367,E02002427,2,0,0,2,0,0,0
E02002367,E02002428,7,0,0,6,1,0,0
E02002367,E02002429,1,0,0,1,0,0,0
E02002367,E02002430,4,0,0,2,0,0,2
E02002367,E02002431,6,0,0,5,0,0,1
E02002367,E02002433,3,0,1,1,0,0,1
E02002367,E02002435,16,0,2,10,0,0,4
E02002367,E02002437,2,0,0,2,0,0,0
E02002367,E02002443,1,0,0,1,0,0,0
E02002367,E02002445,1,0,0,0,0,0,1
E02002367,E02002451,6,0,0,4,1,0,0
E02002367,E02006852,37,0,15,14,1,0,4
E02002367,E02006861,47,0,15,17,6,0,7
E02002367,E02006875,402,17,46,79,20,2,221
E02002367,E02006876,71,2,4,38,2,0,24
E02002368,E02002239,22,0,0,20,0,0,1
E02002368,E02002271,7,0,0,5,2,0,0
E02002368,E02002272,13,0,0,11,2,0,0
E02002368,E02002276,2,0,0,2,0,0,0
E02002368,E02002277,1,0,0,1,0,0,0
E02002368,E02002335,5,0,0,5,0,0,0
E02002368,E02002336,45,0,0,38,3,0,4
E02002368,E02002341,1,0,0,1,0,0,0
E02002368,E02002342,5,0,0,5,0,0,0
E02002368,E02002343,24,0,0,20,2,0,2
E02002368,E02002344,1,0,0,0,0,0,1
E02002368,E02002345,9,0,0,7,2,0,0
E02002368,E02002346,6,0,0,6,0,0,0
E02002368,E02002347,4,0,0,4,0,0,0
E02002368,E02002348,26,0,0,25,0,0,1
E02002368,E02002349,7,0,0,7,0,0,0
E02002368,E02002350,36,0,3,26,0,0,7
E02002368,E02002351,5,0,0,4,1,0,0
E02002368,E02002352,11,0,0,11,0,0,0
E02002368,E02002353,3,0,0,3,0,0,0
E02002368,E02002354,7,0,0,6,1,0,0
E02002368,E02002356,77,3,6,55,8,0,4
E02002368,E02002357,41,1,1,27,5,0,7
E02002368,E02002358,7,0,0,7,0,0,0
E02002368,E02002359,2,0,0,1,0,0,1
E02002368,E02002360,3,0,0,2,0,0,1
E02002368,E02002361,9,0,0,4,3,0,2
E02002368,E02002362,15,0,0,10,2,0,2
E02002368,E02002363,15,1,1,12,1,0,0
E02002368,E02002364,8,0,0,6,0,0,2
E02002368,E02002366,6,1,0,5,0,0,0
E02002368,E02002367,4,0,0,4,0,0,0
E02002368,E02002368,196,2,68,110,6,0,7
E02002368,E02002369,5,0,0,4,0,0,1
E02002368,E02002370,1,0,0,1,0,0,0
E02002368,E02002371,15,0,0,12,1,0,2
E02002368,E02002373,18,0,0,15,1,0,1
E02002368,E02002374,23,0,0,17,2,0,4
E02002368,E02002375,6,0,0,5,1,0,0
E02002368,E02002376,2,0,0,2,0,0,0
E02002368,E02002377,3,0,0,3,0,0,0
E02002368,E02002379,3,0,0,2,1,0,0
E02002368,E02002380,19,0,1,13,3,0,2
E02002368,E02002381,34,3,5,23,0,0,2
E02002368,E02002382,2,0,0,2,0,0,0
E02002368,E02002383,2,0,0,2,0,0,0
E02002368,E02002384,34,1,0,25,2,0,5
E02002368,E02002385,16,0,1,14,0,0,1
E02002368,E02002386,9,0,3,6,0,0,0
E02002368,E02002387,50,0,1,44,5,0,0
E02002368,E02002388,7,0,0,7,0,0,0
E02002368,E02002389,1,0,0,1,0,0,0
E02002368,E02002390,13,0,0,11,2,0,0
E02002368,E02002391,143,4,37,85,12,0,4
E02002368,E02002392,128,5,1,84,10,2,20
E02002368,E02002393,60,3,0,45,2,0,10
E02002368,E02002394,9,0,1,6,0,0,2
E02002368,E02002395,120,4,16,84,11,0,3
E02002368,E02002396,33,6,1,23,2,0,1
E02002368,E02002397,15,0,1,10,1,0,3
E02002368,E02002398,3,0,0,3,0,0,0
E02002368,E02002399,12,0,0,10,2,0,0
E02002368,E02002400,105,1,1,76,9,0,14
E02002368,E02002401,1,0,0,1,0,0,0
E02002368,E02002402,19,0,0,18,1,0,0
E02002368,E02002403,6,0,0,6,0,0,0
E02002368,E02002404,16,0,0,14,2,0,0
E02002368,E02002405,18,0,1,14,2,0,0
E02002368,E02002407,8,0,1,7,0,0,0
E02002368,E02002408,84,1,10,59,5,1,8
E02002368,E02002409,10,0,0,9,0,0,1
E02002368,E02002410,25,1,0,23,1,0,0
E02002368,E02002411,41,1,0,34,4,0,1
E02002368,E02002412,27,1,1,19,2,1,3
E02002368,E02002414,17,0,1,14,2,0,0
E02002368,E02002415,5,0,0,4,0,0,1
E02002368,E02002416,9,0,0,8,1,0,0
E02002368,E02002419,30,0,1,23,2,0,4
E02002368,E02002420,16,0,0,14,0,0,2
E02002368,E02002421,3,0,0,3,0,0,0
E02002368,E02002422,29,0,0,26,1,0,2
E02002368,E02002424,9,0,0,9,0,0,0
E02002368,E02002425,10,0,1,6,1,0,2
E02002368,E02002426,6,0,0,5,0,0,1
E02002368,E02002427,1,0,0,1,0,0,0
E02002368,E02002428,5,0,0,2,3,0,0
E02002368,E02002430,5,0,0,5,0,0,0
E02002368,E02002431,8,0,0,6,2,0,0
E02002368,E02002433,13,0,1,12,0,0,0
E02002368,E02002434,1,0,0,1,0,0,0
E02002368,E02002435,21,0,0,17,0,1,2
E02002368,E02002436,2,0,0,2,0,0,0
E02002368,E02002445,1,0,0,1,0,0,0
E02002368,E02002451,6,0,0,5,1,0,0
E02002368,E02006852,22,0,0,19,1,0,2
E02002368,E02006861,19,0,0,13,2,0,3
E02002368,E02006875,500,18,3,236,41,2,141
E02002368,E02006876,66,2,0,48,5,0,10
E02002369,E02002239,5,0,0,4,0,0,1
E02002369,E02002271,1,0,0,1,0,0,0
E02002369,E02002272,8,1,0,6,1,0,0
E02002369,E02002277,2,0,0,2,0,0,0
E02002369,E02002335,10,0,0,5,1,0,4
E02002369,E02002336,2,0,1,1,0,0,0
E02002369,E02002341,5,0,0,4,1,0,0
E02002369,E02002342,4,0,0,1,1,0,2
E02002369,E02002343,3,0,0,2,0,0,1
E02002369,E02002344,4,0,0,2,0,0,2
E02002369,E02002345,4,0,0,1,0,0,3
E02002369,E02002346,2,0,0,2,0,0,0
E02002369,E02002347,10,1,0,5,0,0,4
E02002369,E02002348,5,0,0,3,0,0,2
E02002369,E02002349,11,0,3,3,2,0,3
E02002369,E02002350,3,0,0,3,0,0,0
E02002369,E02002351,9,0,1,3,2,0,3
E02002369,E02002352,9,2,1,2,0,0,3
E02002369,E02002353,8,1,1,3,3,0,0
E02002369,E02002354,7,0,0,7,0,0,0
E02002369,E02002356,10,0,1,8,0,0,1
E02002369,E02002357,16,0,2,7,1,0,6
E02002369,E02002358,49,2,10,29,4,0,3
E02002369,E02002359,8,0,0,7,1,0,0
E02002369,E02002360,4,0,0,3,0,0,0
E02002369,E02002361,34,2,7,16,6,0,2
E02002369,E02002362,6,0,0,5,1,0,0
E02002369,E02002363,15,0,0,10,0,0,5
E02002369,E02002364,110,1,47,36,9,0,15
E02002369,E02002366,46,1,19,14,5,0,7
E02002369,E02002367,10,0,0,6,1,0,3
E02002369,E02002368,3,0,0,3,0,0,0
E02002369,E02002369,67,2,28,25,2,1,8
E02002369,E02002370,11,0,2,5,0,0,2
E02002369,E02002371,39,2,5,15,8,0,7
E02002369,E02002373,7,0,2,3,0,0,1
E02002369,E02002374,1,0,1,0,0,0,0
E02002369,E02002376,18,0,9,5,3,0,1
E02002369,E02002377,23,1,5,9,2,0,6
E02002369,E02002379,45,0,27,10,2,0,3
E02002369,E02002380,3,0,0,2,0,0,1
E02002369,E02002382,19,0,1,7,2,0,9
E02002369,E02002383,3,0,0,3,0,0,0
E02002369,E02002384,40,0,1,29,1,0,9
E02002369,E02002385,21,0,0,16,1,1,3
E02002369,E02002386,71,4,14,29,8,1,14
E02002369,E02002387,5,0,1,2,2,0,0
E02002369,E02002388,2,0,0,1,0,0,1
E02002369,E02002389,12,0,3,8,0,0,1
E02002369,E02002390,66,3,18,29,7,0,5
E02002369,E02002391,4,0,0,4,0,0,0
E02002369,E02002392,45,1,3,21,3,0,17
E02002369,E02002393,146,1,7,67,17,1,48
E02002369,E02002394,45,0,2,24,5,0,14
E02002369,E02002395,6,0,0,6,0,0,0
E02002369,E02002396,16,0,0,14,1,0,1
E02002369,E02002397,4,0,0,3,1,0,0
E02002369,E02002398,8,0,1,4,0,0,3
E02002369,E02002399,45,2,6,25,3,1,7
E02002369,E02002400,38,0,3,21,1,0,11
E02002369,E02002401,2,0,0,2,0,0,0
E02002369,E02002402,26,0,1,17,2,0,5
E02002369,E02002403,12,0,0,10,1,0,1
E02002369,E02002404,27,1,1,17,3,0,5
E02002369,E02002405,1,0,0,0,1,0,0
E02002369,E02002407,3,0,0,2,0,0,1
E02002369,E02002408,4,0,0,2,1,0,1
E02002369,E02002410,11,0,0,10,1,0,0
E02002369,E02002411,21,0,0,14,0,0,7
E02002369,E02002412,11,0,0,10,0,0,1
E02002369,E02002414,45,1,8,20,6,1,8
E02002369,E02002415,3,0,0,1,1,0,1
E02002369,E02002416,14,1,0,10,1,0,2
E02002369,E02002419,29,0,0,20,2,0,5
E02002369,E02002420,22,0,1,10,1,1,8
E02002369,E02002421,1,0,0,1,0,0,0
E02002369,E02002422,16,0,0,7,0,0,8
E02002369,E02002423,1,0,1,0,0,0,0
E02002369,E02002424,6,0,0,1,1,0,4
E02002369,E02002425,2,0,0,2,0,0,0
E02002369,E02002426,1,0,1,0,0,0,0
E02002369,E02002427,6,0,0,3,0,0,3
E02002369,E02002428,7,0,2,4,1,0,0
E02002369,E02002429,1,0,0,1,0,0,0
E02002369,E02002430,4,0,0,4,0,0,0
E02002369,E02002431,2,0,0,2,0,0,0
E02002369,E02002433,5,0,0,4,0,0,1
E02002369,E02002434,1,0,0,1,0,0,0
E02002369,E02002435,16,0,0,14,0,0,2
E02002369,E02002436,2,0,0,2,0,0,0
E02002369,E02002444,1,0,0,1,0,0,0
E02002369,E02002445,1,0,0,1,0,0,0
E02002369,E02002451,2,0,0,2,0,0,0
E02002369,E02006852,11,0,1,7,1,0,2
E02002369,E02006861,15,0,1,10,1,0,3
E02002369,E02006875,362,10,11,100,34,0,202
E02002369,E02006876,117,3,5,75,8,3,20
E02002370,E02002239,3,0,0,3,0,0,0
E02002370,E02002271,1,0,1,0,0,0,0
E02002370,E02002272,4,0,0,3,0,0,1
E02002370,E02002277,1,0,0,1,0,0,0
E02002370,E02002335,3,0,0,3,0,0,0
E02002370,E02002336,10,1,0,9,0,0,0
E02002370,E02002341,3,0,0,1,1,0,0
E02002370,E02002343,2,0,1,0,0,0,1
E02002370,E02002345,3,0,0,2,0,0,1
E02002370,E02002346,1,0,1,0,0,0,0
E02002370,E02002347,5,1,0,2,0,0,2
E02002370,E02002348,4,0,0,3,0,0,1
E02002370,E02002349,15,0,0,5,2,0,8
E02002370,E02002350,3,0,0,0,0,0,1
E02002370,E02002351,24,0,1,18,2,1,2
E02002370,E02002352,9,0,0,7,0,0,2
E02002370,E02002353,5,0,0,3,0,0,2
E02002370,E02002354,5,0,0,2,0,0,3
E02002370,E02002356,11,0,3,6,1,0,1
E02002370,E02002357,12,0,0,6,1,0,5
E02002370,E02002358,104,8,39,40,7,1,6
E02002370,E02002359,13,0,1,7,1,0,3
E02002370,E02002360,6,0,0,6,0,0,0
E02002370,E02002361,8,0,1,4,1,0,2
E02002370,E02002362,3,0,0,3,0,0,0
E02002370,E02002363,9,1,1,7,0,0,0
E02002370,E02002364,122,3,40,53,10,0,11
E02002370,E02002366,3,0,0,2,0,0,1
E02002370,E02002367,4,0,0,3,0,0,1
E02002370,E02002369,12,0,1,6,0,0,5
E02002370,E02002370,103,2,60,24,3,0,10
E02002370,E02002371,17,0,2,12,1,0,2
E02002370,E02002373,3,0,1,1,0,0,1
E02002370,E02002374,2,0,0,1,0,0,1
E02002370,E02002375,2,0,0,1,0,0,1
E02002370,E02002376,8,0,0,6,0,0,2
E02002370,E02002377,6,0,0,3,1,0,2
E02002370,E02002379,15,0,6,6,2,0,1
E02002370,E02002380,2,0,0,1,0,0,1
E02002370,E02002381,5,0,0,3,0,0,1
E02002370,E02002382,6,0,0,1,0,0,5
E02002370,E02002383,3,0,0,1,1,0,1
E02002370,E02002384,25,0,1,17,0,0,7
E02002370,E02002385,8,0,0,6,0,0,2
E02002370,E02002386,181,6,67,62,14,0,31
E02002370,E02002387,5,0,1,3,1,0,0
E02002370,E02002388,1,0,0,1,0,0,0
E02002370,E02002389,1,0,0,1,0,0,0
E02002370,E02002390,109,2,16,33,12,0,41
E02002370,E02002391,8,0,0,5,0,0,1
E02002370,E02002392,27,1,1,13,1,1,9
E02002370,E02002393,103,1,1,45,15,0,38
E02002370,E02002394,50,1,0,27,5,0,16
E02002370,E02002395,11,0,0,5,0,0,4
E02002370,E02002396,17,0,3,8,1,2,3
E02002370,E02002397,1,0,0,1,0,0,0
E02002370,E02002398,19,0,0,7,2,0,9
E02002370,E02002399,61,0,3,45,4,3,5
E02002370,E02002400,35,0,1,19,2,0,11
E02002370,E02002401,7,0,0,5,0,0,2
E02002370,E02002402,41,2,6,22,4,1,6
E02002370,E02002403,14,0,0,9,2,0,1
E02002370,E02002404,46,1,0,27,9,0,9
E02002370,E02002405,2,0,0,1,1,0,0
E02002370,E02002407,4,0,0,2,0,0,2
E02002370,E02002408,5,0,1,3,0,0,1
E02002370,E02002409,4,0,1,3,0,0,0
E02002370,E02002410,15,0,0,10,2,0,3
E02002370,E02002411,40,0,2,25,5,0,7
E02002370,E02002412,16,0,0,9,1,0,6
E02002370,E02002414,28,1,7,11,2,1,6
E02002370,E02002415,2,0,0,2,0,0,0
E02002370,E02002416,14,0,0,9,1,0,4
E02002370,E02002419,33,0,2,24,1,0,6
E02002370,E02002420,20,0,1,7,5,1,5
E02002370,E02002421,1,0,1,0,0,0,0
E02002370,E02002422,18,0,0,9,3,0,6
E02002370,E02002424,8,0,0,5,1,0,2
E02002370,E02002425,2,0,0,1,0,0,1
E02002370,E02002426,3,1,0,1,0,0,1
E02002370,E02002427,5,0,0,3,0,1,1
E02002370,E02002428,2,0,0,2,0,0,0
E02002370,E02002430,1,0,0,0,0,0,1
E02002370,E02002431,3,0,0,2,0,0,1
E02002370,E02002433,7,0,0,5,1,0,1
E02002370,E02002434,1,0,1,0,0,0,0
E02002370,E02002435,24,0,2,12,5,1,4
E02002370,E02002443,5,0,0,2,3,0,0
E02002370,E02002445,2,0,0,1,0,0,1
E02002370,E02002451,4,0,0,3,0,0,0
E02002370,E02006852,10,1,0,3,0,0,6
E02002370,E02006861,12,0,0,9,0,0,3
E02002370,E02006875,370,5,5,108,32,4,201
E02002370,E02006876,92,2,1,59,11,2,16
E02002371,E02002239,4,1,0,3,0,0,0
E02002371,E02002272,2,0,0,1,0,0,1
E02002371,E02002276,1,0,0,1,0,0,0
E02002371,E02002277,1,0,0,0,0,0,1
E02002371,E02002335,8,0,1,5,0,0,2
E02002371,E02002336,15,1,1,8,1,0,4
E02002371,E02002341,6,0,0,4,0,0,2
E02002371,E02002343,4,0,0,3,0,0,0
E02002371,E02002344,6,0,1,2,0,0,3
E02002371,E02002345,13,0,0,6,3,0,4
E02002371,E02002346,4,0,0,0,2,0,2
E02002371,E02002347,11,0,2,5,0,0,4
E02002371,E02002348,10,0,1,4,1,0,4
E02002371,E02002349,14,1,1,5,0,0,5
E02002371,E02002350,7,0,0,3,1,0,2
E02002371,E02002351,6,0,1,4,0,0,1
E02002371,E02002352,28,0,0,9,1,0,14
E02002371,E02002353,11,0,0,6,1,0,4
E02002371,E02002354,25,0,7,10,0,0,6
E02002371,E02002356,13,0,1,8,2,0,2
E02002371,E02002357,10,0,1,6,2,0,1
E02002371,E02002358,18,0,4,10,0,0,4
E02002371,E02002359,7,0,2,2,1,0,2
E02002371,E02002360,25,0,4,11,1,1,5
E02002371,E02002361,20,1,4,8,2,0,5
E02002371,E02002362,6,0,1,4,1,0,0
E02002371,E02002363,110,2,47,37,4,0,18
E02002371,E02002364,23,0,0,11,2,0,10
E02002371,E02002366,29,1,6,12,2,0,4
E02002371,E02002367,27,0,16,7,2,0,1
E02002371,E02002368,4,0,0,3,0,0,0
E02002371,E02002369,10,0,0,7,1,0,1
E02002371,E02002370,3,0,1,2,0,0,0
E02002371,E02002371,220,1,116,67,5,0,28
E02002371,E02002373,21,2,1,7,0,0,10
E02002371,E02002374,8,0,0,6,0,0,2
E02002371,E02002375,5,0,0,3,0,0,2
E02002371,E02002376,12,1,2,7,0,0,1
E02002371,E02002377,58,2,24,25,2,0,3
E02002371,E02002379,4,0,1,2,0,0,1
E02002371,E02002381,6,0,0,3,0,0,3
E02002371,E02002382,33,6,11,10,1,0,4
E02002371,E02002383,14,0,2,12,0,0,0
E02002371,E02002384,86,3,25,41,1,1,11
E02002371,E02002385,17,0,4,9,1,0,3
E02002371,E02002386,14,0,1,8,0,0,5
E02002371,E02002387,11,0,2,7,0,0,1
E02002371,E02002388,2,0,0,2,0,0,0
E02002371,E02002389,4,0,1,2,0,0,0
E02002371,E02002390,39,1,0,23,0,1,12
E02002371,E02002391,9,0,0,6,0,0,2
E02002371,E02002392,127,11,30,46,7,0,33
E02002371,E02002393,165,10,49,69,11,0,18
E02002371,E02002394,25,1,8,4,1,0,11
E02002371,E02002395,12,0,1,3,0,0,1
E02002371,E02002396,13,0,2,9,0,2,0
E02002371,E02002397,1,0,0,1,0,0,0
E02002371,E02002398,9,1,0,7,0,0,1
E02002371,E02002399,31,2,1,19,4,0,2
E02002371,E02002400,79,4,5,35,7,0,24
E02002371,E02002401,2,0,0,1,0,0,0
E02002371,E02002402,13,0,0,11,1,0,1
E02002371,E02002403,7,0,0,6,0,0,1
E02002371,E02002404,30,2,1,16,3,0,7
E02002371,E02002405,1,0,0,0,0,0,1
E02002371,E02002407,15,0,3,7,1,0,4
E02002371,E02002408,8,0,2,3,0,0,3
E02002371,E02002409,1,0,0,1,0,0,0
E02002371,E02002410,18,0,1,7,3,0,7
E02002371,E02002411,53,4,7,23,3,0,16
E02002371,E02002412,25,1,0,16,2,0,6
E02002371,E02002414,38,1,3,21,1,0,10
E02002371,E02002415,9,2,0,7,0,0,0
E02002371,E02002416,14,0,0,8,0,0,6
E02002371,E02002419,38,1,3,20,1,0,13
E02002371,E02002420,23,0,5,14,1,0,2
E02002371,E02002421,5,0,0,4,1,0,0
E02002371,E02002422,42,0,2,13,1,0,25
E02002371,E02002423,2,0,1,1,0,0,0
E02002371,E02002424,4,0,0,3,0,0,1
E02002371,E02002426,3,0,0,2,0,0,1
E02002371,E02002427,6,0,0,4,1,0,1
E02002371,E02002428,8,0,0,6,0,0,2
E02002371,E02002429,3,0,0,3,0,0,0
E02002371,E02002430,4,0,1,3,0,0,0
E02002371,E02002431,11,0,1,6,0,0,4
E02002371,E02002433,7,0,0,6,1,0,0
E02002371,E02002434,6,0,2,1,2,0,1
E02002371,E02002435,21,0,1,12,1,0,5
E02002371,E02002436,2,0,0,2,0,0,0
E02002371,E02002437,1,0,0,1,0,0,0
E02002371,E02002443,2,0,0,2,0,0,0
E02002371,E02002445,2,0,0,2,0,0,0
E02002371,E02002451,6,0,1,4,1,0,0
E02002371,E02006852,40,0,4,21,5,0,8
E02002371,E02006861,27,1,5,18,1,0,2
E02002371,E02006875,750,22,105,187,49,2,354
E02002371,E02006876,91,1,4,44,6,0,34
E02002373,E02002239,3,0,0,3,0,0,0
E02002373,E02002272,2,0,0,1,0,0,1
E02002373,E02002276,1,0,0,1,0,0,0
E02002373,E02002335,4,0,0,4,0,0,0
E02002373,E02002336,11,0,0,7,2,0,2
E02002373,E02002341,3,0,0,2,0,0,1
E02002373,E02002342,6,0,0,2,0,0,3
E02002373,E02002343,3,0,0,3,0,0,0
E02002373,E02002344,1,0,0,1,0,0,0
E02002373,E02002345,9,0,0,3,1,0,5
E02002373,E02002346,5,0,0,1,0,0,3
E02002373,E02002347,11,2,1,4,1,0,3
E02002373,E02002348,17,1,5,5,0,0,6
E02002373,E02002349,11,0,0,7,0,0,4
E02002373,E02002350,20,0,1,8,2,0,4
E02002373,E02002351,14,0,2,8,0,0,4
E02002373,E02002352,9,0,1,6,0,0,2
E02002373,E02002353,5,0,0,3,1,0,1
E02002373,E02002354,10,0,3,4,2,0,0
E02002373,E02002356,18,0,2,12,0,0,3
E02002373,E02002357,12,0,0,5,1,0,5
E02002373,E02002358,4,0,1,3,0,0,0
E02002373,E02002359,3,0,0,3,0,0,0
E02002373,E02002360,4,1,1,2,0,0,0
E02002373,E02002361,2,0,0,1,1,0,0
E02002373,E02002362,11,0,0,4,4,0,2
E02002373,E02002363,16,1,5,8,0,0,1
E02002373,E02002364,6,0,0,3,2,0,0
E02002373,E02002366,5,0,1,2,0,0,2
E02002373,E02002367,4,0,1,2,1,0,0
E02002373,E02002368,5,0,0,4,0,0,1
E02002373,E02002369,1,0,0,0,0,0,1
E02002373,E02002371,9,0,0,6,0,0,2
E02002373,E02002373,179,3,129,30,1,1,10
E02002373,E02002374,32,2,11,14,4,0,1
E02002373,E02002375,3,0,0,0,0,0,1
E02002373,E02002376,1,0,1,0,0,0,0
E02002373,E02002377,5,0,0,3,0,0,2
E02002373,E02002379,2,0,0,1,0,0,1
E02002373,E02002380,1,0,0,1,0,0,0
E02002373,E02002381,2,0,1,1,0,0,0
E02002373,E02002382,5,0,0,1,0,0,4
E02002373,E02002383,15,0,10,1,3,0,1
E02002373,E02002384,86,7,33,27,2,0,14
E02002373,E02002385,71,4,34,14,7,0,0
E02002373,E02002386,10,0,1,4,0,0,4
E02002373,E02002387,7,0,0,2,1,0,3
E02002373,E02002388,5,0,4,0,1,0,0
E02002373,E02002389,2,0,0,1,0,0,1
E02002373,E02002390,6,1,0,2,0,0,3
E02002373,E02002391,7,1,0,4,0,0,1
E02002373,E02002392,232,17,121,45,9,0,35
E02002373,E02002393,47,6,8,23,2,0,7
E02002373,E02002394,3,1,0,1,0,0,1
E02002373,E02002395,18,2,1,6,2,0,5
E02002373,E02002396,19,0,0,8,0,0,11
E02002373,E02002397,1,0,0,1,0,0,0
E02002373,E02002398,7,0,0,3,2,0,0
E02002373,E02002399,13,0,0,7,2,0,2
E02002373,E02002400,69,7,18,23,2,1,16
E02002373,E02002401,3,0,0,1,1,0,1
E02002373,E02002402,17,0,1,14,1,0,1
E02002373,E02002403,4,0,0,2,0,0,2
E02002373,E02002404,17,0,4,9,0,0,3
E02002373,E02002405,5,0,0,4,0,0,1
E02002373,E02002407,2,0,0,1,0,0,1
E02002373,E02002408,11,0,0,7,3,0,1
E02002373,E02002409,4,1,1,0,1,0,1
E02002373,E02002410,13,6,0,3,0,0,3
E02002373,E02002411,39,2,4,9,3,1,16
E02002373,E02002412,17,0,0,9,1,0,7
E02002373,E02002414,7,0,2,2,0,0,2
E02002373,E02002415,4,0,0,2,1,0,1
E02002373,E02002416,5,0,0,2,1,0,1
E02002373,E02002419,41,1,1,21,3,1,12
E02002373,E02002420,10,0,0,6,0,0,4
E02002373,E02002421,3,0,0,1,2,0,0
E02002373,E02002422,50,1,1,21,1,0,23
E02002373,E02002423,2,0,1,0,0,0,0
E02002373,E02002424,3,0,0,3,0,0,0
E02002373,E02002426,2,0,0,2,0,0,0
E02002373,E02002427,5,0,1,3,0,0,1
E02002373,E02002428,2,0,0,2,0,0,0
E02002373,E02002429,6,0,6,0,0,0,0
E02002373,E02002430,1,0,0,1,0,0,0
E02002373,E02002431,11,1,0,7,0,0,3
E02002373,E02002433,13,4,2,3,0,0,2
E02002373,E02002434,4,1,1,0,0,0,2
E02002373,E02002435,6,0,0,3,0,0,3
E02002373,E02002443,3,0,0,0,3,0,0
E02002373,E02002445,1,0,0,1,0,0,0
E02002373,E02002451,6,0,0,6,0,0,0
E02002373,E02006852,141,7,62,45,6,0,19
E02002373,E02006861,91,3,66,12,3,1,5
E02002373,E02006875,1037,73,214,155,30,5,424
E02002373,E02006876,66,5,4,30,4,1,21
E02002374,E02002239,8,0,0,7,1,0,0
E02002374,E02002271,1,0,0,1,0,0,0
E02002374,E02002272,6,0,0,4,1,0,1
E02002374,E02002276,3,0,0,3,0,0,0
E02002374,E02002335,9,0,0,7,1,0,0
E02002374,E02002336,26,0,1,16,3,0,6
E02002374,E02002341,5,0,0,2,0,0,1
E02002374,E02002342,1,0,0,1,0,0,0
E02002374,E02002343,3,0,0,2,0,0,1
E02002374,E02002345,19,0,1,14,1,0,3
E02002374,E02002346,7,1,0,1,0,0,4
E02002374,E02002347,7,0,0,6,1,0,0
E02002374,E02002348,21,0,0,14,2,0,5
E02002374,E02002349,4,1,0,2,0,0,1
E02002374,E02002350,34,0,2,14,2,0,10
E02002374,E02002351,3,0,0,2,0,0,1
E02002374,E02002352,11,1,0,7,0,0,3
E02002374,E02002353,4,0,0,2,0,0,2
E02002374,E02002354,18,0,2,15,0,0,1
E02002374,E02002356,32,0,2,13,5,0,11
E02002374,E02002357,18,1,4,6,1,0,4
E02002374,E02002358,6,0,0,5,1,0,0
E02002374,E02002359,5,0,0,4,0,0,1
E02002374,E02002360,1,0,0,0,0,0,1
E02002374,E02002361,5,0,0,4,0,0,1
E02002374,E02002362,33,0,5,16,3,0,8
E02002374,E02002363,11,1,0,6,0,0,4
E02002374,E02002364,8,0,0,3,2,0,3
E02002374,E02002366,3,0,0,2,0,0,0
E02002374,E02002367,2,0,0,0,0,0,1
E02002374,E02002368,8,0,1,4,2,1,0
E02002374,E02002369,1,0,0,0,0,0,1
E02002374,E02002370,1,0,0,1,0,0,0
E02002374,E02002371,16,1,0,9,4,0,2
E02002374,E02002373,53,2,29,17,1,0,2
E02002374,E02002374,144,7,83,35,7,0,9
E02002374,E02002375,7,0,3,2,0,0,1
E02002374,E02002377,12,0,0,9,2,0,1
E02002374,E02002379,2,0,0,2,0,0,0
E02002374,E02002380,7,0,0,5,2,0,0
E02002374,E02002381,3,1,0,2,0,0,0
E02002374,E02002382,1,0,0,0,0,0,1
E02002374,E02002383,14,0,3,9,1,0,0
E02002374,E02002384,57,5,7,25,2,0,14
E02002374,E02002385,74,0,31,26,3,1,11
E02002374,E02002386,10,0,1,7,0,0,1
E02002374,E02002387,6,0,0,3,3,0,0
E02002374,E02002388,15,1,4,6,0,0,4
E02002374,E02002390,9,0,0,6,0,0,3
E02002374,E02002391,10,0,1,9,0,0,0
E02002374,E02002392,194,19,39,58,12,2,61
E02002374,E02002393,82,3,1,35,2,0,40
E02002374,E02002394,11,1,0,6,0,0,4
E02002374,E02002395,12,1,0,7,1,0,3
E02002374,E02002396,25,1,3,17,0,0,3
E02002374,E02002397,5,0,1,3,0,0,1
E02002374,E02002398,6,0,0,5,0,0,1
E02002374,E02002399,12,0,0,8,1,0,3
E02002374,E02002400,88,6,10,43,6,0,20
E02002374,E02002401,2,0,0,1,0,0,1
E02002374,E02002402,15,0,0,12,1,0,2
E02002374,E02002403,8,0,0,6,0,0,1
E02002374,E02002404,19,3,1,9,1,0,2
E02002374,E02002405,5,1,1,2,0,0,1
E02002374,E02002407,7,0,1,5,1,0,0
E02002374,E02002408,9,0,0,8,0,0,1
E02002374,E02002409,3,1,0,1,1,0,0
E02002374,E02002410,12,1,0,8,0,0,3
E02002374,E02002411,56,6,4,15,2,0,13
E02002374,E02002412,21,1,0,11,4,1,4
E02002374,E02002414,22,0,3,11,2,0,6
E02002374,E02002415,13,0,1,11,1,0,0
E02002374,E02002416,10,0,0,9,0,0,1
E02002374,E02002419,26,1,0,15,3,0,7
E02002374,E02002420,18,0,0,7,2,0,7
E02002374,E02002421,5,0,0,4,1,0,0
E02002374,E02002422,23,2,0,11,0,0,9
E02002374,E02002424,2,0,0,2,0,0,0
E02002374,E02002425,8,0,0,7,0,0,1
E02002374,E02002426,2,0,0,1,1,0,0
E02002374,E02002427,2,0,0,0,0,0,2
E02002374,E02002428,6,0,0,6,0,0,0
E02002374,E02002429,3,0,0,2,1,0,0
E02002374,E02002430,1,0,0,0,0,0,1
E02002374,E02002431,9,0,0,5,0,0,2
E02002374,E02002433,5,0,0,3,1,0,1
E02002374,E02002434,7,2,0,5,0,0,0
E02002374,E02002435,14,0,0,8,3,1,1
E02002374,E02002443,1,0,0,1,0,0,0
E02002374,E02002445,1,0,0,1,0,0,0
E02002374,E02002451,6,0,0,5,0,0,1
E02002374,E02006852,97,3,42,32,9,0,6
E02002374,E02006861,79,2,24,39,4,1,9
E02002374,E02006875,684,41,84,153,26,3,258
E02002374,E02006876,73,2,1,42,4,0,22
E02002375,E02002239,11,0,0,9,0,0,1
E02002375,E02002271,2,0,0,2,0,0,0
E02002375,E02002272,10,0,0,6,1,0,3
E02002375,E02002276,1,0,0,0,0,0,1
E02002375,E02002336,18,0,0,14,1,0,3
E02002375,E02002341,2,0,0,2,0,0,0
E02002375,E02002343,6,0,0,3,0,1,2
E02002375,E02002345,7,0,0,4,0,0,3
E02002375,E02002346,5,0,0,4,0,0,1
E02002375,E02002347,1,0,0,1,0,0,0
E02002375,E02002348,13,0,0,6,0,0,7
E02002375,E02002349,1,0,0,1,0,0,0
E02002375,E02002350,11,0,0,9,1,0,0
E02002375,E02002351,2,0,0,2,0,0,0
E02002375,E02002352,7,0,0,6,0,0,1
E02002375,E02002353,1,0,0,0,0,0,1
E02002375,E02002354,8,0,0,6,0,0,2
E02002375,E02002356,29,0,4,17,3,0,4
E02002375,E02002357,15,0,0,9,2,0,4
E02002375,E02002358,4,0,0,4,0,0,0
E02002375,E02002359,2,0,0,2,0,0,0
E02002375,E02002360,1,0,0,1,0,0,0
E02002375,E02002361,4,0,0,3,0,0,1
E02002375,E02002362,12,2,2,6,1,0,1
E02002375,E02002363,3,0,0,1,2,0,0
E02002375,E02002364,12,0,0,8,2,0,2
E02002375,E02002366,3,0,1,0,0,0,2
E02002375,E02002367,4,0,0,3,0,0,1
E02002375,E02002368,25,1,0,15,2,0,7
E02002375,E02002369,3,0,0,3,0,0,0
E02002375,E02002370,1,0,0,1,0,0,0
E02002375,E02002371,8,0,0,5,1,0,2
E02002375,E02002373,12,0,4,4,0,1,3
E02002375,E02002374,74,0,32,18,6,0,15
E02002375,E02002375,58,0,33,17,4,0,4
E02002375,E02002376,2,0,0,1,0,0,1
E02002375,E02002377,4,0,0,2,0,0,2
E02002375,E02002379,2,0,0,2,0,0,0
E02002375,E02002380,33,0,19,10,2,0,1
E02002375,E02002381,20,0,1,14,3,0,2
E02002375,E02002382,1,0,0,1,0,0,0
E02002375,E02002383,2,0,0,2,0,0,0
E02002375,E02002384,19,0,0,12,0,0,7
E02002375,E02002385,40,6,8,15,6,0,4
E02002375,E02002386,8,0,1,3,3,0,1
E02002375,E02002387,78,0,40,20,1,0,14
E02002375,E02002388,21,0,4,9,3,0,4
E02002375,E02002390,8,0,0,6,2,0,0
E02002375,E02002391,69,3,9,31,10,1,14
E02002375,E02002392,51,1,1,29,3,0,16
E02002375,E02002393,35,0,1,18,6,0,10
E02002375,E02002394,9,0,1,5,0,0,3
E02002375,E02002395,18,0,0,12,2,0,4
E02002375,E02002396,56,1,11,28,4,1,9
E02002375,E02002397,10,0,1,8,0,0,1
E02002375,E02002399,23,1,1,18,0,0,3
E02002375,E02002400,95,5,5,49,5,0,28
E02002375,E02002401,2,0,0,0,0,0,0
E02002375,E02002402,6,0,0,3,2,0,1
E02002375,E02002403,3,0,0,3,0,0,0
E02002375,E02002404,15,0,0,12,0,0,3
E02002375,E02002405,6,0,0,3,2,0,1
E02002375,E02002407,10,0,0,5,1,0,3
E02002375,E02002408,33,0,2,22,1,0,7
E02002375,E02002409,8,0,1,6,1,0,0
E02002375,E02002410,21,0,1,10,1,1,6
E02002375,E02002411,27,1,0,16,4,0,6
E02002375,E02002412,21,0,1,16,1,0,3
E02002375,E02002414,18,0,2,10,3,0,3
E02002375,E02002415,3,0,0,2,1,0,0
E02002375,E02002416,2,0,0,2,0,0,0
E02002375,E02002419,19,0,1,12,1,0,5
E02002375,E02002420,9,1,1,3,0,0,3
E02002375,E02002421,3,0,0,0,3,0,0
E02002375,E02002422,26,1,0,16,3,1,5
E02002375,E02002423,1,0,0,0,0,0,0
E02002375,E02002424,9,0,0,3,3,0,2
E02002375,E02002425,2,0,0,2,0,0,0
E02002375,E02002426,3,0,1,1,0,0,1
E02002375,E02002427,4,0,0,4,0,0,0
E02002375,E02002428,5,0,0,4,0,0,1
E02002375,E02002430,2,0,0,2,0,0,0
E02002375,E02002431,3,0,0,1,0,0,2
E02002375,E02002433,7,0,0,5,0,0,2
E02002375,E02002434,2,0,0,1,1,0,0
E02002375,E02002435,16,1,0,11,2,0,2
E02002375,E02002436,4,0,0,4,0,0,0
E02002375,E02002444,2,0,0,0,0,0,2
E02002375,E02002451,7,0,0,7,0,0,0
E02002375,E02006852,27,0,7,8,1,0,8
E02002375,E02006861,24,0,3,10,3,0,7
E02002375,E02006875,399,17,27,121,21,3,188
E02002375,E02006876,53,0,3,35,4,0,10
E02002376,E02002239,1,0,0,1,0,0,0
E02002376,E02002272,2,0,0,1,1,0,0
E02002376,E02002335,4,0,0,2,0,0,2
E02002376,E02002341,1,0,1,0,0,0,0
E02002376,E02002342,1,0,0,1,0,0,0
E02002376,E02002343,4,0,0,1,0,0,3
E02002376,E02002344,2,0,0,2,0,0,0
E02002376,E02002345,1,0,0,1,0,0,0
E02002376,E02002347,3,0,0,2,0,1,0
E02002376,E02002348,2,0,0,0,0,0,2
E02002376,E02002349,13,0,4,4,0,0,3
E02002376,E02002350,6,0,0,0,0,0,6
E02002376,E02002351,5,0,0,2,0,0,3
E02002376,E02002352,31,2,0,22,1,0,3
E02002376,E02002353,5,0,0,1,0,0,1
E02002376,E02002354,2,0,0,1,0,0,1
E02002376,E02002356,12,0,1,8,0,0,3
E02002376,E02002357,10,0,3,5,0,0,2
E02002376,E02002358,15,0,0,9,5,0,1
E02002376,E02002359,2,0,0,1,1,0,0
E02002376,E02002360,7,0,0,4,1,0,2
E02002376,E02002361,34,0,7,11,4,0,9
E02002376,E02002362,3,0,0,2,0,0,1
E02002376,E02002363,14,0,0,13,0,0,1
E02002376,E02002364,23,0,1,11,4,0,6
E02002376,E02002366,54,0,23,13,5,0,9
E02002376,E02002367,4,0,3,1,0,0,0
E02002376,E02002368,4,0,0,4,0,0,0
E02002376,E02002369,30,0,9,13,2,0,5
E02002376,E02002370,1,0,0,0,0,0,1
E02002376,E02002371,33,1,8,12,3,0,8
E02002376,E02002373,9,0,0,6,1,0,2
E02002376,E02002374,4,0,1,0,0,0,3
E02002376,E02002376,58,0,34,17,5,0,2
E02002376,E02002377,45,0,14,21,3,0,5
E02002376,E02002379,11,0,4,4,2,0,1
E02002376,E02002380,4,0,0,3,0,0,1
E02002376,E02002381,1,0,0,0,0,0,1
E02002376,E02002382,69,2,34,22,4,0,6
E02002376,E02002383,3,0,0,3,0,0,0
E02002376,E02002384,38,0,4,22,8,0,4
E02002376,E02002385,7,0,0,5,0,0,2
E02002376,E02002386,31,0,0,18,6,0,7
E02002376,E02002387,10,0,0,4,2,0,4
E02002376,E02002388,1,0,0,0,0,0,1
E02002376,E02002389,11,1,5,2,0,0,3
E02002376,E02002390,23,0,7,8,2,0,3
E02002376,E02002391,11,0,0,10,0,0,1
E02002376,E02002392,29,1,3,12,1,0,12
E02002376,E02002393,167,3,34,60,14,0,54
E02002376,E02002394,52,1,18,22,3,0,7
E02002376,E02002395,5,0,2,1,0,0,2
E02002376,E02002396,10,0,1,7,1,0,1
E02002376,E02002397,3,0,0,2,1,0,0
E02002376,E02002398,11,0,3,5,1,0,2
E02002376,E02002399,40,10,4,19,1,1,4
E02002376,E02002400,42,0,0,26,4,0,8
E02002376,E02002401,2,0,0,0,1,0,0
E02002376,E02002402,16,0,1,7,5,0,3
E02002376,E02002403,12,0,0,12,0,0,0
E02002376,E02002404,45,3,4,16,8,2,9
E02002376,E02002407,3,0,0,2,0,0,1
E02002376,E02002408,5,0,0,4,0,0,1
E02002376,E02002409,1,0,0,0,0,0,1
E02002376,E02002410,6,0,0,5,0,0,1
E02002376,E02002411,33,0,1,18,1,0,12
E02002376,E02002412,7,0,0,4,0,0,3
E02002376,E02002414,34,1,0,20,5,0,8
E02002376,E02002415,5,0,0,4,0,0,1
E02002376,E02002416,9,0,0,6,1,0,2
E02002376,E02002419,15,2,2,6,0,0,5
E02002376,E02002420,22,0,1,12,1,0,5
E02002376,E02002421,2,0,0,1,0,0,1
E02002376,E02002422,16,0,0,6,2,0,8
E02002376,E02002423,3,0,0,1,0,0,2
E02002376,E02002424,3,0,0,2,0,0,1
E02002376,E02002425,3,0,0,2,0,0,0
E02002376,E02002426,1,0,0,0,0,0,1
E02002376,E02002427,3,0,0,2,0,0,1
E02002376,E02002428,2,0,0,2,0,0,0
E02002376,E02002429,2,0,0,1,0,0,1
E02002376,E02002430,1,0,0,1,0,0,0
E02002376,E02002431,3,0,0,1,1,0,1
E02002376,E02002433,6,0,2,4,0,0,0
E02002376,E02002434,2,0,0,1,1,0,0
E02002376,E02002435,11,0,1,9,0,0,1
E02002376,E02002436,2,0,0,2,0,0,0
E02002376,E02002443,5,0,0,2,1,0,2
E02002376,E02002445,1,0,0,0,0,0,1
E02002376,E02002451,5,0,0,3,0,0,0
E02002376,E02006852,9,0,0,3,0,0,6
E02002376,E02006861,20,0,2,10,2,0,6
E02002376,E02006875,313,8,14,79,24,1,177
E02002376,E02006876,76,0,2,50,6,0,17
E02002377,E02002239,2,0,0,2,0,0,0
E02002377,E02002272,8,0,2,5,0,0,1
E02002377,E02002277,1,0,0,0,0,0,0
E02002377,E02002335,1,0,0,0,0,0,1
E02002377,E02002336,2,0,0,0,0,0,1
E02002377,E02002341,1,0,0,1,0,0,0
E02002377,E02002342,1,0,0,1,0,0,0
E02002377,E02002343,3,0,1,2,0,0,0
E02002377,E02002344,1,0,1,0,0,0,0
E02002377,E02002346,1,0,0,1,0,0,0
E02002377,E02002347,6,0,1,3,0,0,2
E02002377,E02002348,7,0,0,7,0,0,0
E02002377,E02002349,14,1,6,4,0,0,3
E02002377,E02002350,3,0,0,0,1,0,2
E02002377,E02002351,4,0,0,2,0,0,2
E02002377,E02002352,25,2,0,11,2,0,7
E02002377,E02002353,3,0,0,1,0,0,2
E02002377,E02002354,6,0,2,1,1,0,1
E02002377,E02002356,4,0,1,3,0,0,0
E02002377,E02002357,5,0,0,5,0,0,0
E02002377,E02002358,8,0,0,6,1,0,1
E02002377,E02002359,1,0,1,0,0,0,0
E02002377,E02002360,6,0,0,3,1,0,2
E02002377,E02002361,21,0,1,6,0,0,12
E02002377,E02002362,2,0,0,1,0,0,1
E02002377,E02002363,30,0,9,11,2,0,7
E02002377,E02002364,24,0,0,13,0,0,11
E02002377,E02002366,29,0,11,5,2,0,9
E02002377,E02002367,7,0,2,2,1,0,2
E02002377,E02002368,3,0,0,2,0,0,1
E02002377,E02002369,6,0,0,3,2,0,1
E02002377,E02002371,62,0,33,17,4,0,7
E02002377,E02002373,8,2,1,0,1,0,2
E02002377,E02002374,8,0,2,3,0,0,2
E02002377,E02002375,1,0,0,0,0,0,1
E02002377,E02002376,16,0,3,8,1,0,4
E02002377,E02002377,129,1,79,29,5,0,11
E02002377,E02002379,5,0,0,1,0,0,4
E02002377,E02002380,2,0,0,2,0,0,0
E02002377,E02002381,1,0,0,1,0,0,0
E02002377,E02002382,53,0,27,18,2,0,2
E02002377,E02002383,4,0,0,2,1,0,1
E02002377,E02002384,42,1,9,18,1,0,12
E02002377,E02002385,15,0,3,5,0,0,7
E02002377,E02002386,11,0,0,5,0,0,4
E02002377,E02002387,3,0,0,1,0,0,0
E02002377,E02002388,1,0,0,1,0,0,0
E02002377,E02002389,2,0,0,1,0,0,1
E02002377,E02002390,9,0,0,8,0,0,1
E02002377,E02002391,4,1,0,1,1,0,1
E02002377,E02002392,52,7,5,18,1,0,19
E02002377,E02002393,93,0,37,32,3,0,20
E02002377,E02002394,20,0,6,6,1,0,5
E02002377,E02002395,1,0,0,0,0,0,1
E02002377,E02002396,8,0,1,4,0,0,3
E02002377,E02002397,2,0,0,2,0,0,0
E02002377,E02002398,5,0,3,1,0,0,1
E02002377,E02002399,31,2,1,19,0,0,7
E02002377,E02002400,48,1,2,18,8,0,14
E02002377,E02002401,4,0,0,2,2,0,0
E02002377,E02002402,10,0,1,2,1,0,6
E02002377,E02002403,8,0,0,3,3,0,0
E02002377,E02002404,47,0,7,25,1,0,11
E02002377,E02002405,2,0,0,2,0,0,0
E02002377,E02002407,4,1,0,0,0,0,2
E02002377,E02002408,1,0,0,1,0,0,0
E02002377,E02002409,2,0,0,0,0,0,2
E02002377,E02002410,3,0,1,0,0,0,1
E02002377,E02002411,14,1,1,4,0,0,7
E02002377,E02002412,7,0,0,5,0,0,1
E02002377,E02002414,16,0,1,7,0,0,8
E02002377,E02002415,9,0,1,6,1,0,1
E02002377,E02002416,4,0,0,3,0,0,0
E02002377,E02002419,12,3,0,5,1,0,3
E02002377,E02002420,7,0,0,3,2,0,0
E02002377,E02002422,26,0,0,13,1,0,11
E02002377,E02002423,1,0,0,0,0,0,1
E02002377,E02002424,2,0,0,1,0,0,1
E02002377,E02002428,3,0,0,2,0,0,1
E02002377,E02002429,1,0,0,0,1,0,0
E02002377,E02002430,3,0,0,0,0,1,2
E02002377,E02002431,6,0,1,2,0,0,3
E02002377,E02002433,1,0,0,1,0,0,0
E02002377,E02002434,1,0,0,1,0,0,0
E02002377,E02002435,8,0,1,3,0,0,4
E02002377,E02002443,2,2,0,0,0,0,0
E02002377,E02002445,5,0,0,5,0,0,0
E02002377,E02002451,4,0,0,4,0,0,0
E02002377,E02006852,9,0,0,1,3,0,5
E02002377,E02006861,27,0,3,9,0,0,12
E02002377,E02006875,328,12,39,58,21,0,188
E02002377,E02006876,61,1,2,31,7,0,17
E02002379,E02002239,2,0,0,2,0,0,0
E02002379,E02002271,1,0,0,1,0,0,0
E02002379,E02002272,5,0,0,4,0,0,1
E02002379,E02002335,3,0,0,2,0,0,1
E02002379,E02002336,8,0,0,6,2,0,0
E02002379,E02002341,1,0,0,1,0,0,0
E02002379,E02002343,2,0,2,0,0,0,0
E02002379,E02002344,3,0,0,3,0,0,0
E02002379,E02002345,2,0,1,1,0,0,0
E02002379,E02002346,1,0,0,0,0,0,1
E02002379,E02002347,3,0,0,2,0,0,1
E02002379,E02002348,1,0,0,1,0,0,0
E02002379,E02002349,9,1,1,3,2,0,2
E02002379,E02002350,9,0,1,2,4,0,1
E02002379,E02002351,14,0,1,10,1,0,2
E02002379,E02002352,6,2,0,4,0,0,0
E02002379,E02002353,1,0,0,0,0,0,1
E02002379,E02002354,2,0,0,0,2,0,0
E02002379,E02002356,6,0,1,2,1,0,2
E02002379,E02002357,13,0,0,1,1,0,10
E02002379,E02002358,53,3,20,22,6,0,1
E02002379,E02002359,7,0,0,5,0,1,1
E02002379,E02002361,7,0,0,3,0,0,4
E02002379,E02002362,2,0,0,0,0,0,2
E02002379,E02002363,7,0,1,6,0,0,0
E02002379,E02002364,75,1,31,30,3,1,8
E02002379,E02002366,14,0,4,6,1,0,3
E02002379,E02002368,1,0,0,1,0,0,0
E02002379,E02002369,11,0,1,8,0,0,0
E02002379,E02002370,18,0,4,6,3,0,2
E02002379,E02002371,16,0,2,11,1,0,2
E02002379,E02002373,4,0,0,4,0,0,0
E02002379,E02002374,3,0,0,1,0,0,2
E02002379,E02002376,9,0,2,4,3,0,0
E02002379,E02002379,66,0,47,13,2,0,4
E02002379,E02002380,3,0,0,1,0,0,2
E02002379,E02002381,2,0,0,1,1,0,0
E02002379,E02002382,7,0,1,4,1,0,1
E02002379,E02002384,31,1,2,22,4,0,2
E02002379,E02002385,5,0,0,3,1,0,1
E02002379,E02002386,95,3,25,36,14,1,10
E02002379,E02002387,3,0,0,2,0,0,1
E02002379,E02002388,1,0,0,1,0,0,0
E02002379,E02002389,3,0,1,1,0,0,1
E02002379,E02002390,94,4,45,33,5,0,5
E02002379,E02002391,5,0,1,3,0,0,1
E02002379,E02002392,23,0,1,12,0,0,9
E02002379,E02002393,70,1,2,29,4,0,33
E02002379,E02002394,15,0,0,9,2,0,3
E02002379,E02002395,2,0,0,1,0,0,1
E02002379,E02002396,18,0,1,12,2,0,3
E02002379,E02002397,5,0,0,2,0,0,3
E02002379,E02002398,12,0,3,6,0,0,3
E02002379,E02002399,43,2,4,27,3,1,6
E02002379,E02002400,43,0,3,25,4,0,9
E02002379,E02002401,3,0,0,2,0,0,1
E02002379,E02002402,40,1,2,18,9,0,6
E02002379,E02002403,9,0,2,6,0,0,1
E02002379,E02002404,25,0,1,17,2,0,5
E02002379,E02002405,1,0,0,0,0,0,1
E02002379,E02002407,5,0,0,1,0,0,4
E02002379,E02002409,1,0,0,1,0,0,0
E02002379,E02002410,3,0,0,1,1,0,1
E02002379,E02002411,17,0,1,11,1,0,4
E02002379,E02002412,5,0,0,4,1,0,0
E02002379,E02002414,19,0,2,12,2,0,0
E02002379,E02002415,6,0,0,5,0,0,1
E02002379,E02002416,9,0,1,7,1,0,0
E02002379,E02002419,10,0,0,6,1,0,3
E02002379,E02002420,18,0,0,10,2,0,6
E02002379,E02002421,1,0,0,1,0,0,0
E02002379,E02002422,16,1,0,8,0,0,7
E02002379,E02002424,3,0,0,1,1,0,1
E02002379,E02002425,2,0,1,1,0,0,0
E02002379,E02002426,3,0,0,3,0,0,0
E02002379,E02002427,5,0,0,1,0,0,4
E02002379,E02002428,3,0,1,2,0,0,0
E02002379,E02002429,1,0,0,1,0,0,0
E02002379,E02002431,6,0,0,4,0,0,2
E02002379,E02002433,7,0,0,4,1,0,2
E02002379,E02002435,9,0,0,8,0,0,1
E02002379,E02002436,1,0,0,0,1,0,0
E02002379,E02002443,2,0,0,2,0,0,0
E02002379,E02002445,1,0,0,0,0,0,0
E02002379,E02002451,5,0,0,5,0,0,0
E02002379,E02006852,6,0,1,2,0,0,3
E02002379,E02006861,8,0,0,4,2,0,2
E02002379,E02006875,207,2,9,45,23,0,118
E02002379,E02006876,72,5,1,39,10,1,15
E02002380,E02002239,15,0,1,11,1,0,2
E02002380,E02002271,1,0,0,1,0,0,0
E02002380,E02002272,14,0,1,12,0,0,0
E02002380,E02002335,3,0,0,2,0,0,0
E02002380,E02002336,13,0,0,13,0,0,0
E02002380,E02002341,3,0,0,3,0,0,0
E02002380,E02002342,1,0,0,0,0,0,1
E02002380,E02002343,6,0,0,5,0,0,1
E02002380,E02002345,7,0,0,5,1,0,1
E02002380,E02002346,5,0,1,4,0,0,0
E02002380,E02002347,4,0,1,3,0,0,0
E02002380,E02002348,18,0,0,14,1,1,2
E02002380,E02002349,5,0,0,5,0,0,0
E02002380,E02002350,15,0,0,10,0,0,4
E02002380,E02002351,1,0,0,1,0,0,0
E02002380,E02002352,1,0,0,1,0,0,0
E02002380,E02002353,1,0,0,1,0,0,0
E02002380,E02002354,4,0,0,3,0,0,1
E02002380,E02002356,27,1,0,20,2,0,4
E02002380,E02002357,20,0,1,9,2,0,8
E02002380,E02002358,5,0,0,4,1,0,0
E02002380,E02002359,2,0,0,2,0,0,0
E02002380,E02002360,4,0,0,4,0,0,0
E02002380,E02002361,3,0,0,3,0,0,0
E02002380,E02002362,10,0,0,7,0,0,3
E02002380,E02002363,10,0,0,5,0,0,3
E02002380,E02002364,7,0,0,5,0,0,2
E02002380,E02002366,3,0,0,3,0,0,0
E02002380,E02002367,2,0,0,1,0,0,1
E02002380,E02002368,28,0,3,16,4,0,3
E02002380,E02002370,1,0,0,0,1,0,0
E02002380,E02002371,20,1,1,12,0,0,6
E02002380,E02002373,17,1,0,12,0,0,3
E02002380,E02002374,32,0,1,21,2,0,8
E02002380,E02002375,34,1,12,13,2,0,6
E02002380,E02002377,1,0,0,1,0,0,0
E02002380,E02002379,4,0,0,3,0,0,1
E02002380,E02002380,68,0,36,22,3,0,4
E02002380,E02002381,48,1,14,23,7,0,3
E02002380,E02002382,5,0,0,4,1,0,0
E02002380,E02002383,3,0,0,2,0,1,0
E02002380,E02002384,15,0,0,12,0,0,3
E02002380,E02002385,25,0,1,19,2,0,3
E02002380,E02002386,7,1,1,3,2,0,0
E02002380,E02002387,77,1,34,31,4,0,7
E02002380,E02002388,15,0,2,9,1,0,3
E02002380,E02002389,1,0,0,0,0,0,1
E02002380,E02002390,5,0,0,3,0,1,1
E02002380,E02002391,114,2,19,68,11,1,13
E02002380,E02002392,65,3,3,35,7,1,13
E02002380,E02002393,34,0,1,25,2,0,6
E02002380,E02002394,6,2,0,3,0,0,1
E02002380,E02002395,40,0,0,28,3,0,9
E02002380,E02002396,59,0,6,40,5,0,7
E02002380,E02002397,23,0,3,16,3,0,0
E02002380,E02002398,1,0,0,1,0,0,0
E02002380,E02002399,18,0,0,14,1,0,3
E02002380,E02002400,88,0,2,52,7,0,26
E02002380,E02002401,1,0,0,1,0,0,0
E02002380,E02002402,5,0,0,3,0,0,2
E02002380,E02002403,6,0,0,5,0,0,1
E02002380,E02002404,12,0,0,8,2,0,2
E02002380,E02002405,10,0,0,7,0,0,2
E02002380,E02002407,18,0,0,13,1,0,4
E02002380,E02002408,38,0,1,19,5,1,12
E02002380,E02002409,14,0,0,11,1,0,1
E02002380,E02002410,26,0,0,22,3,0,1
E02002380,E02002411,36,1,1,26,4,0,4
E02002380,E02002412,19,0,1,14,1,0,3
E02002380,E02002414,19,0,2,12,0,1,4
E02002380,E02002415,5,0,1,4,0,0,0
E02002380,E02002416,5,0,0,5,0,0,0
E02002380,E02002419,46,3,1,33,4,2,3
E02002380,E02002420,16,0,0,12,1,0,2
E02002380,E02002421,1,0,0,1,0,0,0
E02002380,E02002422,30,1,0,12,7,0,9
E02002380,E02002424,10,0,0,9,0,0,1
E02002380,E02002425,2,1,1,0,0,0,0
E02002380,E02002426,2,0,1,1,0,0,0
E02002380,E02002427,1,0,1,0,0,0,0
E02002380,E02002428,5,0,0,3,0,0,2
E02002380,E02002429,1,0,0,1,0,0,0
E02002380,E02002430,4,0,1,3,0,0,0
E02002380,E02002431,7,0,0,6,1,0,0
E02002380,E02002433,6,0,0,6,0,0,0
E02002380,E02002435,17,0,0,14,0,0,2
E02002380,E02002436,2,0,0,2,0,0,0
E02002380,E02002437,1,0,0,1,0,0,0
E02002380,E02002443,1,0,0,1,0,0,0
E02002380,E02002444,1,0,0,0,0,0,1
E02002380,E02002445,2,0,0,1,1,0,0
E02002380,E02002451,11,0,0,10,1,0,0
E02002380,E02006852,22,1,0,15,0,0,6
E02002380,E02006861,23,0,0,15,0,0,7
E02002380,E02006875,366,12,10,123,28,1,174
E02002380,E02006876,69,3,2,44,5,0,12
E02002381,E02002239,19,1,0,14,1,1,2
E02002381,E02002271,3,0,0,3,0,0,0
E02002381,E02002272,16,0,0,15,0,0,1
E02002381,E02002276,1,0,0,0,1,0,0
E02002381,E02002277,1,0,0,1,0,0,0
E02002381,E02002335,3,0,0,3,0,0,0
E02002381,E02002336,33,0,0,32,1,0,0
E02002381,E02002341,4,0,0,4,0,0,0
E02002381,E02002342,3,0,0,3,0,0,0
E02002381,E02002343,2,0,0,2,0,0,0
E02002381,E02002344,1,0,0,0,0,0,1
E02002381,E02002345,5,0,0,3,0,0,2
E02002381,E02002346,7,0,1,5,0,0,1
E02002381,E02002347,5,0,1,3,1,0,0
E02002381,E02002348,23,0,0,14,2,0,7
E02002381,E02002349,7,0,1,5,0,0,1
E02002381,E02002350,27,1,1,20,1,0,4
E02002381,E02002351,3,0,0,3,0,0,0
E02002381,E02002352,9,1,0,8,0,0,0
E02002381,E02002353,4,0,0,3,0,0,1
E02002381,E02002354,11,0,2,7,0,0,2
E02002381,E02002356,52,2,8,35,5,0,2
E02002381,E02002357,19,1,1,12,2,0,3
E02002381,E02002358,10,0,0,9,0,0,1
E02002381,E02002360,5,0,0,2,0,0,3
E02002381,E02002361,4,0,0,4,0,0,0
E02002381,E02002362,14,0,0,11,0,0,3
E02002381,E02002363,14,0,0,13,0,0,1
E02002381,E02002364,6,0,0,6,0,0,0
E02002381,E02002366,6,0,0,3,2,0,1
E02002381,E02002368,75,0,18,46,6,0,5
E02002381,E02002371,9,0,0,9,0,0,0
E02002381,E02002373,9,0,0,7,0,0,2
E02002381,E02002374,21,0,0,12,2,0,7
E02002381,E02002375,12,0,2,6,2,0,1
E02002381,E02002376,1,0,0,1,0,0,0
E02002381,E02002377,2,0,0,2,0,0,0
E02002381,E02002379,4,0,0,3,0,0,1
E02002381,E02002380,42,0,21,14,4,0,2
E02002381,E02002381,95,2,41,39,5,1,4
E02002381,E02002382,2,0,0,1,0,0,1
E02002381,E02002383,3,1,0,2,0,0,0
E02002381,E02002384,27,0,0,23,1,0,3
E02002381,E02002385,27,1,0,20,3,0,3
E02002381,E02002386,13,0,0,10,1,0,1
E02002381,E02002387,70,1,14,36,6,0,11
E02002381,E02002388,14,0,0,10,1,0,2
E02002381,E02002389,1,0,1,0,0,0,0
E02002381,E02002390,10,0,0,8,0,0,2
E02002381,E02002391,173,2,45,98,13,3,10
E02002381,E02002392,101,1,1,57,10,1,30
E02002381,E02002393,57,2,0,40,6,0,8
E02002381,E02002394,11,0,1,8,0,1,1
E02002381,E02002395,75,0,10,45,6,0,12
E02002381,E02002396,36,2,4,19,2,0,6
E02002381,E02002397,21,0,7,9,4,0,0
E02002381,E02002398,2,0,0,1,0,0,1
E02002381,E02002399,21,0,0,20,0,0,1
E02002381,E02002400,90,1,4,56,5,0,22
E02002381,E02002401,3,0,0,2,1,0,0
E02002381,E02002402,7,0,0,6,1,0,0
E02002381,E02002403,7,0,1,5,0,0,0
E02002381,E02002404,13,0,0,11,1,0,1
E02002381,E02002405,13,0,0,8,1,0,4
E02002381,E02002407,18,0,2,16,0,0,0
E02002381,E02002408,72,1,8,42,3,0,15
E02002381,E02002409,8,1,3,3,1,0,0
E02002381,E02002410,19,0,0,9,2,0,7
E02002381,E02002411,33,3,0,23,1,0,4
E02002381,E02002412,21,0,0,20,1,0,0
E02002381,E02002414,20,0,0,12,4,1,3
E02002381,E02002415,4,0,0,2,0,0,1
E02002381,E02002416,4,0,0,2,0,0,2
E02002381,E02002419,41,1,0,27,2,0,9
E02002381,E02002420,12,0,0,9,1,1,1
E02002381,E02002421,6,0,0,4,2,0,0
E02002381,E02002422,26,0,0,18,3,0,5
E02002381,E02002423,1,0,0,1,0,0,0
E02002381,E02002424,17,0,0,16,0,0,1
E02002381,E02002425,5,0,0,5,0,0,0
E02002381,E02002426,3,0,1,2,0,0,0
E02002381,E02002427,2,0,0,2,0,0,0
E02002381,E02002428,4,0,1,2,0,0,1
E02002381,E02002429,1,0,0,1,0,0,0
E02002381,E02002430,2,0,0,2,0,0,0
E02002381,E02002431,7,0,1,3,1,0,2
E02002381,E02002433,12,0,0,10,0,1,1
E02002381,E02002434,2,0,0,2,0,0,0
E02002381,E02002435,14,1,0,9,2,0,2
E02002381,E02002436,2,0,0,2,0,0,0
E02002381,E02002451,5,0,0,5,0,0,0
E02002381,E02006852,34,1,2,27,2,0,2
E02002381,E02006861,25,0,1,19,3,0,2
E02002381,E02006875,400,9,4,162,41,2,167
E02002381,E02006876,87,1,1,60,8,0,14
E02002382,E02002239,1,0,0,1,0,0,0
E02002382,E02002271,1,0,0,1,0,0,0
E02002382,E02002272,1,0,0,0,0,0,1
E02002382,E02002335,5,0,2,2,0,0,1
E02002382,E02002336,6,0,0,5,0,0,0
E02002382,E02002341,2,0,0,2,0,0,0
E02002382,E02002342,1,0,0,0,1,0,0
E02002382,E02002343,2,0,2,0,0,0,0
E02002382,E02002345,2,0,0,1,0,0,0
E02002382,E02002348,3,0,0,1,0,0,1
E02002382,E02002349,15,0,3,5,2,0,5
E02002382,E02002351,3,0,0,2,0,0,1
E02002382,E02002352,21,0,2,10,2,0,4
E02002382,E02002353,6,0,3,2,0,0,1
E02002382,E02002354,3,0,0,2,1,0,0
E02002382,E02002356,8,0,1,5,0,0,2
E02002382,E02002357,8,0,4,2,0,0,2
E02002382,E02002358,9,1,0,4,1,0,3
E02002382,E02002359,6,0,3,1,0,0,1
E02002382,E02002360,1,0,0,0,1,0,0
E02002382,E02002361,8,0,0,3,0,0,4
E02002382,E02002362,3,0,0,1,0,0,2
E02002382,E02002363,8,0,1,4,0,0,2
E02002382,E02002364,16,0,0,8,2,0,5
E02002382,E02002366,30,0,12,6,2,0,6
E02002382,E02002367,12,0,9,2,0,0,1
E02002382,E02002368,4,1,0,3,0,0,0
E02002382,E02002369,16,0,3,8,2,0,0
E02002382,E02002371,36,2,12,12,0,0,8
E02002382,E02002373,10,0,1,2,1,1,4
E02002382,E02002374,5,0,2,1,0,0,1
E02002382,E02002376,30,0,20,4,3,0,2
E02002382,E02002377,46,0,31,9,1,0,4
E02002382,E02002379,2,0,1,0,0,0,1
E02002382,E02002380,2,0,0,2,0,0,0
E02002382,E02002381,2,0,0,1,1,0,0
E02002382,E02002382,73,0,35,24,3,0,7
E02002382,E02002383,9,0,0,8,0,0,0
E02002382,E02002384,45,0,9,21,1,1,10
E02002382,E02002385,6,0,0,2,0,0,4
E02002382,E02002386,21,0,1,10,1,0,5
E02002382,E02002387,3,0,1,1,0,0,1
E02002382,E02002388,3,0,0,2,0,0,0
E02002382,E02002389,1,0,1,0,0,0,0
E02002382,E02002390,11,0,2,2,3,0,4
E02002382,E02002391,10,0,1,4,0,0,4
E02002382,E02002392,36,0,7,12,1,0,15
E02002382,E02002393,94,1,44,19,7,0,9
E02002382,E02002394,46,1,26,12,3,0,4
E02002382,E02002395,9,0,0,7,0,0,2
E02002382,E02002396,14,0,0,7,2,0,5
E02002382,E02002397,1,0,1,0,0,0,0
E02002382,E02002398,1,0,0,0,0,0,1
E02002382,E02002399,43,3,7,22,0,0,8
E02002382,E02002400,55,2,1,25,5,0,10
E02002382,E02002401,2,1,0,1,0,0,0
E02002382,E02002402,6,0,1,3,0,0,2
E02002382,E02002403,5,0,0,4,0,0,1
E02002382,E02002404,45,0,6,21,4,0,9
E02002382,E02002405,1,0,0,1,0,0,0
E02002382,E02002407,4,0,2,1,0,0,1
E02002382,E02002409,4,0,0,3,1,0,0
E02002382,E02002410,5,1,1,2,1,0,0
E02002382,E02002411,27,0,1,11,0,0,15
E02002382,E02002412,9,0,0,5,1,0,2
E02002382,E02002414,10,0,1,7,1,0,1
E02002382,E02002415,5,0,0,5,0,0,0
E02002382,E02002416,5,0,1,2,0,0,2
E02002382,E02002419,17,0,0,6,3,0,8
E02002382,E02002420,16,0,0,9,1,0,5
E02002382,E02002421,2,0,0,0,0,0,2
E02002382,E02002422,10,0,1,3,1,0,5
E02002382,E02002423,4,0,2,2,0,0,0
E02002382,E02002424,6,0,0,3,1,0,2
E02002382,E02002425,4,0,0,2,0,0,1
E02002382,E02002426,3,0,0,2,1,0,0
E02002382,E02002427,1,0,0,1,0,0,0
E02002382,E02002428,4,0,0,2,0,0,2
E02002382,E02002429,1,0,0,0,0,0,1
E02002382,E02002430,2,0,0,2,0,0,0
E02002382,E02002431,4,0,0,2,1,0,1
E02002382,E02002433,8,0,0,3,0,0,4
E02002382,E02002435,10,0,1,6,0,0,3
E02002382,E02002436,1,0,0,0,0,0,1
E02002382,E02002451,2,0,0,2,0,0,0
E02002382,E02006852,9,0,2,4,0,0,3
E02002382,E02006861,18,0,4,6,2,0,5
E02002382,E02006875,287,2,29,67,18,2,158
E02002382,E02006876,83,1,4,32,13,0,31
E02002383,E02002239,2,0,0,2,0,0,0
E02002383,E02002272,5,0,0,2,1,0,2
E02002383,E02002277,1,0,0,1,0,0,0
E02002383,E02002335,3,1,0,0,1,0,1
E02002383,E02002336,3,0,0,3,0,0,0
E02002383,E02002341,2,0,0,1,0,0,0
E02002383,E02002342,2,0,0,2,0,0,0
E02002383,E02002344,3,0,0,1,0,0,2
E02002383,E02002345,3,0,0,0,0,0,3
E02002383,E02002346,1,0,0,1,0,0,0
E02002383,E02002347,7,0,3,3,0,0,1
E02002383,E02002348,7,1,4,2,0,0,0
E02002383,E02002349,2,1,0,1,0,0,0
E02002383,E02002350,18,1,3,3,1,0,4
E02002383,E02002351,1,0,0,0,0,0,1
E02002383,E02002352,12,0,1,5,0,0,6
E02002383,E02002354,5,0,1,2,0,0,2
E02002383,E02002356,15,0,2,4,1,0,8
E02002383,E02002357,4,0,0,3,0,0,1
E02002383,E02002358,3,0,0,1,0,0,2
E02002383,E02002359,2,0,0,2,0,0,0
E02002383,E02002360,4,0,2,2,0,0,0
E02002383,E02002361,1,0,0,0,0,0,1
E02002383,E02002362,4,0,1,2,0,0,1
E02002383,E02002363,13,4,1,4,0,0,4
E02002383,E02002364,17,0,0,9,4,0,4
E02002383,E02002366,5,0,0,0,0,0,5
E02002383,E02002367,3,0,1,1,0,0,1
E02002383,E02002368,4,0,1,3,0,0,0
E02002383,E02002369,2,0,0,0,0,0,2
E02002383,E02002370,1,0,0,1,0,0,0
E02002383,E02002371,16,0,3,6,1,0,5
E02002383,E02002373,51,3,36,8,1,0,1
E02002383,E02002374,15,0,4,4,0,0,2
E02002383,E02002375,7,1,2,2,0,0,1
E02002383,E02002376,2,0,0,1,1,0,0
E02002383,E02002377,9,0,1,6,0,0,2
E02002383,E02002379,3,0,0,2,0,0,1
E02002383,E02002380,1,0,0,1,0,0,0
E02002383,E02002382,5,0,0,3,1,0,1
E02002383,E02002383,68,1,47,15,1,0,2
E02002383,E02002384,99,3,65,18,3,0,8
E02002383,E02002385,56,5,30,12,5,0,3
E02002383,E02002386,7,2,2,3,0,0,0
E02002383,E02002387,5,0,0,4,0,0,1
E02002383,E02002388,6,0,0,4,0,0,2
E02002383,E02002390,4,0,0,0,0,0,4
E02002383,E02002391,4,0,0,3,0,0,1
E02002383,E02002392,248,11,193,19,2,0,15
E02002383,E02002393,26,1,3,15,1,0,6
E02002383,E02002394,3,0,0,0,0,0,2
E02002383,E02002395,9,2,0,2,1,0,3
E02002383,E02002396,6,0,1,1,2,0,2
E02002383,E02002397,1,0,0,1,0,0,0
E02002383,E02002398,4,3,0,1,0,0,0
E02002383,E02002399,12,0,2,3,0,0,7
E02002383,E02002400,52,3,20,12,2,0,9
E02002383,E02002402,11,0,0,3,1,0,5
E02002383,E02002403,3,0,1,0,0,0,0
E02002383,E02002404,6,2,0,4,0,0,0
E02002383,E02002407,1,0,0,0,0,0,1
E02002383,E02002408,4,0,0,2,0,1,1
E02002383,E02002409,2,0,1,0,0,0,1
E02002383,E02002410,8,2,1,2,2,0,0
E02002383,E02002411,29,5,9,2,2,0,9
E02002383,E02002412,4,0,0,1,1,0,2
E02002383,E02002414,16,1,4,7,0,0,4
E02002383,E02002415,1,0,0,0,1,0,0
E02002383,E02002416,1,0,0,1,0,0,0
E02002383,E02002419,21,2,3,7,2,0,6
E02002383,E02002420,6,0,0,3,0,0,3
E02002383,E02002421,2,0,2,0,0,0,0
E02002383,E02002422,33,0,1,8,3,0,20
E02002383,E02002424,4,0,0,2,0,0,2
E02002383,E02002425,1,0,0,1,0,0,0
E02002383,E02002426,2,0,0,2,0,0,0
E02002383,E02002428,4,0,0,3,1,0,0
E02002383,E02002429,1,1,0,0,0,0,0
E02002383,E02002430,2,0,0,2,0,0,0
E02002383,E02002431,7,0,0,5,0,0,2
E02002383,E02002433,4,0,0,3,0,0,0
E02002383,E02002434,2,0,0,2,0,0,0
E02002383,E02002435,8,0,0,6,0,0,2
E02002383,E02002443,1,0,0,1,0,0,0
E02002383,E02002444,1,0,0,1,0,0,0
E02002383,E02002445,1,0,0,0,0,0,0
E02002383,E02002451,1,0,0,1,0,0,0
E02002383,E02006852,29,4,10,7,0,0,8
E02002383,E02006861,71,2,47,6,2,0,12
E02002383,E02006875,707,27,378,58,9,1,167
E02002383,E02006876,42,2,7,12,2,0,19
E02002384,E02002239,8,0,0,5,3,0,0
E02002384,E02002272,11,0,0,5,0,0,6
E02002384,E02002335,2,0,0,1,0,0,1
E02002384,E02002336,13,0,2,6,1,0,2
E02002384,E02002341,6,0,0,2,0,0,4
E02002384,E02002342,3,0,0,1,0,0,2
E02002384,E02002343,4,0,0,0,1,0,3
E02002384,E02002345,8,0,1,2,1,0,4
E02002384,E02002346,2,0,2,0,0,0,0
E02002384,E02002347,17,0,1,6,0,0,9
E02002384,E02002348,5,0,1,2,0,0,2
E02002384,E02002349,5,0,2,2,0,0,0
E02002384,E02002350,5,0,0,3,1,0,0
E02002384,E02002351,7,0,0,2,2,0,3
E02002384,E02002352,18,1,1,1,0,0,13
E02002384,E02002353,4,0,0,0,1,0,3
E02002384,E02002354,12,1,1,5,1,0,4
E02002384,E02002356,20,0,2,10,1,0,7
E02002384,E02002357,20,0,4,2,0,0,6
E02002384,E02002358,11,1,0,4,0,1,5
E02002384,E02002359,2,0,0,1,0,0,1
E02002384,E02002360,12,0,4,2,0,1,5
E02002384,E02002361,8,0,1,4,0,0,3
E02002384,E02002362,6,0,0,3,0,0,3
E02002384,E02002363,18,0,2,4,1,0,10
E02002384,E02002364,11,0,1,4,1,0,5
E02002384,E02002366,9,1,0,2,0,0,6
E02002384,E02002367,1,0,1,0,0,0,0
E02002384,E02002368,2,0,0,2,0,0,0
E02002384,E02002369,5,0,2,2,0,0,0
E02002384,E02002370,3,1,0,0,0,0,2
E02002384,E02002371,35,0,21,3,1,0,9
E02002384,E02002373,21,0,4,4,1,0,10
E02002384,E02002374,13,0,1,5,0,0,6
E02002384,E02002375,4,1,0,2,0,0,1
E02002384,E02002376,6,0,1,3,0,0,2
E02002384,E02002377,15,0,1,2,3,0,7
E02002384,E02002379,4,0,2,2,0,0,0
E02002384,E02002380,3,0,0,2,0,0,1
E02002384,E02002381,2,0,0,1,0,0,1
E02002384,E02002382,13,0,2,7,1,0,3
E02002384,E02002383,8,0,6,2,0,0,0
E02002384,E02002384,166,2,116,30,1,0,13
E02002384,E02002385,12,0,3,5,0,0,4
E02002384,E02002386,17,2,3,6,0,0,6
E02002384,E02002387,6,0,1,4,0,0,1
E02002384,E02002388,4,0,0,2,0,0,2
E02002384,E02002389,3,0,0,0,0,0,3
E02002384,E02002390,22,2,2,10,0,0,8
E02002384,E02002391,11,0,2,3,1,0,4
E02002384,E02002392,239,7,191,28,1,0,11
E02002384,E02002393,73,0,28,26,4,0,11
E02002384,E02002394,25,0,9,7,2,0,7
E02002384,E02002395,13,0,2,5,1,0,1
E02002384,E02002396,13,0,1,9,0,0,3
E02002384,E02002397,2,0,0,2,0,0,0
E02002384,E02002398,4,0,0,1,1,0,2
E02002384,E02002399,22,0,1,10,3,0,7
E02002384,E02002400,81,1,40,22,4,0,11
E02002384,E02002402,15,0,2,5,1,0,7
E02002384,E02002403,2,0,0,1,1,0,0
E02002384,E02002404,40,1,16,12,1,0,8
E02002384,E02002407,8,0,2,2,3,0,1
E02002384,E02002408,2,0,0,1,0,0,1
E02002384,E02002410,11,1,1,6,0,0,3
E02002384,E02002411,54,0,16,28,3,0,7
E02002384,E02002412,12,0,1,4,2,0,5
E02002384,E02002414,21,0,9,6,0,0,6
E02002384,E02002415,7,0,0,2,0,0,5
E02002384,E02002416,5,0,0,2,1,0,2
E02002384,E02002419,47,2,4,13,2,2,23
E02002384,E02002420,15,0,1,8,1,0,5
E02002384,E02002421,1,0,0,1,0,0,0
E02002384,E02002422,41,0,0,13,2,0,26
E02002384,E02002424,7,0,1,4,0,0,2
E02002384,E02002425,1,0,0,1,0,0,0
E02002384,E02002427,4,0,1,0,1,0,2
E02002384,E02002428,2,0,1,0,0,0,1
E02002384,E02002430,5,0,0,2,0,0,3
E02002384,E02002431,13,0,1,2,1,0,7
E02002384,E02002433,15,0,3,6,1,0,5
E02002384,E02002434,1,0,1,0,0,0,0
E02002384,E02002435,19,0,1,6,0,0,12
E02002384,E02002443,2,0,0,2,0,0,0
E02002384,E02002445,6,0,3,0,0,0,1
E02002384,E02002451,1,0,0,1,0,0,0
E02002384,E02006852,43,1,5,6,2,0,28
E02002384,E02006861,54,0,31,13,1,0,8
E02002384,E02006875,966,13,679,69,18,1,153
E02002384,E02006876,94,2,13,37,5,0,35
E02002385,E02002239,1,0,0,1,0,0,0
E02002385,E02002272,10,0,1,5,0,0,4
E02002385,E02002276,1,0,0,1,0,0,0
E02002385,E02002335,1,0,0,1,0,0,0
E02002385,E02002336,12,0,0,6,1,0,3
E02002385,E02002341,2,0,1,0,0,0,1
E02002385,E02002342,6,0,0,5,0,0,1
E02002385,E02002343,6,0,0,6,0,0,0
E02002385,E02002344,3,0,2,1,0,0,0
E02002385,E02002345,8,0,0,3,1,0,4
E02002385,E02002346,11,0,0,5,0,0,5
E02002385,E02002347,4,0,0,1,0,0,3
E02002385,E02002348,13,0,0,8,2,0,3
E02002385,E02002349,2,0,0,1,0,0,1
E02002385,E02002350,21,0,0,6,2,0,7
E02002385,E02002351,6,0,0,6,0,0,0
E02002385,E02002352,28,2,1,8,2,0,14
E02002385,E02002353,9,1,1,5,0,0,2
E02002385,E02002354,16,0,2,11,0,0,1
E02002385,E02002356,29,1,1,15,0,0,11
E02002385,E02002357,16,0,0,5,0,0,11
E02002385,E02002358,9,0,0,5,0,0,4
E02002385,E02002359,8,0,0,3,2,0,2
E02002385,E02002360,4,0,0,2,0,0,1
E02002385,E02002361,6,0,0,5,0,0,1
E02002385,E02002362,19,3,5,7,1,0,3
E02002385,E02002363,18,2,2,7,0,0,6
E02002385,E02002364,20,1,0,14,0,0,5
E02002385,E02002366,6,1,0,1,1,0,2
E02002385,E02002367,2,0,0,0,0,0,1
E02002385,E02002368,6,0,0,4,1,0,1
E02002385,E02002369,5,0,0,3,0,0,2
E02002385,E02002370,1,0,0,1,0,0,0
E02002385,E02002371,17,0,0,11,1,0,3
E02002385,E02002373,66,1,39,19,1,0,3
E02002385,E02002374,41,3,14,13,3,0,6
E02002385,E02002375,2,0,0,2,0,0,0
E02002385,E02002376,1,0,0,1,0,0,0
E02002385,E02002377,10,0,1,2,2,0,5
E02002385,E02002379,3,0,0,3,0,0,0
E02002385,E02002380,2,0,0,2,0,0,0
E02002385,E02002381,1,0,0,0,1,0,0
E02002385,E02002382,5,0,0,3,0,0,2
E02002385,E02002383,27,0,17,8,0,0,1
E02002385,E02002384,79,12,26,24,0,0,13
E02002385,E02002385,158,3,103,31,3,2,10
E02002385,E02002386,4,0,0,2,0,0,2
E02002385,E02002387,5,0,1,2,0,0,2
E02002385,E02002388,3,0,2,1,0,0,0
E02002385,E02002389,1,0,0,1,0,0,0
E02002385,E02002390,19,0,5,8,0,0,6
E02002385,E02002391,15,0,1,11,0,0,3
E02002385,E02002392,290,15,192,33,6,0,38
E02002385,E02002393,60,4,4,28,0,0,22
E02002385,E02002394,12,0,1,3,3,0,5
E02002385,E02002395,16,1,1,6,1,0,5
E02002385,E02002396,21,0,0,17,1,0,3
E02002385,E02002397,2,0,0,2,0,0,0
E02002385,E02002398,6,0,0,2,2,0,2
E02002385,E02002399,13,1,1,8,1,0,2
E02002385,E02002400,120,7,41,37,4,0,26
E02002385,E02002401,5,0,0,3,2,0,0
E02002385,E02002402,9,0,0,5,0,0,3
E02002385,E02002403,8,0,0,5,2,0,0
E02002385,E02002404,24,3,0,15,1,0,3
E02002385,E02002405,2,0,0,1,0,0,1
E02002385,E02002407,8,0,2,1,3,0,2
E02002385,E02002408,9,0,0,6,0,0,3
E02002385,E02002409,12,0,3,3,1,0,3
E02002385,E02002410,9,2,0,5,0,0,1
E02002385,E02002411,72,9,13,12,4,0,17
E02002385,E02002412,15,1,4,4,2,0,4
E02002385,E02002414,20,1,4,12,1,1,0
E02002385,E02002415,3,0,1,2,0,0,0
E02002385,E02002416,16,0,0,8,2,0,6
E02002385,E02002419,56,4,1,25,5,0,18
E02002385,E02002420,20,0,2,8,1,0,9
E02002385,E02002421,2,0,1,0,0,0,1
E02002385,E02002422,44,1,0,15,3,0,22
E02002385,E02002423,3,0,0,3,0,0,0
E02002385,E02002424,8,0,0,3,0,0,5
E02002385,E02002425,8,0,0,5,0,1,2
E02002385,E02002426,5,2,0,3,0,0,0
E02002385,E02002427,2,0,0,2,0,0,0
E02002385,E02002428,3,0,0,2,0,0,1
E02002385,E02002429,4,0,3,1,0,0,0
E02002385,E02002430,3,0,1,2,0,0,0
E02002385,E02002431,10,0,0,2,2,0,5
E02002385,E02002433,13,0,3,5,2,0,2
E02002385,E02002434,4,0,2,2,0,0,0
E02002385,E02002435,14,0,3,6,0,0,3
E02002385,E02002436,4,1,1,0,0,0,2
E02002385,E02002443,4,0,0,4,0,0,0
E02002385,E02002444,1,0,0,1,0,0,0
E02002385,E02002445,1,0,0,1,0,0,0
E02002385,E02002451,9,0,0,5,2,0,1
E02002385,E02006852,62,2,27,22,1,0,6
E02002385,E02006861,64,1,29,23,4,0,4
E02002385,E02006875,958,52,283,118,25,2,334
E02002385,E02006876,80,4,13,25,4,3,27
E02002386,E02002239,7,0,0,6,1,0,0
E02002386,E02002271,2,0,0,2,0,0,0
E02002386,E02002272,11,1,0,9,1,0,0
E02002386,E02002276,1,0,0,1,0,0,0
E02002386,E02002335,6,0,0,6,0,0,0
E02002386,E02002336,8,0,0,7,1,0,0
E02002386,E02002341,6,0,0,6,0,0,0
E02002386,E02002342,1,0,0,1,0,0,0
E02002386,E02002343,5,0,0,3,0,0,2
E02002386,E02002344,3,0,0,2,0,0,1
E02002386,E02002345,8,0,1,7,0,0,0
E02002386,E02002347,9,0,0,6,1,0,2
E02002386,E02002348,8,0,0,6,1,0,1
E02002386,E02002349,10,0,0,6,2,0,2
E02002386,E02002350,8,0,1,7,0,0,0
E02002386,E02002351,27,0,1,21,2,0,3
E02002386,E02002352,22,1,0,17,2,0,1
E02002386,E02002353,4,0,0,4,0,0,0
E02002386,E02002354,8,0,0,7,1,0,0
E02002386,E02002356,16,0,0,13,1,0,2
E02002386,E02002357,15,0,1,11,1,0,2
E02002386,E02002358,75,2,4,50,6,2,9
E02002386,E02002359,24,0,0,17,2,1,4
E02002386,E02002360,2,0,0,1,0,0,1
E02002386,E02002361,16,1,1,11,0,0,2
E02002386,E02002362,10,0,0,8,0,0,2
E02002386,E02002363,18,0,1,15,1,0,1
E02002386,E02002364,78,1,9,51,4,1,11
E02002386,E02002366,9,0,0,4,1,0,4
E02002386,E02002367,3,0,0,2,1,0,0
E02002386,E02002368,2,0,0,1,0,0,1
E02002386,E02002369,4,0,0,4,0,0,0
E02002386,E02002370,19,1,4,10,0,0,4
E02002386,E02002371,23,1,0,17,2,0,3
E02002386,E02002373,9,1,1,5,0,0,1
E02002386,E02002374,5,0,0,5,0,0,0
E02002386,E02002375,2,0,0,2,0,0,0
E02002386,E02002376,13,0,0,8,3,0,2
E02002386,E02002377,7,0,0,2,4,0,1
E02002386,E02002379,40,0,9,28,2,0,1
E02002386,E02002380,2,0,0,2,0,0,0
E02002386,E02002381,4,0,1,3,0,0,0
E02002386,E02002382,12,0,1,9,2,0,0
E02002386,E02002383,1,0,0,1,0,0,0
E02002386,E02002384,44,1,0,34,6,0,2
E02002386,E02002385,15,1,0,11,1,0,1
E02002386,E02002386,322,8,189,92,17,0,10
E02002386,E02002387,3,0,0,3,0,0,0
E02002386,E02002388,2,0,0,2,0,0,0
E02002386,E02002389,10,0,0,7,1,0,1
E02002386,E02002390,118,3,30,51,15,0,16
E02002386,E02002391,10,0,1,5,2,0,2
E02002386,E02002392,71,0,3,34,6,2,18
E02002386,E02002393,156,1,1,110,14,0,28
E02002386,E02002394,45,5,0,27,1,0,12
E02002386,E02002395,10,0,0,8,0,0,0
E02002386,E02002396,17,0,1,11,1,0,3
E02002386,E02002397,9,0,0,9,0,0,0
E02002386,E02002398,41,0,6,30,1,0,4
E02002386,E02002399,64,0,1,49,4,2,6
E02002386,E02002400,69,0,0,47,6,0,12
E02002386,E02002401,16,0,2,13,1,0,0
E02002386,E02002402,133,1,40,65,13,0,9
E02002386,E02002403,34,0,3,21,4,0,1
E02002386,E02002404,58,1,0,45,3,0,7
E02002386,E02002405,2,0,0,1,1,0,0
E02002386,E02002407,5,1,0,3,0,0,1
E02002386,E02002408,7,0,0,7,0,0,0
E02002386,E02002409,2,0,0,2,0,0,0
E02002386,E02002410,7,0,0,4,2,0,1
E02002386,E02002411,52,1,0,33,1,1,9
E02002386,E02002412,17,0,0,15,0,0,2
E02002386,E02002414,28,2,3,17,3,0,3
E02002386,E02002415,8,0,0,8,0,0,0
E02002386,E02002416,51,2,4,33,3,0,7
E02002386,E02002419,31,0,0,23,3,0,2
E02002386,E02002420,38,1,0,30,2,1,4
E02002386,E02002421,1,0,0,1,0,0,0
E02002386,E02002422,27,0,1,19,0,0,6
E02002386,E02002423,1,0,0,1,0,0,0
E02002386,E02002424,7,0,0,7,0,0,0
E02002386,E02002426,7,0,0,5,1,0,1
E02002386,E02002427,8,0,0,7,0,0,1
E02002386,E02002428,5,0,0,5,0,0,0
E02002386,E02002429,3,0,0,2,1,0,0
E02002386,E02002430,3,0,0,3,0,0,0
E02002386,E02002431,15,0,0,11,2,0,1
E02002386,E02002433,16,0,1,12,0,0,3
E02002386,E02002434,2,0,0,1,1,0,0
E02002386,E02002435,26,0,0,17,3,0,5
E02002386,E02002436,1,0,0,1,0,0,0
E02002386,E02002443,1,0,0,1,0,0,0
E02002386,E02002444,1,0,0,0,1,0,0
E02002386,E02002445,4,0,0,3,0,0,1
E02002386,E02002451,14,0,0,13,1,0,0
E02002386,E02006852,8,0,0,5,0,0,3
E02002386,E02006861,19,0,2,10,2,0,4
E02002386,E02006875,569,3,9,213,65,4,153
E02002386,E02006876,128,5,2,95,7,3,11
E02002387,E02002239,12,0,0,11,1,0,0
E02002387,E02002271,3,0,0,3,0,0,0
E02002387,E02002272,6,0,0,6,0,0,0
E02002387,E02002335,2,0,1,1,0,0,0
E02002387,E02002336,11,1,0,8,1,0,1
E02002387,E02002341,2,0,0,2,0,0,0
E02002387,E02002342,5,0,0,4,1,0,0
E02002387,E02002343,2,0,0,2,0,0,0
E02002387,E02002345,4,0,0,2,1,0,1
E02002387,E02002346,6,0,0,5,1,0,0
E02002387,E02002347,1,0,0,1,0,0,0
E02002387,E02002348,12,0,0,8,2,0,2
E02002387,E02002349,3,0,0,3,0,0,0
E02002387,E02002350,11,0,0,10,0,0,1
E02002387,E02002351,1,0,0,1,0,0,0
E02002387,E02002352,2,0,0,1,0,0,1
E02002387,E02002353,3,0,0,2,0,0,1
E02002387,E02002354,3,0,0,1,0,0,1
E02002387,E02002356,22,2,2,11,1,0,4
E02002387,E02002357,13,0,1,7,0,0,5
E02002387,E02002358,5,0,0,4,1,0,0
E02002387,E02002360,1,0,0,1,0,0,0
E02002387,E02002361,3,0,0,1,0,0,0
E02002387,E02002362,8,0,1,6,0,0,1
E02002387,E02002363,7,0,0,5,0,0,2
E02002387,E02002364,8,0,1,3,1,0,3
E02002387,E02002366,2,0,0,1,0,0,1
E02002387,E02002367,3,0,0,1,0,0,2
E02002387,E02002368,22,1,0,14,0,0,6
E02002387,E02002371,8,0,1,6,0,0,1
E02002387,E02002373,6,0,0,6,0,0,0
E02002387,E02002374,20,0,3,9,1,0,6
E02002387,E02002375,14,0,6,8,0,0,0
E02002387,E02002376,2,0,0,2,0,0,0
E02002387,E02002377,2,0,0,0,0,0,2
E02002387,E02002379,2,0,0,2,0,0,0
E02002387,E02002380,31,0,14,13,4,0,0
E02002387,E02002381,23,0,4,13,1,0,2
E02002387,E02002382,4,0,1,3,0,0,0
E02002387,E02002383,2,0,0,1,0,0,1
E02002387,E02002384,22,2,1,12,1,0,3
E02002387,E02002385,21,0,3,9,2,0,7
E02002387,E02002386,8,0,1,2,1,0,4
E02002387,E02002387,128,0,73,34,6,0,10
E02002387,E02002388,24,1,11,9,1,0,2
E02002387,E02002389,1,0,0,1,0,0,0
E02002387,E02002390,9,0,1,2,0,1,5
E02002387,E02002391,115,5,21,58,14,0,12
E02002387,E02002392,55,3,2,22,2,0,14
E02002387,E02002393,30,0,2,15,3,0,10
E02002387,E02002394,13,1,0,6,0,0,6
E02002387,E02002395,28,2,0,15,4,1,3
E02002387,E02002396,80,0,45,21,5,0,8
E02002387,E02002397,18,0,7,7,2,0,2
E02002387,E02002398,2,0,0,0,0,0,2
E02002387,E02002399,19,1,1,10,2,1,4
E02002387,E02002400,97,5,3,43,10,0,33
E02002387,E02002401,6,0,0,2,1,0,3
E02002387,E02002402,7,0,0,3,0,0,2
E02002387,E02002403,4,0,1,1,1,0,0
E02002387,E02002404,19,2,1,9,1,0,3
E02002387,E02002405,6,1,0,2,1,0,2
E02002387,E02002407,18,1,1,10,0,0,3
E02002387,E02002408,40,1,1,27,2,0,9
E02002387,E02002409,13,0,3,6,2,0,1
E02002387,E02002410,28,1,3,11,4,0,8
E02002387,E02002411,40,4,0,18,2,0,11
E02002387,E02002412,27,1,2,16,2,0,5
E02002387,E02002414,22,0,2,14,0,0,5
E02002387,E02002415,6,0,0,4,0,0,2
E02002387,E02002416,5,0,1,3,1,0,0
E02002387,E02002419,26,1,1,11,3,0,7
E02002387,E02002420,19,0,0,15,1,0,3
E02002387,E02002421,3,0,0,2,0,0,1
E02002387,E02002422,26,0,1,14,3,0,5
E02002387,E02002423,4,0,0,2,0,0,2
E02002387,E02002424,14,0,0,12,2,0,0
E02002387,E02002425,6,0,0,6,0,0,0
E02002387,E02002426,4,1,1,1,0,0,1
E02002387,E02002428,2,0,0,2,0,0,0
E02002387,E02002429,1,0,0,1,0,0,0
E02002387,E02002430,3,1,0,2,0,0,0
E02002387,E02002431,8,0,0,4,1,0,3
E02002387,E02002433,6,0,0,4,0,0,2
E02002387,E02002434,2,0,1,1,0,0,0
E02002387,E02002435,11,0,0,9,0,0,2
E02002387,E02002437,1,0,0,1,0,0,0
E02002387,E02002443,3,0,0,3,0,0,0
E02002387,E02002451,5,0,0,5,0,0,0
E02002387,E02006852,10,0,0,6,0,0,3
E02002387,E02006861,16,0,1,12,1,0,2
E02002387,E02006875,317,13,10,67,24,0,132
E02002387,E02006876,68,3,0,38,3,0,22
E02002388,E02002239,13,0,0,10,1,0,2
E02002388,E02002271,1,0,0,0,1,0,0
E02002388,E02002272,6,1,0,4,1,0,0
E02002388,E02002276,1,0,0,1,0,0,0
E02002388,E02002335,4,0,0,4,0,0,0
E02002388,E02002336,19,0,1,12,1,0,5
E02002388,E02002341,2,0,0,2,0,0,0
E02002388,E02002342,3,0,0,2,1,0,0
E02002388,E02002343,11,0,1,6,4,0,0
E02002388,E02002345,7,0,0,7,0,0,0
E02002388,E02002346,2,0,0,1,0,0,1
E02002388,E02002347,5,0,0,3,0,0,2
E02002388,E02002348,9,0,0,7,1,0,1
E02002388,E02002349,6,0,0,5,1,0,0
E02002388,E02002350,10,1,0,5,1,0,3
E02002388,E02002351,1,0,0,0,0,0,0
E02002388,E02002352,12,0,1,9,0,1,1
E02002388,E02002354,6,0,0,5,0,0,1
E02002388,E02002356,21,2,0,15,3,0,0
E02002388,E02002357,18,0,0,8,1,0,8
E02002388,E02002358,14,0,0,11,1,0,1
E02002388,E02002359,3,0,0,0,1,1,1
E02002388,E02002360,10,0,1,5,2,0,2
E02002388,E02002361,2,0,0,1,0,0,1
E02002388,E02002362,12,0,0,12,0,0,0
E02002388,E02002363,10,0,1,7,0,0,2
E02002388,E02002364,9,0,1,7,0,0,1
E02002388,E02002366,6,0,0,5,0,0,1
E02002388,E02002367,5,0,0,4,0,0,1
E02002388,E02002368,17,0,0,13,2,0,2
E02002388,E02002369,2,1,0,1,0,0,0
E02002388,E02002371,10,0,0,8,0,1,1
E02002388,E02002373,17,1,0,6,1,0,4
E02002388,E02002374,66,0,28,26,1,0,9
E02002388,E02002375,33,0,14,13,5,0,1
E02002388,E02002376,1,0,0,1,0,0,0
E02002388,E02002377,3,0,0,1,1,0,1
E02002388,E02002380,24,0,7,13,1,0,2
E02002388,E02002381,18,1,1,11,2,0,2
E02002388,E02002382,2,0,0,1,1,0,0
E02002388,E02002383,4,0,0,1,0,1,2
E02002388,E02002384,31,0,3,17,3,0,8
E02002388,E02002385,48,5,4,25,5,0,7
E02002388,E02002386,11,1,1,4,1,0,4
E02002388,E02002387,137,2,70,48,5,0,10
E02002388,E02002388,83,0,38,32,1,1,10
E02002388,E02002390,8,0,0,6,1,0,0
E02002388,E02002391,79,2,13,42,6,0,13
E02002388,E02002392,108,10,8,52,5,1,30
E02002388,E02002393,69,1,1,41,11,1,14
E02002388,E02002394,14,0,0,8,1,0,5
E02002388,E02002395,28,1,1,17,2,0,7
E02002388,E02002396,104,1,35,37,11,0,10
E02002388,E02002397,15,0,2,11,0,0,2
E02002388,E02002398,5,0,0,3,1,0,1
E02002388,E02002399,24,5,0,14,1,0,4
E02002388,E02002400,164,2,19,78,22,1,35
E02002388,E02002402,16,0,0,12,4,0,0
E02002388,E02002403,4,0,0,3,0,0,1
E02002388,E02002404,25,0,0,20,1,0,3
E02002388,E02002405,19,0,1,4,6,0,8
E02002388,E02002407,22,1,2,12,3,0,3
E02002388,E02002408,54,0,3,25,3,0,20
E02002388,E02002409,16,2,3,10,0,0,1
E02002388,E02002410,58,4,7,31,8,0,5
E02002388,E02002411,49,0,2,32,4,2,9
E02002388,E02002412,29,0,1,20,4,0,3
E02002388,E02002414,24,1,0,16,1,0,6
E02002388,E02002415,8,0,0,2,1,1,3
E02002388,E02002416,10,0,1,7,2,0,0
E02002388,E02002419,43,3,2,31,4,0,3
E02002388,E02002420,35,2,0,20,4,0,9
E02002388,E02002421,2,0,0,1,0,0,1
E02002388,E02002422,37,0,0,21,6,0,9
E02002388,E02002423,4,0,2,1,0,0,1
E02002388,E02002424,13,0,1,7,2,0,3
E02002388,E02002425,5,0,0,2,0,0,1
E02002388,E02002426,2,0,0,2,0,0,0
E02002388,E02002427,6,0,1,4,0,1,0
E02002388,E02002428,3,0,0,3,0,0,0
E02002388,E02002429,1,0,0,0,0,0,1
E02002388,E02002430,3,0,2,0,0,0,1
E02002388,E02002431,15,0,1,10,0,0,3
E02002388,E02002433,9,0,0,6,0,0,3
E02002388,E02002434,2,0,0,2,0,0,0
E02002388,E02002435,21,0,1,14,1,0,5
E02002388,E02002436,2,0,0,2,0,0,0
E02002388,E02002443,1,0,0,1,0,0,0
E02002388,E02002444,1,0,0,1,0,0,0
E02002388,E02002445,1,0,0,1,0,0,0
E02002388,E02002451,13,0,0,11,0,0,1
E02002388,E02006852,17,0,0,15,0,0,2
E02002388,E02006861,24,3,1,15,2,0,3
E02002388,E02006875,452,24,13,143,47,3,207
E02002388,E02006876,107,3,2,66,8,1,23
E02002389,E02002239,5,0,0,4,1,0,0
E02002389,E02002271,1,0,0,1,0,0,0
E02002389,E02002272,2,0,0,1,1,0,0
E02002389,E02002276,1,0,0,0,0,0,1
E02002389,E02002277,1,0,0,1,0,0,0
E02002389,E02002335,7,0,0,5,1,0,1
E02002389,E02002336,7,0,2,5,0,0,0
E02002389,E02002341,4,0,0,3,0,0,1
E02002389,E02002342,8,0,0,3,1,0,4
E02002389,E02002343,2,0,0,1,0,0,1
E02002389,E02002344,2,0,0,2,0,0,0
E02002389,E02002345,1,0,0,0,0,0,1
E02002389,E02002347,1,0,0,1,0,0,0
E02002389,E02002348,5,1,0,4,0,0,0
E02002389,E02002349,11,0,1,6,1,0,3
E02002389,E02002350,4,0,0,3,1,0,0
E02002389,E02002351,1,0,0,0,0,0,1
E02002389,E02002352,8,0,0,4,0,0,4
E02002389,E02002353,2,0,0,0,0,0,2
E02002389,E02002354,4,0,0,3,0,0,1
E02002389,E02002356,5,0,0,3,0,0,2
E02002389,E02002357,16,0,5,5,1,0,5
E02002389,E02002358,29,0,0,21,3,0,5
E02002389,E02002359,5,0,0,2,1,0,2
E02002389,E02002360,6,0,1,3,0,0,2
E02002389,E02002361,15,1,1,4,3,0,5
E02002389,E02002362,1,0,0,1,0,0,0
E02002389,E02002363,13,0,3,9,0,0,1
E02002389,E02002364,42,0,3,19,5,0,14
E02002389,E02002366,38,0,15,8,4,0,6
E02002389,E02002367,4,0,0,2,0,0,1
E02002389,E02002368,3,0,0,1,1,0,1
E02002389,E02002369,11,0,1,9,1,0,0
E02002389,E02002370,3,0,0,0,0,0,3
E02002389,E02002371,30,0,2,20,3,0,4
E02002389,E02002373,4,0,0,1,1,0,1
E02002389,E02002374,9,0,1,6,1,0,1
E02002389,E02002376,34,0,16,10,2,0,2
E02002389,E02002377,11,0,0,6,0,0,5
E02002389,E02002379,16,0,1,10,0,0,4
E02002389,E02002380,5,0,0,4,0,0,1
E02002389,E02002381,9,0,1,6,0,0,2
E02002389,E02002382,31,1,10,5,4,0,9
E02002389,E02002383,4,0,0,2,0,0,2
E02002389,E02002384,37,1,2,22,3,0,8
E02002389,E02002385,6,0,0,3,0,0,2
E02002389,E02002386,38,3,2,13,7,0,12
E02002389,E02002387,3,0,0,3,0,0,0
E02002389,E02002388,2,0,0,2,0,0,0
E02002389,E02002389,48,1,23,15,1,0,7
E02002389,E02002390,67,0,23,23,5,0,14
E02002389,E02002391,11,0,0,6,0,0,5
E02002389,E02002392,38,0,6,8,3,0,20
E02002389,E02002393,160,3,25,51,28,1,45
E02002389,E02002394,71,0,26,27,4,0,11
E02002389,E02002395,6,0,0,5,0,0,1
E02002389,E02002396,22,0,1,11,5,0,4
E02002389,E02002397,2,0,0,1,0,0,1
E02002389,E02002398,9,1,3,1,1,0,3
E02002389,E02002399,58,6,13,27,7,1,3
E02002389,E02002400,38,0,0,15,1,0,20
E02002389,E02002401,4,0,2,1,0,0,1
E02002389,E02002402,26,0,1,16,1,0,6
E02002389,E02002403,10,0,1,2,1,0,5
E02002389,E02002404,44,0,6,19,4,3,12
E02002389,E02002405,2,0,0,1,0,0,1
E02002389,E02002407,9,0,2,3,0,0,4
E02002389,E02002408,4,0,0,0,0,0,4
E02002389,E02002409,2,0,0,1,0,0,1
E02002389,E02002410,10,0,0,6,2,0,2
E02002389,E02002411,29,1,1,13,4,0,10
E02002389,E02002412,18,1,0,13,2,0,2
E02002389,E02002414,18,0,0,10,1,0,7
E02002389,E02002415,5,0,0,4,0,0,1
E02002389,E02002416,7,1,0,2,2,0,1
E02002389,E02002419,24,0,1,12,3,0,8
E02002389,E02002420,23,0,0,16,2,0,5
E02002389,E02002421,2,0,0,1,0,0,1
E02002389,E02002422,15,1,1,7,1,0,5
E02002389,E02002424,7,1,0,4,0,1,1
E02002389,E02002425,4,0,0,1,1,0,2
E02002389,E02002426,4,0,0,3,0,0,1
E02002389,E02002427,2,0,0,2,0,0,0
E02002389,E02002428,2,0,0,1,0,0,1
E02002389,E02002429,1,0,0,1,0,0,0
E02002389,E02002430,4,0,1,3,0,0,0
E02002389,E02002431,4,0,0,3,0,0,1
E02002389,E02002433,5,0,1,2,1,0,1
E02002389,E02002434,1,0,0,1,0,0,0
E02002389,E02002435,15,0,0,11,0,0,4
E02002389,E02002436,3,0,0,2,0,0,1
E02002389,E02002443,3,0,0,3,0,0,0
E02002389,E02002444,4,0,0,3,0,0,1
E02002389,E02002445,3,0,0,2,1,0,0
E02002389,E02002451,5,0,0,4,1,0,0
E02002389,E02006852,16,3,0,8,1,0,2
E02002389,E02006861,14,0,0,10,2,0,2
E02002389,E02006875,340,5,11,90,24,1,193
E02002389,E02006876,85,1,2,51,5,1,22
E02002390,E02002239,3,0,0,3,0,0,0
E02002390,E02002271,1,0,0,1,0,0,0
E02002390,E02002272,7,0,0,6,0,0,1
E02002390,E02002276,1,0,0,1,0,0,0
E02002390,E02002277,4,0,0,3,0,0,0
E02002390,E02002335,6,1,0,1,3,0,1
E02002390,E02002336,7,0,0,7,0,0,0
E02002390,E02002341,1,0,0,1,0,0,0
E02002390,E02002342,1,0,0,1,0,0,0
E02002390,E02002343,5,0,0,3,0,0,2
E02002390,E02002345,4,0,0,2,0,0,2
E02002390,E02002346,1,0,1,0,0,0,0
E02002390,E02002347,4,0,1,3,0,0,0
E02002390,E02002348,7,0,0,5,2,0,0
E02002390,E02002349,5,0,0,5,0,0,0
E02002390,E02002350,4,0,0,4,0,0,0
E02002390,E02002351,14,0,0,10,3,0,1
E02002390,E02002352,7,0,0,5,0,0,2
E02002390,E02002353,5,0,1,2,0,0,1
E02002390,E02002354,4,0,0,3,0,1,0
E02002390,E02002356,8,0,0,7,0,0,1
E02002390,E02002357,15,0,0,8,3,0,3
E02002390,E02002358,61,3,6,37,6,0,8
E02002390,E02002359,13,0,0,9,2,0,2
E02002390,E02002360,2,0,0,0,0,0,2
E02002390,E02002361,5,0,1,3,0,0,1
E02002390,E02002362,9,0,0,6,0,0,1
E02002390,E02002363,14,0,0,10,0,0,4
E02002390,E02002364,49,1,11,24,2,0,8
E02002390,E02002366,12,0,2,8,0,0,1
E02002390,E02002367,8,0,0,7,0,0,1
E02002390,E02002368,2,0,0,2,0,0,0
E02002390,E02002369,9,0,1,6,2,0,0
E02002390,E02002370,4,0,1,2,1,0,0
E02002390,E02002371,24,0,2,15,5,0,2
E02002390,E02002373,14,0,1,10,2,0,1
E02002390,E02002374,9,0,0,6,2,0,1
E02002390,E02002375,2,0,1,1,0,0,0
E02002390,E02002376,11,0,2,8,1,0,0
E02002390,E02002377,9,0,1,4,0,0,3
E02002390,E02002379,28,1,12,14,0,0,0
E02002390,E02002382,9,0,1,5,1,0,2
E02002390,E02002383,2,0,0,0,0,0,2
E02002390,E02002384,25,1,0,18,2,1,2
E02002390,E02002385,11,0,1,8,1,0,1
E02002390,E02002386,133,4,60,45,11,2,10
E02002390,E02002387,7,0,2,4,1,0,0
E02002390,E02002388,5,0,0,5,0,0,0
E02002390,E02002389,7,0,2,1,1,0,3
E02002390,E02002390,166,2,96,51,5,0,10
E02002390,E02002391,16,0,0,9,1,1,5
E02002390,E02002392,60,1,0,33,4,1,20
E02002390,E02002393,140,1,11,71,20,0,31
E02002390,E02002394,51,1,4,24,3,0,17
E02002390,E02002395,5,0,0,2,1,0,1
E02002390,E02002396,16,0,1,9,1,0,5
E02002390,E02002397,2,0,0,1,0,0,0
E02002390,E02002398,27,1,6,16,1,0,3
E02002390,E02002399,87,5,11,56,8,6,1
E02002390,E02002400,39,1,0,23,2,1,9
E02002390,E02002401,17,0,10,7,0,0,0
E02002390,E02002402,49,0,6,19,10,0,13
E02002390,E02002403,27,0,1,16,2,0,5
E02002390,E02002404,43,0,1,32,4,0,5
E02002390,E02002405,4,0,0,4,0,0,0
E02002390,E02002407,3,0,0,3,0,0,0
E02002390,E02002408,5,0,0,4,0,0,1
E02002390,E02002409,2,0,0,2,0,0,0
E02002390,E02002410,14,0,0,6,1,0,7
E02002390,E02002411,35,1,2,25,3,0,3
E02002390,E02002412,6,0,0,3,1,0,2
E02002390,E02002414,25,1,0,14,0,0,9
E02002390,E02002415,5,0,0,1,0,0,4
E02002390,E02002416,24,0,1,18,2,0,2
E02002390,E02002419,35,0,0,23,3,2,7
E02002390,E02002420,22,0,0,15,1,0,6
E02002390,E02002421,2,0,0,2,0,0,0
E02002390,E02002422,18,0,0,4,5,0,9
E02002390,E02002423,2,0,0,1,0,0,1
E02002390,E02002424,4,0,0,3,1,0,0
E02002390,E02002425,4,0,0,1,1,0,2
E02002390,E02002426,3,0,0,2,0,0,1
E02002390,E02002427,7,0,0,7,0,0,0
E02002390,E02002428,4,0,0,4,0,0,0
E02002390,E02002429,3,1,0,2,0,0,0
E02002390,E02002430,1,0,0,1,0,0,0
E02002390,E02002431,6,0,0,4,0,0,2
E02002390,E02002433,12,0,0,7,2,0,3
E02002390,E02002435,20,0,0,13,0,0,7
E02002390,E02002436,2,0,0,2,0,0,0
E02002390,E02002443,3,0,0,2,1,0,0
E02002390,E02002444,1,0,0,1,0,0,0
E02002390,E02002451,13,0,0,12,1,0,0
E02002390,E02006852,5,0,0,1,1,0,3
E02002390,E02006861,17,0,2,9,1,1,4
E02002390,E02006875,388,3,10,119,36,1,170
E02002390,E02006876,102,2,2,70,5,3,18
E02002391,E02002239,23,0,1,19,2,0,1
E02002391,E02002271,4,0,0,4,0,0,0
E02002391,E02002272,10,0,0,10,0,0,0
E02002391,E02002276,1,0,0,1,0,0,0
E02002391,E02002335,3,0,1,2,0,0,0
E02002391,E02002336,27,0,0,23,3,0,1
E02002391,E02002343,13,0,0,12,0,0,1
E02002391,E02002344,2,0,0,2,0,0,0
E02002391,E02002345,7,0,0,7,0,0,0
E02002391,E02002346,9,0,0,9,0,0,0
E02002391,E02002347,5,0,1,3,0,0,1
E02002391,E02002348,26,2,0,22,2,0,0
E02002391,E02002349,3,0,0,3,0,0,0
E02002391,E02002350,33,1,0,28,1,0,3
E02002391,E02002351,4,0,0,3,1,0,0
E02002391,E02002352,5,0,0,4,0,0,1
E02002391,E02002353,1,0,0,0,0,1,0
E02002391,E02002354,6,0,0,5,0,0,0
E02002391,E02002356,50,0,5,38,1,0,5
E02002391,E02002357,32,0,0,24,2,1,5
E02002391,E02002358,11,0,0,10,0,0,1
E02002391,E02002359,4,0,1,2,0,0,1
E02002391,E02002360,1,0,0,0,0,0,1
E02002391,E02002361,12,0,0,12,0,0,0
E02002391,E02002362,15,1,1,11,1,0,1
E02002391,E02002363,12,0,0,7,0,0,5
E02002391,E02002364,11,0,0,8,1,0,2
E02002391,E02002366,4,0,0,3,1,0,0
E02002391,E02002367,2,0,0,1,0,0,0
E02002391,E02002368,116,1,52,52,8,0,1
E02002391,E02002369,2,0,0,2,0,0,0
E02002391,E02002370,1,0,0,1,0,0,0
E02002391,E02002371,17,1,0,13,1,0,2
E02002391,E02002373,10,0,1,8,1,0,0
E02002391,E02002374,13,0,0,7,2,0,4
E02002391,E02002375,4,0,0,2,0,0,1
E02002391,E02002376,3,0,0,3,0,0,0
E02002391,E02002377,6,0,0,2,1,0,3
E02002391,E02002379,7,1,1,4,0,0,1
E02002391,E02002380,19,1,2,15,0,0,1
E02002391,E02002381,52,0,15,27,4,0,6
E02002391,E02002382,2,0,0,1,0,0,1
E02002391,E02002383,1,0,0,1,0,0,0
E02002391,E02002384,29,1,0,18,2,0,8
E02002391,E02002385,25,0,1,20,1,0,2
E02002391,E02002386,8,0,2,3,2,0,1
E02002391,E02002387,67,0,3,42,5,0,16
E02002391,E02002388,15,0,0,11,2,0,1
E02002391,E02002389,2,0,0,2,0,0,0
E02002391,E02002390,9,0,0,8,1,0,0
E02002391,E02002391,371,8,180,129,20,1,20
E02002391,E02002392,110,7,3,59,9,1,24
E02002391,E02002393,48,0,1,25,5,0,15
E02002391,E02002394,9,0,0,8,0,0,0
E02002391,E02002395,184,0,91,71,10,2,5
E02002391,E02002396,48,4,1,33,4,0,5
E02002391,E02002397,32,0,11,15,2,1,3
E02002391,E02002398,1,0,0,1,0,0,0
E02002391,E02002399,15,0,0,13,0,0,0
E02002391,E02002400,108,3,5,70,6,0,21
E02002391,E02002401,1,0,0,1,0,0,0
E02002391,E02002402,6,0,0,6,0,0,0
E02002391,E02002403,2,0,0,1,0,0,0
E02002391,E02002404,18,0,0,12,5,0,1
E02002391,E02002405,47,1,7,26,5,0,3
E02002391,E02002407,10,1,0,7,0,0,2
E02002391,E02002408,135,0,61,54,13,0,6
E02002391,E02002409,10,0,1,8,1,0,0
E02002391,E02002410,26,3,1,16,3,1,2
E02002391,E02002411,59,3,1,42,4,0,4
E02002391,E02002412,33,1,1,24,4,0,3
E02002391,E02002414,25,0,0,20,2,0,3
E02002391,E02002415,7,0,0,4,2,0,1
E02002391,E02002416,4,0,0,3,0,1,0
E02002391,E02002419,55,0,0,45,6,0,4
E02002391,E02002420,33,0,1,27,2,0,3
E02002391,E02002421,1,0,0,1,0,0,0
E02002391,E02002422,32,1,0,24,2,0,5
E02002391,E02002423,1,0,0,1,0,0,0
E02002391,E02002424,11,0,0,10,1,0,0
E02002391,E02002425,6,0,0,6,0,0,0
E02002391,E02002426,1,0,0,1,0,0,0
E02002391,E02002427,3,0,0,3,0,0,0
E02002391,E02002428,3,0,0,3,0,0,0
E02002391,E02002429,5,0,0,4,0,0,1
E02002391,E02002430,1,0,1,0,0,0,0
E02002391,E02002431,17,0,2,10,0,0,4
E02002391,E02002433,15,0,0,12,1,0,2
E02002391,E02002434,3,0,0,2,0,0,1
E02002391,E02002435,27,0,2,19,2,2,2
E02002391,E02002436,5,0,0,5,0,0,0
E02002391,E02002443,1,0,0,0,0,0,0
E02002391,E02002444,3,0,0,2,0,0,1
E02002391,E02002451,10,0,0,10,0,0,0
E02002391,E02006852,24,0,0,20,3,0,0
E02002391,E02006861,16,0,0,9,3,0,3
E02002391,E02006875,461,19,10,173,41,4,134
E02002391,E02006876,69,3,2,55,5,0,2
E02002392,E02002239,1,0,0,0,0,0,1
E02002392,E02002272,7,0,0,2,1,0,4
E02002392,E02002336,5,0,0,2,0,0,2
E02002392,E02002341,1,0,0,0,0,0,1
E02002392,E02002342,1,0,0,0,0,0,1
E02002392,E02002345,8,0,0,4,0,0,4
E02002392,E02002346,4,0,0,2,0,0,1
E02002392,E02002347,1,0,0,1,0,0,0
E02002392,E02002348,3,0,0,0,1,0,0
E02002392,E02002349,2,0,0,1,0,0,1
E02002392,E02002350,3,0,0,2,0,0,1
E02002392,E02002351,4,0,0,2,1,0,1
E02002392,E02002352,10,2,2,2,0,0,4
E02002392,E02002353,1,0,0,0,0,0,1
E02002392,E02002354,7,1,3,2,0,0,1
E02002392,E02002356,6,1,0,2,0,0,3
E02002392,E02002357,9,0,1,0,4,0,4
E02002392,E02002358,5,1,0,2,1,0,1
E02002392,E02002359,1,0,0,1,0,0,0
E02002392,E02002360,3,0,1,2,0,0,0
E02002392,E02002361,7,0,0,4,3,0,0
E02002392,E02002362,6,0,0,6,0,0,0
E02002392,E02002363,14,1,0,5,1,0,6
E02002392,E02002364,3,0,0,3,0,0,0
E02002392,E02002366,4,0,0,2,0,0,2
E02002392,E02002367,1,1,0,0,0,0,0
E02002392,E02002368,5,0,0,4,1,0,0
E02002392,E02002369,2,0,0,2,0,0,0
E02002392,E02002370,2,0,0,0,0,0,2
E02002392,E02002371,8,0,1,0,1,0,6
E02002392,E02002373,35,7,16,4,1,0,4
E02002392,E02002374,16,0,3,2,1,0,10
E02002392,E02002375,2,0,1,0,0,0,1
E02002392,E02002376,1,0,1,0,0,0,0
E02002392,E02002377,8,1,2,0,0,0,5
E02002392,E02002380,2,0,0,1,1,0,0
E02002392,E02002381,2,0,1,1,0,0,0
E02002392,E02002382,4,0,0,4,0,0,0
E02002392,E02002383,17,0,6,8,0,0,2
E02002392,E02002384,71,1,44,18,3,0,3
E02002392,E02002385,26,1,16,5,1,0,3
E02002392,E02002386,5,0,0,4,0,0,1
E02002392,E02002387,3,0,0,1,0,0,2
E02002392,E02002388,6,1,0,1,1,0,2
E02002392,E02002389,1,0,0,1,0,0,0
E02002392,E02002390,4,0,1,0,0,0,3
E02002392,E02002391,2,0,0,1,0,0,0
E02002392,E02002392,340,7,289,24,2,0,12
E02002392,E02002393,44,1,6,15,1,0,21
E02002392,E02002394,6,0,1,4,0,0,1
E02002392,E02002395,3,0,0,0,0,0,1
E02002392,E02002396,6,0,0,2,0,0,3
E02002392,E02002399,5,1,0,0,2,1,1
E02002392,E02002400,57,0,35,12,0,0,6
E02002392,E02002402,15,0,0,2,3,0,10
E02002392,E02002403,1,0,1,0,0,0,0
E02002392,E02002404,6,0,1,1,0,0,4
E02002392,E02002405,1,0,0,1,0,0,0
E02002392,E02002407,1,0,0,0,0,0,1
E02002392,E02002408,2,0,0,1,0,0,1
E02002392,E02002409,2,0,0,0,0,0,2
E02002392,E02002410,10,0,3,2,0,0,3
E02002392,E02002411,33,1,13,10,0,0,4
E02002392,E02002412,7,1,1,2,1,0,1
E02002392,E02002414,10,0,4,2,1,0,3
E02002392,E02002415,3,0,0,3,0,0,0
E02002392,E02002416,9,0,0,2,0,0,6
E02002392,E02002419,32,0,1,6,2,0,16
E02002392,E02002420,12,0,0,9,2,0,1
E02002392,E02002422,47,1,4,14,1,1,26
E02002392,E02002423,1,0,0,0,0,0,1
E02002392,E02002424,4,0,1,1,1,0,1
E02002392,E02002425,2,0,0,0,0,0,2
E02002392,E02002426,1,0,0,0,1,0,0
E02002392,E02002427,1,0,0,1,0,0,0
E02002392,E02002428,1,0,0,1,0,0,0
E02002392,E02002429,2,0,0,1,0,0,1
E02002392,E02002430,2,0,2,0,0,0,0
E02002392,E02002431,4,0,0,4,0,0,0
E02002392,E02002433,4,0,2,1,0,0,1
E02002392,E02002434,4,0,4,0,0,0,0
E02002392,E02002435,7,0,1,2,0,0,4
E02002392,E02002443,4,0,0,4,0,0,0
E02002392,E02006852,19,3,6,2,1,0,5
E02002392,E02006861,36,2,11,11,1,0,10
E02002392,E02006875,753,19,571,33,7,0,91
E02002392,E02006876,39,1,5,17,2,0,13
E02002393,E02002239,4,0,0,4,0,0,0
E02002393,E02002272,9,0,0,5,1,0,3
E02002393,E02002276,1,0,0,1,0,0,0
E02002393,E02002335,6,0,1,2,1,0,2
E02002393,E02002336,4,0,0,2,1,0,0
E02002393,E02002341,2,0,0,1,0,0,1
E02002393,E02002344,3,0,0,2,0,0,1
E02002393,E02002345,3,0,0,1,0,0,2
E02002393,E02002346,5,0,0,3,0,0,2
E02002393,E02002347,3,0,0,0,0,0,3
E02002393,E02002348,4,0,2,0,0,0,2
E02002393,E02002349,11,0,1,6,1,0,3
E02002393,E02002350,2,0,0,2,0,0,0
E02002393,E02002351,8,0,0,2,0,0,6
E02002393,E02002352,16,2,1,4,2,0,6
E02002393,E02002353,6,0,0,4,1,0,1
E02002393,E02002354,4,0,1,1,1,0,1
E02002393,E02002356,5,0,0,2,0,0,3
E02002393,E02002357,18,0,7,6,4,0,1
E02002393,E02002358,17,0,1,5,0,0,11
E02002393,E02002359,7,0,1,2,0,0,4
E02002393,E02002360,7,0,0,4,0,0,3
E02002393,E02002361,14,1,1,2,2,0,8
E02002393,E02002362,7,0,3,1,0,0,3
E02002393,E02002363,14,0,1,6,0,0,4
E02002393,E02002364,19,0,0,7,2,0,10
E02002393,E02002366,27,0,5,5,2,0,15
E02002393,E02002367,7,1,3,2,0,0,1
E02002393,E02002368,7,0,1,6,0,0,0
E02002393,E02002369,5,0,0,2,2,0,1
E02002393,E02002370,6,0,0,2,0,0,4
E02002393,E02002371,39,1,15,4,3,0,14
E02002393,E02002373,11,0,3,2,0,0,5
E02002393,E02002374,3,0,0,1,1,0,1
E02002393,E02002376,3,0,1,2,0,0,0
E02002393,E02002377,35,0,12,12,1,0,8
E02002393,E02002379,4,0,0,2,0,0,2
E02002393,E02002381,4,0,0,2,0,0,2
E02002393,E02002382,26,0,13,2,0,0,8
E02002393,E02002383,6,0,1,3,1,0,1
E02002393,E02002384,64,0,34,16,1,0,12
E02002393,E02002385,10,1,0,4,1,0,3
E02002393,E02002386,25,1,1,5,5,0,13
E02002393,E02002387,9,1,1,5,0,0,2
E02002393,E02002388,6,0,0,2,0,0,4
E02002393,E02002389,4,0,3,1,0,0,0
E02002393,E02002390,23,0,6,3,2,0,12
E02002393,E02002391,17,0,3,4,0,0,10
E02002393,E02002392,69,1,33,5,5,0,25
E02002393,E02002393,265,0,185,41,7,1,15
E02002393,E02002394,51,2,29,15,1,0,4
E02002393,E02002395,5,0,0,3,0,0,2
E02002393,E02002396,10,1,0,4,0,0,5
E02002393,E02002397,4,0,0,3,0,0,1
E02002393,E02002398,3,0,0,1,1,0,1
E02002393,E02002399,19,1,0,10,3,0,5
E02002393,E02002400,89,1,28,22,5,0,27
E02002393,E02002401,2,0,2,0,0,0,0
E02002393,E02002402,8,0,0,1,0,0,6
E02002393,E02002403,6,0,1,4,0,0,1
E02002393,E02002404,79,1,45,21,1,0,10
E02002393,E02002405,9,0,0,6,1,0,2
E02002393,E02002407,13,0,1,7,2,0,3
E02002393,E02002408,9,0,3,3,2,0,1
E02002393,E02002409,2,0,0,0,0,0,2
E02002393,E02002410,20,0,0,10,1,0,9
E02002393,E02002411,36,1,12,11,0,0,10
E02002393,E02002412,22,1,1,6,6,1,6
E02002393,E02002414,18,3,4,7,2,0,2
E02002393,E02002415,3,0,0,1,0,0,2
E02002393,E02002416,6,0,0,2,1,0,3
E02002393,E02002419,23,0,2,5,3,0,12
E02002393,E02002420,32,1,0,13,1,0,16
E02002393,E02002421,1,0,0,0,0,0,1
E02002393,E02002422,19,0,1,5,2,0,10
E02002393,E02002423,1,0,0,1,0,0,0
E02002393,E02002424,2,0,0,1,0,0,1
E02002393,E02002425,1,0,0,1,0,0,0
E02002393,E02002427,2,0,0,1,0,0,1
E02002393,E02002428,2,0,0,1,0,0,1
E02002393,E02002430,1,0,0,0,0,0,1
E02002393,E02002431,9,0,0,5,1,0,3
E02002393,E02002433,3,0,0,1,0,0,2
E02002393,E02002434,3,0,1,0,1,0,1
E02002393,E02002435,12,0,0,2,1,0,9
E02002393,E02002436,2,0,0,1,0,0,1
E02002393,E02002444,1,0,0,1,0,0,0
E02002393,E02002445,6,0,0,0,0,0,4
E02002393,E02002451,8,0,0,6,0,0,0
E02002393,E02006852,18,0,1,2,0,0,13
E02002393,E02006861,19,1,3,3,1,0,11
E02002393,E02006875,569,13,245,78,12,0,205
E02002393,E02006876,131,3,16,35,21,0,52
E02002394,E02002239,6,0,0,6,0,0,0
E02002394,E02002271,2,0,0,0,0,0,2
E02002394,E02002272,5,0,0,4,0,0,1
E02002394,E02002335,6,0,0,5,0,0,1
E02002394,E02002336,5,0,0,4,0,0,1
E02002394,E02002341,2,0,0,0,0,0,2
E02002394,E02002342,1,0,1,0,0,0,0
E02002394,E02002343,3,0,0,1,0,0,2
E02002394,E02002344,1,0,0,1,0,0,0
E02002394,E02002345,7,0,0,1,1,0,5
E02002394,E02002346,2,0,0,1,0,0,1
E02002394,E02002347,4,0,0,4,0,0,0
E02002394,E02002348,3,0,0,2,0,0,1
E02002394,E02002349,7,0,0,2,1,0,3
E02002394,E02002350,1,0,0,1,0,0,0
E02002394,E02002351,4,0,0,3,0,0,1
E02002394,E02002352,10,0,1,8,0,0,1
E02002394,E02002353,3,0,0,0,1,0,2
E02002394,E02002354,5,0,0,3,0,0,2
E02002394,E02002356,7,0,0,3,2,0,2
E02002394,E02002357,17,1,7,5,2,1,1
E02002394,E02002358,12,1,1,5,1,0,4
E02002394,E02002359,5,0,0,3,0,0,2
E02002394,E02002361,13,0,2,3,1,0,7
E02002394,E02002362,3,0,0,3,0,0,0
E02002394,E02002363,21,2,0,10,3,0,5
E02002394,E02002364,20,0,1,8,1,0,10
E02002394,E02002366,33,0,6,5,1,0,18
E02002394,E02002367,6,0,2,2,1,0,1
E02002394,E02002368,3,0,0,1,1,0,1
E02002394,E02002369,9,0,0,5,0,0,4
E02002394,E02002370,2,0,0,0,0,0,2
E02002394,E02002371,19,0,2,7,3,0,6
E02002394,E02002373,12,0,5,2,1,0,4
E02002394,E02002374,6,0,0,2,1,0,3
E02002394,E02002376,9,1,3,2,2,0,1
E02002394,E02002377,10,0,3,5,0,0,2
E02002394,E02002379,10,0,1,6,1,0,2
E02002394,E02002380,1,0,0,0,0,0,1
E02002394,E02002381,2,0,0,2,0,0,0
E02002394,E02002382,48,0,29,7,2,1,5
E02002394,E02002383,5,0,0,4,0,0,1
E02002394,E02002384,48,4,6,19,3,0,14
E02002394,E02002385,12,0,0,7,1,1,2
E02002394,E02002386,37,0,3,10,7,1,16
E02002394,E02002387,9,1,1,5,0,0,2
E02002394,E02002388,5,0,0,2,0,0,2
E02002394,E02002389,12,0,9,2,1,0,0
E02002394,E02002390,45,4,7,13,2,0,16
E02002394,E02002391,9,0,0,4,1,0,4
E02002394,E02002392,45,3,4,5,5,0,27
E02002394,E02002393,230,2,130,39,20,1,31
E02002394,E02002394,144,0,86,35,4,1,15
E02002394,E02002395,8,0,0,4,0,0,4
E02002394,E02002396,6,0,1,1,1,1,2
E02002394,E02002397,1,0,0,0,0,0,1
E02002394,E02002398,9,0,2,5,2,0,0
E02002394,E02002399,57,3,8,31,5,0,10
E02002394,E02002400,44,0,3,18,2,0,20
E02002394,E02002401,5,0,2,0,0,0,2
E02002394,E02002402,10,0,0,4,1,0,5
E02002394,E02002403,10,0,0,8,0,0,1
E02002394,E02002404,49,6,18,21,0,0,3
E02002394,E02002407,13,0,0,5,1,0,7
E02002394,E02002408,1,0,0,0,0,0,1
E02002394,E02002410,11,0,0,4,1,0,6
E02002394,E02002411,33,1,4,13,4,1,10
E02002394,E02002412,22,0,1,12,2,0,7
E02002394,E02002414,16,2,1,9,0,0,4
E02002394,E02002415,3,0,0,3,0,0,0
E02002394,E02002416,7,0,0,6,1,0,0
E02002394,E02002419,25,2,1,13,0,0,9
E02002394,E02002420,28,0,0,15,1,0,12
E02002394,E02002422,22,0,1,7,0,0,14
E02002394,E02002423,2,0,0,2,0,0,0
E02002394,E02002425,2,0,0,0,0,0,2
E02002394,E02002426,2,0,0,2,0,0,0
E02002394,E02002427,2,1,0,1,0,0,0
E02002394,E02002428,8,0,0,4,0,0,4
E02002394,E02002429,1,1,0,0,0,0,0
E02002394,E02002430,2,0,0,2,0,0,0
E02002394,E02002431,8,0,0,4,1,0,3
E02002394,E02002433,4,0,0,1,0,0,3
E02002394,E02002435,16,0,0,7,1,0,6
E02002394,E02002443,2,0,0,1,1,0,0
E02002394,E02002444,2,0,0,2,0,0,0
E02002394,E02002445,1,0,0,0,0,0,0
E02002394,E02002451,9,0,0,3,0,0,3
E02002394,E02006852,12,0,1,4,1,0,6
E02002394,E02006861,17,2,1,8,2,0,4
E02002394,E02006875,395,10,55,74,16,0,219
E02002394,E02006876,88,7,3,42,2,0,31
E02002395,E02002239,40,0,0,31,2,2,4
E02002395,E02002271,3,0,0,3,0,0,0
E02002395,E02002272,9,0,0,6,3,0,0
E02002395,E02002276,3,0,0,2,1,0,0
E02002395,E02002335,5,0,0,5,0,0,0
E02002395,E02002336,11,0,0,11,0,0,0
E02002395,E02002341,1,0,0,1,0,0,0
E02002395,E02002342,2,0,0,2,0,0,0
E02002395,E02002343,5,0,0,3,1,0,1
E02002395,E02002344,1,0,0,1,0,0,0
E02002395,E02002345,1,0,0,1,0,0,0
E02002395,E02002346,2,0,0,2,0,0,0
E02002395,E02002347,4,0,0,2,1,0,1
E02002395,E02002348,9,0,1,7,1,0,0
E02002395,E02002349,2,0,0,2,0,0,0
E02002395,E02002350,14,0,0,11,2,0,1
E02002395,E02002351,1,0,0,1,0,0,0
E02002395,E02002352,9,0,1,5,1,0,2
E02002395,E02002353,2,0,1,0,0,0,1
E02002395,E02002356,19,0,0,18,0,0,1
E02002395,E02002357,16,0,0,15,0,0,0
E02002395,E02002358,9,0,0,9,0,0,0
E02002395,E02002359,2,0,0,1,1,0,0
E02002395,E02002360,2,0,0,2,0,0,0
E02002395,E02002361,5,0,1,4,0,0,0
E02002395,E02002362,8,0,1,7,0,0,0
E02002395,E02002363,6,0,0,6,0,0,0
E02002395,E02002364,7,0,0,6,0,0,1
E02002395,E02002366,3,0,0,3,0,0,0
E02002395,E02002367,1,0,0,1,0,0,0
E02002395,E02002368,38,0,7,25,3,0,3
E02002395,E02002369,5,0,0,5,0,0,0
E02002395,E02002371,9,0,0,8,0,0,1
E02002395,E02002373,3,0,0,2,0,0,0
E02002395,E02002374,5,0,0,3,0,0,1
E02002395,E02002375,7,0,1,4,1,0,1
E02002395,E02002376,1,0,0,0,0,0,1
E02002395,E02002377,6,0,0,3,1,0,1
E02002395,E02002379,1,0,0,1,0,0,0
E02002395,E02002380,3,0,0,2,0,0,1
E02002395,E02002381,13,0,5,6,0,0,2
E02002395,E02002382,3,0,1,2,0,0,0
E02002395,E02002383,3,0,2,1,0,0,0
E02002395,E02002384,27,0,0,17,0,0,10
E02002395,E02002385,8,0,0,8,0,0,0
E02002395,E02002386,8,0,0,8,0,0,0
E02002395,E02002387,18,0,1,15,1,0,0
E02002395,E02002388,8,0,1,7,0,0,0
E02002395,E02002390,10,0,0,9,0,0,1
E02002395,E02002391,143,2,38,77,13,0,9
E02002395,E02002392,48,2,1,26,5,2,7
E02002395,E02002393,31,0,1,23,1,0,3
E02002395,E02002394,13,0,0,11,0,0,2
E02002395,E02002395,177,2,86,74,3,0,8
E02002395,E02002396,26,1,3,15,3,0,4
E02002395,E02002397,21,0,2,14,3,0,1
E02002395,E02002398,1,0,0,1,0,0,0
E02002395,E02002399,10,2,0,7,1,0,0
E02002395,E02002400,68,1,3,41,5,3,8
E02002395,E02002401,2,0,0,1,1,0,0
E02002395,E02002402,5,0,0,1,0,0,4
E02002395,E02002403,7,0,0,5,2,0,0
E02002395,E02002404,11,0,0,8,3,0,0
E02002395,E02002405,28,1,6,19,1,0,1
E02002395,E02002407,8,0,0,8,0,0,0
E02002395,E02002408,73,0,16,34,7,0,13
E02002395,E02002409,10,1,0,6,1,0,1
E02002395,E02002410,17,0,0,11,3,1,2
E02002395,E02002411,36,0,1,21,2,0,3
E02002395,E02002412,20,1,0,17,2,0,0
E02002395,E02002414,12,0,0,10,1,0,0
E02002395,E02002415,3,0,0,2,1,0,0
E02002395,E02002416,9,0,0,9,0,0,0
E02002395,E02002419,26,3,1,18,2,0,1
E02002395,E02002420,17,0,0,14,0,1,0
E02002395,E02002421,3,0,1,1,0,0,1
E02002395,E02002422,33,0,0,25,2,0,3
E02002395,E02002423,2,0,0,2,0,0,0
E02002395,E02002424,5,0,0,5,0,0,0
E02002395,E02002425,3,0,0,3,0,0,0
E02002395,E02002426,4,0,1,1,0,2,0
E02002395,E02002428,3,0,0,1,1,0,1
E02002395,E02002429,1,0,0,1,0,0,0
E02002395,E02002430,2,0,0,0,0,0,1
E02002395,E02002431,10,0,0,7,1,0,2
E02002395,E02002433,10,0,0,9,0,0,1
E02002395,E02002434,1,0,0,1,0,0,0
E02002395,E02002435,17,1,1,12,0,1,0
E02002395,E02002436,2,0,0,1,0,0,0
E02002395,E02002443,1,0,0,0,0,0,0
E02002395,E02002445,1,0,0,1,0,0,0
E02002395,E02002451,3,0,0,3,0,0,0
E02002395,E02006852,11,0,2,7,1,0,1
E02002395,E02006861,13,0,0,11,0,0,1
E02002395,E02006875,277,1,9,96,19,3,81
E02002395,E02006876,40,0,0,31,3,0,4
E02002396,E02002239,16,0,0,12,2,1,1
E02002396,E02002271,3,0,0,2,1,0,0
E02002396,E02002272,17,0,0,14,0,0,3
E02002396,E02002277,1,0,0,1,0,0,0
E02002396,E02002335,5,1,0,3,0,0,1
E02002396,E02002336,26,0,1,19,2,0,2
E02002396,E02002341,1,0,0,1,0,0,0
E02002396,E02002342,2,0,0,2,0,0,0
E02002396,E02002343,8,0,0,7,1,0,0
E02002396,E02002344,2,0,0,2,0,0,0
E02002396,E02002345,4,0,0,3,0,0,1
E02002396,E02002346,11,0,1,8,0,0,2
E02002396,E02002347,8,0,0,6,0,0,2
E02002396,E02002348,19,0,1,15,1,0,1
E02002396,E02002349,8,0,0,4,0,0,3
E02002396,E02002350,17,0,1,14,0,1,1
E02002396,E02002351,5,0,0,5,0,0,0
E02002396,E02002352,4,0,0,3,1,0,0
E02002396,E02002353,6,0,1,4,0,0,1
E02002396,E02002354,2,0,0,2,0,0,0
E02002396,E02002356,23,0,0,12,2,0,7
E02002396,E02002357,26,1,0,16,2,0,6
E02002396,E02002358,13,0,0,5,1,0,7
E02002396,E02002359,7,0,0,6,0,0,1
E02002396,E02002360,4,0,0,3,1,0,0
E02002396,E02002361,1,0,1,0,0,0,0
E02002396,E02002362,7,0,0,5,0,0,1
E02002396,E02002363,10,1,0,5,1,0,2
E02002396,E02002364,10,0,0,9,1,0,0
E02002396,E02002366,4,0,0,4,0,0,0
E02002396,E02002367,6,0,0,4,0,0,2
E02002396,E02002368,12,0,2,8,0,0,1
E02002396,E02002369,1,0,0,1,0,0,0
E02002396,E02002370,2,0,0,0,0,0,2
E02002396,E02002371,15,0,1,11,0,0,3
E02002396,E02002373,12,0,3,7,0,0,2
E02002396,E02002374,46,0,6,23,7,0,10
E02002396,E02002375,16,0,4,9,1,0,2
E02002396,E02002377,2,0,0,0,0,0,2
E02002396,E02002379,2,0,0,2,0,0,0
E02002396,E02002380,32,0,6,23,2,0,1
E02002396,E02002381,22,0,1,16,1,0,1
E02002396,E02002382,4,0,1,1,0,0,2
E02002396,E02002383,6,0,1,1,1,0,1
E02002396,E02002384,45,1,2,26,2,1,13
E02002396,E02002385,43,1,10,15,7,1,8
E02002396,E02002386,17,0,0,13,1,0,3
E02002396,E02002387,102,1,35,45,5,0,11
E02002396,E02002388,31,1,7,21,0,0,2
E02002396,E02002389,1,0,0,0,0,0,1
E02002396,E02002390,11,0,1,7,1,0,2
E02002396,E02002391,108,5,8,68,14,0,13
E02002396,E02002392,129,10,18,52,9,0,37
E02002396,E02002393,71,1,5,41,5,0,18
E02002396,E02002394,17,2,1,9,0,0,5
E02002396,E02002395,58,1,1,33,7,2,14
E02002396,E02002396,225,2,114,79,12,0,14
E02002396,E02002397,26,0,3,16,3,0,4
E02002396,E02002399,31,5,0,17,4,0,5
E02002396,E02002400,258,4,71,108,20,1,43
E02002396,E02002401,6,0,0,4,2,0,0
E02002396,E02002402,16,1,0,10,0,0,5
E02002396,E02002403,12,0,1,6,0,1,3
E02002396,E02002404,34,1,0,18,2,0,12
E02002396,E02002405,24,1,1,12,4,0,6
E02002396,E02002407,52,1,17,28,3,1,1
E02002396,E02002408,56,1,3,34,3,0,15
E02002396,E02002409,35,1,12,15,4,0,0
E02002396,E02002410,95,4,35,38,7,0,10
E02002396,E02002411,62,5,1,32,7,0,15
E02002396,E02002412,67,3,10,38,8,0,6
E02002396,E02002414,24,0,0,16,4,0,4
E02002396,E02002415,9,1,0,7,0,0,1
E02002396,E02002416,9,0,1,7,0,0,1
E02002396,E02002419,62,0,0,43,7,0,11
E02002396,E02002420,44,2,1,26,6,1,7
E02002396,E02002421,6,0,0,4,1,0,1
E02002396,E02002422,53,0,1,29,3,0,19
E02002396,E02002423,2,0,0,1,0,0,1
E02002396,E02002424,16,0,1,12,0,0,3
E02002396,E02002425,7,0,0,3,0,0,4
E02002396,E02002426,5,0,0,4,0,0,1
E02002396,E02002427,9,0,0,9,0,0,0
E02002396,E02002428,18,0,1,14,2,0,0
E02002396,E02002429,4,0,0,4,0,0,0
E02002396,E02002430,4,0,0,2,0,0,2
E02002396,E02002431,21,0,3,10,2,1,4
E02002396,E02002433,18,0,2,13,0,1,1
E02002396,E02002434,3,0,0,3,0,0,0
E02002396,E02002435,28,3,0,16,2,0,7
E02002396,E02002436,2,0,0,1,0,0,1
E02002396,E02002437,1,0,0,1,0,0,0
E02002396,E02002443,3,0,0,2,0,0,1
E02002396,E02002444,2,0,0,2,0,0,0
E02002396,E02002445,2,0,0,2,0,0,0
E02002396,E02002451,7,0,0,4,3,0,0
E02002396,E02006852,28,1,4,12,0,0,8
E02002396,E02006861,25,0,3,16,1,0,4
E02002396,E02006875,600,24,42,173,43,1,289
E02002396,E02006876,152,5,4,101,6,1,34
E02002397,E02002239,24,0,0,20,3,0,1
E02002397,E02002271,6,0,1,4,1,0,0
E02002397,E02002272,7,0,0,6,0,0,1
E02002397,E02002276,1,0,0,1,0,0,0
E02002397,E02002277,3,0,0,3,0,0,0
E02002397,E02002335,2,0,0,2,0,0,0
E02002397,E02002336,14,0,0,14,0,0,0
E02002397,E02002342,4,0,0,1,0,0,3
E02002397,E02002343,2,0,1,1,0,0,0
E02002397,E02002344,1,0,0,0,1,0,0
E02002397,E02002345,7,0,1,4,1,0,1
E02002397,E02002346,7,0,2,4,0,0,1
E02002397,E02002347,3,0,0,1,0,0,2
E02002397,E02002348,13,0,0,13,0,0,0
E02002397,E02002349,2,0,1,1,0,0,0
E02002397,E02002350,11,0,0,9,0,0,2
E02002397,E02002351,1,0,0,1,0,0,0
E02002397,E02002352,9,0,0,6,0,0,3
E02002397,E02002353,1,0,0,1,0,0,0
E02002397,E02002354,1,0,0,0,0,0,1
E02002397,E02002356,40,2,0,32,2,0,1
E02002397,E02002357,23,0,0,17,2,0,3
E02002397,E02002358,10,0,1,7,0,0,2
E02002397,E02002360,2,0,0,1,1,0,0
E02002397,E02002361,8,0,2,5,0,0,1
E02002397,E02002362,8,0,0,5,0,0,2
E02002397,E02002363,9,0,0,8,0,0,1
E02002397,E02002364,7,0,0,7,0,0,0
E02002397,E02002366,1,0,0,0,0,0,1
E02002397,E02002367,3,0,0,3,0,0,0
E02002397,E02002368,22,0,3,14,4,0,0
E02002397,E02002369,3,0,0,1,0,0,2
E02002397,E02002371,7,0,1,5,0,0,1
E02002397,E02002373,12,0,1,10,0,1,0
E02002397,E02002374,7,0,0,4,2,0,1
E02002397,E02002375,6,0,0,4,2,0,0
E02002397,E02002376,2,0,1,1,0,0,0
E02002397,E02002377,2,0,0,0,0,0,2
E02002397,E02002379,3,0,0,2,0,0,1
E02002397,E02002380,22,0,7,12,3,0,0
E02002397,E02002381,35,1,9,20,1,0,3
E02002397,E02002382,6,0,1,5,0,0,0
E02002397,E02002384,28,0,1,22,0,0,3
E02002397,E02002385,25,1,0,17,1,0,4
E02002397,E02002386,9,0,0,9,0,0,0
E02002397,E02002387,80,0,18,48,7,0,6
E02002397,E02002388,14,0,1,7,1,0,5
E02002397,E02002390,6,0,1,3,0,0,2
E02002397,E02002391,211,5,63,106,19,1,9
E02002397,E02002392,56,3,1,31,1,1,15
E02002397,E02002393,45,0,1,24,5,1,13
E02002397,E02002394,11,1,0,7,1,0,2
E02002397,E02002395,83,1,11,54,10,0,4
E02002397,E02002396,94,2,32,46,5,0,9
E02002397,E02002397,119,0,75,32,6,0,6
E02002397,E02002398,2,0,0,0,0,0,2
E02002397,E02002399,26,2,0,19,2,1,2
E02002397,E02002400,116,4,3,69,7,0,30
E02002397,E02002401,2,0,1,1,0,0,0
E02002397,E02002402,10,0,0,6,0,0,4
E02002397,E02002403,2,0,0,2,0,0,0
E02002397,E02002404,22,1,0,13,1,1,5
E02002397,E02002405,46,1,7,23,3,0,12
E02002397,E02002407,33,0,2,21,4,0,5
E02002397,E02002408,220,1,76,98,15,0,27
E02002397,E02002409,20,0,5,10,1,0,2
E02002397,E02002410,37,1,5,20,4,0,6
E02002397,E02002411,61,1,0,40,7,0,10
E02002397,E02002412,51,1,3,36,8,2,1
E02002397,E02002414,22,0,0,15,2,0,5
E02002397,E02002415,12,0,0,11,0,0,1
E02002397,E02002416,3,0,0,2,0,0,1
E02002397,E02002419,51,1,0,35,4,2,8
E02002397,E02002420,31,0,0,25,2,2,1
E02002397,E02002422,34,0,0,22,3,0,8
E02002397,E02002424,21,2,0,12,2,0,4
E02002397,E02002425,13,0,0,11,2,0,0
E02002397,E02002426,1,0,0,1,0,0,0
E02002397,E02002427,6,1,1,2,0,0,2
E02002397,E02002428,4,0,0,4,0,0,0
E02002397,E02002429,3,1,0,2,0,0,0
E02002397,E02002430,3,0,1,2,0,0,0
E02002397,E02002431,14,0,0,11,2,0,1
E02002397,E02002433,20,0,0,14,1,1,4
E02002397,E02002434,1,0,0,0,0,0,1
E02002397,E02002435,27,1,0,23,2,0,1
E02002397,E02002436,1,0,1,0,0,0,0
E02002397,E02002443,1,0,0,0,0,1,0
E02002397,E02002445,6,0,1,4,0,0,1
E02002397,E02002451,8,0,0,6,1,1,0
E02002397,E02006852,9,0,0,7,1,0,1
E02002397,E02006861,15,0,1,5,1,0,7
E02002397,E02006875,381,6,6,125,36,3,169
E02002397,E02006876,97,0,2,74,5,1,12
E02002398,E02002239,6,0,0,5,0,0,1
E02002398,E02002271,1,0,0,1,0,0,0
E02002398,E02002272,2,0,0,2,0,0,0
E02002398,E02002276,1,0,0,1,0,0,0
E02002398,E02002335,5,0,0,2,1,0,2
E02002398,E02002336,10,0,0,9,0,0,0
E02002398,E02002341,3,0,0,3,0,0,0
E02002398,E02002342,1,0,0,1,0,0,0
E02002398,E02002343,3,0,0,2,0,0,1
E02002398,E02002344,2,0,0,2,0,0,0
E02002398,E02002345,7,0,0,7,0,0,0
E02002398,E02002346,1,0,0,1,0,0,0
E02002398,E02002347,7,0,0,3,1,0,3
E02002398,E02002348,7,0,0,6,0,0,1
E02002398,E02002349,12,0,0,8,1,0,2
E02002398,E02002350,7,0,0,7,0,0,0
E02002398,E02002351,16,0,0,9,4,0,3
E02002398,E02002352,10,0,0,7,2,0,1
E02002398,E02002353,4,0,0,4,0,0,0
E02002398,E02002354,5,0,0,4,0,0,1
E02002398,E02002356,6,0,0,5,0,0,1
E02002398,E02002357,11,0,0,8,1,0,2
E02002398,E02002358,49,3,0,32,9,0,4
E02002398,E02002359,9,0,0,5,3,0,1
E02002398,E02002360,5,0,0,4,0,0,1
E02002398,E02002361,14,0,1,11,1,0,0
E02002398,E02002362,2,0,0,2,0,0,0
E02002398,E02002363,18,0,2,11,0,0,5
E02002398,E02002364,51,2,2,38,2,1,6
E02002398,E02002366,7,0,0,6,0,0,1
E02002398,E02002367,5,0,0,4,1,0,0
E02002398,E02002368,3,0,0,2,0,0,1
E02002398,E02002369,10,2,0,7,0,0,1
E02002398,E02002370,10,0,0,10,0,0,0
E02002398,E02002371,28,1,0,21,0,0,6
E02002398,E02002373,10,0,1,7,1,0,1
E02002398,E02002374,5,0,0,4,1,0,0
E02002398,E02002375,1,0,0,1,0,0,0
E02002398,E02002376,9,1,2,6,0,0,0
E02002398,E02002377,5,1,0,3,1,0,0
E02002398,E02002379,31,0,2,23,2,0,3
E02002398,E02002380,1,0,0,1,0,0,0
E02002398,E02002381,1,0,0,1,0,0,0
E02002398,E02002382,8,2,0,4,1,0,1
E02002398,E02002384,31,0,1,25,2,0,3
E02002398,E02002385,7,0,0,7,0,0,0
E02002398,E02002386,111,0,42,52,12,0,4
E02002398,E02002387,7,0,0,7,0,0,0
E02002398,E02002388,6,0,0,5,0,0,1
E02002398,E02002389,14,1,0,12,0,1,0
E02002398,E02002390,80,1,13,51,4,0,7
E02002398,E02002391,5,0,0,4,1,0,0
E02002398,E02002392,57,0,0,32,6,1,15
E02002398,E02002393,117,1,1,77,16,2,20
E02002398,E02002394,48,1,1,32,8,0,6
E02002398,E02002395,11,0,0,6,1,0,3
E02002398,E02002396,12,0,0,9,1,0,2
E02002398,E02002398,182,3,92,69,8,0,8
E02002398,E02002399,78,4,2,56,10,1,4
E02002398,E02002400,66,1,1,37,13,0,12
E02002398,E02002401,22,0,4,13,4,0,1
E02002398,E02002402,92,3,15,59,7,0,8
E02002398,E02002403,43,0,1,30,3,1,6
E02002398,E02002404,45,0,1,36,0,0,7
E02002398,E02002405,5,0,0,3,1,0,1
E02002398,E02002407,4,0,0,3,0,1,0
E02002398,E02002408,7,0,1,6,0,0,0
E02002398,E02002409,2,0,1,1,0,0,0
E02002398,E02002410,7,0,0,7,0,0,0
E02002398,E02002411,43,1,0,30,4,0,8
E02002398,E02002412,20,1,1,17,0,1,0
E02002398,E02002414,31,1,0,23,3,0,3
E02002398,E02002415,13,0,0,13,0,0,0
E02002398,E02002416,39,2,4,25,0,2,6
E02002398,E02002419,31,0,0,28,3,0,0
E02002398,E02002420,39,1,2,23,4,0,9
E02002398,E02002421,1,0,1,0,0,0,0
E02002398,E02002422,25,0,0,16,1,0,8
E02002398,E02002424,9,1,0,8,0,0,0
E02002398,E02002425,3,0,0,3,0,0,0
E02002398,E02002426,11,0,1,6,2,0,0
E02002398,E02002427,3,0,0,3,0,0,0
E02002398,E02002428,3,1,0,2,0,0,0
E02002398,E02002429,6,0,0,5,1,0,0
E02002398,E02002430,6,0,0,4,0,0,1
E02002398,E02002431,7,1,0,5,0,0,1
E02002398,E02002433,10,0,1,6,1,0,2
E02002398,E02002434,7,0,0,4,0,0,1
E02002398,E02002435,26,0,1,20,1,0,3
E02002398,E02002443,2,0,0,2,0,0,0
E02002398,E02002444,3,0,0,2,1,0,0
E02002398,E02002445,1,0,0,0,1,0,0
E02002398,E02002451,13,0,0,10,3,0,0
E02002398,E02006852,11,0,0,9,0,0,2
E02002398,E02006861,25,0,0,20,3,0,2
E02002398,E02006875,504,6,5,188,42,2,223
E02002398,E02006876,134,3,0,104,12,0,15
E02002399,E02002239,6,0,0,2,3,0,0
E02002399,E02002272,6,0,1,1,0,0,4
E02002399,E02002276,1,0,0,1,0,0,0
E02002399,E02002277,1,0,0,1,0,0,0
E02002399,E02002335,3,0,0,2,0,0,1
E02002399,E02002336,7,0,1,3,1,0,2
E02002399,E02002341,3,0,0,3,0,0,0
E02002399,E02002342,2,0,0,0,0,0,2
E02002399,E02002344,1,0,0,0,0,0,1
E02002399,E02002345,2,0,0,0,0,0,2
E02002399,E02002348,7,0,0,5,0,0,1
E02002399,E02002349,9,0,1,4,0,0,3
E02002399,E02002350,5,1,0,3,0,0,1
E02002399,E02002351,7,1,0,2,0,0,4
E02002399,E02002352,16,1,0,9,0,0,6
E02002399,E02002354,6,0,1,5,0,0,0
E02002399,E02002356,10,2,0,4,3,0,1
E02002399,E02002357,10,0,3,3,2,0,2
E02002399,E02002358,19,0,1,17,0,0,1
E02002399,E02002359,7,0,0,3,3,0,1
E02002399,E02002360,5,1,2,0,0,0,1
E02002399,E02002361,11,0,1,5,0,0,5
E02002399,E02002362,5,0,0,2,0,0,3
E02002399,E02002363,10,0,0,7,0,0,3
E02002399,E02002364,21,0,0,15,1,0,5
E02002399,E02002366,12,0,3,3,1,0,4
E02002399,E02002367,7,1,1,5,0,0,0
E02002399,E02002368,6,0,1,4,1,0,0
E02002399,E02002369,3,0,0,1,0,0,2
E02002399,E02002370,4,0,0,3,0,0,1
E02002399,E02002371,20,0,0,6,5,0,9
E02002399,E02002373,5,0,1,1,0,0,3
E02002399,E02002374,4,0,0,0,1,0,3
E02002399,E02002375,2,0,0,2,0,0,0
E02002399,E02002376,8,0,2,6,0,0,0
E02002399,E02002377,4,0,0,3,0,0,1
E02002399,E02002379,13,0,0,10,1,0,2
E02002399,E02002380,6,0,0,5,1,0,0
E02002399,E02002381,1,0,0,1,0,0,0
E02002399,E02002382,15,1,2,7,0,0,4
E02002399,E02002383,1,0,0,0,0,0,1
E02002399,E02002384,39,2,5,13,4,0,14
E02002399,E02002385,8,0,1,3,0,1,3
E02002399,E02002386,49,1,2,23,9,0,11
E02002399,E02002387,8,1,0,6,0,0,1
E02002399,E02002388,5,0,0,3,2,0,0
E02002399,E02002389,12,0,5,5,0,0,0
E02002399,E02002390,72,1,15,32,6,0,17
E02002399,E02002391,15,0,0,9,1,0,4
E02002399,E02002392,49,0,3,24,3,0,17
E02002399,E02002393,180,4,29,68,28,0,33
E02002399,E02002394,90,3,28,33,12,2,10
E02002399,E02002395,7,1,0,2,1,0,3
E02002399,E02002396,15,0,0,10,1,0,4
E02002399,E02002397,6,0,1,4,0,0,1
E02002399,E02002398,18,0,3,9,1,0,5
E02002399,E02002399,152,5,75,50,11,1,9
E02002399,E02002400,61,1,4,32,4,1,19
E02002399,E02002401,30,0,19,6,2,0,3
E02002399,E02002402,26,0,2,14,3,0,6
E02002399,E02002403,10,0,0,8,1,0,1
E02002399,E02002404,94,7,34,31,10,0,8
E02002399,E02002405,2,0,1,0,0,0,1
E02002399,E02002407,6,0,0,2,0,0,4
E02002399,E02002408,5,0,1,3,0,0,1
E02002399,E02002409,2,0,0,1,0,0,1
E02002399,E02002410,22,0,3,11,2,0,6
E02002399,E02002411,26,0,2,18,2,0,4
E02002399,E02002412,15,0,0,8,2,0,5
E02002399,E02002414,35,1,6,15,5,0,8
E02002399,E02002415,8,0,0,5,3,0,0
E02002399,E02002416,15,0,1,9,0,0,5
E02002399,E02002419,17,1,0,10,0,0,5
E02002399,E02002420,25,1,0,17,1,0,2
E02002399,E02002421,3,0,0,2,0,0,1
E02002399,E02002422,20,1,0,9,3,0,6
E02002399,E02002424,4,0,0,4,0,0,0
E02002399,E02002425,5,0,0,5,0,0,0
E02002399,E02002426,4,0,1,2,0,0,1
E02002399,E02002427,7,0,0,3,1,0,3
E02002399,E02002428,2,0,0,2,0,0,0
E02002399,E02002429,3,0,0,1,0,0,2
E02002399,E02002430,5,0,1,2,0,0,2
E02002399,E02002431,9,0,0,5,2,0,2
E02002399,E02002433,3,0,0,3,0,0,0
E02002399,E02002434,1,0,0,1,0,0,0
E02002399,E02002435,24,0,0,16,2,0,5
E02002399,E02002436,1,0,0,1,0,0,0
E02002399,E02002443,3,0,0,1,0,0,0
E02002399,E02002444,1,0,0,1,0,0,0
E02002399,E02002445,1,0,0,1,0,0,0
E02002399,E02002451,10,0,1,8,0,0,0
E02002399,E02006852,7,1,0,3,0,0,3
E02002399,E02006861,13,0,0,7,2,0,3
E02002399,E02006875,430,9,52,82,49,2,222
E02002399,E02006876,104,2,8,64,11,1,17
E02002400,E02002239,14,2,0,4,2,0,6
E02002400,E02002271,1,0,0,0,0,0,1
E02002400,E02002272,9,0,0,6,0,0,3
E02002400,E02002277,6,0,0,2,3,0,1
E02002400,E02002335,4,0,1,1,0,2,0
E02002400,E02002336,11,0,0,7,1,0,2
E02002400,E02002341,2,0,0,2,0,0,0
E02002400,E02002343,4,0,1,3,0,0,0
E02002400,E02002344,2,0,0,2,0,0,0
E02002400,E02002345,5,0,0,4,0,0,1
E02002400,E02002346,3,0,0,2,0,0,1
E02002400,E02002347,6,1,2,3,0,0,0
E02002400,E02002348,5,0,0,4,0,0,1
E02002400,E02002349,8,1,0,6,0,0,1
E02002400,E02002350,4,0,0,0,0,0,2
E02002400,E02002351,1,0,0,1,0,0,0
E02002400,E02002352,7,0,0,5,0,0,2
E02002400,E02002353,7,0,0,7,0,0,0
E02002400,E02002354,3,0,0,1,1,0,1
E02002400,E02002356,6,0,0,1,0,0,5
E02002400,E02002357,13,0,0,7,2,0,4
E02002400,E02002358,9,0,0,2,0,0,7
E02002400,E02002359,2,0,0,1,0,0,1
E02002400,E02002360,3,0,0,1,2,0,0
E02002400,E02002361,6,0,0,6,0,0,0
E02002400,E02002362,4,1,0,2,0,0,0
E02002400,E02002363,10,0,0,6,1,0,2
E02002400,E02002364,8,0,1,2,1,0,4
E02002400,E02002366,3,0,0,0,0,0,3
E02002400,E02002367,1,1,0,0,0,0,0
E02002400,E02002368,6,0,0,3,1,0,2
E02002400,E02002369,3,0,0,3,0,0,0
E02002400,E02002370,2,0,0,2,0,0,0
E02002400,E02002371,8,0,0,7,0,0,1
E02002400,E02002373,13,0,2,2,3,0,6
E02002400,E02002374,25,5,1,10,2,0,4
E02002400,E02002375,8,0,1,6,0,0,1
E02002400,E02002376,1,0,0,1,0,0,0
E02002400,E02002377,5,0,0,3,0,0,2
E02002400,E02002379,3,0,0,3,0,0,0
E02002400,E02002380,6,0,1,1,1,0,3
E02002400,E02002381,11,0,0,7,0,0,3
E02002400,E02002382,7,0,0,2,0,0,5
E02002400,E02002383,12,0,1,6,4,0,0
E02002400,E02002384,37,0,3,16,2,0,12
E02002400,E02002385,29,1,17,3,1,0,6
E02002400,E02002386,16,0,1,7,1,0,6
E02002400,E02002387,36,1,3,11,5,0,16
E02002400,E02002388,9,0,1,2,2,0,4
E02002400,E02002390,8,0,0,5,0,0,3
E02002400,E02002391,50,1,1,35,1,0,11
E02002400,E02002392,119,6,36,34,8,0,32
E02002400,E02002393,54,0,0,31,2,0,19
E02002400,E02002394,25,0,4,5,0,0,15
E02002400,E02002395,18,0,0,12,0,0,6
E02002400,E02002396,80,4,30,31,2,0,13
E02002400,E02002397,6,0,2,1,0,0,3
E02002400,E02002398,2,0,1,0,0,0,1
E02002400,E02002399,32,1,3,17,1,0,9
E02002400,E02002400,389,3,230,83,17,0,38
E02002400,E02002402,11,0,1,5,1,0,4
E02002400,E02002403,3,0,0,2,0,0,1
E02002400,E02002404,26,1,0,14,0,0,10
E02002400,E02002405,14,0,1,8,4,0,1
E02002400,E02002407,40,0,16,20,0,0,4
E02002400,E02002408,19,1,2,9,0,1,6
E02002400,E02002409,13,0,3,8,0,0,2
E02002400,E02002410,115,7,59,35,8,0,3
E02002400,E02002411,76,1,16,35,11,0,12
E02002400,E02002412,51,1,16,22,3,0,8
E02002400,E02002414,33,0,6,17,4,0,6
E02002400,E02002415,6,0,0,2,0,0,4
E02002400,E02002416,14,0,2,9,0,0,3
E02002400,E02002419,42,1,10,19,6,1,5
E02002400,E02002420,33,1,0,20,5,1,3
E02002400,E02002421,3,0,0,1,0,0,2
E02002400,E02002422,38,0,2,18,7,0,11
E02002400,E02002423,1,0,0,1,0,0,0
E02002400,E02002424,2,0,0,1,1,0,0
E02002400,E02002425,4,0,0,2,1,0,1
E02002400,E02002426,1,0,0,1,0,0,0
E02002400,E02002427,4,1,0,2,0,0,1
E02002400,E02002428,3,0,1,1,1,0,0
E02002400,E02002429,1,0,0,1,0,0,0
E02002400,E02002431,13,0,3,6,1,0,3
E02002400,E02002433,8,0,1,6,0,0,1
E02002400,E02002434,3,0,0,2,0,0,1
E02002400,E02002435,22,0,1,12,1,0,7
E02002400,E02002436,2,0,0,0,0,0,2
E02002400,E02002444,1,0,0,0,0,0,1
E02002400,E02002451,11,0,0,2,1,0,6
E02002400,E02006852,24,0,1,9,1,0,13
E02002400,E02006861,18,1,1,10,0,0,5
E02002400,E02006875,532,21,84,90,24,2,294
E02002400,E02006876,119,1,6,57,5,1,49
E02002401,E02002239,4,0,0,3,0,0,1
E02002401,E02002272,8,0,0,6,2,0,0
E02002401,E02002276,1,0,0,1,0,0,0
E02002401,E02002335,2,0,0,2,0,0,0
E02002401,E02002336,3,0,0,2,0,0,0
E02002401,E02002341,2,0,0,2,0,0,0
E02002401,E02002342,1,0,0,0,0,0,1
E02002401,E02002344,1,0,0,0,0,0,1
E02002401,E02002345,7,0,0,6,1,0,0
E02002401,E02002346,1,0,0,1,0,0,0
E02002401,E02002347,2,0,0,0,0,0,2
E02002401,E02002348,4,0,0,2,0,0,2
E02002401,E02002349,4,1,0,0,0,0,1
E02002401,E02002350,2,0,0,1,0,0,0
E02002401,E02002351,4,0,0,3,0,0,1
E02002401,E02002352,14,1,0,8,0,0,5
E02002401,E02002353,3,1,0,1,0,0,1
E02002401,E02002354,3,0,0,2,0,0,1
E02002401,E02002356,9,0,0,6,2,0,1
E02002401,E02002357,12,0,0,4,4,0,3
E02002401,E02002358,20,3,1,10,1,0,5
E02002401,E02002359,15,0,0,8,3,0,4
E02002401,E02002361,4,0,0,3,0,0,1
E02002401,E02002362,4,0,0,3,0,0,1
E02002401,E02002363,9,0,0,4,1,0,4
E02002401,E02002364,26,1,0,15,1,0,7
E02002401,E02002366,9,0,0,3,0,0,6
E02002401,E02002367,2,0,0,1,0,0,1
E02002401,E02002368,3,0,0,1,2,0,0
E02002401,E02002369,10,0,0,8,0,0,2
E02002401,E02002370,3,0,0,2,0,0,1
E02002401,E02002371,16,0,1,10,1,1,2
E02002401,E02002373,6,0,1,3,1,0,1
E02002401,E02002374,3,0,0,2,1,0,0
E02002401,E02002375,1,0,0,1,0,0,0
E02002401,E02002376,3,1,0,1,1,0,0
E02002401,E02002377,7,0,0,5,0,0,1
E02002401,E02002379,11,0,4,5,0,0,1
E02002401,E02002380,5,0,0,3,1,0,1
E02002401,E02002382,11,0,1,1,3,0,6
E02002401,E02002383,3,0,0,0,0,0,3
E02002401,E02002384,20,0,1,10,3,0,5
E02002401,E02002385,15,0,0,8,1,0,5
E02002401,E02002386,31,1,3,15,1,0,10
E02002401,E02002387,4,0,0,3,0,0,1
E02002401,E02002388,5,0,0,0,2,0,3
E02002401,E02002389,10,0,1,6,2,0,1
E02002401,E02002390,61,0,21,23,4,0,12
E02002401,E02002391,10,0,0,6,2,0,2
E02002401,E02002392,28,0,2,8,3,0,15
E02002401,E02002393,118,1,9,49,20,0,34
E02002401,E02002394,39,1,8,16,2,1,11
E02002401,E02002395,3,0,0,3,0,0,0
E02002401,E02002396,15,0,1,7,2,1,4
E02002401,E02002397,4,0,1,1,0,0,2
E02002401,E02002398,54,0,24,13,4,0,13
E02002401,E02002399,106,10,20,56,6,0,13
E02002401,E02002400,35,2,1,20,2,0,9
E02002401,E02002401,72,1,45,17,2,0,7
E02002401,E02002402,29,0,3,10,1,0,14
E02002401,E02002403,13,0,0,12,0,0,1
E02002401,E02002404,43,3,5,17,9,0,7
E02002401,E02002405,1,0,0,1,0,0,0
E02002401,E02002407,8,0,0,5,0,0,3
E02002401,E02002408,7,0,3,4,0,0,0
E02002401,E02002409,2,1,0,1,0,0,0
E02002401,E02002410,8,0,0,4,3,0,1
E02002401,E02002411,30,0,1,14,2,0,13
E02002401,E02002412,8,0,1,6,0,0,1
E02002401,E02002414,23,1,0,9,4,0,9
E02002401,E02002415,3,0,1,0,1,0,1
E02002401,E02002416,17,0,3,9,1,0,4
E02002401,E02002419,15,0,0,7,2,0,6
E02002401,E02002420,14,0,2,7,2,0,3
E02002401,E02002421,3,0,0,2,0,0,1
E02002401,E02002422,12,0,0,6,0,1,5
E02002401,E02002424,6,0,0,4,0,0,2
E02002401,E02002425,2,0,0,2,0,0,0
E02002401,E02002426,4,1,0,2,0,0,1
E02002401,E02002427,12,0,2,3,0,0,7
E02002401,E02002428,5,0,0,4,0,0,1
E02002401,E02002429,2,0,0,0,1,0,1
E02002401,E02002430,2,0,0,0,0,0,0
E02002401,E02002431,6,0,0,2,2,0,2
E02002401,E02002433,10,0,0,9,0,0,1
E02002401,E02002435,18,1,3,10,0,0,4
E02002401,E02002436,1,0,0,0,0,0,1
E02002401,E02002443,3,0,0,2,1,0,0
E02002401,E02002444,2,0,0,2,0,0,0
E02002401,E02002445,1,0,0,1,0,0,0
E02002401,E02002451,3,0,0,2,0,1,0
E02002401,E02006852,5,0,0,3,0,0,2
E02002401,E02006861,14,0,0,7,2,0,5
E02002401,E02006875,306,3,19,65,29,1,180
E02002401,E02006876,68,2,0,38,1,0,27
E02002402,E02002239,3,0,0,3,0,0,0
E02002402,E02002271,6,0,0,6,0,0,0
E02002402,E02002272,6,0,1,4,1,0,0
E02002402,E02002276,1,0,0,1,0,0,0
E02002402,E02002335,3,0,0,3,0,0,0
E02002402,E02002336,8,0,0,8,0,0,0
E02002402,E02002341,4,0,0,4,0,0,0
E02002402,E02002343,2,0,1,0,0,0,0
E02002402,E02002344,5,0,0,5,0,0,0
E02002402,E02002345,7,0,1,5,0,0,0
E02002402,E02002347,7,0,0,7,0,0,0
E02002402,E02002348,9,0,0,9,0,0,0
E02002402,E02002349,7,0,0,5,2,0,0
E02002402,E02002350,7,0,1,4,0,0,1
E02002402,E02002351,5,0,0,4,0,0,1
E02002402,E02002352,9,0,0,9,0,0,0
E02002402,E02002353,2,0,0,2,0,0,0
E02002402,E02002354,5,0,0,3,2,0,0
E02002402,E02002356,7,0,0,7,0,0,0
E02002402,E02002357,8,0,0,6,0,0,1
E02002402,E02002358,39,2,0,31,3,0,1
E02002402,E02002359,15,0,0,12,1,0,1
E02002402,E02002360,5,0,0,5,0,0,0
E02002402,E02002361,10,0,0,9,1,0,0
E02002402,E02002362,3,0,0,3,0,0,0
E02002402,E02002363,10,0,0,8,0,0,1
E02002402,E02002364,41,1,2,31,4,0,2
E02002402,E02002366,9,0,1,6,2,0,0
E02002402,E02002367,4,0,0,4,0,0,0
E02002402,E02002368,1,0,0,0,0,0,1
E02002402,E02002369,4,0,0,4,0,0,0
E02002402,E02002370,9,0,0,8,1,0,0
E02002402,E02002371,19,0,0,15,3,0,1
E02002402,E02002373,9,0,1,7,1,0,0
E02002402,E02002374,2,0,0,1,0,0,1
E02002402,E02002375,3,0,0,3,0,0,0
E02002402,E02002376,5,0,1,3,1,0,0
E02002402,E02002377,4,0,0,3,1,0,0
E02002402,E02002379,29,1,1,23,2,0,2
E02002402,E02002380,1,0,0,1,0,0,0
E02002402,E02002381,2,0,0,1,0,0,1
E02002402,E02002382,6,0,0,4,0,0,2
E02002402,E02002383,1,0,0,1,0,0,0
E02002402,E02002384,39,0,0,33,2,0,4
E02002402,E02002385,12,0,0,10,1,0,1
E02002402,E02002386,91,3,33,46,5,0,3
E02002402,E02002387,5,0,0,3,0,0,2
E02002402,E02002388,1,0,0,1,0,0,0
E02002402,E02002389,8,1,0,6,1,0,0
E02002402,E02002390,57,1,8,39,4,0,5
E02002402,E02002391,4,0,0,4,0,0,0
E02002402,E02002392,70,1,0,45,6,1,10
E02002402,E02002393,89,1,1,65,9,0,12
E02002402,E02002394,32,0,0,23,3,0,4
E02002402,E02002395,9,0,0,9,0,0,0
E02002402,E02002396,9,0,0,7,1,0,1
E02002402,E02002397,7,0,0,7,0,0,0
E02002402,E02002398,61,1,16,36,5,1,0
E02002402,E02002399,46,0,0,39,5,0,1
E02002402,E02002400,50,0,0,40,3,1,5
E02002402,E02002401,10,0,0,8,2,0,0
E02002402,E02002402,182,3,94,66,8,1,7
E02002402,E02002403,41,2,0,32,3,0,4
E02002402,E02002404,44,0,0,34,4,0,5
E02002402,E02002405,2,0,0,2,0,0,0
E02002402,E02002407,3,0,0,2,0,0,1
E02002402,E02002408,5,0,0,4,1,0,0
E02002402,E02002409,2,0,0,1,0,0,1
E02002402,E02002410,8,0,1,6,0,0,0
E02002402,E02002411,43,0,0,27,4,0,7
E02002402,E02002412,13,0,0,12,1,0,0
E02002402,E02002414,24,0,0,19,1,0,3
E02002402,E02002415,6,1,0,4,1,0,0
E02002402,E02002416,48,0,11,33,1,0,3
E02002402,E02002419,28,0,0,24,1,0,1
E02002402,E02002420,19,1,0,13,3,0,2
E02002402,E02002421,2,0,0,1,0,0,1
E02002402,E02002422,20,1,1,15,0,0,3
E02002402,E02002423,1,0,0,1,0,0,0
E02002402,E02002424,7,0,0,6,1,0,0
E02002402,E02002425,1,0,0,1,0,0,0
E02002402,E02002426,7,0,0,5,2,0,0
E02002402,E02002427,11,0,0,11,0,0,0
E02002402,E02002428,11,0,2,8,1,0,0
E02002402,E02002429,5,0,0,5,0,0,0
E02002402,E02002431,12,0,0,12,0,0,0
E02002402,E02002433,7,0,1,4,1,0,1
E02002402,E02002434,3,0,0,3,0,0,0
E02002402,E02002435,35,1,0,21,1,0,11
E02002402,E02002436,1,0,0,1,0,0,0
E02002402,E02002437,1,0,0,1,0,0,0
E02002402,E02002443,2,0,0,2,0,0,0
E02002402,E02002444,3,0,0,3,0,0,0
E02002402,E02002445,2,0,0,2,0,0,0
E02002402,E02002451,11,0,0,10,0,0,0
E02002402,E02006852,9,0,0,6,0,0,2
E02002402,E02006861,12,0,1,6,2,0,3
E02002402,E02006875,463,4,7,200,43,4,148
E02002402,E02006876,89,2,0,73,4,2,7
E02002403,E02002239,3,0,0,3,0,0,0
E02002403,E02002271,1,0,0,1,0,0,0
E02002403,E02002272,5,0,0,4,0,0,1
E02002403,E02002276,2,0,0,2,0,0,0
E02002403,E02002277,1,0,0,0,1,0,0
E02002403,E02002335,5,0,0,5,0,0,0
E02002403,E02002336,7,0,0,7,0,0,0
E02002403,E02002343,3,0,0,2,1,0,0
E02002403,E02002344,1,0,0,1,0,0,0
E02002403,E02002345,1,0,0,1,0,0,0
E02002403,E02002347,4,0,0,3,0,0,0
E02002403,E02002348,6,0,1,5,0,0,0
E02002403,E02002349,5,0,0,4,1,0,0
E02002403,E02002350,5,0,1,3,0,0,1
E02002403,E02002351,6,0,2,4,0,0,0
E02002403,E02002352,4,0,0,4,0,0,0
E02002403,E02002353,2,0,1,1,0,0,0
E02002403,E02002354,1,0,0,1,0,0,0
E02002403,E02002356,6,0,0,5,1,0,0
E02002403,E02002357,7,0,1,3,0,0,2
E02002403,E02002358,18,1,0,14,2,0,0
E02002403,E02002359,24,0,5,13,4,2,0
E02002403,E02002360,1,0,0,0,0,0,1
E02002403,E02002361,5,0,0,3,1,0,1
E02002403,E02002362,7,0,1,6,0,0,0
E02002403,E02002363,7,0,0,6,0,0,1
E02002403,E02002364,29,0,0,25,4,0,0
E02002403,E02002366,3,0,0,1,0,1,1
E02002403,E02002367,6,0,0,4,0,0,2
E02002403,E02002368,2,0,0,1,1,0,0
E02002403,E02002369,4,0,0,2,1,0,1
E02002403,E02002370,6,0,1,5,0,0,0
E02002403,E02002371,12,0,0,9,0,1,1
E02002403,E02002373,6,0,0,4,0,1,1
E02002403,E02002374,1,0,0,1,0,0,0
E02002403,E02002376,5,0,0,4,0,0,1
E02002403,E02002377,3,0,0,2,0,0,1
E02002403,E02002379,19,1,0,14,2,0,1
E02002403,E02002380,3,0,0,3,0,0,0
E02002403,E02002381,2,0,0,2,0,0,0
E02002403,E02002382,6,0,0,4,0,0,2
E02002403,E02002384,24,0,1,17,4,1,1
E02002403,E02002385,7,0,0,7,0,0,0
E02002403,E02002386,48,3,0,27,4,0,5
E02002403,E02002387,2,0,0,2,0,0,0
E02002403,E02002388,3,0,0,2,1,0,0
E02002403,E02002389,1,0,0,0,0,0,1
E02002403,E02002390,14,0,0,8,2,0,4
E02002403,E02002391,4,0,0,4,0,0,0
E02002403,E02002392,53,1,0,18,4,1,4
E02002403,E02002393,49,0,0,37,4,0,6
E02002403,E02002394,23,1,0,14,0,0,7
E02002403,E02002395,6,0,0,4,0,0,0
E02002403,E02002396,6,0,0,5,0,1,0
E02002403,E02002397,3,0,0,2,0,0,0
E02002403,E02002398,16,0,0,14,0,0,2
E02002403,E02002399,33,0,2,24,2,0,4
E02002403,E02002400,46,0,0,26,2,1,5
E02002403,E02002401,11,6,0,5,0,0,0
E02002403,E02002402,75,1,3,44,10,0,17
E02002403,E02002403,330,3,226,89,6,0,3
E02002403,E02002404,18,1,0,14,1,0,2
E02002403,E02002407,2,0,1,0,0,0,1
E02002403,E02002408,4,0,0,3,0,0,0
E02002403,E02002409,5,0,1,2,1,0,1
E02002403,E02002410,11,0,1,8,0,0,0
E02002403,E02002411,30,3,0,21,1,0,0
E02002403,E02002412,10,0,0,6,3,0,1
E02002403,E02002414,23,0,1,17,1,0,3
E02002403,E02002415,6,1,0,3,0,0,1
E02002403,E02002416,109,4,20,57,9,0,14
E02002403,E02002419,17,0,0,13,2,0,1
E02002403,E02002420,18,0,0,14,2,0,1
E02002403,E02002421,7,0,0,6,0,0,0
E02002403,E02002422,15,0,0,11,1,0,3
E02002403,E02002424,8,0,0,7,1,0,0
E02002403,E02002425,3,0,0,1,1,0,1
E02002403,E02002426,5,0,1,2,1,0,1
E02002403,E02002427,18,0,0,14,2,0,1
E02002403,E02002428,3,0,0,3,0,0,0
E02002403,E02002429,4,0,0,4,0,0,0
E02002403,E02002430,1,0,0,1,0,0,0
E02002403,E02002431,6,0,0,6,0,0,0
E02002403,E02002433,3,0,0,2,0,0,0
E02002403,E02002434,5,0,0,4,1,0,0
E02002403,E02002435,15,0,1,13,1,0,0
E02002403,E02002436,3,0,0,3,0,0,0
E02002403,E02002443,2,0,0,2,0,0,0
E02002403,E02002444,3,0,0,3,0,0,0
E02002403,E02002445,4,0,0,3,0,0,0
E02002403,E02002451,9,1,0,6,0,0,1
E02002403,E02006852,11,0,0,8,0,0,3
E02002403,E02006861,10,0,0,7,1,0,1
E02002403,E02006875,336,4,2,102,19,1,55
E02002403,E02006876,75,1,0,58,10,1,4
E02002404,E02002239,1,0,0,1,0,0,0
E02002404,E02002271,3,0,2,1,0,0,0
E02002404,E02002272,20,0,1,12,0,0,7
E02002404,E02002276,2,0,0,2,0,0,0
E02002404,E02002277,1,0,0,1,0,0,0
E02002404,E02002335,3,0,0,3,0,0,0
E02002404,E02002336,9,0,0,4,0,0,4
E02002404,E02002341,5,0,0,3,0,0,2
E02002404,E02002343,2,0,0,2,0,0,0
E02002404,E02002346,1,0,0,1,0,0,0
E02002404,E02002347,1,0,1,0,0,0,0
E02002404,E02002348,7,0,0,3,0,0,4
E02002404,E02002349,11,0,0,6,0,0,2
E02002404,E02002350,9,0,1,2,0,0,5
E02002404,E02002351,18,0,1,5,0,0,10
E02002404,E02002352,14,0,2,7,0,0,4
E02002404,E02002353,5,0,0,2,0,0,3
E02002404,E02002354,4,0,0,1,0,0,2
E02002404,E02002356,17,0,3,11,1,0,2
E02002404,E02002357,12,0,3,3,1,0,3
E02002404,E02002358,21,0,0,8,3,0,9
E02002404,E02002359,12,0,1,5,1,1,4
E02002404,E02002360,6,0,1,4,0,0,1
E02002404,E02002361,14,1,0,6,1,1,5
E02002404,E02002362,4,0,0,2,0,0,2
E02002404,E02002363,10,0,1,6,1,0,2
E02002404,E02002364,16,0,0,5,1,0,10
E02002404,E02002366,6,0,0,4,2,0,0
E02002404,E02002367,14,2,3,9,0,0,0
E02002404,E02002368,5,0,2,1,0,1,0
E02002404,E02002369,8,0,0,6,2,0,0
E02002404,E02002370,3,0,0,2,0,0,1
E02002404,E02002371,20,1,3,10,1,0,5
E02002404,E02002373,21,1,6,10,0,0,3
E02002404,E02002374,6,0,0,2,1,0,2
E02002404,E02002375,5,0,1,0,0,0,4
E02002404,E02002376,2,0,0,1,0,0,1
E02002404,E02002377,7,0,0,6,1,0,0
E02002404,E02002379,10,1,2,5,1,0,1
E02002404,E02002380,3,0,1,0,0,0,2
E02002404,E02002381,5,1,0,2,0,0,2
E02002404,E02002382,10,0,0,4,3,0,2
E02002404,E02002383,3,0,0,2,0,0,1
E02002404,E02002384,47,0,24,12,1,0,9
E02002404,E02002385,19,4,2,5,0,0,8
E02002404,E02002386,28,2,2,16,0,0,6
E02002404,E02002387,4,0,0,0,1,0,3
E02002404,E02002388,4,0,2,1,1,0,0
E02002404,E02002389,4,0,0,1,0,0,3
E02002404,E02002390,44,2,5,16,3,0,16
E02002404,E02002391,9,0,0,5,1,0,2
E02002404,E02002392,120,3,75,24,3,0,14
E02002404,E02002393,144,1,59,40,14,0,22
E02002404,E02002394,60,0,19,25,3,1,10
E02002404,E02002395,15,0,1,2,1,0,0
E02002404,E02002396,14,1,0,9,0,0,4
E02002404,E02002397,3,0,0,3,0,0,0
E02002404,E02002398,9,0,1,3,3,0,2
E02002404,E02002399,96,5,39,32,11,0,7
E02002404,E02002400,96,2,37,31,3,0,18
E02002404,E02002401,5,0,1,1,0,0,3
E02002404,E02002402,22,0,1,11,3,0,7
E02002404,E02002403,17,3,0,8,2,0,4
E02002404,E02002404,149,3,86,32,11,1,12
E02002404,E02002405,1,0,1,0,0,0,0
E02002404,E02002407,15,0,1,8,1,0,5
E02002404,E02002408,9,0,0,8,1,0,0
E02002404,E02002409,2,0,0,1,0,0,0
E02002404,E02002410,12,0,0,1,0,2,7
E02002404,E02002411,76,1,30,22,7,0,14
E02002404,E02002412,29,2,2,17,5,0,3
E02002404,E02002414,39,2,11,13,0,1,10
E02002404,E02002415,11,2,0,6,1,0,2
E02002404,E02002416,21,1,0,12,1,0,6
E02002404,E02002419,30,0,3,11,4,0,10
E02002404,E02002420,21,2,0,11,3,0,5
E02002404,E02002421,4,0,0,4,0,0,0
E02002404,E02002422,40,0,6,13,2,0,19
E02002404,E02002423,3,0,0,3,0,0,0
E02002404,E02002424,9,0,0,6,0,0,3
E02002404,E02002425,5,0,1,1,1,0,2
E02002404,E02002426,9,0,2,1,1,0,5
E02002404,E02002427,9,0,1,2,3,0,3
E02002404,E02002428,15,0,0,6,1,0,8
E02002404,E02002429,5,0,0,2,1,0,2
E02002404,E02002430,4,0,0,2,0,0,2
E02002404,E02002431,14,0,0,7,1,1,5
E02002404,E02002433,15,0,2,12,0,0,1
E02002404,E02002434,1,0,0,1,0,0,0
E02002404,E02002435,36,0,6,12,1,0,15
E02002404,E02002443,1,0,0,1,0,0,0
E02002404,E02002444,3,0,0,3,0,0,0
E02002404,E02002445,2,0,0,1,0,0,1
E02002404,E02002451,17,0,0,13,0,0,3
E02002404,E02006852,17,1,1,2,1,0,10
E02002404,E02006861,31,0,7,8,5,0,11
E02002404,E02006875,1145,10,798,96,38,3,174
E02002404,E02006876,188,9,65,71,8,0,30
E02002405,E02002239,54,2,2,41,3,1,5
E02002405,E02002271,2,0,0,2,0,0,0
E02002405,E02002272,12,0,1,10,0,1,0
E02002405,E02002276,1,0,0,1,0,0,0
E02002405,E02002277,2,0,0,2,0,0,0
E02002405,E02002335,3,0,0,3,0,0,0
E02002405,E02002336,16,0,2,14,0,0,0
E02002405,E02002341,3,0,0,2,1,0,0
E02002405,E02002342,1,0,0,1,0,0,0
E02002405,E02002343,7,0,1,6,0,0,0
E02002405,E02002344,1,0,0,1,0,0,0
E02002405,E02002345,6,2,0,4,0,0,0
E02002405,E02002346,1,0,0,1,0,0,0
E02002405,E02002347,1,0,0,1,0,0,0
E02002405,E02002348,17,0,0,16,0,0,1
E02002405,E02002350,18,0,0,14,2,0,2
E02002405,E02002351,2,0,0,2,0,0,0
E02002405,E02002352,11,0,1,5,1,0,3
E02002405,E02002353,2,0,0,1,1,0,0
E02002405,E02002354,3,0,0,3,0,0,0
E02002405,E02002356,28,0,0,23,2,0,3
E02002405,E02002357,13,2,0,9,0,0,1
E02002405,E02002358,3,0,0,3,0,0,0
E02002405,E02002359,4,0,1,2,0,0,1
E02002405,E02002360,2,0,0,2,0,0,0
E02002405,E02002361,3,0,2,0,0,0,1
E02002405,E02002362,7,0,0,4,3,0,0
E02002405,E02002363,2,0,0,2,0,0,0
E02002405,E02002364,5,1,0,3,0,0,1
E02002405,E02002366,3,0,1,2,0,0,0
E02002405,E02002367,1,0,0,0,0,0,1
E02002405,E02002368,50,1,2,34,7,0,6
E02002405,E02002371,5,0,0,3,1,0,1
E02002405,E02002373,7,0,1,5,0,0,1
E02002405,E02002374,11,0,0,7,2,0,2
E02002405,E02002375,6,0,0,6,0,0,0
E02002405,E02002376,4,0,0,3,1,0,0
E02002405,E02002377,2,0,0,2,0,0,0
E02002405,E02002379,5,0,1,3,0,0,1
E02002405,E02002380,11,0,0,7,1,0,3
E02002405,E02002381,20,1,3,14,1,0,1
E02002405,E02002383,1,0,0,0,0,0,1
E02002405,E02002384,23,1,1,15,1,0,5
E02002405,E02002385,11,2,0,7,1,0,1
E02002405,E02002386,4,0,0,2,1,0,1
E02002405,E02002387,35,1,0,24,3,0,7
E02002405,E02002388,7,0,0,6,1,0,0
E02002405,E02002390,10,0,0,8,1,0,1
E02002405,E02002391,161,2,46,91,8,2,10
E02002405,E02002392,62,1,1,41,5,0,13
E02002405,E02002393,41,0,0,23,2,0,16
E02002405,E02002394,5,0,1,3,0,0,1
E02002405,E02002395,97,1,12,69,9,1,5
E02002405,E02002396,43,0,1,32,4,0,5
E02002405,E02002397,28,0,8,16,1,0,3
E02002405,E02002398,2,0,0,2,0,0,0
E02002405,E02002399,19,1,0,15,2,0,1
E02002405,E02002400,46,0,1,30,4,1,10
E02002405,E02002401,2,0,0,2,0,0,0
E02002405,E02002402,7,0,0,5,1,0,1
E02002405,E02002403,2,0,0,2,0,0,0
E02002405,E02002404,11,1,0,8,1,0,1
E02002405,E02002405,173,2,98,60,6,0,4
E02002405,E02002407,12,0,0,7,0,2,3
E02002405,E02002408,207,2,77,102,12,0,11
E02002405,E02002409,11,0,1,9,0,0,1
E02002405,E02002410,27,1,1,20,1,0,3
E02002405,E02002411,45,1,0,37,5,0,2
E02002405,E02002412,54,0,1,44,3,0,6
E02002405,E02002414,11,0,0,9,1,0,1
E02002405,E02002415,7,0,0,7,0,0,0
E02002405,E02002416,2,0,0,2,0,0,0
E02002405,E02002419,27,0,0,24,3,0,0
E02002405,E02002420,27,0,0,20,4,0,3
E02002405,E02002422,32,0,0,22,2,0,8
E02002405,E02002424,5,0,0,3,2,0,0
E02002405,E02002425,14,0,0,10,0,1,3
E02002405,E02002427,3,0,0,2,1,0,0
E02002405,E02002428,9,0,1,8,0,0,0
E02002405,E02002429,4,0,1,2,0,0,1
E02002405,E02002430,1,0,0,1,0,0,0
E02002405,E02002431,15,0,1,5,3,1,5
E02002405,E02002433,22,0,2,17,0,1,1
E02002405,E02002435,26,0,0,24,0,0,2
E02002405,E02002436,1,0,0,1,0,0,0
E02002405,E02002437,1,0,0,1,0,0,0
E02002405,E02002443,1,0,0,1,0,0,0
E02002405,E02002451,7,0,0,7,0,0,0
E02002405,E02006852,17,1,1,13,1,0,1
E02002405,E02006861,9,0,0,6,1,0,2
E02002405,E02006875,322,6,4,139,24,2,118
E02002405,E02006876,61,0,0,57,1,0,3
E02002407,E02002239,23,0,0,13,6,0,4
E02002407,E02002272,9,0,0,5,2,0,2
E02002407,E02002335,5,0,0,4,1,0,0
E02002407,E02002336,12,0,0,10,0,0,2
E02002407,E02002342,2,0,0,1,0,0,1
E02002407,E02002343,1,0,0,0,1,0,0
E02002407,E02002344,1,0,0,1,0,0,0
E02002407,E02002345,3,0,0,1,0,0,2
E02002407,E02002346,1,0,0,1,0,0,0
E02002407,E02002347,1,0,0,1,0,0,0
E02002407,E02002348,13,0,0,10,1,0,1
E02002407,E02002349,2,0,0,2,0,0,0
E02002407,E02002350,10,0,1,5,0,0,4
E02002407,E02002351,1,0,0,0,0,0,1
E02002407,E02002352,9,0,0,2,0,0,7
E02002407,E02002353,1,0,0,1,0,0,0
E02002407,E02002354,3,0,0,2,0,0,1
E02002407,E02002356,11,0,0,8,2,0,1
E02002407,E02002357,16,0,0,13,2,0,1
E02002407,E02002358,5,0,1,3,0,0,1
E02002407,E02002359,1,0,0,1,0,0,0
E02002407,E02002360,5,0,0,1,1,0,2
E02002407,E02002361,5,0,0,2,1,0,2
E02002407,E02002362,6,0,0,6,0,0,0
E02002407,E02002364,10,0,0,6,0,0,4
E02002407,E02002366,5,0,0,5,0,0,0
E02002407,E02002367,5,0,0,2,2,0,1
E02002407,E02002368,11,0,1,5,2,0,2
E02002407,E02002369,5,0,0,3,2,0,0
E02002407,E02002370,1,0,1,0,0,0,0
E02002407,E02002371,11,0,0,7,1,0,3
E02002407,E02002373,6,2,0,0,1,0,1
E02002407,E02002374,12,0,1,7,0,1,2
E02002407,E02002375,9,0,3,3,1,0,2
E02002407,E02002376,4,0,0,1,2,0,1
E02002407,E02002377,4,0,1,1,0,0,2
E02002407,E02002379,5,0,2,2,0,0,1
E02002407,E02002380,4,0,0,3,1,0,0
E02002407,E02002381,6,1,0,1,0,0,3
E02002407,E02002382,2,0,0,2,0,0,0
E02002407,E02002383,2,0,0,1,1,0,0
E02002407,E02002384,24,0,1,16,4,0,3
E02002407,E02002385,19,0,4,10,0,0,5
E02002407,E02002386,6,0,0,4,0,0,1
E02002407,E02002387,28,0,3,13,6,0,4
E02002407,E02002388,19,0,2,9,4,0,1
E02002407,E02002389,1,0,0,0,0,0,1
E02002407,E02002390,10,0,0,7,0,0,3
E02002407,E02002391,56,0,1,34,9,0,11
E02002407,E02002392,62,1,11,16,9,2,22
E02002407,E02002393,44,3,0,21,2,0,18
E02002407,E02002394,8,0,0,4,1,0,3
E02002407,E02002395,14,0,0,8,2,0,4
E02002407,E02002396,87,2,34,29,3,0,14
E02002407,E02002397,14,0,0,5,1,0,5
E02002407,E02002398,2,0,0,1,0,0,1
E02002407,E02002399,33,1,0,24,5,1,2
E02002407,E02002400,171,3,36,69,18,1,38
E02002407,E02002401,2,0,0,2,0,0,0
E02002407,E02002402,4,0,0,3,0,0,1
E02002407,E02002403,7,0,1,4,1,0,0
E02002407,E02002404,17,0,0,12,0,0,4
E02002407,E02002405,9,0,0,6,3,0,0
E02002407,E02002407,77,0,42,23,3,0,6
E02002407,E02002408,29,0,4,12,1,0,11
E02002407,E02002409,48,1,31,7,2,0,7
E02002407,E02002410,102,1,49,31,9,0,8
E02002407,E02002411,44,1,3,29,2,0,9
E02002407,E02002412,104,0,44,41,9,1,9
E02002407,E02002414,23,0,0,17,2,0,3
E02002407,E02002415,1,0,0,1,0,0,0
E02002407,E02002416,4,0,0,4,0,0,0
E02002407,E02002419,53,1,11,27,5,1,7
E02002407,E02002420,26,1,1,16,1,0,6
E02002407,E02002421,2,0,0,0,1,0,1
E02002407,E02002422,37,1,2,17,5,0,11
E02002407,E02002423,2,0,0,2,0,0,0
E02002407,E02002424,25,0,1,17,3,0,2
E02002407,E02002425,5,0,0,2,1,0,1
E02002407,E02002426,1,0,0,0,0,0,1
E02002407,E02002427,4,0,0,4,0,0,0
E02002407,E02002428,1,0,0,1,0,0,0
E02002407,E02002429,2,0,0,2,0,0,0
E02002407,E02002431,9,0,1,3,2,0,2
E02002407,E02002433,14,0,1,11,1,0,1
E02002407,E02002435,19,0,0,11,0,0,8
E02002407,E02002436,2,0,0,2,0,0,0
E02002407,E02002437,1,0,0,1,0,0,0
E02002407,E02002443,2,0,0,2,0,0,0
E02002407,E02002444,1,0,0,1,0,0,0
E02002407,E02002451,7,0,0,5,0,0,0
E02002407,E02006852,27,1,3,13,3,0,7
E02002407,E02006861,17,1,6,4,1,0,5
E02002407,E02006875,398,10,25,89,23,1,247
E02002407,E02006876,76,2,1,48,6,1,16
E02002408,E02002239,31,0,0,26,3,1,1
E02002408,E02002271,2,0,0,2,0,0,0
E02002408,E02002272,10,1,0,9,0,0,0
E02002408,E02002276,5,0,0,5,0,0,0
E02002408,E02002335,1,0,0,1,0,0,0
E02002408,E02002336,19,2,0,13,2,0,0
E02002408,E02002341,2,0,0,2,0,0,0
E02002408,E02002342,2,0,0,2,0,0,0
E02002408,E02002343,6,0,0,6,0,0,0
E02002408,E02002344,2,0,1,0,0,0,1
E02002408,E02002345,4,0,0,4,0,0,0
E02002408,E02002346,4,0,0,4,0,0,0
E02002408,E02002347,2,0,0,1,0,0,1
E02002408,E02002348,17,0,1,15,1,0,0
E02002408,E02002349,5,0,0,4,1,0,0
E02002408,E02002350,16,0,0,14,1,0,1
E02002408,E02002352,9,0,0,8,0,0,1
E02002408,E02002353,2,0,0,2,0,0,0
E02002408,E02002354,2,0,0,2,0,0,0
E02002408,E02002356,36,0,0,31,2,0,3
E02002408,E02002357,15,0,1,13,0,0,1
E02002408,E02002358,5,0,0,4,1,0,0
E02002408,E02002359,7,0,0,6,0,0,0
E02002408,E02002361,2,0,0,2,0,0,0
E02002408,E02002362,15,0,0,14,1,0,0
E02002408,E02002363,11,0,1,6,1,0,1
E02002408,E02002364,4,0,1,3,0,0,0
E02002408,E02002366,3,0,0,3,0,0,0
E02002408,E02002367,3,0,0,2,1,0,0
E02002408,E02002368,37,1,2,26,5,0,3
E02002408,E02002369,3,0,0,3,0,0,0
E02002408,E02002371,13,1,0,11,1,0,0
E02002408,E02002373,9,0,0,7,0,0,2
E02002408,E02002374,10,0,0,7,0,0,3
E02002408,E02002375,8,0,2,5,0,0,1
E02002408,E02002376,1,0,0,1,0,0,0
E02002408,E02002377,2,0,0,2,0,0,0
E02002408,E02002379,6,0,0,6,0,0,0
E02002408,E02002380,10,0,0,7,2,0,0
E02002408,E02002381,26,0,7,15,2,0,1
E02002408,E02002383,1,0,0,0,0,0,0
E02002408,E02002384,43,1,0,24,3,1,13
E02002408,E02002385,14,0,0,10,0,0,3
E02002408,E02002386,3,0,0,2,0,0,0
E02002408,E02002387,44,0,3,26,2,1,8
E02002408,E02002388,12,0,1,8,0,0,3
E02002408,E02002389,2,0,1,1,0,0,0
E02002408,E02002390,4,0,0,4,0,0,0
E02002408,E02002391,198,1,48,105,22,4,15
E02002408,E02002392,90,2,1,53,12,2,20
E02002408,E02002393,45,0,0,33,3,0,8
E02002408,E02002394,6,0,0,4,0,0,1
E02002408,E02002395,71,0,10,44,7,0,8
E02002408,E02002396,61,2,6,37,3,1,10
E02002408,E02002397,52,2,18,22,5,1,2
E02002408,E02002398,3,0,0,2,0,0,1
E02002408,E02002399,24,0,0,21,1,0,2
E02002408,E02002400,92,2,4,62,6,3,13
E02002408,E02002401,1,0,0,1,0,0,0
E02002408,E02002402,11,0,0,11,0,0,0
E02002408,E02002403,4,0,1,3,0,0,0
E02002408,E02002404,9,0,0,8,1,0,0
E02002408,E02002405,74,1,36,29,6,0,2
E02002408,E02002407,19,0,0,15,2,0,2
E02002408,E02002408,289,3,130,122,14,2,10
E02002408,E02002409,16,1,0,11,1,0,2
E02002408,E02002410,29,0,1,20,1,0,7
E02002408,E02002411,48,2,0,34,4,0,7
E02002408,E02002412,41,2,0,27,4,0,6
E02002408,E02002414,31,1,0,24,1,1,4
E02002408,E02002415,7,0,0,7,0,0,0
E02002408,E02002416,9,0,0,9,0,0,0
E02002408,E02002419,41,1,0,28,4,2,4
E02002408,E02002420,16,1,1,13,0,0,1
E02002408,E02002421,3,0,0,2,1,0,0
E02002408,E02002422,29,0,0,19,2,0,8
E02002408,E02002423,3,0,0,3,0,0,0
E02002408,E02002424,10,0,0,8,1,0,0
E02002408,E02002425,6,0,0,2,1,0,3
E02002408,E02002426,3,0,0,2,1,0,0
E02002408,E02002427,3,0,0,1,0,0,2
E02002408,E02002428,6,0,1,5,0,0,0
E02002408,E02002429,4,0,0,4,0,0,0
E02002408,E02002430,1,0,0,0,1,0,0
E02002408,E02002431,21,0,0,19,1,0,1
E02002408,E02002433,18,0,1,14,1,0,2
E02002408,E02002434,1,0,0,1,0,0,0
E02002408,E02002435,38,1,2,28,1,0,3
E02002408,E02002437,1,0,0,1,0,0,0
E02002408,E02002443,3,0,0,2,0,1,0
E02002408,E02002445,1,0,0,1,0,0,0
E02002408,E02002451,11,0,0,7,0,0,1
E02002408,E02006852,22,0,3,18,1,0,0
E02002408,E02006861,11,0,1,6,0,0,3
E02002408,E02006875,411,8,6,187,32,0,160
E02002408,E02006876,79,3,1,57,7,0,10
E02002409,E02002239,16,0,0,10,5,0,1
E02002409,E02002272,8,0,0,6,2,0,0
E02002409,E02002276,1,0,0,1,0,0,0
E02002409,E02002277,1,0,0,1,0,0,0
E02002409,E02002335,4,0,0,2,2,0,0
E02002409,E02002336,14,0,0,12,0,0,2
E02002409,E02002341,3,0,0,3,0,0,0
E02002409,E02002342,4,0,0,3,0,0,1
E02002409,E02002344,1,0,0,0,0,0,1
E02002409,E02002345,2,0,0,1,0,0,1
E02002409,E02002346,1,0,0,0,1,0,0
E02002409,E02002347,3,0,1,2,0,0,0
E02002409,E02002348,6,0,0,4,0,0,2
E02002409,E02002349,3,0,0,2,1,0,0
E02002409,E02002350,5,0,0,5,0,0,0
E02002409,E02002352,3,0,0,2,0,0,1
E02002409,E02002353,1,0,0,1,0,0,0
E02002409,E02002354,1,0,0,0,1,0,0
E02002409,E02002356,23,0,0,20,2,0,1
E02002409,E02002357,17,0,0,13,0,0,4
E02002409,E02002358,6,0,1,4,1,0,0
E02002409,E02002359,2,0,0,1,1,0,0
E02002409,E02002360,2,0,0,1,0,0,1
E02002409,E02002361,4,0,1,3,0,0,0
E02002409,E02002362,11,0,0,7,0,0,4
E02002409,E02002363,6,0,0,4,0,1,1
E02002409,E02002364,12,0,1,6,0,0,5
E02002409,E02002366,1,0,0,0,1,0,0
E02002409,E02002367,1,0,0,0,1,0,0
E02002409,E02002368,9,0,0,6,1,0,2
E02002409,E02002369,1,0,0,1,0,0,0
E02002409,E02002370,1,0,0,1,0,0,0
E02002409,E02002371,6,0,0,4,0,0,1
E02002409,E02002373,12,0,0,10,1,0,1
E02002409,E02002374,10,0,2,6,1,0,1
E02002409,E02002375,6,0,1,5,0,0,0
E02002409,E02002376,1,0,0,1,0,0,0
E02002409,E02002377,1,0,0,0,0,0,1
E02002409,E02002379,5,0,0,3,1,0,1
E02002409,E02002380,10,0,0,10,0,0,0
E02002409,E02002381,15,0,1,11,0,0,3
E02002409,E02002382,2,0,0,1,0,0,1
E02002409,E02002383,3,0,1,0,1,0,1
E02002409,E02002384,20,1,1,8,1,1,8
E02002409,E02002385,12,0,1,7,0,0,4
E02002409,E02002386,4,0,0,2,0,0,2
E02002409,E02002387,41,1,10,17,5,0,6
E02002409,E02002388,15,1,1,12,0,0,1
E02002409,E02002389,1,0,0,1,0,0,0
E02002409,E02002390,10,0,0,7,0,0,3
E02002409,E02002391,90,2,5,59,11,0,11
E02002409,E02002392,49,2,3,23,10,0,11
E02002409,E02002393,42,1,0,27,3,0,11
E02002409,E02002394,10,0,0,8,0,0,2
E02002409,E02002395,33,0,1,23,2,1,5
E02002409,E02002396,82,1,21,40,8,2,9
E02002409,E02002397,11,0,2,8,1,0,0
E02002409,E02002398,1,0,0,0,0,0,1
E02002409,E02002399,27,0,0,19,2,1,5
E02002409,E02002400,98,1,10,55,5,2,24
E02002409,E02002401,5,0,0,2,1,0,2
E02002409,E02002402,11,0,0,7,1,0,3
E02002409,E02002403,5,0,0,3,1,0,1
E02002409,E02002404,18,0,1,13,0,0,4
E02002409,E02002405,10,0,0,10,0,0,0
E02002409,E02002407,39,1,6,23,3,0,6
E02002409,E02002408,45,2,4,27,3,0,8
E02002409,E02002409,96,2,38,43,8,0,5
E02002409,E02002410,56,1,7,26,8,2,12
E02002409,E02002411,50,2,0,28,11,0,8
E02002409,E02002412,86,2,13,52,13,0,2
E02002409,E02002414,30,0,0,24,2,0,4
E02002409,E02002415,4,0,0,4,0,0,0
E02002409,E02002416,11,0,0,8,3,0,0
E02002409,E02002419,48,2,5,26,6,0,8
E02002409,E02002420,31,0,1,21,4,1,3
E02002409,E02002421,2,0,0,2,0,0,0
E02002409,E02002422,50,0,1,23,4,0,22
E02002409,E02002423,3,0,0,3,0,0,0
E02002409,E02002424,18,2,2,11,2,0,1
E02002409,E02002425,21,0,1,14,0,0,5
E02002409,E02002426,1,0,0,1,0,0,0
E02002409,E02002427,3,0,0,1,0,0,2
E02002409,E02002428,10,0,0,6,0,3,1
E02002409,E02002429,2,0,0,2,0,0,0
E02002409,E02002430,2,0,0,2,0,0,0
E02002409,E02002431,12,1,0,7,1,0,3
E02002409,E02002433,14,0,0,11,2,0,1
E02002409,E02002434,2,0,0,2,0,0,0
E02002409,E02002435,22,0,2,19,1,0,0
E02002409,E02002436,3,0,0,3,0,0,0
E02002409,E02002444,4,0,0,4,0,0,0
E02002409,E02002445,2,0,0,2,0,0,0
E02002409,E02002451,5,0,0,5,0,0,0
E02002409,E02006852,9,0,1,6,1,0,1
E02002409,E02006861,15,0,0,11,2,0,2
E02002409,E02006875,322,4,7,135,20,3,143
E02002409,E02006876,80,1,1,54,7,0,16
E02002410,E02002239,9,1,0,8,0,0,0
E02002410,E02002271,1,0,0,1,0,0,0
E02002410,E02002272,17,0,0,12,1,0,4
E02002410,E02002276,3,0,0,3,0,0,0
E02002410,E02002335,4,0,0,2,1,0,1
E02002410,E02002336,16,0,0,11,0,0,4
E02002410,E02002341,2,0,0,2,0,0,0
E02002410,E02002342,1,0,1,0,0,0,0
E02002410,E02002343,7,0,1,5,0,0,1
E02002410,E02002345,4,0,0,4,0,0,0
E02002410,E02002346,1,0,0,1,0,0,0
E02002410,E02002347,5,0,0,4,0,0,1
E02002410,E02002348,9,0,0,7,1,0,1
E02002410,E02002349,9,0,2,7,0,0,0
E02002410,E02002350,4,0,0,1,1,0,2
E02002410,E02002351,3,0,1,2,0,0,0
E02002410,E02002352,13,0,1,10,2,0,0
E02002410,E02002353,3,0,0,2,1,0,0
E02002410,E02002354,4,0,0,3,0,0,1
E02002410,E02002356,12,0,0,8,0,0,3
E02002410,E02002357,6,0,0,3,1,0,2
E02002410,E02002358,12,0,0,10,0,0,2
E02002410,E02002359,2,0,0,1,1,0,0
E02002410,E02002360,3,0,0,2,0,0,1
E02002410,E02002361,6,0,1,3,0,0,2
E02002410,E02002362,2,0,0,2,0,0,0
E02002410,E02002363,4,0,0,3,1,0,0
E02002410,E02002364,18,0,1,13,3,0,1
E02002410,E02002366,5,0,0,4,1,0,0
E02002410,E02002367,6,0,0,4,0,0,2
E02002410,E02002368,7,0,0,6,0,0,1
E02002410,E02002369,1,0,0,1,0,0,0
E02002410,E02002371,15,0,0,10,3,0,2
E02002410,E02002373,6,0,0,4,1,0,1
E02002410,E02002374,13,0,1,6,1,0,5
E02002410,E02002375,1,0,0,1,0,0,0
E02002410,E02002376,1,0,0,1,0,0,0
E02002410,E02002377,5,0,0,4,0,0,1
E02002410,E02002379,4,0,0,4,0,0,0
E02002410,E02002380,6,0,0,2,2,0,2
E02002410,E02002381,4,0,0,2,1,0,1
E02002410,E02002382,2,0,1,1,0,0,0
E02002410,E02002383,3,0,0,3,0,0,0
E02002410,E02002384,36,0,4,20,3,0,8
E02002410,E02002385,17,0,3,11,1,0,2
E02002410,E02002386,19,0,1,10,2,0,6
E02002410,E02002387,22,1,0,14,4,0,3
E02002410,E02002388,14,0,1,9,3,0,1
E02002410,E02002389,1,0,0,1,0,0,0
E02002410,E02002390,10,0,0,5,0,0,5
E02002410,E02002391,56,3,3,41,2,0,6
E02002410,E02002392,100,5,11,45,7,1,29
E02002410,E02002393,68,2,0,37,3,1,23
E02002410,E02002394,24,0,2,13,0,0,9
E02002410,E02002395,19,0,0,15,1,0,3
E02002410,E02002396,59,1,14,33,4,1,5
E02002410,E02002397,9,0,0,6,1,0,2
E02002410,E02002398,2,0,0,2,0,0,0
E02002410,E02002399,38,2,4,25,2,1,4
E02002410,E02002400,222,7,60,117,15,0,17
E02002410,E02002401,1,0,0,1,0,0,0
E02002410,E02002402,11,0,0,9,1,0,1
E02002410,E02002403,7,0,0,6,0,0,0
E02002410,E02002404,28,1,0,18,2,1,6
E02002410,E02002405,6,0,0,3,2,0,1
E02002410,E02002407,73,0,35,29,4,0,4
E02002410,E02002408,19,0,1,14,1,0,3
E02002410,E02002409,20,1,2,10,2,0,1
E02002410,E02002410,133,2,58,51,8,0,13
E02002410,E02002411,105,5,24,61,6,0,9
E02002410,E02002412,111,1,36,54,12,1,5
E02002410,E02002414,41,0,3,31,4,0,2
E02002410,E02002415,5,0,0,3,2,0,0
E02002410,E02002416,4,0,0,4,0,0,0
E02002410,E02002419,73,1,18,35,9,0,4
E02002410,E02002420,23,0,0,17,4,0,2
E02002410,E02002421,6,0,0,4,0,0,2
E02002410,E02002422,57,1,2,32,9,0,13
E02002410,E02002423,3,0,0,3,0,0,0
E02002410,E02002424,14,1,0,9,3,0,1
E02002410,E02002425,8,0,0,5,1,2,0
E02002410,E02002426,1,0,0,1,0,0,0
E02002410,E02002427,4,0,0,4,0,0,0
E02002410,E02002428,5,0,0,5,0,0,0
E02002410,E02002429,1,0,0,0,0,0,1
E02002410,E02002430,3,0,0,2,0,0,1
E02002410,E02002431,20,0,0,13,1,0,5
E02002410,E02002433,11,0,2,7,0,0,2
E02002410,E02002435,31,0,1,18,2,2,8
E02002410,E02002436,3,0,0,2,0,0,1
E02002410,E02002437,1,0,0,1,0,0,0
E02002410,E02002443,3,0,0,3,0,0,0
E02002410,E02002444,2,0,0,2,0,0,0
E02002410,E02002451,8,0,0,6,1,0,0
E02002410,E02006852,18,0,0,11,3,0,4
E02002410,E02006861,18,0,2,11,1,0,4
E02002410,E02006875,550,11,61,161,54,5,247
E02002410,E02006876,145,3,4,108,8,2,19
E02002411,E02002239,8,0,0,6,0,1,0
E02002411,E02002272,8,0,0,6,0,0,2
E02002411,E02002276,1,0,0,1,0,0,0
E02002411,E02002335,2,0,0,1,0,0,1
E02002411,E02002336,9,0,0,6,0,0,3
E02002411,E02002341,2,0,0,2,0,0,0
E02002411,E02002342,3,0,0,2,1,0,0
E02002411,E02002343,1,0,0,0,0,0,1
E02002411,E02002344,2,0,0,0,0,0,2
E02002411,E02002345,7,0,0,1,0,0,6
E02002411,E02002346,4,0,2,2,0,0,0
E02002411,E02002347,4,0,1,1,0,0,2
E02002411,E02002348,21,0,3,8,1,0,9
E02002411,E02002349,3,0,0,2,0,0,1
E02002411,E02002350,5,0,0,3,1,0,1
E02002411,E02002351,3,0,0,0,0,0,2
E02002411,E02002352,7,0,0,4,0,0,3
E02002411,E02002353,4,0,1,1,0,0,2
E02002411,E02002356,12,0,2,6,1,0,2
E02002411,E02002357,8,0,1,4,0,0,2
E02002411,E02002358,12,0,0,6,3,0,2
E02002411,E02002359,4,0,0,3,0,0,1
E02002411,E02002360,1,0,0,1,0,0,0
E02002411,E02002361,9,0,0,6,1,0,2
E02002411,E02002362,5,0,0,5,0,0,0
E02002411,E02002363,12,0,0,8,1,0,3
E02002411,E02002364,7,0,0,3,0,0,4
E02002411,E02002366,9,0,0,1,1,0,7
E02002411,E02002367,2,0,0,2,0,0,0
E02002411,E02002368,5,0,0,3,0,0,2
E02002411,E02002369,5,0,0,3,2,0,0
E02002411,E02002371,15,0,0,8,0,0,7
E02002411,E02002373,8,0,0,5,1,0,2
E02002411,E02002374,9,0,0,6,0,0,3
E02002411,E02002376,1,0,1,0,0,0,0
E02002411,E02002377,4,0,0,3,0,0,1
E02002411,E02002379,2,0,1,0,0,0,1
E02002411,E02002381,3,0,0,2,0,0,1
E02002411,E02002382,3,0,0,2,0,0,1
E02002411,E02002383,3,0,2,1,0,0,0
E02002411,E02002384,30,0,6,16,1,0,5
E02002411,E02002385,17,2,1,8,0,0,6
E02002411,E02002386,13,0,1,5,7,0,0
E02002411,E02002387,9,0,1,1,0,0,5
E02002411,E02002388,4,0,0,2,0,0,2
E02002411,E02002389,2,0,0,1,1,0,0
E02002411,E02002390,19,0,1,8,0,0,9
E02002411,E02002391,7,0,0,3,0,0,3
E02002411,E02002392,89,6,43,12,5,0,21
E02002411,E02002393,45,2,5,18,0,0,20
E02002411,E02002394,9,0,0,2,1,0,4
E02002411,E02002395,8,0,1,2,0,0,4
E02002411,E02002396,18,1,0,11,4,0,2
E02002411,E02002397,1,0,0,1,0,0,0
E02002411,E02002399,24,1,1,15,1,2,4
E02002411,E02002400,109,4,25,31,13,0,30
E02002411,E02002401,4,0,0,2,0,0,2
E02002411,E02002402,9,0,0,6,1,0,1
E02002411,E02002403,3,0,0,1,0,0,0
E02002411,E02002404,19,0,1,8,1,0,9
E02002411,E02002407,3,0,0,1,1,0,1
E02002411,E02002408,4,0,0,2,0,0,2
E02002411,E02002409,1,0,0,0,0,0,1
E02002411,E02002410,22,0,3,10,3,0,6
E02002411,E02002411,150,3,91,27,3,0,18
E02002411,E02002412,24,1,7,11,3,0,1
E02002411,E02002414,83,4,26,31,7,0,7
E02002411,E02002415,29,0,12,11,4,0,1
E02002411,E02002416,9,1,1,4,0,0,3
E02002411,E02002419,76,4,36,21,2,0,10
E02002411,E02002420,59,4,20,16,6,0,10
E02002411,E02002421,9,0,4,1,3,0,1
E02002411,E02002422,88,2,18,29,7,0,30
E02002411,E02002423,2,0,0,0,0,0,2
E02002411,E02002424,10,0,1,5,3,0,1
E02002411,E02002425,10,0,0,4,5,1,0
E02002411,E02002426,1,0,0,0,0,0,1
E02002411,E02002427,7,0,0,2,0,0,5
E02002411,E02002428,3,0,0,3,0,0,0
E02002411,E02002429,1,0,0,0,0,0,1
E02002411,E02002430,2,0,0,1,0,0,1
E02002411,E02002431,27,0,2,12,4,0,6
E02002411,E02002433,14,0,1,4,0,0,8
E02002411,E02002434,1,0,0,0,0,0,1
E02002411,E02002435,19,0,2,12,0,1,4
E02002411,E02002436,8,0,2,4,1,0,1
E02002411,E02002437,1,0,0,0,1,0,0
E02002411,E02002443,1,0,0,0,0,0,1
E02002411,E02002444,3,0,0,1,0,0,2
E02002411,E02002445,7,2,2,0,1,0,1
E02002411,E02002451,18,0,0,10,3,0,2
E02002411,E02006852,15,0,2,9,0,0,3
E02002411,E02006861,9,0,2,2,1,0,4
E02002411,E02006875,929,27,564,103,19,2,200
E02002411,E02006876,143,11,20,46,19,0,40
E02002412,E02002239,18,1,0,15,0,0,2
E02002412,E02002271,8,0,0,6,1,0,1
E02002412,E02002272,15,0,0,14,0,0,0
E02002412,E02002335,6,1,1,4,0,0,0
E02002412,E02002336,29,0,0,27,0,0,2
E02002412,E02002341,1,0,0,1,0,0,0
E02002412,E02002342,1,0,0,1,0,0,0
E02002412,E02002343,7,0,0,4,2,0,1
E02002412,E02002344,2,0,0,1,0,0,1
E02002412,E02002345,5,0,0,5,0,0,0
E02002412,E02002346,3,0,0,1,0,0,2
E02002412,E02002347,3,0,0,3,0,0,0
E02002412,E02002348,9,0,0,8,1,0,0
E02002412,E02002349,7,0,0,5,2,0,0
E02002412,E02002350,9,0,0,8,0,0,1
E02002412,E02002351,6,0,0,5,0,0,1
E02002412,E02002352,2,0,0,2,0,0,0
E02002412,E02002353,2,0,0,2,0,0,0
E02002412,E02002354,1,0,0,0,1,0,0
E02002412,E02002356,14,0,0,12,1,0,0
E02002412,E02002357,15,0,0,11,2,0,2
E02002412,E02002358,9,0,0,9,0,0,0
E02002412,E02002359,2,0,0,1,0,0,1
E02002412,E02002360,2,0,0,2,0,0,0
E02002412,E02002361,6,0,0,4,1,0,1
E02002412,E02002362,13,0,2,7,2,0,2
E02002412,E02002363,5,0,0,4,0,0,1
E02002412,E02002364,11,0,0,10,1,0,0
E02002412,E02002366,5,0,0,4,1,0,0
E02002412,E02002367,5,0,0,4,0,0,1
E02002412,E02002368,12,0,0,11,1,0,0
E02002412,E02002370,1,0,0,1,0,0,0
E02002412,E02002371,17,0,0,16,0,0,1
E02002412,E02002373,10,0,0,6,2,0,2
E02002412,E02002374,18,0,0,8,3,0,6
E02002412,E02002375,5,0,0,4,1,0,0
E02002412,E02002376,2,0,0,2,0,0,0
E02002412,E02002377,1,0,0,1,0,0,0
E02002412,E02002379,6,0,0,5,1,0,0
E02002412,E02002380,13,0,0,11,2,0,0
E02002412,E02002381,12,0,0,11,1,0,0
E02002412,E02002382,2,0,0,2,0,0,0
E02002412,E02002383,1,0,0,0,1,0,0
E02002412,E02002384,42,2,1,27,1,0,11
E02002412,E02002385,18,3,1,11,0,0,2
E02002412,E02002386,15,0,0,10,1,0,2
E02002412,E02002387,29,0,2,21,2,0,3
E02002412,E02002388,15,0,0,10,4,0,0
E02002412,E02002390,9,0,0,5,1,0,3
E02002412,E02002391,54,1,0,41,6,1,5
E02002412,E02002392,96,6,2,48,8,0,30
E02002412,E02002393,53,0,0,38,4,0,10
E02002412,E02002394,19,0,1,14,2,0,2
E02002412,E02002395,24,0,0,19,0,0,4
E02002412,E02002396,45,0,1,32,7,0,5
E02002412,E02002397,14,0,0,13,0,0,1
E02002412,E02002399,28,1,0,22,1,0,4
E02002412,E02002400,154,1,16,93,16,1,19
E02002412,E02002402,17,0,0,15,2,0,0
E02002412,E02002403,1,0,0,0,0,0,1
E02002412,E02002404,14,0,0,8,1,0,4
E02002412,E02002405,8,0,0,7,0,0,1
E02002412,E02002407,33,0,6,25,0,0,1
E02002412,E02002408,41,0,0,34,3,0,4
E02002412,E02002409,47,0,22,18,1,0,5
E02002412,E02002410,94,3,29,46,13,1,1
E02002412,E02002411,77,1,6,53,7,1,9
E02002412,E02002412,224,1,93,111,9,0,9
E02002412,E02002414,38,1,0,33,1,0,3
E02002412,E02002415,9,0,0,6,2,0,0
E02002412,E02002416,8,0,0,8,0,0,0
E02002412,E02002419,99,2,25,58,9,0,3
E02002412,E02002420,39,0,0,35,1,1,2
E02002412,E02002421,2,0,0,2,0,0,0
E02002412,E02002422,78,0,6,47,6,0,19
E02002412,E02002424,28,1,0,24,2,0,1
E02002412,E02002425,9,0,0,6,2,0,1
E02002412,E02002426,2,0,0,2,0,0,0
E02002412,E02002427,4,0,0,4,0,0,0
E02002412,E02002428,4,0,0,4,0,0,0
E02002412,E02002429,5,0,0,5,0,0,0
E02002412,E02002430,5,0,0,3,1,0,1
E02002412,E02002431,24,0,1,8,2,0,13
E02002412,E02002433,24,0,1,21,1,0,1
E02002412,E02002434,1,0,0,1,0,0,0
E02002412,E02002435,34,2,1,25,3,0,3
E02002412,E02002436,1,0,1,0,0,0,0
E02002412,E02002437,1,0,0,1,0,0,0
E02002412,E02002443,1,0,0,1,0,0,0
E02002412,E02002444,1,0,0,1,0,0,0
E02002412,E02002445,2,0,0,0,1,0,1
E02002412,E02002451,17,1,0,14,1,0,1
E02002412,E02006852,18,0,0,14,1,0,3
E02002412,E02006861,15,0,0,11,2,0,2
E02002412,E02006875,498,12,23,174,50,7,219
E02002412,E02006876,152,2,3,121,10,1,14
E02002414,E02002239,10,0,0,10,0,0,0
E02002414,E02002272,10,0,0,7,1,0,2
E02002414,E02002276,1,0,0,1,0,0,0
E02002414,E02002335,7,0,1,3,2,0,1
E02002414,E02002336,6,0,0,4,0,0,2
E02002414,E02002341,1,0,0,1,0,0,0
E02002414,E02002343,4,0,0,0,0,0,4
E02002414,E02002345,5,0,2,2,1,0,0
E02002414,E02002346,7,0,4,2,0,0,1
E02002414,E02002347,5,1,1,2,0,0,1
E02002414,E02002348,3,0,1,1,0,0,1
E02002414,E02002349,3,0,0,1,1,0,1
E02002414,E02002350,3,1,0,0,0,0,0
E02002414,E02002351,1,0,0,1,0,0,0
E02002414,E02002352,3,0,0,2,0,0,1
E02002414,E02002353,1,0,0,0,1,0,0
E02002414,E02002354,3,0,0,3,0,0,0
E02002414,E02002356,6,0,1,3,1,0,1
E02002414,E02002357,5,0,1,4,0,0,0
E02002414,E02002358,6,0,1,2,0,0,3
E02002414,E02002359,3,0,1,0,1,0,1
E02002414,E02002360,2,1,0,0,1,0,0
E02002414,E02002361,6,0,1,3,0,0,2
E02002414,E02002362,3,0,0,3,0,0,0
E02002414,E02002363,14,0,0,8,0,0,6
E02002414,E02002364,8,0,0,6,2,0,0
E02002414,E02002366,4,0,0,0,1,0,3
E02002414,E02002367,5,0,0,2,0,0,3
E02002414,E02002368,1,0,0,1,0,0,0
E02002414,E02002371,9,0,0,2,0,0,7
E02002414,E02002373,5,0,0,1,0,0,4
E02002414,E02002374,2,0,0,2,0,0,0
E02002414,E02002375,3,0,0,2,0,0,1
E02002414,E02002376,1,0,0,0,0,0,1
E02002414,E02002377,4,1,0,2,0,0,1
E02002414,E02002380,1,0,0,0,0,0,1
E02002414,E02002381,4,0,0,3,0,0,0
E02002414,E02002382,1,0,1,0,0,0,0
E02002414,E02002383,5,0,0,4,0,0,1
E02002414,E02002384,18,1,0,7,0,0,10
E02002414,E02002385,10,0,0,2,1,0,7
E02002414,E02002386,7,0,1,2,2,0,2
E02002414,E02002387,8,0,1,3,1,0,2
E02002414,E02002388,1,0,0,0,1,0,0
E02002414,E02002389,3,0,0,1,0,0,2
E02002414,E02002390,3,0,0,2,0,0,1
E02002414,E02002391,10,0,0,4,0,0,6
E02002414,E02002392,25,1,6,9,0,0,9
E02002414,E02002393,41,2,6,8,4,0,21
E02002414,E02002394,26,0,2,7,0,1,15
E02002414,E02002395,5,0,1,4,0,0,0
E02002414,E02002396,15,0,0,8,2,0,5
E02002414,E02002398,2,0,0,0,0,1,1
E02002414,E02002399,29,0,1,22,3,0,3
E02002414,E02002400,75,2,8,32,8,0,25
E02002414,E02002401,3,0,0,1,1,0,1
E02002414,E02002402,11,0,0,8,0,0,3
E02002414,E02002403,8,0,0,4,0,0,3
E02002414,E02002404,26,1,1,16,4,0,4
E02002414,E02002405,3,0,0,2,0,0,1
E02002414,E02002407,7,0,1,4,1,0,1
E02002414,E02002408,3,0,0,1,0,0,2
E02002414,E02002409,2,0,1,1,0,0,0
E02002414,E02002410,24,0,3,9,2,0,9
E02002414,E02002411,50,3,25,10,4,0,4
E02002414,E02002412,13,0,2,5,1,0,3
E02002414,E02002414,148,0,95,34,4,0,12
E02002414,E02002415,32,0,18,8,1,0,5
E02002414,E02002416,5,0,2,1,1,0,1
E02002414,E02002419,49,5,13,14,2,0,15
E02002414,E02002420,98,3,30,38,4,0,19
E02002414,E02002421,6,0,2,4,0,0,0
E02002414,E02002422,43,1,7,11,2,1,20
E02002414,E02002423,1,0,0,1,0,0,0
E02002414,E02002424,10,0,0,7,1,0,2
E02002414,E02002425,4,0,0,4,0,0,0
E02002414,E02002426,5,0,0,0,2,0,3
E02002414,E02002427,2,0,0,1,0,0,1
E02002414,E02002428,2,0,0,2,0,0,0
E02002414,E02002429,1,0,0,1,0,0,0
E02002414,E02002430,3,0,0,1,0,0,2
E02002414,E02002431,11,0,1,4,3,0,3
E02002414,E02002433,19,1,2,7,5,0,2
E02002414,E02002434,1,0,0,1,0,0,0
E02002414,E02002435,13,0,0,8,0,0,5
E02002414,E02002436,7,0,0,0,2,0,5
E02002414,E02002437,2,0,0,0,0,0,2
E02002414,E02002443,3,0,1,1,0,0,1
E02002414,E02002444,1,0,0,1,0,0,0
E02002414,E02002451,7,0,0,3,1,0,3
E02002414,E02006852,6,1,1,3,1,0,0
E02002414,E02006861,9,2,1,1,0,0,5
E02002414,E02006875,338,15,81,49,18,2,163
E02002414,E02006876,154,9,43,54,15,3,26
E02002415,E02002239,2,0,0,1,1,0,0
E02002415,E02002271,1,0,0,1,0,0,0
E02002415,E02002272,7,0,0,5,0,0,2
E02002415,E02002276,1,0,0,0,0,0,1
E02002415,E02002277,2,0,0,1,1,0,0
E02002415,E02002335,1,0,0,0,1,0,0
E02002415,E02002336,4,0,0,3,0,0,1
E02002415,E02002342,7,0,0,3,0,0,4
E02002415,E02002343,3,0,0,2,0,0,1
E02002415,E02002344,1,0,0,1,0,0,0
E02002415,E02002345,3,0,0,0,0,0,2
E02002415,E02002347,1,0,0,1,0,0,0
E02002415,E02002348,8,0,0,3,1,0,4
E02002415,E02002349,4,0,0,2,0,0,1
E02002415,E02002350,4,0,0,3,1,0,0
E02002415,E02002351,1,0,0,1,0,0,0
E02002415,E02002352,8,0,0,5,0,1,2
E02002415,E02002353,1,0,0,1,0,0,0
E02002415,E02002354,2,0,0,2,0,0,0
E02002415,E02002356,6,1,0,3,0,0,2
E02002415,E02002358,5,0,0,4,0,0,1
E02002415,E02002359,1,0,1,0,0,0,0
E02002415,E02002360,2,0,0,1,1,0,0
E02002415,E02002361,10,0,0,3,0,0,6
E02002415,E02002362,4,0,1,3,0,0,0
E02002415,E02002363,7,0,0,1,0,0,6
E02002415,E02002364,7,0,1,3,1,0,2
E02002415,E02002366,7,0,0,1,0,0,6
E02002415,E02002367,3,0,1,2,0,0,0
E02002415,E02002369,3,0,0,0,1,0,2
E02002415,E02002371,15,2,1,6,0,0,6
E02002415,E02002373,5,0,0,1,1,0,3
E02002415,E02002374,12,0,2,2,0,0,8
E02002415,E02002375,2,0,0,1,0,0,1
E02002415,E02002376,1,0,0,1,0,0,0
E02002415,E02002377,11,0,3,2,0,0,6
E02002415,E02002379,2,0,0,1,0,0,1
E02002415,E02002380,2,0,1,0,0,0,1
E02002415,E02002381,2,0,0,0,0,0,2
E02002415,E02002382,2,0,1,0,0,0,1
E02002415,E02002383,5,0,0,4,0,0,1
E02002415,E02002384,22,0,3,12,2,0,5
E02002415,E02002385,9,0,0,4,0,0,5
E02002415,E02002386,10,0,0,4,2,0,4
E02002415,E02002387,5,0,0,4,0,0,1
E02002415,E02002388,4,0,1,1,0,0,2
E02002415,E02002390,4,0,0,1,0,0,3
E02002415,E02002391,8,0,1,4,0,0,3
E02002415,E02002392,33,4,5,9,0,0,15
E02002415,E02002393,29,0,0,10,1,0,18
E02002415,E02002394,11,0,0,1,0,0,10
E02002415,E02002395,9,0,3,4,0,0,1
E02002415,E02002396,7,0,0,2,0,0,3
E02002415,E02002397,4,0,0,4,0,0,0
E02002415,E02002398,3,0,1,2,0,0,0
E02002415,E02002399,15,1,5,5,0,1,3
E02002415,E02002400,49,1,3,15,5,0,23
E02002415,E02002401,2,0,1,1,0,0,0
E02002415,E02002402,7,0,1,3,2,0,1
E02002415,E02002403,1,0,0,0,0,0,0
E02002415,E02002404,30,1,4,10,4,0,10
E02002415,E02002405,2,0,0,1,0,0,1
E02002415,E02002407,6,0,1,1,2,0,2
E02002415,E02002408,3,0,0,2,0,0,1
E02002415,E02002409,3,0,0,1,1,0,0
E02002415,E02002410,12,0,3,2,2,0,5
E02002415,E02002411,54,1,14,17,2,2,16
E02002415,E02002412,15,3,0,5,4,0,3
E02002415,E02002414,102,1,48,29,4,0,15
E02002415,E02002415,58,1,26,20,4,0,6
E02002415,E02002416,4,0,0,1,0,0,3
E02002415,E02002419,52,1,25,16,2,0,6
E02002415,E02002420,84,0,40,28,4,0,11
E02002415,E02002421,9,0,1,2,1,0,4
E02002415,E02002422,73,2,8,24,1,0,34
E02002415,E02002423,6,0,0,5,0,0,1
E02002415,E02002424,12,0,0,4,2,0,5
E02002415,E02002425,2,0,0,1,0,0,1
E02002415,E02002426,1,0,0,1,0,0,0
E02002415,E02002427,8,0,2,0,0,0,6
E02002415,E02002428,3,0,1,1,0,0,1
E02002415,E02002429,1,0,0,1,0,0,0
E02002415,E02002430,4,0,1,1,0,0,2
E02002415,E02002431,18,0,2,7,6,0,3
E02002415,E02002433,15,0,1,5,2,0,6
E02002415,E02002435,21,0,1,12,3,0,5
E02002415,E02002444,2,0,0,2,0,0,0
E02002415,E02002445,2,0,0,0,1,0,0
E02002415,E02002451,12,0,0,7,3,0,1
E02002415,E02006852,10,0,0,4,0,0,6
E02002415,E02006861,7,0,0,4,1,0,2
E02002415,E02006875,271,8,30,53,8,1,150
E02002415,E02006876,149,4,25,63,17,0,35
E02002416,E02002239,5,0,0,5,0,0,0
E02002416,E02002271,2,1,0,1,0,0,0
E02002416,E02002272,8,0,0,7,0,1,0
E02002416,E02002276,1,0,0,1,0,0,0
E02002416,E02002277,2,0,0,2,0,0,0
E02002416,E02002335,2,0,0,1,1,0,0
E02002416,E02002336,5,0,0,5,0,0,0
E02002416,E02002341,4,0,0,3,1,0,0
E02002416,E02002343,3,0,0,3,0,0,0
E02002416,E02002345,6,0,1,4,1,0,0
E02002416,E02002346,2,0,2,0,0,0,0
E02002416,E02002347,3,0,0,2,1,0,0
E02002416,E02002348,4,0,0,4,0,0,0
E02002416,E02002349,3,0,1,1,1,0,0
E02002416,E02002350,2,0,0,2,0,0,0
E02002416,E02002351,5,0,0,3,1,0,0
E02002416,E02002352,5,0,0,3,0,1,0
E02002416,E02002354,2,0,0,0,0,0,2
E02002416,E02002356,5,1,0,3,0,0,1
E02002416,E02002357,5,0,0,3,1,0,1
E02002416,E02002358,20,0,0,17,2,1,0
E02002416,E02002359,8,1,0,5,2,0,0
E02002416,E02002361,5,1,0,3,1,0,0
E02002416,E02002362,7,0,0,4,2,0,1
E02002416,E02002363,13,0,0,9,2,0,2
E02002416,E02002364,31,0,2,23,4,0,2
E02002416,E02002366,3,0,0,3,0,0,0
E02002416,E02002367,3,0,0,3,0,0,0
E02002416,E02002368,3,0,0,3,0,0,0
E02002416,E02002369,2,0,1,1,0,0,0
E02002416,E02002370,6,0,0,6,0,0,0
E02002416,E02002371,11,0,1,9,0,0,0
E02002416,E02002373,4,0,0,4,0,0,0
E02002416,E02002374,1,0,0,0,0,0,1
E02002416,E02002375,2,1,0,1,0,0,0
E02002416,E02002376,11,0,1,9,1,0,0
E02002416,E02002377,2,0,1,1,0,0,0
E02002416,E02002379,5,0,0,4,1,0,0
E02002416,E02002381,4,0,0,4,0,0,0
E02002416,E02002382,6,0,1,4,0,0,1
E02002416,E02002383,3,0,0,2,1,0,0
E02002416,E02002384,33,1,1,23,1,0,7
E02002416,E02002385,3,0,0,3,0,0,0
E02002416,E02002386,45,2,1,30,5,1,6
E02002416,E02002387,2,0,0,1,0,0,1
E02002416,E02002388,5,0,0,5,0,0,0
E02002416,E02002389,3,0,0,3,0,0,0
E02002416,E02002390,31,0,2,26,2,0,1
E02002416,E02002391,10,0,0,7,1,1,1
E02002416,E02002392,36,0,0,23,7,0,2
E02002416,E02002393,47,0,0,30,6,0,11
E02002416,E02002394,26,0,0,20,3,0,3
E02002416,E02002395,1,0,0,1,0,0,0
E02002416,E02002396,7,0,0,4,0,1,2
E02002416,E02002397,1,0,0,1,0,0,0
E02002416,E02002398,13,0,1,9,1,1,1
E02002416,E02002399,44,1,0,34,6,0,2
E02002416,E02002400,40,0,0,31,1,0,6
E02002416,E02002401,2,0,0,2,0,0,0
E02002416,E02002402,68,2,3,37,10,0,13
E02002416,E02002403,123,3,33,63,11,0,10
E02002416,E02002404,33,0,0,29,2,0,1
E02002416,E02002405,1,0,0,1,0,0,0
E02002416,E02002407,6,0,0,2,2,0,2
E02002416,E02002408,4,1,0,3,0,0,0
E02002416,E02002409,1,0,0,1,0,0,0
E02002416,E02002410,18,0,0,15,0,0,3
E02002416,E02002411,27,0,2,21,3,0,0
E02002416,E02002412,6,0,0,5,1,0,0
E02002416,E02002414,30,0,0,24,4,0,2
E02002416,E02002415,5,0,0,4,0,0,1
E02002416,E02002416,222,7,85,93,23,0,11
E02002416,E02002419,30,1,0,26,0,0,2
E02002416,E02002420,19,0,1,14,1,0,3
E02002416,E02002421,5,0,2,2,0,0,1
E02002416,E02002422,16,0,1,12,0,0,3
E02002416,E02002423,1,0,0,0,1,0,0
E02002416,E02002424,4,0,0,4,0,0,0
E02002416,E02002425,6,0,0,6,0,0,0
E02002416,E02002426,34,0,2,20,4,0,7
E02002416,E02002427,32,0,2,22,2,0,6
E02002416,E02002428,6,0,0,3,0,1,2
E02002416,E02002429,10,0,0,9,1,0,0
E02002416,E02002430,4,0,0,3,0,0,1
E02002416,E02002431,6,0,0,6,0,0,0
E02002416,E02002433,7,0,0,6,1,0,0
E02002416,E02002434,6,0,0,6,0,0,0
E02002416,E02002435,19,0,0,16,1,0,2
E02002416,E02002436,3,0,0,3,0,0,0
E02002416,E02002443,1,0,0,1,0,0,0
E02002416,E02002444,2,0,0,1,1,0,0
E02002416,E02002451,13,0,1,11,0,0,1
E02002416,E02006852,7,0,0,5,0,0,1
E02002416,E02006861,11,0,0,9,0,1,1
E02002416,E02006875,283,0,4,111,19,1,100
E02002416,E02006876,103,0,1,80,7,2,13
E02002419,E02002239,9,0,0,9,0,0,0
E02002419,E02002271,1,0,0,1,0,0,0
E02002419,E02002272,11,0,0,10,1,0,0
E02002419,E02002276,1,0,0,1,0,0,0
E02002419,E02002277,3,0,0,2,0,1,0
E02002419,E02002336,9,0,1,4,1,0,3
E02002419,E02002341,2,0,0,2,0,0,0
E02002419,E02002342,2,0,1,1,0,0,0
E02002419,E02002343,4,0,0,3,0,0,1
E02002419,E02002345,5,0,0,2,1,0,2
E02002419,E02002346,2,0,0,1,0,0,1
E02002419,E02002347,4,0,1,3,0,0,0
E02002419,E02002348,5,0,0,2,0,0,3
E02002419,E02002349,3,0,0,1,0,0,2
E02002419,E02002350,7,1,0,5,1,0,0
E02002419,E02002351,6,0,0,4,1,0,1
E02002419,E02002352,4,1,0,2,0,0,1
E02002419,E02002353,2,0,0,1,0,0,1
E02002419,E02002354,8,0,0,6,0,0,2
E02002419,E02002356,9,0,1,7,0,0,1
E02002419,E02002357,6,0,1,3,0,0,1
E02002419,E02002358,10,1,1,5,0,0,3
E02002419,E02002359,3,0,0,1,0,0,2
E02002419,E02002360,3,0,0,3,0,0,0
E02002419,E02002361,4,0,0,2,1,0,1
E02002419,E02002362,6,0,0,5,0,0,1
E02002419,E02002363,10,1,0,5,0,0,4
E02002419,E02002364,13,0,0,8,1,0,4
E02002419,E02002366,1,0,0,1,0,0,0
E02002419,E02002367,5,0,0,3,0,0,2
E02002419,E02002368,1,0,0,1,0,0,0
E02002419,E02002369,2,0,0,1,0,0,1
E02002419,E02002371,11,0,2,8,0,0,1
E02002419,E02002373,13,0,1,9,1,0,2
E02002419,E02002374,15,0,1,6,0,0,7
E02002419,E02002375,6,0,1,4,0,0,1
E02002419,E02002377,3,0,0,2,0,0,1
E02002419,E02002379,3,0,0,3,0,0,0
E02002419,E02002380,7,0,1,5,0,0,1
E02002419,E02002381,2,0,0,2,0,0,0
E02002419,E02002382,3,0,0,1,0,0,2
E02002419,E02002384,38,0,0,23,2,0,13
E02002419,E02002385,7,0,2,2,1,0,2
E02002419,E02002386,14,0,1,9,1,1,2
E02002419,E02002387,11,0,3,5,1,0,1
E02002419,E02002388,4,0,0,0,0,0,4
E02002419,E02002390,11,0,0,5,1,0,4
E02002419,E02002391,20,1,0,11,0,0,8
E02002419,E02002392,49,2,2,19,4,1,19
E02002419,E02002393,47,0,1,22,3,0,20
E02002419,E02002394,20,0,0,12,2,0,6
E02002419,E02002395,9,0,0,4,1,0,4
E02002419,E02002396,19,1,0,13,0,0,5
E02002419,E02002397,2,0,0,2,0,0,0
E02002419,E02002398,3,0,0,3,0,0,0
E02002419,E02002399,42,0,4,25,6,0,4
E02002419,E02002400,70,2,9,33,6,1,18
E02002419,E02002401,2,0,1,0,0,0,1
E02002419,E02002402,13,0,0,8,0,0,5
E02002419,E02002403,2,0,0,1,0,0,0
E02002419,E02002404,33,1,0,16,5,1,10
E02002419,E02002405,3,0,0,2,0,0,1
E02002419,E02002407,11,0,1,5,1,0,4
E02002419,E02002408,6,1,1,2,0,0,2
E02002419,E02002409,2,0,0,1,0,0,0
E02002419,E02002410,37,2,11,13,4,1,6
E02002419,E02002411,113,3,24,41,14,2,27
E02002419,E02002412,29,3,2,16,3,2,2
E02002419,E02002414,90,1,19,45,1,0,20
E02002419,E02002415,35,0,4,21,1,1,7
E02002419,E02002416,11,0,0,10,0,0,1
E02002419,E02002419,271,2,143,81,13,2,23
E02002419,E02002420,127,6,30,56,10,1,21
E02002419,E02002421,9,0,1,4,3,0,1
E02002419,E02002422,178,2,89,52,14,1,16
E02002419,E02002423,7,0,0,4,0,0,3
E02002419,E02002424,22,0,2,10,7,0,3
E02002419,E02002425,9,0,0,6,0,0,3
E02002419,E02002426,4,1,1,0,0,0,2
E02002419,E02002427,5,0,0,3,0,0,2
E02002419,E02002428,17,0,2,10,2,0,3
E02002419,E02002429,2,0,0,2,0,0,0
E02002419,E02002430,6,0,1,2,2,0,1
E02002419,E02002431,40,0,10,15,1,0,12
E02002419,E02002433,65,2,4,33,4,0,21
E02002419,E02002434,5,0,0,3,0,0,2
E02002419,E02002435,59,1,2,30,7,0,16
E02002419,E02002436,8,0,0,5,0,0,3
E02002419,E02002443,1,0,0,1,0,0,0
E02002419,E02002444,2,0,0,2,0,0,0
E02002419,E02002451,11,1,0,10,0,0,0
E02002419,E02006852,15,0,1,10,0,0,4
E02002419,E02006861,12,0,1,4,2,0,4
E02002419,E02006875,480,9,39,107,35,2,271
E02002419,E02006876,171,3,9,100,12,4,37
E02002420,E02002239,11,0,0,10,0,1,0
E02002420,E02002271,1,0,0,1,0,0,0
E02002420,E02002272,19,0,0,12,5,0,2
E02002420,E02002277,2,0,0,1,0,0,1
E02002420,E02002335,4,0,0,2,0,1,1
E02002420,E02002336,3,0,0,3,0,0,0
E02002420,E02002341,1,0,0,1,0,0,0
E02002420,E02002343,5,1,0,3,0,0,1
E02002420,E02002344,1,0,0,1,0,0,0
E02002420,E02002345,3,0,0,1,1,0,1
E02002420,E02002346,3,0,0,1,0,0,2
E02002420,E02002347,7,0,1,6,0,0,0
E02002420,E02002348,8,1,0,6,0,0,1
E02002420,E02002349,3,0,0,2,0,0,1
E02002420,E02002350,11,0,0,10,0,0,1
E02002420,E02002351,4,0,0,2,0,1,1
E02002420,E02002352,7,0,0,5,1,1,0
E02002420,E02002353,3,0,0,2,0,0,1
E02002420,E02002354,2,0,0,2,0,0,0
E02002420,E02002356,7,0,1,4,1,1,0
E02002420,E02002357,5,0,0,3,2,0,0
E02002420,E02002358,5,0,0,4,1,0,0
E02002420,E02002359,4,0,0,3,0,0,1
E02002420,E02002360,7,0,1,1,0,0,5
E02002420,E02002361,3,0,0,1,2,0,0
E02002420,E02002362,3,0,0,2,0,0,1
E02002420,E02002363,11,1,0,6,0,0,4
E02002420,E02002364,17,0,0,15,1,0,1
E02002420,E02002366,5,0,0,2,0,0,3
E02002420,E02002367,7,0,0,6,0,0,1
E02002420,E02002368,3,0,0,2,0,0,1
E02002420,E02002369,6,0,0,6,0,0,0
E02002420,E02002370,4,0,0,1,3,0,0
E02002420,E02002371,18,0,3,13,0,0,2
E02002420,E02002373,11,0,3,4,0,0,4
E02002420,E02002374,6,0,0,3,1,0,2
E02002420,E02002375,1,0,0,1,0,0,0
E02002420,E02002376,1,0,0,1,0,0,0
E02002420,E02002377,6,0,0,5,0,0,1
E02002420,E02002379,8,0,0,7,1,0,0
E02002420,E02002380,7,0,0,3,1,0,3
E02002420,E02002381,5,0,0,4,1,0,0
E02002420,E02002382,5,0,0,2,1,0,2
E02002420,E02002383,3,0,0,3,0,0,0
E02002420,E02002384,48,1,1,31,4,0,11
E02002420,E02002385,14,0,1,6,1,0,6
E02002420,E02002386,19,0,2,12,1,0,3
E02002420,E02002387,8,0,3,5,0,0,0
E02002420,E02002388,4,0,0,3,0,0,1
E02002420,E02002389,4,0,0,2,0,0,1
E02002420,E02002390,10,1,1,6,0,0,2
E02002420,E02002391,14,1,2,8,0,0,2
E02002420,E02002392,78,2,3,42,3,0,28
E02002420,E02002393,93,0,3,51,8,1,28
E02002420,E02002394,21,0,1,12,2,0,6
E02002420,E02002395,9,0,0,5,3,0,1
E02002420,E02002396,24,1,3,13,1,0,4
E02002420,E02002397,4,0,0,4,0,0,0
E02002420,E02002398,4,0,0,4,0,0,0
E02002420,E02002399,32,2,1,20,1,1,6
E02002420,E02002400,70,2,3,38,9,2,10
E02002420,E02002401,5,0,1,4,0,0,0
E02002420,E02002402,13,0,1,9,1,0,2
E02002420,E02002403,8,0,0,6,0,0,0
E02002420,E02002404,39,6,1,16,5,0,7
E02002420,E02002405,7,0,1,3,1,0,2
E02002420,E02002407,11,3,0,3,5,0,0
E02002420,E02002408,1,0,0,1,0,0,0
E02002420,E02002409,3,0,0,3,0,0,0
E02002420,E02002410,23,2,3,12,2,0,4
E02002420,E02002411,113,5,18,62,10,0,17
E02002420,E02002412,30,2,5,16,5,1,1
E02002420,E02002414,138,1,28,69,9,2,23
E02002420,E02002415,59,2,16,25,7,0,6
E02002420,E02002416,12,0,1,8,2,0,1
E02002420,E02002419,202,4,84,89,10,0,12
E02002420,E02002420,216,9,100,67,20,2,17
E02002420,E02002421,8,1,1,5,1,0,0
E02002420,E02002422,154,5,50,54,12,0,28
E02002420,E02002423,6,0,0,5,0,0,1
E02002420,E02002424,20,0,0,12,3,0,4
E02002420,E02002425,9,1,0,6,0,0,2
E02002420,E02002426,4,1,0,3,0,0,0
E02002420,E02002427,6,0,0,4,1,0,1
E02002420,E02002428,14,0,4,8,0,0,1
E02002420,E02002429,4,0,1,2,1,0,0
E02002420,E02002430,26,0,3,14,0,1,8
E02002420,E02002431,31,1,2,15,2,0,11
E02002420,E02002433,40,0,0,23,7,0,10
E02002420,E02002435,48,0,2,29,4,1,11
E02002420,E02002436,6,0,0,3,2,0,1
E02002420,E02002437,2,0,0,2,0,0,0
E02002420,E02002443,4,0,0,4,0,0,0
E02002420,E02002444,2,0,1,1,0,0,0
E02002420,E02002445,1,0,0,1,0,0,0
E02002420,E02002451,9,0,0,8,1,0,0
E02002420,E02006852,12,0,0,9,1,0,2
E02002420,E02006861,25,0,0,13,1,0,11
E02002420,E02006875,525,8,45,120,49,2,291
E02002420,E02006876,210,4,23,129,18,1,27
E02002421,E02002239,2,0,0,1,1,0,0
E02002421,E02002271,1,0,0,1,0,0,0
E02002421,E02002272,12,0,1,7,1,2,1
E02002421,E02002335,3,0,0,2,1,0,0
E02002421,E02002336,8,0,0,7,0,0,0
E02002421,E02002341,1,0,0,1,0,0,0
E02002421,E02002342,2,0,0,1,0,0,1
E02002421,E02002343,5,0,0,3,2,0,0
E02002421,E02002345,2,0,1,1,0,0,0
E02002421,E02002346,5,0,0,1,0,0,4
E02002421,E02002347,2,0,0,1,0,0,1
E02002421,E02002348,6,0,1,5,0,0,0
E02002421,E02002349,2,0,0,2,0,0,0
E02002421,E02002350,9,0,4,3,0,0,2
E02002421,E02002351,4,0,0,3,0,0,1
E02002421,E02002352,7,0,0,4,1,0,1
E02002421,E02002353,2,0,0,1,0,0,1
E02002421,E02002354,6,0,0,2,1,0,3
E02002421,E02002356,4,1,0,2,0,0,1
E02002421,E02002357,4,0,1,3,0,0,0
E02002421,E02002358,5,0,1,4,0,0,0
E02002421,E02002359,2,0,0,2,0,0,0
E02002421,E02002360,1,0,0,1,0,0,0
E02002421,E02002361,4,0,0,2,0,0,2
E02002421,E02002362,2,0,0,2,0,0,0
E02002421,E02002363,1,0,0,1,0,0,0
E02002421,E02002364,3,0,0,2,1,0,0
E02002421,E02002367,2,0,0,1,0,0,1
E02002421,E02002368,1,0,0,1,0,0,0
E02002421,E02002369,5,0,0,4,1,0,0
E02002421,E02002371,7,0,2,3,0,0,2
E02002421,E02002373,1,0,0,1,0,0,0
E02002421,E02002374,2,0,0,1,1,0,0
E02002421,E02002375,3,0,0,3,0,0,0
E02002421,E02002376,1,0,0,1,0,0,0
E02002421,E02002377,5,0,2,1,0,0,2
E02002421,E02002380,3,0,0,1,2,0,0
E02002421,E02002381,2,0,1,0,1,0,0
E02002421,E02002382,1,0,0,1,0,0,0
E02002421,E02002384,24,1,2,13,2,0,6
E02002421,E02002385,8,2,1,3,0,0,2
E02002421,E02002386,9,0,0,6,1,0,2
E02002421,E02002387,1,0,0,1,0,0,0
E02002421,E02002388,2,0,0,0,0,0,2
E02002421,E02002389,1,0,0,0,0,0,1
E02002421,E02002390,5,0,0,3,0,0,2
E02002421,E02002391,14,0,1,9,2,0,2
E02002421,E02002392,28,1,1,10,2,0,13
E02002421,E02002393,44,1,0,17,4,0,22
E02002421,E02002394,11,1,0,1,1,0,8
E02002421,E02002395,1,0,0,1,0,0,0
E02002421,E02002396,12,0,2,4,1,0,5
E02002421,E02002397,3,0,0,2,1,0,0
E02002421,E02002398,2,0,0,0,0,0,2
E02002421,E02002399,33,0,2,23,2,0,6
E02002421,E02002400,35,1,0,14,1,2,16
E02002421,E02002401,1,0,0,1,0,0,0
E02002421,E02002402,5,0,0,3,0,0,2
E02002421,E02002403,7,0,3,2,1,0,1
E02002421,E02002404,14,1,1,7,1,0,3
E02002421,E02002405,1,0,0,1,0,0,0
E02002421,E02002407,5,0,2,1,1,0,1
E02002421,E02002408,5,0,0,3,1,0,1
E02002421,E02002409,2,0,1,0,1,0,0
E02002421,E02002410,18,1,0,11,1,0,4
E02002421,E02002411,40,1,4,22,6,0,7
E02002421,E02002412,18,1,0,12,3,0,2
E02002421,E02002414,47,0,11,14,4,1,16
E02002421,E02002415,25,1,9,8,6,0,1
E02002421,E02002416,11,0,1,8,1,0,1
E02002421,E02002419,28,0,2,13,2,1,10
E02002421,E02002420,84,4,19,33,15,0,7
E02002421,E02002421,66,0,41,16,2,0,5
E02002421,E02002422,36,1,0,19,5,0,10
E02002421,E02002423,22,0,7,11,1,0,3
E02002421,E02002424,10,1,0,6,2,0,1
E02002421,E02002425,6,0,0,6,0,0,0
E02002421,E02002426,1,0,0,1,0,0,0
E02002421,E02002427,9,0,0,7,1,0,1
E02002421,E02002428,37,0,5,15,2,0,15
E02002421,E02002429,6,0,0,3,0,0,3
E02002421,E02002430,7,0,1,4,0,0,2
E02002421,E02002431,12,0,1,5,2,0,4
E02002421,E02002433,17,0,0,12,3,0,2
E02002421,E02002434,5,0,0,3,0,0,2
E02002421,E02002435,19,0,0,12,3,0,3
E02002421,E02002436,5,1,0,3,0,0,1
E02002421,E02002437,1,0,0,1,0,0,0
E02002421,E02002443,3,0,1,1,1,0,0
E02002421,E02002444,2,0,0,0,0,0,2
E02002421,E02002451,11,0,1,7,2,0,1
E02002421,E02006852,2,0,0,1,0,0,1
E02002421,E02006861,9,0,0,5,0,0,4
E02002421,E02006875,300,3,16,80,17,1,168
E02002421,E02006876,362,15,106,118,33,3,74
E02002422,E02002239,14,0,0,12,2,0,0
E02002422,E02002271,2,0,0,2,0,0,0
E02002422,E02002272,31,3,0,21,3,0,3
E02002422,E02002276,7,0,0,7,0,0,0
E02002422,E02002277,6,0,0,5,1,0,0
E02002422,E02002336,9,0,0,8,0,0,1
E02002422,E02002343,3,0,0,1,0,1,0
E02002422,E02002344,1,0,0,0,0,0,1
E02002422,E02002345,3,0,0,3,0,0,0
E02002422,E02002346,2,0,0,2,0,0,0
E02002422,E02002347,2,0,0,2,0,0,0
E02002422,E02002348,8,0,0,7,1,0,0
E02002422,E02002349,5,0,0,4,1,0,0
E02002422,E02002350,5,0,0,4,1,0,0
E02002422,E02002351,1,0,0,1,0,0,0
E02002422,E02002352,5,0,0,3,0,0,2
E02002422,E02002354,5,0,0,3,1,0,1
E02002422,E02002356,6,0,2,4,0,0,0
E02002422,E02002357,14,0,0,9,1,0,4
E02002422,E02002358,10,0,0,10,0,0,0
E02002422,E02002359,4,0,0,4,0,0,0
E02002422,E02002360,1,0,0,1,0,0,0
E02002422,E02002361,4,0,0,4,0,0,0
E02002422,E02002362,7,0,0,7,0,0,0
E02002422,E02002363,7,0,0,4,0,0,3
E02002422,E02002364,12,0,1,10,0,0,1
E02002422,E02002366,2,0,0,2,0,0,0
E02002422,E02002367,2,0,0,1,1,0,0
E02002422,E02002368,5,0,0,4,0,0,1
E02002422,E02002369,3,0,0,3,0,0,0
E02002422,E02002371,16,0,0,13,1,0,1
E02002422,E02002373,4,0,0,3,0,0,0
E02002422,E02002374,4,0,0,3,0,0,1
E02002422,E02002376,5,0,0,4,1,0,0
E02002422,E02002379,1,0,0,1,0,0,0
E02002422,E02002380,2,0,0,2,0,0,0
E02002422,E02002381,1,0,0,1,0,0,0
E02002422,E02002382,3,0,0,3,0,0,0
E02002422,E02002384,27,1,0,21,1,0,4
E02002422,E02002385,17,0,0,14,0,0,3
E02002422,E02002386,9,0,0,6,1,0,2
E02002422,E02002387,12,0,0,7,1,0,3
E02002422,E02002388,1,0,0,1,0,0,0
E02002422,E02002390,5,0,0,4,0,0,0
E02002422,E02002391,15,0,0,12,1,0,1
E02002422,E02002392,75,2,2,43,8,1,18
E02002422,E02002393,46,0,0,34,0,0,12
E02002422,E02002394,15,1,0,11,0,0,3
E02002422,E02002395,18,0,0,16,0,0,2
E02002422,E02002396,12,0,1,9,0,0,2
E02002422,E02002397,8,0,0,7,0,0,1
E02002422,E02002398,1,0,0,1,0,0,0
E02002422,E02002399,19,0,2,15,2,0,0
E02002422,E02002400,60,0,0,39,3,2,11
E02002422,E02002402,10,0,0,8,1,0,1
E02002422,E02002403,2,0,0,2,0,0,0
E02002422,E02002404,20,0,0,16,1,1,2
E02002422,E02002405,1,0,0,1,0,0,0
E02002422,E02002407,8,0,1,7,0,0,0
E02002422,E02002408,9,1,0,7,0,0,1
E02002422,E02002409,5,0,0,4,0,0,1
E02002422,E02002410,15,0,0,14,0,0,1
E02002422,E02002411,66,3,3,38,10,1,11
E02002422,E02002412,37,0,2,30,2,0,3
E02002422,E02002414,35,1,0,29,3,0,2
E02002422,E02002415,13,1,0,10,1,0,1
E02002422,E02002416,16,0,1,11,0,1,3
E02002422,E02002419,116,1,15,86,9,1,4
E02002422,E02002420,36,2,1,25,4,0,3
E02002422,E02002421,2,0,0,2,0,0,0
E02002422,E02002422,199,1,74,84,18,0,17
E02002422,E02002423,2,0,0,1,0,0,1
E02002422,E02002424,78,3,11,49,8,0,2
E02002422,E02002425,25,0,1,20,2,0,2
E02002422,E02002426,2,0,0,2,0,0,0
E02002422,E02002427,7,0,1,6,0,0,0
E02002422,E02002428,16,0,0,12,2,0,1
E02002422,E02002429,5,0,0,4,0,0,1
E02002422,E02002430,5,0,0,5,0,0,0
E02002422,E02002431,61,0,11,39,3,2,4
E02002422,E02002433,159,1,26,88,12,1,29
E02002422,E02002434,7,0,0,6,1,0,0
E02002422,E02002435,139,4,10,92,13,1,15
E02002422,E02002436,8,0,1,5,0,0,2
E02002422,E02002437,1,0,0,1,0,0,0
E02002422,E02002443,5,0,0,4,0,0,1
E02002422,E02002444,2,0,0,2,0,0,0
E02002422,E02002445,3,0,0,1,0,0,2
E02002422,E02002451,16,1,0,13,0,0,1
E02002422,E02006852,6,0,0,4,0,0,2
E02002422,E02006861,15,0,1,8,1,0,4
E02002422,E02006875,471,9,4,192,63,8,147
E02002422,E02006876,108,5,1,84,7,0,11
E02002423,E02002239,6,0,0,5,1,0,0
E02002423,E02002272,4,0,0,3,0,0,1
E02002423,E02002276,2,0,0,2,0,0,0
E02002423,E02002277,1,0,0,1,0,0,0
E02002423,E02002335,2,0,1,1,0,0,0
E02002423,E02002336,6,0,0,6,0,0,0
E02002423,E02002341,2,0,0,2,0,0,0
E02002423,E02002343,6,0,0,5,0,1,0
E02002423,E02002344,1,0,0,1,0,0,0
E02002423,E02002345,4,0,0,3,0,0,1
E02002423,E02002346,1,0,0,0,1,0,0
E02002423,E02002347,3,0,1,0,0,0,2
E02002423,E02002348,1,0,0,1,0,0,0
E02002423,E02002349,4,0,0,0,1,0,3
E02002423,E02002350,6,0,1,1,0,0,4
E02002423,E02002351,4,0,0,2,1,0,1
E02002423,E02002352,3,1,0,0,1,0,1
E02002423,E02002353,3,0,0,3,0,0,0
E02002423,E02002354,1,0,0,0,0,0,1
E02002423,E02002356,14,0,0,10,0,0,4
E02002423,E02002357,4,0,1,1,1,0,1
E02002423,E02002358,4,0,0,4,0,0,0
E02002423,E02002359,2,0,0,2,0,0,0
E02002423,E02002360,3,0,0,0,1,0,2
E02002423,E02002361,9,0,0,3,2,0,4
E02002423,E02002362,7,0,0,4,0,0,3
E02002423,E02002363,4,0,0,1,0,0,3
E02002423,E02002364,11,0,1,8,0,0,2
E02002423,E02002366,2,0,0,1,0,0,1
E02002423,E02002367,2,0,0,1,0,0,1
E02002423,E02002368,1,0,0,1,0,0,0
E02002423,E02002369,2,0,0,2,0,0,0
E02002423,E02002371,10,0,0,7,1,0,2
E02002423,E02002373,3,0,0,2,0,0,1
E02002423,E02002374,4,0,0,0,1,0,3
E02002423,E02002376,3,0,0,1,1,0,1
E02002423,E02002377,4,0,0,1,0,0,3
E02002423,E02002379,5,0,0,5,0,0,0
E02002423,E02002380,7,0,0,7,0,0,0
E02002423,E02002381,5,0,0,4,1,0,0
E02002423,E02002382,5,0,0,3,1,0,1
E02002423,E02002383,4,1,0,2,0,0,1
E02002423,E02002384,17,0,1,13,0,0,3
E02002423,E02002385,10,0,1,8,0,0,1
E02002423,E02002386,12,0,0,10,0,1,1
E02002423,E02002387,4,0,0,3,1,0,0
E02002423,E02002388,6,0,0,6,0,0,0
E02002423,E02002390,9,0,0,6,0,0,3
E02002423,E02002391,6,0,0,6,0,0,0
E02002423,E02002392,31,1,3,12,4,1,10
E02002423,E02002393,41,0,0,16,7,0,17
E02002423,E02002394,17,0,0,8,3,0,6
E02002423,E02002395,4,0,0,3,0,0,1
E02002423,E02002396,17,0,1,10,2,0,4
E02002423,E02002397,2,0,0,1,0,0,1
E02002423,E02002398,4,0,0,4,0,0,0
E02002423,E02002399,43,1,3,28,3,0,6
E02002423,E02002400,51,1,1,30,2,1,15
E02002423,E02002402,11,0,2,6,1,0,2
E02002423,E02002403,2,0,0,0,0,0,2
E02002423,E02002404,29,2,0,17,3,0,7
E02002423,E02002405,1,0,0,1,0,0,0
E02002423,E02002407,5,0,0,3,1,0,1
E02002423,E02002408,4,0,0,4,0,0,0
E02002423,E02002409,3,0,0,1,0,0,2
E02002423,E02002410,11,0,0,7,1,0,3
E02002423,E02002411,50,2,2,28,9,0,9
E02002423,E02002412,17,0,1,12,2,1,0
E02002423,E02002414,59,2,3,34,7,0,12
E02002423,E02002415,30,0,4,20,3,0,3
E02002423,E02002416,5,1,0,3,0,0,1
E02002423,E02002419,57,1,0,34,9,1,10
E02002423,E02002420,59,4,8,32,6,1,7
E02002423,E02002421,35,0,12,15,5,0,3
E02002423,E02002422,52,0,1,27,6,1,16
E02002423,E02002423,82,1,42,22,4,0,13
E02002423,E02002424,9,0,0,6,2,1,0
E02002423,E02002425,1,0,0,1,0,0,0
E02002423,E02002426,5,0,1,2,1,0,0
E02002423,E02002427,26,1,0,15,4,0,4
E02002423,E02002428,67,1,17,28,9,1,10
E02002423,E02002429,8,0,0,5,2,0,1
E02002423,E02002430,14,0,3,6,2,0,3
E02002423,E02002431,20,1,0,15,0,2,2
E02002423,E02002433,17,0,0,11,2,0,4
E02002423,E02002434,13,1,2,8,1,0,1
E02002423,E02002435,22,1,1,15,3,0,2
E02002423,E02002436,6,0,0,4,1,0,1
E02002423,E02002437,1,0,1,0,0,0,0
E02002423,E02002443,5,0,0,5,0,0,0
E02002423,E02002451,12,1,0,10,1,0,0
E02002423,E02006852,7,0,1,4,0,0,2
E02002423,E02006861,5,0,0,4,0,0,1
E02002423,E02006875,337,5,5,113,37,2,165
E02002423,E02006876,338,11,36,177,28,3,73
E02002424,E02002239,23,0,0,22,0,0,1
E02002424,E02002271,6,0,0,5,0,0,1
E02002424,E02002272,77,1,10,47,9,2,6
E02002424,E02002276,6,0,0,5,1,0,0
E02002424,E02002277,19,0,0,15,1,0,3
E02002424,E02002335,3,0,2,0,1,0,0
E02002424,E02002336,8,0,0,5,0,1,2
E02002424,E02002342,2,0,0,2,0,0,0
E02002424,E02002344,1,0,0,0,0,0,1
E02002424,E02002345,2,0,0,2,0,0,0
E02002424,E02002346,1,0,0,1,0,0,0
E02002424,E02002347,6,0,0,6,0,0,0
E02002424,E02002348,9,0,0,8,0,1,0
E02002424,E02002349,8,0,0,6,1,0,1
E02002424,E02002350,4,0,0,2,0,0,1
E02002424,E02002351,1,0,0,1,0,0,0
E02002424,E02002352,3,0,0,2,0,0,1
E02002424,E02002353,6,0,0,6,0,0,0
E02002424,E02002354,1,0,0,0,0,0,1
E02002424,E02002356,5,0,0,5,0,0,0
E02002424,E02002357,9,0,0,8,0,0,1
E02002424,E02002358,8,0,0,8,0,0,0
E02002424,E02002359,5,0,0,4,1,0,0
E02002424,E02002361,6,0,0,4,0,0,2
E02002424,E02002362,5,0,0,4,0,0,1
E02002424,E02002363,4,0,0,4,0,0,0
E02002424,E02002364,9,0,0,7,0,0,2
E02002424,E02002366,4,0,1,3,0,0,0
E02002424,E02002367,5,0,0,3,1,0,0
E02002424,E02002368,6,0,0,5,0,0,1
E02002424,E02002369,2,0,0,2,0,0,0
E02002424,E02002371,6,0,0,6,0,0,0
E02002424,E02002373,1,0,0,1,0,0,0
E02002424,E02002374,4,0,0,4,0,0,0
E02002424,E02002375,1,0,0,1,0,0,0
E02002424,E02002376,2,0,0,2,0,0,0
E02002424,E02002377,4,0,0,4,0,0,0
E02002424,E02002379,2,0,0,2,0,0,0
E02002424,E02002380,1,0,0,1,0,0,0
E02002424,E02002381,4,0,1,3,0,0,0
E02002424,E02002382,6,0,0,2,0,0,4
E02002424,E02002384,25,0,0,20,1,0,4
E02002424,E02002385,13,0,0,13,0,0,0
E02002424,E02002386,17,0,0,15,1,0,1
E02002424,E02002387,18,0,0,16,1,0,1
E02002424,E02002388,3,0,0,3,0,0,0
E02002424,E02002390,8,0,0,5,0,0,3
E02002424,E02002391,32,0,0,29,1,0,2
E02002424,E02002392,65,2,1,43,6,2,11
E02002424,E02002393,46,1,0,34,2,1,8
E02002424,E02002394,10,0,0,8,0,0,2
E02002424,E02002395,22,1,2,17,0,0,2
E02002424,E02002396,14,0,0,10,3,0,0
E02002424,E02002397,8,0,0,6,1,0,1
E02002424,E02002398,3,0,0,3,0,0,0
E02002424,E02002399,30,0,0,25,3,0,2
E02002424,E02002400,76,1,1,53,4,1,13
E02002424,E02002401,1,0,0,0,0,0,1
E02002424,E02002402,15,0,0,15,0,0,0
E02002424,E02002403,3,0,0,2,0,0,1
E02002424,E02002404,19,0,0,17,1,0,1
E02002424,E02002405,3,0,1,2,0,0,0
E02002424,E02002407,4,0,0,3,0,0,1
E02002424,E02002408,17,0,0,14,1,0,2
E02002424,E02002409,3,0,2,1,0,0,0
E02002424,E02002410,26,0,0,20,3,0,2
E02002424,E02002411,62,0,1,45,4,0,12
E02002424,E02002412,55,0,0,45,5,0,5
E02002424,E02002414,42,1,0,34,4,0,3
E02002424,E02002415,4,0,0,4,0,0,0
E02002424,E02002416,10,0,0,9,0,1,0
E02002424,E02002419,101,0,4,70,11,3,13
E02002424,E02002420,35,0,0,30,4,0,0
E02002424,E02002421,4,0,1,3,0,0,0
E02002424,E02002422,124,2,13,74,17,0,14
E02002424,E02002423,2,0,0,2,0,0,0
E02002424,E02002424,175,2,61,87,14,2,7
E02002424,E02002425,74,2,15,37,13,0,7
E02002424,E02002426,5,0,0,4,0,0,0
E02002424,E02002427,8,0,0,6,1,0,1
E02002424,E02002428,12,0,0,12,0,0,0
E02002424,E02002429,2,0,0,2,0,0,0
E02002424,E02002430,4,0,0,3,0,0,0
E02002424,E02002431,90,3,20,41,6,1,13
E02002424,E02002433,251,1,64,138,21,0,23
E02002424,E02002434,3,0,0,3,0,0,0
E02002424,E02002435,190,6,36,113,20,0,8
E02002424,E02002436,9,0,0,7,0,0,2
E02002424,E02002437,2,0,0,2,0,0,0
E02002424,E02002443,2,0,0,2,0,0,0
E02002424,E02002444,4,0,0,4,0,0,0
E02002424,E02002445,5,1,0,3,0,0,1
E02002424,E02002451,24,0,0,21,1,0,2
E02002424,E02006852,8,1,0,5,1,0,1
E02002424,E02006861,13,0,0,11,1,0,1
E02002424,E02006875,496,11,8,230,57,9,161
E02002424,E02006876,112,1,0,98,4,1,7
E02002425,E02002239,74,0,3,58,8,2,3
E02002425,E02002271,28,0,3,23,0,0,1
E02002425,E02002272,133,2,25,80,17,0,7
E02002425,E02002276,10,0,0,10,0,0,0
E02002425,E02002277,10,0,0,5,3,0,2
E02002425,E02002335,3,0,0,2,0,0,1
E02002425,E02002336,8,0,0,8,0,0,0
E02002425,E02002341,2,0,0,2,0,0,0
E02002425,E02002343,3,0,0,2,0,1,0
E02002425,E02002344,1,0,0,1,0,0,0
E02002425,E02002345,3,1,0,2,0,0,0
E02002425,E02002346,2,0,0,2,0,0,0
E02002425,E02002347,1,0,0,1,0,0,0
E02002425,E02002348,10,0,0,9,1,0,0
E02002425,E02002349,6,1,0,3,0,0,2
E02002425,E02002350,4,0,0,4,0,0,0
E02002425,E02002351,2,0,0,2,0,0,0
E02002425,E02002352,5,0,0,5,0,0,0
E02002425,E02002353,1,0,0,1,0,0,0
E02002425,E02002356,6,0,0,5,0,1,0
E02002425,E02002357,8,0,0,6,2,0,0
E02002425,E02002358,7,0,0,7,0,0,0
E02002425,E02002359,6,0,0,5,1,0,0
E02002425,E02002360,1,0,0,0,0,0,0
E02002425,E02002361,2,0,0,2,0,0,0
E02002425,E02002362,8,0,0,5,2,1,0
E02002425,E02002363,3,0,0,2,0,0,1
E02002425,E02002364,9,0,0,7,0,1,1
E02002425,E02002366,1,0,0,1,0,0,0
E02002425,E02002367,2,0,0,2,0,0,0
E02002425,E02002368,12,0,0,12,0,0,0
E02002425,E02002371,9,1,0,5,0,0,3
E02002425,E02002373,4,0,0,3,0,0,1
E02002425,E02002374,13,0,0,12,1,0,0
E02002425,E02002375,3,0,0,3,0,0,0
E02002425,E02002376,2,0,0,2,0,0,0
E02002425,E02002377,3,0,0,3,0,0,0
E02002425,E02002379,3,0,0,2,0,1,0
E02002425,E02002380,4,0,0,4,0,0,0
E02002425,E02002381,10,0,0,9,1,0,0
E02002425,E02002382,4,0,0,2,0,0,2
E02002425,E02002384,21,0,0,19,2,0,0
E02002425,E02002385,12,0,1,10,0,0,1
E02002425,E02002386,7,0,0,6,0,0,1
E02002425,E02002387,11,1,0,9,0,0,1
E02002425,E02002388,12,0,0,11,1,0,0
E02002425,E02002390,12,0,1,8,1,0,2
E02002425,E02002391,42,0,0,38,2,2,0
E02002425,E02002392,86,0,1,57,7,0,21
E02002425,E02002393,34,0,0,26,2,2,4
E02002425,E02002394,13,0,0,11,1,0,1
E02002425,E02002395,25,0,0,22,1,0,2
E02002425,E02002396,27,0,0,21,2,0,4
E02002425,E02002397,9,0,1,7,1,0,0
E02002425,E02002398,3,0,0,3,0,0,0
E02002425,E02002399,23,0,1,17,1,0,4
E02002425,E02002400,77,2,0,59,7,1,4
E02002425,E02002401,3,0,0,2,0,0,1
E02002425,E02002402,11,0,0,10,1,0,0
E02002425,E02002403,3,0,1,1,1,0,0
E02002425,E02002404,19,0,0,14,3,1,1
E02002425,E02002405,2,0,0,2,0,0,0
E02002425,E02002407,14,0,1,10,2,0,1
E02002425,E02002408,19,0,0,18,1,0,0
E02002425,E02002409,12,0,1,10,1,0,0
E02002425,E02002410,21,0,0,18,2,0,1
E02002425,E02002411,60,0,1,44,5,1,9
E02002425,E02002412,57,2,3,42,3,1,5
E02002425,E02002414,29,1,1,22,1,0,3
E02002425,E02002415,10,0,0,10,0,0,0
E02002425,E02002416,12,0,0,12,0,0,0
E02002425,E02002419,65,0,1,54,4,1,5
E02002425,E02002420,48,0,0,41,3,1,3
E02002425,E02002421,3,0,0,1,1,1,0
E02002425,E02002422,71,0,3,48,10,0,8
E02002425,E02002423,1,0,0,1,0,0,0
E02002425,E02002424,98,3,21,56,10,1,3
E02002425,E02002425,239,1,98,120,11,0,7
E02002425,E02002426,2,0,0,2,0,0,0
E02002425,E02002427,4,0,0,4,0,0,0
E02002425,E02002428,7,0,0,7,0,0,0
E02002425,E02002429,1,0,0,1,0,0,0
E02002425,E02002430,2,0,0,2,0,0,0
E02002425,E02002431,44,0,2,36,2,0,3
E02002425,E02002433,124,3,6,87,10,0,15
E02002425,E02002434,6,0,1,4,0,0,1
E02002425,E02002435,173,3,15,130,13,0,9
E02002425,E02002436,13,0,0,10,0,0,3
E02002425,E02002443,4,0,0,4,0,0,0
E02002425,E02002444,3,0,0,3,0,0,0
E02002425,E02002445,1,0,0,1,0,0,0
E02002425,E02002451,27,0,0,24,0,2,1
E02002425,E02006852,7,0,1,3,1,1,1
E02002425,E02006861,7,0,1,6,0,0,0
E02002425,E02006875,384,8,2,192,41,7,128
E02002425,E02006876,111,4,0,93,6,1,7
E02002426,E02002239,4,0,0,4,0,0,0
E02002426,E02002271,1,1,0,0,0,0,0
E02002426,E02002272,9,0,0,8,0,0,1
E02002426,E02002276,2,0,0,1,0,0,1
E02002426,E02002335,3,0,0,2,0,0,1
E02002426,E02002336,9,0,0,8,0,0,1
E02002426,E02002341,1,0,0,1,0,0,0
E02002426,E02002342,1,0,0,1,0,0,0
E02002426,E02002344,6,0,0,6,0,0,0
E02002426,E02002345,2,0,0,2,0,0,0
E02002426,E02002346,1,0,0,1,0,0,0
E02002426,E02002347,2,0,0,2,0,0,0
E02002426,E02002348,8,0,0,7,0,0,0
E02002426,E02002349,5,0,0,3,0,0,1
E02002426,E02002350,2,0,0,1,0,0,0
E02002426,E02002351,6,0,0,5,0,0,0
E02002426,E02002352,6,0,0,6,0,0,0
E02002426,E02002353,5,0,0,5,0,0,0
E02002426,E02002356,5,0,0,5,0,0,0
E02002426,E02002357,12,0,0,8,0,1,2
E02002426,E02002358,18,0,0,14,1,0,2
E02002426,E02002359,9,0,1,8,0,0,0
E02002426,E02002360,2,0,0,2,0,0,0
E02002426,E02002361,6,0,1,4,0,0,0
E02002426,E02002362,4,0,0,4,0,0,0
E02002426,E02002363,12,0,1,8,0,0,3
E02002426,E02002364,21,0,0,20,0,0,1
E02002426,E02002366,6,0,0,5,0,0,1
E02002426,E02002367,2,0,0,2,0,0,0
E02002426,E02002369,3,0,0,3,0,0,0
E02002426,E02002370,3,0,0,2,0,0,1
E02002426,E02002371,10,0,0,8,0,0,1
E02002426,E02002373,12,0,0,9,0,0,2
E02002426,E02002374,6,0,0,5,0,0,1
E02002426,E02002376,4,0,0,4,0,0,0
E02002426,E02002377,2,1,0,1,0,0,0
E02002426,E02002379,6,0,0,6,0,0,0
E02002426,E02002380,2,1,0,1,0,0,0
E02002426,E02002381,5,0,0,4,0,0,1
E02002426,E02002382,3,0,1,1,0,0,1
E02002426,E02002383,1,0,0,1,0,0,0
E02002426,E02002384,20,0,0,15,0,0,2
E02002426,E02002385,12,0,0,6,0,0,4
E02002426,E02002386,26,0,0,22,1,0,1
E02002426,E02002387,5,0,1,3,0,0,0
E02002426,E02002389,1,0,0,1,0,0,0
E02002426,E02002390,14,0,0,12,0,0,2
E02002426,E02002391,10,0,1,8,1,0,0
E02002426,E02002392,70,1,0,38,2,0,7
E02002426,E02002393,55,1,0,32,8,1,7
E02002426,E02002394,17,0,0,14,1,0,2
E02002426,E02002395,11,0,0,11,0,0,0
E02002426,E02002396,14,0,2,10,0,0,1
E02002426,E02002397,3,0,0,3,0,0,0
E02002426,E02002398,9,0,0,8,0,0,0
E02002426,E02002399,53,2,2,42,0,2,3
E02002426,E02002400,63,1,0,42,4,0,5
E02002426,E02002401,4,0,0,4,0,0,0
E02002426,E02002402,43,1,0,34,3,0,4
E02002426,E02002403,30,0,1,22,6,0,1
E02002426,E02002404,40,0,1,31,3,1,4
E02002426,E02002405,2,0,0,1,1,0,0
E02002426,E02002407,4,0,1,3,0,0,0
E02002426,E02002408,4,0,0,4,0,0,0
E02002426,E02002409,3,0,0,2,0,0,0
E02002426,E02002410,11,0,0,10,0,0,1
E02002426,E02002411,38,3,0,29,3,0,0
E02002426,E02002412,18,0,0,14,2,0,2
E02002426,E02002414,40,1,0,29,4,0,4
E02002426,E02002415,16,0,0,14,1,0,1
E02002426,E02002416,58,1,1,42,8,0,3
E02002426,E02002419,35,0,0,30,2,1,1
E02002426,E02002420,23,2,1,16,2,1,0
E02002426,E02002421,5,0,1,2,0,0,1
E02002426,E02002422,45,0,0,31,6,0,7
E02002426,E02002424,11,0,0,9,1,0,1
E02002426,E02002425,3,0,0,3,0,0,0
E02002426,E02002426,230,2,122,82,17,0,3
E02002426,E02002427,142,1,18,88,12,2,16
E02002426,E02002428,11,0,0,8,0,0,3
E02002426,E02002429,73,0,8,48,7,0,2
E02002426,E02002430,5,0,0,5,0,0,0
E02002426,E02002431,23,0,0,20,0,0,2
E02002426,E02002433,9,0,0,9,0,0,0
E02002426,E02002434,19,0,0,15,1,1,0
E02002426,E02002435,24,1,0,21,1,0,1
E02002426,E02002436,6,0,0,4,0,0,2
E02002426,E02002437,2,0,0,1,1,0,0
E02002426,E02002443,7,0,0,6,0,0,0
E02002426,E02002444,13,0,0,11,0,0,1
E02002426,E02002445,6,0,0,5,1,0,0
E02002426,E02002451,21,2,0,17,2,0,0
E02002426,E02006852,8,0,0,8,0,0,0
E02002426,E02006861,11,1,1,6,1,0,1
E02002426,E02006875,489,15,4,193,31,0,81
E02002426,E02006876,261,6,2,187,17,2,45
E02002427,E02002239,1,0,0,1,0,0,0
E02002427,E02002271,1,0,0,1,0,0,0
E02002427,E02002272,8,0,0,6,1,1,0
E02002427,E02002276,1,0,0,0,0,1,0
E02002427,E02002277,4,0,0,4,0,0,0
E02002427,E02002335,3,0,0,0,1,0,2
E02002427,E02002336,7,0,0,6,0,0,1
E02002427,E02002341,3,0,0,2,0,0,1
E02002427,E02002343,1,0,0,1,0,0,0
E02002427,E02002344,1,1,0,0,0,0,0
E02002427,E02002345,3,0,0,2,0,0,1
E02002427,E02002346,2,0,0,1,0,0,1
E02002427,E02002347,4,0,0,4,0,0,0
E02002427,E02002348,6,0,0,6,0,0,0
E02002427,E02002349,5,0,0,4,0,0,0
E02002427,E02002350,1,0,0,1,0,0,0
E02002427,E02002351,4,0,1,3,0,0,0
E02002427,E02002352,2,0,0,0,0,0,2
E02002427,E02002353,3,0,0,3,0,0,0
E02002427,E02002356,5,0,0,5,0,0,0
E02002427,E02002357,6,0,0,5,1,0,0
E02002427,E02002358,9,0,0,9,0,0,0
E02002427,E02002359,6,0,1,3,0,0,2
E02002427,E02002360,3,0,0,3,0,0,0
E02002427,E02002361,8,0,1,5,0,0,1
E02002427,E02002362,5,0,1,4,0,0,0
E02002427,E02002363,10,1,0,6,0,0,3
E02002427,E02002364,13,2,0,11,0,0,0
E02002427,E02002366,5,0,0,4,1,0,0
E02002427,E02002367,3,0,0,3,0,0,0
E02002427,E02002368,3,0,1,2,0,0,0
E02002427,E02002369,5,0,0,4,1,0,0
E02002427,E02002370,3,0,0,1,0,0,2
E02002427,E02002371,2,0,0,1,1,0,0
E02002427,E02002373,2,0,0,2,0,0,0
E02002427,E02002374,2,0,0,1,0,1,0
E02002427,E02002375,4,0,0,4,0,0,0
E02002427,E02002376,2,0,0,2,0,0,0
E02002427,E02002377,4,0,0,3,0,0,1
E02002427,E02002379,3,0,0,3,0,0,0
E02002427,E02002380,3,0,0,3,0,0,0
E02002427,E02002381,2,0,0,2,0,0,0
E02002427,E02002382,2,0,0,2,0,0,0
E02002427,E02002383,1,0,0,0,0,0,1
E02002427,E02002384,22,0,2,17,1,0,2
E02002427,E02002385,8,0,1,4,2,0,1
E02002427,E02002386,17,0,0,14,0,0,3
E02002427,E02002387,9,0,0,5,3,0,0
E02002427,E02002388,2,0,0,2,0,0,0
E02002427,E02002389,3,1,0,2,0,0,0
E02002427,E02002390,16,1,0,10,1,0,4
E02002427,E02002391,11,0,1,8,0,0,0
E02002427,E02002392,46,2,1,27,2,1,12
E02002427,E02002393,46,0,0,32,4,0,8
E02002427,E02002394,17,0,0,14,1,0,2
E02002427,E02002395,10,0,0,9,0,0,0
E02002427,E02002396,12,0,3,6,2,0,1
E02002427,E02002397,1,0,0,1,0,0,0
E02002427,E02002398,4,0,0,4,0,0,0
E02002427,E02002399,43,2,0,33,3,1,4
E02002427,E02002400,33,0,1,29,1,0,2
E02002427,E02002401,4,0,2,2,0,0,0
E02002427,E02002402,31,0,1,29,1,0,0
E02002427,E02002403,18,0,0,16,1,0,1
E02002427,E02002404,18,0,0,13,1,0,4
E02002427,E02002407,2,0,0,2,0,0,0
E02002427,E02002408,7,0,2,4,0,0,1
E02002427,E02002409,1,0,0,1,0,0,0
E02002427,E02002410,15,0,0,9,4,0,1
E02002427,E02002411,41,0,0,32,7,0,2
E02002427,E02002412,16,0,0,11,2,0,3
E02002427,E02002414,29,1,1,19,1,0,7
E02002427,E02002415,11,2,1,7,1,0,0
E02002427,E02002416,28,0,1,20,4,0,2
E02002427,E02002419,56,0,1,45,6,0,4
E02002427,E02002420,34,0,0,26,7,0,1
E02002427,E02002421,8,0,0,5,0,0,3
E02002427,E02002422,61,0,4,29,11,1,16
E02002427,E02002423,3,0,0,1,1,0,1
E02002427,E02002424,15,0,0,14,1,0,0
E02002427,E02002425,7,0,0,7,0,0,0
E02002427,E02002426,89,2,19,46,14,1,5
E02002427,E02002427,265,3,149,92,12,0,8
E02002427,E02002428,27,0,1,22,3,0,1
E02002427,E02002429,85,0,34,39,7,2,3
E02002427,E02002430,7,0,0,6,1,0,0
E02002427,E02002431,21,1,1,13,1,0,5
E02002427,E02002433,17,0,1,12,2,0,2
E02002427,E02002434,21,1,3,10,6,0,1
E02002427,E02002435,31,0,1,29,0,0,1
E02002427,E02002436,15,0,0,12,2,0,1
E02002427,E02002437,1,0,0,1,0,0,0
E02002427,E02002443,12,0,0,10,2,0,0
E02002427,E02002444,7,1,0,4,0,0,2
E02002427,E02002445,8,0,0,6,0,0,2
E02002427,E02002451,24,1,0,23,0,0,0
E02002427,E02006852,11,0,0,9,2,0,0
E02002427,E02006861,16,0,0,13,2,0,1
E02002427,E02006875,387,7,10,162,39,3,150
E02002427,E02006876,258,8,17,178,11,3,41
E02002428,E02002239,14,0,0,13,0,0,1
E02002428,E02002271,3,0,1,2,0,0,0
E02002428,E02002272,13,0,1,10,2,0,0
E02002428,E02002276,1,0,0,1,0,0,0
E02002428,E02002277,1,0,0,1,0,0,0
E02002428,E02002335,2,0,0,1,0,0,1
E02002428,E02002336,8,0,1,5,1,0,1
E02002428,E02002341,3,0,0,3,0,0,0
E02002428,E02002343,2,0,0,2,0,0,0
E02002428,E02002344,1,0,0,1,0,0,0
E02002428,E02002345,4,0,0,4,0,0,0
E02002428,E02002346,3,0,1,0,1,0,1
E02002428,E02002347,1,0,0,0,1,0,0
E02002428,E02002348,6,0,0,5,0,0,1
E02002428,E02002349,2,0,0,2,0,0,0
E02002428,E02002350,4,0,0,4,0,0,0
E02002428,E02002351,3,0,0,2,0,0,1
E02002428,E02002352,10,0,1,6,2,0,1
E02002428,E02002353,7,0,0,6,0,0,1
E02002428,E02002354,7,0,0,3,1,0,3
E02002428,E02002356,8,0,0,6,0,0,2
E02002428,E02002357,10,0,0,6,2,0,2
E02002428,E02002358,15,0,0,15,0,0,0
E02002428,E02002359,7,0,0,5,2,0,0
E02002428,E02002360,3,0,0,2,0,0,1
E02002428,E02002361,3,0,1,1,0,0,1
E02002428,E02002362,2,0,0,2,0,0,0
E02002428,E02002363,9,0,1,7,0,0,1
E02002428,E02002364,10,0,0,8,1,0,1
E02002428,E02002366,6,0,0,4,0,0,1
E02002428,E02002367,3,0,0,1,0,0,2
E02002428,E02002369,4,0,0,4,0,0,0
E02002428,E02002370,1,0,0,0,0,0,1
E02002428,E02002371,18,0,4,10,0,0,4
E02002428,E02002373,11,0,0,9,1,0,1
E02002428,E02002374,7,0,0,7,0,0,0
E02002428,E02002375,2,0,0,1,1,0,0
E02002428,E02002377,1,0,0,0,0,0,1
E02002428,E02002379,7,0,0,6,1,0,0
E02002428,E02002380,7,0,1,5,1,0,0
E02002428,E02002381,5,0,0,4,1,0,0
E02002428,E02002382,4,0,0,3,0,0,1
E02002428,E02002383,3,0,0,0,0,0,3
E02002428,E02002384,28,0,1,19,0,0,7
E02002428,E02002385,16,0,1,6,2,0,7
E02002428,E02002386,5,0,0,2,1,0,2
E02002428,E02002387,5,0,0,3,1,0,1
E02002428,E02002388,2,0,0,1,0,0,1
E02002428,E02002389,1,0,0,1,0,0,0
E02002428,E02002390,18,0,1,13,1,0,3
E02002428,E02002391,12,0,0,12,0,0,0
E02002428,E02002392,54,4,1,21,4,0,24
E02002428,E02002393,62,0,0,39,5,0,18
E02002428,E02002394,13,0,0,10,0,0,3
E02002428,E02002395,15,0,0,13,1,0,1
E02002428,E02002396,17,0,0,9,0,0,8
E02002428,E02002397,3,0,0,3,0,0,0
E02002428,E02002398,1,0,0,1,0,0,0
E02002428,E02002399,46,2,0,32,7,1,3
E02002428,E02002400,74,2,1,41,11,2,16
E02002428,E02002401,1,0,0,0,0,0,1
E02002428,E02002402,19,0,1,15,1,0,2
E02002428,E02002403,10,0,0,8,0,0,2
E02002428,E02002404,20,2,0,14,3,0,1
E02002428,E02002405,3,0,0,2,0,0,1
E02002428,E02002407,7,0,1,4,0,0,2
E02002428,E02002408,8,0,0,6,2,0,0
E02002428,E02002409,2,0,0,2,0,0,0
E02002428,E02002410,10,0,0,2,3,0,5
E02002428,E02002411,54,1,0,36,7,1,9
E02002428,E02002412,25,0,0,21,1,0,3
E02002428,E02002414,76,1,2,49,4,0,20
E02002428,E02002415,34,1,0,20,7,0,5
E02002428,E02002416,13,0,0,10,1,1,1
E02002428,E02002419,64,2,1,42,8,0,10
E02002428,E02002420,85,5,6,52,6,1,14
E02002428,E02002421,30,0,6,19,2,0,3
E02002428,E02002422,77,1,1,50,5,0,17
E02002428,E02002423,31,0,14,14,2,0,1
E02002428,E02002424,12,0,0,11,0,0,1
E02002428,E02002425,6,0,0,4,0,0,2
E02002428,E02002426,10,0,0,6,2,0,2
E02002428,E02002427,48,0,1,34,4,2,5
E02002428,E02002428,103,1,43,45,4,0,10
E02002428,E02002429,26,0,0,11,12,0,3
E02002428,E02002430,54,1,20,20,1,0,11
E02002428,E02002431,27,0,2,18,2,0,4
E02002428,E02002433,15,1,0,9,1,0,3
E02002428,E02002434,12,0,0,10,1,0,0
E02002428,E02002435,42,0,1,31,3,0,6
E02002428,E02002436,12,0,3,8,0,0,1
E02002428,E02002437,2,0,0,2,0,0,0
E02002428,E02002443,5,0,0,4,1,0,0
E02002428,E02002444,4,0,0,3,1,0,0
E02002428,E02002445,11,0,1,10,0,0,0
E02002428,E02002451,20,0,0,19,1,0,0
E02002428,E02006852,8,0,0,8,0,0,0
E02002428,E02006861,14,0,0,8,2,0,4
E02002428,E02006875,482,9,7,205,43,4,206
E02002428,E02006876,311,3,19,166,35,3,81
E02002429,E02002239,7,0,0,6,1,0,0
E02002429,E02002271,4,1,0,2,1,0,0
E02002429,E02002272,7,0,0,7,0,0,0
E02002429,E02002276,1,1,0,0,0,0,0
E02002429,E02002277,2,0,0,2,0,0,0
E02002429,E02002335,3,0,0,3,0,0,0
E02002429,E02002336,8,0,0,7,0,0,1
E02002429,E02002341,3,0,0,2,0,0,1
E02002429,E02002343,1,0,0,1,0,0,0
E02002429,E02002345,5,1,0,3,0,0,1
E02002429,E02002346,1,0,0,1,0,0,0
E02002429,E02002347,1,0,0,1,0,0,0
E02002429,E02002348,7,0,0,3,2,0,2
E02002429,E02002349,1,0,0,1,0,0,0
E02002429,E02002350,3,0,1,2,0,0,0
E02002429,E02002351,11,0,0,10,0,0,0
E02002429,E02002352,5,0,0,4,0,0,1
E02002429,E02002353,1,0,0,0,0,0,1
E02002429,E02002354,3,0,0,3,0,0,0
E02002429,E02002356,7,0,0,6,0,0,1
E02002429,E02002357,11,1,0,10,0,0,0
E02002429,E02002358,12,0,0,11,1,0,0
E02002429,E02002359,10,0,0,9,1,0,0
E02002429,E02002360,5,0,0,5,0,0,0
E02002429,E02002361,3,0,0,3,0,0,0
E02002429,E02002362,6,0,0,6,0,0,0
E02002429,E02002363,8,0,0,7,0,0,1
E02002429,E02002364,19,0,0,18,1,0,0
E02002429,E02002366,3,0,0,1,1,0,1
E02002429,E02002367,7,0,1,4,1,0,1
E02002429,E02002368,3,0,0,2,1,0,0
E02002429,E02002370,5,0,0,4,0,0,1
E02002429,E02002371,6,0,0,6,0,0,0
E02002429,E02002373,4,1,0,3,0,0,0
E02002429,E02002374,6,0,1,4,1,0,0
E02002429,E02002375,2,0,0,2,0,0,0
E02002429,E02002376,5,0,0,5,0,0,0
E02002429,E02002377,2,0,0,2,0,0,0
E02002429,E02002379,14,0,0,13,0,0,1
E02002429,E02002380,1,0,0,1,0,0,0
E02002429,E02002382,2,0,0,2,0,0,0
E02002429,E02002384,24,0,0,18,2,1,3
E02002429,E02002385,9,0,0,7,2,0,0
E02002429,E02002386,24,0,0,15,4,0,5
E02002429,E02002387,9,0,0,9,0,0,0
E02002429,E02002388,8,0,0,7,0,0,1
E02002429,E02002389,3,0,0,3,0,0,0
E02002429,E02002390,18,0,0,16,0,0,2
E02002429,E02002391,6,0,1,5,0,0,0
E02002429,E02002392,75,3,0,41,7,1,21
E02002429,E02002393,76,1,3,56,5,1,10
E02002429,E02002394,14,0,0,11,0,0,3
E02002429,E02002395,18,0,0,16,0,0,1
E02002429,E02002396,20,0,0,17,1,2,0
E02002429,E02002397,3,0,1,2,0,0,0
E02002429,E02002398,8,0,0,7,0,0,1
E02002429,E02002399,46,0,0,38,6,0,1
E02002429,E02002400,57,0,0,40,7,1,8
E02002429,E02002401,5,0,0,4,0,0,1
E02002429,E02002402,32,0,1,21,8,0,2
E02002429,E02002403,34,0,2,28,2,0,2
E02002429,E02002404,36,0,1,28,2,0,5
E02002429,E02002407,5,0,1,2,1,0,1
E02002429,E02002408,4,0,0,3,1,0,0
E02002429,E02002409,1,0,0,1,0,0,0
E02002429,E02002410,14,1,0,10,1,0,2
E02002429,E02002411,49,1,0,40,1,0,7
E02002429,E02002412,20,0,0,18,0,0,2
E02002429,E02002414,47,1,1,34,6,0,5
E02002429,E02002415,30,0,0,24,4,0,1
E02002429,E02002416,26,0,0,21,2,1,2
E02002429,E02002419,47,1,0,39,3,0,3
E02002429,E02002420,51,0,1,43,3,0,4
E02002429,E02002421,6,0,0,4,2,0,0
E02002429,E02002422,67,0,1,52,4,0,9
E02002429,E02002423,9,1,0,8,0,0,0
E02002429,E02002424,15,0,0,14,1,0,0
E02002429,E02002425,3,0,0,3,0,0,0
E02002429,E02002426,70,0,12,45,7,0,4
E02002429,E02002427,214,1,68,117,13,1,11
E02002429,E02002428,33,1,0,26,2,0,2
E02002429,E02002429,123,3,36,68,9,1,5
E02002429,E02002430,15,0,0,13,0,0,2
E02002429,E02002431,29,0,1,20,3,1,3
E02002429,E02002433,30,0,1,24,1,0,4
E02002429,E02002434,51,0,8,32,8,0,2
E02002429,E02002435,31,0,0,27,2,0,2
E02002429,E02002436,17,0,0,13,2,0,2
E02002429,E02002437,2,0,0,2,0,0,0
E02002429,E02002443,5,0,0,4,0,0,1
E02002429,E02002444,18,0,0,17,0,0,1
E02002429,E02002445,18,0,0,15,0,0,3
E02002429,E02002451,31,2,0,27,2,0,0
E02002429,E02006852,5,0,0,4,0,0,1
E02002429,E02006861,10,0,1,9,0,0,0
E02002429,E02006875,514,10,15,255,42,2,173
E02002429,E02006876,313,7,17,226,25,4,32
E02002430,E02002239,11,0,1,10,0,0,0
E02002430,E02002271,1,0,0,0,0,0,1
E02002430,E02002272,8,0,0,5,2,0,1
E02002430,E02002276,2,0,0,2,0,0,0
E02002430,E02002277,4,0,0,3,0,0,1
E02002430,E02002336,1,0,0,1,0,0,0
E02002430,E02002346,1,0,0,0,0,0,1
E02002430,E02002347,1,0,0,0,0,0,1
E02002430,E02002348,7,0,0,5,1,0,1
E02002430,E02002349,8,0,1,4,3,0,0
E02002430,E02002350,3,0,0,2,0,0,1
E02002430,E02002351,5,0,0,3,0,0,2
E02002430,E02002352,6,0,1,1,0,0,4
E02002430,E02002353,1,0,0,1,0,0,0
E02002430,E02002354,3,0,0,2,0,0,1
E02002430,E02002356,4,0,0,0,1,0,2
E02002430,E02002357,8,0,1,7,0,0,0
E02002430,E02002358,7,0,0,5,0,0,2
E02002430,E02002359,3,0,0,3,0,0,0
E02002430,E02002360,1,0,0,1,0,0,0
E02002430,E02002361,3,0,0,0,0,0,3
E02002430,E02002363,6,0,0,3,0,0,3
E02002430,E02002364,13,0,0,7,0,0,6
E02002430,E02002366,5,0,1,1,0,0,2
E02002430,E02002367,3,0,0,3,0,0,0
E02002430,E02002368,1,0,0,1,0,0,0
E02002430,E02002369,4,0,0,2,1,0,1
E02002430,E02002371,10,0,0,4,0,0,6
E02002430,E02002373,1,0,0,0,0,0,1
E02002430,E02002374,3,0,0,0,0,0,3
E02002430,E02002375,2,0,0,1,1,0,0
E02002430,E02002376,3,0,0,3,0,0,0
E02002430,E02002377,3,0,0,2,0,0,1
E02002430,E02002379,2,0,0,1,0,0,1
E02002430,E02002380,1,0,0,1,0,0,0
E02002430,E02002381,1,0,0,1,0,0,0
E02002430,E02002382,5,0,0,4,0,0,1
E02002430,E02002383,3,0,0,3,0,0,0
E02002430,E02002384,18,0,0,9,2,0,7
E02002430,E02002385,5,0,0,4,0,0,1
E02002430,E02002386,11,0,0,5,4,1,1
E02002430,E02002387,4,0,0,0,0,1,3
E02002430,E02002388,5,0,0,2,0,0,3
E02002430,E02002389,1,0,0,1,0,0,0
E02002430,E02002390,8,0,0,4,0,1,2
E02002430,E02002391,7,0,2,4,0,0,1
E02002430,E02002392,52,1,3,26,3,1,18
E02002430,E02002393,39,0,0,21,3,0,15
E02002430,E02002394,9,0,0,6,0,0,3
E02002430,E02002395,1,0,0,1,0,0,0
E02002430,E02002396,14,0,4,7,0,0,3
E02002430,E02002397,2,0,0,2,0,0,0
E02002430,E02002399,43,2,1,23,5,0,12
E02002430,E02002400,48,0,0,30,2,0,14
E02002430,E02002401,4,0,0,2,0,0,2
E02002430,E02002402,8,0,1,5,1,0,1
E02002430,E02002403,7,0,1,4,2,0,0
E02002430,E02002404,25,1,0,16,2,0,5
E02002430,E02002405,1,0,0,0,0,0,1
E02002430,E02002407,5,0,0,3,0,0,2
E02002430,E02002408,6,0,0,2,1,0,3
E02002430,E02002409,6,0,0,4,0,0,2
E02002430,E02002410,24,0,1,10,1,1,10
E02002430,E02002411,62,1,0,38,5,0,16
E02002430,E02002412,25,1,0,16,5,0,2
E02002430,E02002414,47,0,0,26,2,1,16
E02002430,E02002415,15,0,0,9,1,1,4
E02002430,E02002416,10,0,1,6,2,0,1
E02002430,E02002419,81,1,2,44,8,0,22
E02002430,E02002420,118,1,10,46,18,1,41
E02002430,E02002421,18,0,3,4,8,0,3
E02002430,E02002422,83,0,1,35,8,0,35
E02002430,E02002423,12,0,1,6,2,0,3
E02002430,E02002424,19,2,0,8,6,0,2
E02002430,E02002425,3,0,0,2,0,0,1
E02002430,E02002426,4,0,1,0,1,0,2
E02002430,E02002427,19,0,0,13,3,0,3
E02002430,E02002428,83,0,52,18,5,0,8
E02002430,E02002429,9,0,4,2,1,0,2
E02002430,E02002430,139,0,91,24,9,0,15
E02002430,E02002431,30,1,0,17,3,0,8
E02002430,E02002433,27,0,0,15,5,0,5
E02002430,E02002434,12,0,2,5,1,0,4
E02002430,E02002435,50,1,1,24,12,0,11
E02002430,E02002436,9,1,2,4,2,0,0
E02002430,E02002437,2,0,0,1,1,0,0
E02002430,E02002443,4,0,0,4,0,0,0
E02002430,E02002444,4,0,0,3,0,0,1
E02002430,E02002445,3,0,0,2,0,0,0
E02002430,E02002451,13,1,0,8,2,0,2
E02002430,E02006852,6,0,0,2,0,0,4
E02002430,E02006861,14,0,0,6,1,0,7
E02002430,E02006875,349,7,9,92,34,0,204
E02002430,E02006876,246,3,5,122,28,5,75
E02002431,E02002239,15,1,0,12,1,0,1
E02002431,E02002271,2,0,0,2,0,0,0
E02002431,E02002272,34,1,2,25,4,0,2
E02002431,E02002276,3,0,0,2,1,0,0
E02002431,E02002277,10,1,0,8,1,0,0
E02002431,E02002336,22,0,2,18,1,0,1
E02002431,E02002341,2,0,0,2,0,0,0
E02002431,E02002342,1,0,0,1,0,0,0
E02002431,E02002344,1,0,0,1,0,0,0
E02002431,E02002346,1,0,0,1,0,0,0
E02002431,E02002347,1,0,0,1,0,0,0
E02002431,E02002348,6,0,0,6,0,0,0
E02002431,E02002349,4,0,0,3,0,0,1
E02002431,E02002350,2,0,0,1,1,0,0
E02002431,E02002351,5,0,0,5,0,0,0
E02002431,E02002352,6,0,0,4,0,0,1
E02002431,E02002356,10,0,0,7,0,1,2
E02002431,E02002357,10,0,0,8,0,0,2
E02002431,E02002358,9,0,0,9,0,0,0
E02002431,E02002359,2,0,0,2,0,0,0
E02002431,E02002360,1,0,0,1,0,0,0
E02002431,E02002361,3,0,0,2,1,0,0
E02002431,E02002362,5,0,1,3,0,0,1
E02002431,E02002363,7,0,1,6,0,0,0
E02002431,E02002364,7,0,0,5,1,0,1
E02002431,E02002366,5,0,0,5,0,0,0
E02002431,E02002367,2,0,0,1,0,0,0
E02002431,E02002368,2,0,0,1,0,0,1
E02002431,E02002369,1,0,0,1,0,0,0
E02002431,E02002370,2,0,0,2,0,0,0
E02002431,E02002371,10,0,0,9,0,0,1
E02002431,E02002373,5,1,0,3,0,0,1
E02002431,E02002374,3,0,0,2,0,0,1
E02002431,E02002375,2,0,0,2,0,0,0
E02002431,E02002376,1,0,0,1,0,0,0
E02002431,E02002377,7,0,0,4,1,0,2
E02002431,E02002379,2,0,0,2,0,0,0
E02002431,E02002380,1,0,0,0,0,1,0
E02002431,E02002381,7,0,0,4,1,0,1
E02002431,E02002382,5,0,0,4,0,0,0
E02002431,E02002384,30,1,0,22,2,0,3
E02002431,E02002385,15,0,0,6,2,0,5
E02002431,E02002386,10,0,2,4,1,0,2
E02002431,E02002387,8,0,0,8,0,0,0
E02002431,E02002388,3,0,0,2,1,0,0
E02002431,E02002389,1,0,0,1,0,0,0
E02002431,E02002390,6,0,0,5,0,0,1
E02002431,E02002391,22,0,0,20,0,0,1
E02002431,E02002392,69,2,2,42,5,0,9
E02002431,E02002393,53,3,1,34,4,0,9
E02002431,E02002394,16,0,1,12,1,0,2
E02002431,E02002395,18,0,0,15,1,1,0
E02002431,E02002396,13,0,0,11,1,0,1
E02002431,E02002397,4,0,0,3,0,0,0
E02002431,E02002398,7,0,0,7,0,0,0
E02002431,E02002399,30,0,0,26,2,1,1
E02002431,E02002400,80,3,2,55,10,0,8
E02002431,E02002401,3,0,0,2,0,0,1
E02002431,E02002402,19,0,0,19,0,0,0
E02002431,E02002403,10,0,0,9,0,0,0
E02002431,E02002404,17,0,0,11,1,0,2
E02002431,E02002405,3,0,0,3,0,0,0
E02002431,E02002407,9,1,0,5,0,0,3
E02002431,E02002408,14,0,1,11,1,0,1
E02002431,E02002409,3,0,0,3,0,0,0
E02002431,E02002410,18,0,0,16,1,0,1
E02002431,E02002411,63,2,1,43,5,1,10
E02002431,E02002412,38,0,0,30,4,1,3
E02002431,E02002414,54,0,3,40,2,0,9
E02002431,E02002415,14,0,0,12,1,0,1
E02002431,E02002416,6,0,0,6,0,0,0
E02002431,E02002419,107,0,2,79,14,0,11
E02002431,E02002420,54,0,0,41,7,3,3
E02002431,E02002421,7,1,0,4,1,0,1
E02002431,E02002422,171,2,15,94,17,0,41
E02002431,E02002423,1,0,0,1,0,0,0
E02002431,E02002424,110,2,22,56,9,2,10
E02002431,E02002425,29,0,1,21,3,0,4
E02002431,E02002426,4,0,0,4,0,0,0
E02002431,E02002427,11,0,0,11,0,0,0
E02002431,E02002428,14,0,0,12,1,0,1
E02002431,E02002429,3,0,0,3,0,0,0
E02002431,E02002430,5,0,0,5,0,0,0
E02002431,E02002431,249,7,111,98,10,0,14
E02002431,E02002433,308,3,147,120,19,3,7
E02002431,E02002434,7,0,1,5,0,0,1
E02002431,E02002435,258,6,68,131,22,1,21
E02002431,E02002436,19,0,1,11,3,0,2
E02002431,E02002437,3,0,1,2,0,0,0
E02002431,E02002443,1,0,0,1,0,0,0
E02002431,E02002444,6,0,0,5,1,0,0
E02002431,E02002445,10,0,0,8,1,0,1
E02002431,E02002451,26,0,0,21,1,0,3
E02002431,E02006852,8,0,0,7,0,0,1
E02002431,E02006861,18,0,0,10,1,0,5
E02002431,E02006875,515,7,6,222,47,3,145
E02002431,E02006876,128,0,2,99,9,1,14
E02002433,E02002239,14,0,1,12,0,0,1
E02002433,E02002271,5,0,0,5,0,0,0
E02002433,E02002272,57,0,8,37,6,2,2
E02002433,E02002276,6,0,1,5,0,0,0
E02002433,E02002277,10,0,0,9,0,0,1
E02002433,E02002335,2,0,0,2,0,0,0
E02002433,E02002336,5,0,1,4,0,0,0
E02002433,E02002341,1,0,0,1,0,0,0
E02002433,E02002342,2,0,0,2,0,0,0
E02002433,E02002343,1,0,0,0,1,0,0
E02002433,E02002345,2,0,0,1,1,0,0
E02002433,E02002347,2,0,1,1,0,0,0
E02002433,E02002348,8,0,0,6,1,0,1
E02002433,E02002350,4,0,1,3,0,0,0
E02002433,E02002351,5,1,0,4,0,0,0
E02002433,E02002352,7,0,0,3,0,0,4
E02002433,E02002353,1,0,0,1,0,0,0
E02002433,E02002354,1,0,0,1,0,0,0
E02002433,E02002356,5,0,0,4,0,0,1
E02002433,E02002357,6,0,0,4,1,0,0
E02002433,E02002358,3,0,0,2,0,0,1
E02002433,E02002359,1,0,0,1,0,0,0
E02002433,E02002360,2,0,0,0,1,0,0
E02002433,E02002361,3,0,0,2,0,0,1
E02002433,E02002362,3,0,1,2,0,0,0
E02002433,E02002363,8,1,0,6,0,0,1
E02002433,E02002364,6,0,1,4,0,0,1
E02002433,E02002368,6,0,0,6,0,0,0
E02002433,E02002369,2,0,0,2,0,0,0
E02002433,E02002370,1,0,0,1,0,0,0
E02002433,E02002371,10,0,1,6,1,0,2
E02002433,E02002373,3,0,1,0,0,0,2
E02002433,E02002374,2,0,0,0,1,0,1
E02002433,E02002376,3,0,0,2,0,0,1
E02002433,E02002377,2,0,0,2,0,0,0
E02002433,E02002379,3,0,0,3,0,0,0
E02002433,E02002380,1,0,0,1,0,0,0
E02002433,E02002381,4,0,0,4,0,0,0
E02002433,E02002382,1,0,1,0,0,0,0
E02002433,E02002383,2,0,0,2,0,0,0
E02002433,E02002384,29,1,1,18,1,0,6
E02002433,E02002385,4,0,0,4,0,0,0
E02002433,E02002386,7,0,1,5,0,0,1
E02002433,E02002387,11,0,0,9,2,0,0
E02002433,E02002388,1,0,0,0,1,0,0
E02002433,E02002390,2,0,0,1,0,0,1
E02002433,E02002391,11,0,0,9,0,0,2
E02002433,E02002392,64,2,1,34,2,2,16
E02002433,E02002393,41,0,2,28,0,1,10
E02002433,E02002394,13,0,0,8,1,0,4
E02002433,E02002395,13,0,0,11,0,0,2
E02002433,E02002396,14,0,1,13,0,0,0
E02002433,E02002397,6,0,1,2,2,0,1
E02002433,E02002399,29,0,0,24,0,0,4
E02002433,E02002400,59,1,1,36,7,1,9
E02002433,E02002401,1,0,0,0,1,0,0
E02002433,E02002402,9,0,0,7,1,0,1
E02002433,E02002403,5,0,0,4,1,0,0
E02002433,E02002404,18,1,0,13,1,0,2
E02002433,E02002405,1,0,0,1,0,0,0
E02002433,E02002407,4,0,0,4,0,0,0
E02002433,E02002408,8,0,0,5,3,0,0
E02002433,E02002409,3,0,0,2,0,0,1
E02002433,E02002410,17,0,0,13,1,0,3
E02002433,E02002411,53,4,2,32,2,0,12
E02002433,E02002412,21,1,1,17,1,0,1
E02002433,E02002414,25,1,4,17,0,0,3
E02002433,E02002415,10,0,0,7,2,0,1
E02002433,E02002416,13,0,0,10,0,0,2
E02002433,E02002419,63,1,0,38,5,0,14
E02002433,E02002420,42,0,0,33,6,0,3
E02002433,E02002421,2,0,0,2,0,0,0
E02002433,E02002422,118,5,16,54,14,1,27
E02002433,E02002423,1,0,0,1,0,0,0
E02002433,E02002424,103,2,29,50,10,1,5
E02002433,E02002425,28,0,1,20,4,0,3
E02002433,E02002426,4,0,2,2,0,0,0
E02002433,E02002427,8,0,2,6,0,0,0
E02002433,E02002428,15,0,1,9,1,0,4
E02002433,E02002429,5,0,0,4,1,0,0
E02002433,E02002430,5,0,0,3,2,0,0
E02002433,E02002431,107,3,37,49,7,2,6
E02002433,E02002433,270,2,157,92,10,1,8
E02002433,E02002434,3,0,1,2,0,0,0
E02002433,E02002435,246,6,109,95,22,2,4
E02002433,E02002436,13,0,4,7,1,0,1
E02002433,E02002437,3,0,1,1,1,0,0
E02002433,E02002443,4,0,0,4,0,0,0
E02002433,E02002444,2,0,0,2,0,0,0
E02002433,E02002445,4,0,0,4,0,0,0
E02002433,E02002451,17,0,0,10,1,0,6
E02002433,E02006852,4,0,1,2,0,0,1
E02002433,E02006861,9,1,0,4,0,0,4
E02002433,E02006875,386,10,3,151,27,4,141
E02002433,E02006876,109,5,1,82,9,2,10
E02002434,E02002239,12,0,1,11,0,0,0
E02002434,E02002271,1,0,0,1,0,0,0
E02002434,E02002272,21,0,0,18,0,0,3
E02002434,E02002276,6,0,0,6,0,0,0
E02002434,E02002277,6,0,0,5,1,0,0
E02002434,E02002335,5,0,0,5,0,0,0
E02002434,E02002336,17,0,0,14,0,2,1
E02002434,E02002341,3,0,0,1,0,0,0
E02002434,E02002342,1,0,1,0,0,0,0
E02002434,E02002343,1,0,0,0,1,0,0
E02002434,E02002345,3,0,0,3,0,0,0
E02002434,E02002346,4,0,0,3,1,0,0
E02002434,E02002347,4,1,1,1,1,0,0
E02002434,E02002348,11,0,0,9,0,1,1
E02002434,E02002349,7,0,0,6,0,0,1
E02002434,E02002350,2,0,0,2,0,0,0
E02002434,E02002351,5,0,0,4,1,0,0
E02002434,E02002352,10,1,0,5,0,0,4
E02002434,E02002353,2,0,0,1,0,0,1
E02002434,E02002354,5,0,0,5,0,0,0
E02002434,E02002356,9,0,0,7,0,1,1
E02002434,E02002357,9,0,0,8,1,0,0
E02002434,E02002358,12,0,0,10,2,0,0
E02002434,E02002359,6,0,0,6,0,0,0
E02002434,E02002360,3,0,0,1,2,0,0
E02002434,E02002361,6,0,3,2,0,0,1
E02002434,E02002362,7,0,0,6,0,0,1
E02002434,E02002363,9,0,0,7,1,0,1
E02002434,E02002364,11,0,0,10,1,0,0
E02002434,E02002366,4,0,0,2,0,0,1
E02002434,E02002367,9,1,0,6,1,0,1
E02002434,E02002368,1,0,0,1,0,0,0
E02002434,E02002369,3,0,1,2,0,0,0
E02002434,E02002371,8,0,0,5,0,0,3
E02002434,E02002373,6,0,0,6,0,0,0
E02002434,E02002374,7,1,1,3,1,0,1
E02002434,E02002375,1,0,0,1,0,0,0
E02002434,E02002376,5,0,0,5,0,0,0
E02002434,E02002377,5,0,1,2,0,0,2
E02002434,E02002379,4,0,0,4,0,0,0
E02002434,E02002380,5,0,0,4,0,0,1
E02002434,E02002381,6,0,0,5,0,0,1
E02002434,E02002382,4,0,0,4,0,0,0
E02002434,E02002383,1,0,0,1,0,0,0
E02002434,E02002384,35,1,0,24,2,0,8
E02002434,E02002385,7,0,0,6,0,0,1
E02002434,E02002386,22,0,0,18,1,0,3
E02002434,E02002387,8,0,2,5,0,0,1
E02002434,E02002388,2,0,0,1,0,0,1
E02002434,E02002389,2,0,0,1,0,1,0
E02002434,E02002390,15,2,1,10,0,0,1
E02002434,E02002391,17,0,1,13,1,0,2
E02002434,E02002392,65,0,2,39,3,0,20
E02002434,E02002393,75,0,0,56,6,0,13
E02002434,E02002394,17,0,0,13,0,1,3
E02002434,E02002395,10,0,0,10,0,0,0
E02002434,E02002396,13,0,0,10,1,0,2
E02002434,E02002397,1,0,0,1,0,0,0
E02002434,E02002398,3,0,0,3,0,0,0
E02002434,E02002399,40,0,1,30,4,0,4
E02002434,E02002400,78,1,0,57,7,0,10
E02002434,E02002401,1,0,0,1,0,0,0
E02002434,E02002402,33,1,0,28,1,1,2
E02002434,E02002403,15,0,0,14,1,0,0
E02002434,E02002404,30,0,0,25,0,0,5
E02002434,E02002405,2,0,0,2,0,0,0
E02002434,E02002407,7,0,1,6,0,0,0
E02002434,E02002408,6,0,0,6,0,0,0
E02002434,E02002410,17,0,0,14,0,1,2
E02002434,E02002411,61,2,1,44,4,0,8
E02002434,E02002412,29,1,1,21,3,0,3
E02002434,E02002414,45,1,0,38,3,1,2
E02002434,E02002415,17,1,0,13,1,0,1
E02002434,E02002416,16,0,0,14,0,1,1
E02002434,E02002419,75,0,0,58,3,3,11
E02002434,E02002420,68,3,0,50,9,1,5
E02002434,E02002421,10,0,0,5,4,0,1
E02002434,E02002422,97,2,0,68,8,0,17
E02002434,E02002423,10,0,0,4,1,1,3
E02002434,E02002424,32,0,1,28,3,0,0
E02002434,E02002425,3,0,0,3,0,0,0
E02002434,E02002426,23,0,2,12,6,0,2
E02002434,E02002427,96,3,4,76,9,0,2
E02002434,E02002428,37,0,6,26,1,0,4
E02002434,E02002429,42,0,5,27,4,0,6
E02002434,E02002430,40,0,12,26,2,0,0
E02002434,E02002431,37,0,0,29,3,1,2
E02002434,E02002433,54,0,1,45,3,1,4
E02002434,E02002434,120,0,41,62,15,0,2
E02002434,E02002435,77,0,1,64,4,1,7
E02002434,E02002436,72,2,8,46,6,0,10
E02002434,E02002437,6,0,0,6,0,0,0
E02002434,E02002443,19,0,2,13,3,1,0
E02002434,E02002444,13,0,1,7,1,1,2
E02002434,E02002445,57,0,3,43,6,0,5
E02002434,E02002451,88,2,4,75,6,0,0
E02002434,E02006852,5,0,2,2,0,0,1
E02002434,E02006861,11,1,1,6,2,0,1
E02002434,E02006875,539,4,5,263,51,5,179
E02002434,E02006876,297,5,4,221,34,3,27
E02002435,E02002239,26,0,1,19,4,0,2
E02002435,E02002271,3,0,0,1,1,0,0
E02002435,E02002272,78,1,2,54,12,3,3
E02002435,E02002276,9,1,1,6,1,0,0
E02002435,E02002277,19,0,2,17,0,0,0
E02002435,E02002335,1,0,0,1,0,0,0
E02002435,E02002336,10,0,0,8,0,0,2
E02002435,E02002341,1,0,0,1,0,0,0
E02002435,E02002342,1,0,0,1,0,0,0
E02002435,E02002345,2,0,0,1,0,0,1
E02002435,E02002347,3,0,1,2,0,0,0
E02002435,E02002348,4,0,0,4,0,0,0
E02002435,E02002349,4,0,0,3,1,0,0
E02002435,E02002350,5,0,0,4,0,1,0
E02002435,E02002351,5,0,0,4,0,0,1
E02002435,E02002352,3,0,0,2,1,0,0
E02002435,E02002353,1,0,0,0,0,0,1
E02002435,E02002354,5,0,1,3,1,0,0
E02002435,E02002356,12,0,0,12,0,0,0
E02002435,E02002357,9,0,0,6,0,0,3
E02002435,E02002358,2,0,0,2,0,0,0
E02002435,E02002359,3,0,1,2,0,0,0
E02002435,E02002360,2,0,0,2,0,0,0
E02002435,E02002361,1,0,0,1,0,0,0
E02002435,E02002362,5,0,0,3,0,0,2
E02002435,E02002363,5,0,0,5,0,0,0
E02002435,E02002364,12,0,0,7,3,0,2
E02002435,E02002366,3,0,0,3,0,0,0
E02002435,E02002367,1,0,0,1,0,0,0
E02002435,E02002368,3,0,0,3,0,0,0
E02002435,E02002371,2,0,0,1,0,0,1
E02002435,E02002373,6,0,0,2,0,0,3
E02002435,E02002375,1,0,0,1,0,0,0
E02002435,E02002376,1,0,0,1,0,0,0
E02002435,E02002377,3,0,0,1,0,0,2
E02002435,E02002379,1,0,0,1,0,0,0
E02002435,E02002381,2,0,0,2,0,0,0
E02002435,E02002382,3,0,0,1,1,0,0
E02002435,E02002383,1,0,0,1,0,0,0
E02002435,E02002384,21,0,2,16,0,0,2
E02002435,E02002385,5,0,0,3,1,0,1
E02002435,E02002386,4,1,1,2,0,0,0
E02002435,E02002387,7,0,0,6,1,0,0
E02002435,E02002388,4,0,0,4,0,0,0
E02002435,E02002389,3,0,0,3,0,0,0
E02002435,E02002390,12,0,0,12,0,0,0
E02002435,E02002391,20,0,2,17,0,0,1
E02002435,E02002392,47,1,0,27,4,1,11
E02002435,E02002393,34,0,2,23,2,0,7
E02002435,E02002394,12,0,0,10,0,0,2
E02002435,E02002395,12,0,0,12,0,0,0
E02002435,E02002396,6,0,0,6,0,0,0
E02002435,E02002397,3,0,0,3,0,0,0
E02002435,E02002398,2,0,0,2,0,0,0
E02002435,E02002399,24,1,1,19,2,0,1
E02002435,E02002400,51,0,0,38,5,1,6
E02002435,E02002402,10,0,0,9,0,0,1
E02002435,E02002403,1,0,0,1,0,0,0
E02002435,E02002404,15,0,0,13,0,0,2
E02002435,E02002405,7,0,0,6,1,0,0
E02002435,E02002407,12,0,0,11,1,0,0
E02002435,E02002408,11,0,0,9,0,0,2
E02002435,E02002409,2,0,0,1,0,0,1
E02002435,E02002410,18,1,0,13,1,0,3
E02002435,E02002411,52,0,1,40,4,0,6
E02002435,E02002412,25,0,0,21,1,1,2
E02002435,E02002414,34,0,1,27,2,0,4
E02002435,E02002415,11,0,0,8,0,1,2
E02002435,E02002416,8,0,1,7,0,0,0
E02002435,E02002419,86,0,0,68,5,0,11
E02002435,E02002420,50,0,0,40,7,0,3
E02002435,E02002421,12,0,0,11,0,0,1
E02002435,E02002422,119,1,2,72,17,2,25
E02002435,E02002424,93,0,20,63,8,0,1
E02002435,E02002425,39,0,4,29,3,0,1
E02002435,E02002426,9,0,3,5,0,0,1
E02002435,E02002427,10,1,0,9,0,0,0
E02002435,E02002428,21,0,1,13,2,0,4
E02002435,E02002429,1,0,0,1,0,0,0
E02002435,E02002430,4,0,0,3,1,0,0
E02002435,E02002431,110,2,39,54,10,2,2
E02002435,E02002433,242,3,97,116,13,1,12
E02002435,E02002434,8,0,0,6,1,0,0
E02002435,E02002435,315,4,142,137,18,1,9
E02002435,E02002436,27,0,3,17,1,0,4
E02002435,E02002437,16,1,4,6,3,1,1
E02002435,E02002443,2,0,0,2,0,0,0
E02002435,E02002444,5,0,0,5,0,0,0
E02002435,E02002445,3,0,0,3,0,0,0
E02002435,E02002451,31,2,0,27,2,0,0
E02002435,E02006852,9,0,0,7,1,0,1
E02002435,E02006861,9,0,0,7,0,0,2
E02002435,E02006875,414,8,3,213,46,5,122
E02002435,E02006876,94,1,3,78,3,1,7
E02002436,E02002239,15,0,0,12,1,0,2
E02002436,E02002271,1,0,0,1,0,0,0
E02002436,E02002272,32,1,0,27,2,1,1
E02002436,E02002276,2,1,0,1,0,0,0
E02002436,E02002277,4,0,0,3,1,0,0
E02002436,E02002335,1,0,0,1,0,0,0
E02002436,E02002336,5,0,0,4,1,0,0
E02002436,E02002341,2,0,0,2,0,0,0
E02002436,E02002343,2,0,0,2,0,0,0
E02002436,E02002345,5,0,0,5,0,0,0
E02002436,E02002346,1,0,0,1,0,0,0
E02002436,E02002347,3,0,1,2,0,0,0
E02002436,E02002348,5,0,0,3,0,0,2
E02002436,E02002349,3,0,0,3,0,0,0
E02002436,E02002350,3,0,0,0,3,0,0
E02002436,E02002351,3,0,0,2,0,0,1
E02002436,E02002352,3,0,1,0,1,0,1
E02002436,E02002354,2,0,0,2,0,0,0
E02002436,E02002356,6,0,0,3,0,0,2
E02002436,E02002357,1,0,0,1,0,0,0
E02002436,E02002358,6,0,0,4,1,0,1
E02002436,E02002359,1,0,0,1,0,0,0
E02002436,E02002360,1,0,1,0,0,0,0
E02002436,E02002361,1,0,0,1,0,0,0
E02002436,E02002362,1,0,0,1,0,0,0
E02002436,E02002363,9,0,0,7,2,0,0
E02002436,E02002364,9,0,0,9,0,0,0
E02002436,E02002368,3,0,0,3,0,0,0
E02002436,E02002370,1,0,0,0,0,0,0
E02002436,E02002371,5,0,0,4,0,1,0
E02002436,E02002373,2,0,0,1,0,0,1
E02002436,E02002374,2,0,0,2,0,0,0
E02002436,E02002376,1,0,0,1,0,0,0
E02002436,E02002377,4,0,0,4,0,0,0
E02002436,E02002379,3,0,0,3,0,0,0
E02002436,E02002380,1,0,0,1,0,0,0
E02002436,E02002381,6,0,1,5,0,0,0
E02002436,E02002383,2,0,1,1,0,0,0
E02002436,E02002384,25,0,2,22,1,0,0
E02002436,E02002385,7,0,0,5,2,0,0
E02002436,E02002386,11,0,0,9,0,1,1
E02002436,E02002387,8,0,0,4,4,0,0
E02002436,E02002388,1,0,0,1,0,0,0
E02002436,E02002390,6,0,0,4,1,0,1
E02002436,E02002391,14,0,1,8,1,1,3
E02002436,E02002392,21,0,0,18,0,0,3
E02002436,E02002393,36,0,1,26,4,1,3
E02002436,E02002394,5,0,0,5,0,0,0
E02002436,E02002395,8,0,0,7,0,0,0
E02002436,E02002396,10,0,1,7,1,0,0
E02002436,E02002399,20,0,0,14,4,0,2
E02002436,E02002400,39,0,0,26,5,1,7
E02002436,E02002401,2,0,0,2,0,0,0
E02002436,E02002402,9,0,0,9,0,0,0
E02002436,E02002403,9,0,0,7,2,0,0
E02002436,E02002404,15,0,0,14,1,0,0
E02002436,E02002405,3,0,0,3,0,0,0
E02002436,E02002407,2,0,0,2,0,0,0
E02002436,E02002408,6,0,0,6,0,0,0
E02002436,E02002410,15,0,0,15,0,0,0
E02002436,E02002411,27,1,0,23,2,0,1
E02002436,E02002412,20,0,0,17,0,0,3
E02002436,E02002414,31,1,0,28,0,0,2
E02002436,E02002415,8,0,0,8,0,0,0
E02002436,E02002416,10,0,0,10,0,0,0
E02002436,E02002419,53,0,0,43,4,0,6
E02002436,E02002420,43,0,3,28,5,1,4
E02002436,E02002421,4,0,1,0,1,0,2
E02002436,E02002422,67,0,2,36,5,0,24
E02002436,E02002423,3,0,0,3,0,0,0
E02002436,E02002424,42,0,0,26,5,0,9
E02002436,E02002425,11,0,0,7,1,1,2
E02002436,E02002426,6,0,0,6,0,0,0
E02002436,E02002427,12,0,0,10,1,0,1
E02002436,E02002428,8,0,0,5,3,0,0
E02002436,E02002429,9,0,1,7,0,0,1
E02002436,E02002430,2,0,0,1,1,0,0
E02002436,E02002431,56,3,12,20,9,1,9
E02002436,E02002433,105,1,7,62,11,2,21
E02002436,E02002434,38,1,8,26,2,0,0
E02002436,E02002435,171,1,11,119,20,0,15
E02002436,E02002436,207,3,123,67,9,0,5
E02002436,E02002437,13,0,3,8,1,0,0
E02002436,E02002443,11,0,1,6,3,0,1
E02002436,E02002444,5,0,0,5,0,0,0
E02002436,E02002445,33,2,1,24,3,0,3
E02002436,E02002451,88,4,4,71,5,0,3
E02002436,E02006852,5,0,0,5,0,0,0
E02002436,E02006861,5,0,0,4,1,0,0
E02002436,E02006875,220,6,6,106,15,3,56
E02002436,E02006876,128,2,1,103,12,1,8
E02002437,E02002239,14,0,0,14,0,0,0
E02002437,E02002271,4,0,0,4,0,0,0
E02002437,E02002272,49,1,0,41,4,1,1
E02002437,E02002276,6,3,0,3,0,0,0
E02002437,E02002277,27,2,1,22,1,0,1
E02002437,E02002335,1,0,0,1,0,0,0
E02002437,E02002336,3,0,0,2,0,0,0
E02002437,E02002341,2,0,0,2,0,0,0
E02002437,E02002343,5,0,0,5,0,0,0
E02002437,E02002345,1,0,0,1,0,0,0
E02002437,E02002347,5,0,0,5,0,0,0
E02002437,E02002348,7,0,0,6,1,0,0
E02002437,E02002349,3,0,0,1,0,0,2
E02002437,E02002351,2,0,0,1,0,0,1
E02002437,E02002352,5,0,0,3,2,0,0
E02002437,E02002356,3,0,0,3,0,0,0
E02002437,E02002357,7,0,0,6,1,0,0
E02002437,E02002358,3,0,0,3,0,0,0
E02002437,E02002359,4,0,0,3,1,0,0
E02002437,E02002360,3,0,0,3,0,0,0
E02002437,E02002361,1,0,0,1,0,0,0
E02002437,E02002362,3,0,1,2,0,0,0
E02002437,E02002363,6,0,1,5,0,0,0
E02002437,E02002364,5,0,0,5,0,0,0
E02002437,E02002366,3,0,0,3,0,0,0
E02002437,E02002368,1,0,0,1,0,0,0
E02002437,E02002371,10,0,1,9,0,0,0
E02002437,E02002373,4,0,0,4,0,0,0
E02002437,E02002374,4,0,1,2,0,0,1
E02002437,E02002376,1,0,0,1,0,0,0
E02002437,E02002377,4,0,0,2,0,0,2
E02002437,E02002379,3,0,0,3,0,0,0
E02002437,E02002380,1,0,0,1,0,0,0
E02002437,E02002381,4,0,0,4,0,0,0
E02002437,E02002382,3,0,0,2,1,0,0
E02002437,E02002383,1,0,0,0,0,0,0
E02002437,E02002384,16,0,0,15,1,0,0
E02002437,E02002385,7,0,1,6,0,0,0
E02002437,E02002386,13,0,0,10,1,0,2
E02002437,E02002387,3,0,0,3,0,0,0
E02002437,E02002388,1,0,0,1,0,0,0
E02002437,E02002389,6,0,0,3,3,0,0
E02002437,E02002390,8,0,0,6,0,0,2
E02002437,E02002391,9,0,0,7,0,0,1
E02002437,E02002392,43,1,0,26,5,5,6
E02002437,E02002393,31,0,0,24,0,1,6
E02002437,E02002394,16,0,0,12,1,0,2
E02002437,E02002395,12,0,1,10,0,1,0
E02002437,E02002396,12,0,0,10,0,0,2
E02002437,E02002397,3,0,0,3,0,0,0
E02002437,E02002398,3,0,0,3,0,0,0
E02002437,E02002399,24,0,0,23,1,0,0
E02002437,E02002400,48,0,1,39,3,0,5
E02002437,E02002402,13,0,1,12,0,0,0
E02002437,E02002403,5,0,0,4,1,0,0
E02002437,E02002404,5,0,0,4,0,0,1
E02002437,E02002405,4,0,0,4,0,0,0
E02002437,E02002407,12,1,1,10,0,0,0
E02002437,E02002408,8,0,0,7,0,0,1
E02002437,E02002409,5,0,0,2,0,0,3
E02002437,E02002410,18,0,0,16,1,1,0
E02002437,E02002411,56,0,0,42,4,2,6
E02002437,E02002412,24,0,0,17,4,1,2
E02002437,E02002414,21,0,0,17,1,0,3
E02002437,E02002415,7,0,0,6,0,0,1
E02002437,E02002416,12,0,0,11,0,0,1
E02002437,E02002419,75,0,0,66,5,0,4
E02002437,E02002420,29,1,0,23,1,0,4
E02002437,E02002421,2,0,0,2,0,0,0
E02002437,E02002422,124,0,0,77,19,1,27
E02002437,E02002423,3,0,0,3,0,0,0
E02002437,E02002424,30,1,0,24,5,0,0
E02002437,E02002425,25,0,0,22,2,0,1
E02002437,E02002426,5,0,0,5,0,0,0
E02002437,E02002427,8,0,0,6,0,1,1
E02002437,E02002428,12,0,1,10,1,0,0
E02002437,E02002429,9,0,0,9,0,0,0
E02002437,E02002430,10,0,0,9,1,0,0
E02002437,E02002431,76,1,6,53,11,1,4
E02002437,E02002433,129,2,5,97,12,2,10
E02002437,E02002434,11,0,1,9,1,0,0
E02002437,E02002435,148,0,24,100,17,2,3
E02002437,E02002436,61,3,15,39,4,0,0
E02002437,E02002437,62,0,8,49,2,0,2
E02002437,E02002443,3,0,0,3,0,0,0
E02002437,E02002444,10,0,0,7,3,0,0
E02002437,E02002445,11,0,0,10,1,0,0
E02002437,E02002451,32,0,0,30,2,0,0
E02002437,E02006852,7,0,0,5,1,0,1
E02002437,E02006861,5,0,0,5,0,0,0
E02002437,E02006875,303,5,1,180,26,3,78
E02002437,E02006876,99,0,1,89,4,0,4
E02002443,E02002239,1,0,0,1,0,0,0
E02002443,E02002272,10,0,0,9,0,0,1
E02002443,E02002276,2,0,0,2,0,0,0
E02002443,E02002277,4,0,0,4,0,0,0
E02002443,E02002336,2,0,0,2,0,0,0
E02002443,E02002346,1,0,0,0,0,0,0
E02002443,E02002348,1,0,0,0,1,0,0
E02002443,E02002349,2,0,0,2,0,0,0
E02002443,E02002350,2,0,0,2,0,0,0
E02002443,E02002351,1,0,0,1,0,0,0
E02002443,E02002352,1,0,0,1,0,0,0
E02002443,E02002353,1,0,0,1,0,0,0
E02002443,E02002356,3,0,0,2,0,0,1
E02002443,E02002357,1,0,0,0,0,0,1
E02002443,E02002358,4,0,0,3,0,0,1
E02002443,E02002359,6,0,0,6,0,0,0
E02002443,E02002362,2,0,0,2,0,0,0
E02002443,E02002363,2,0,0,2,0,0,0
E02002443,E02002364,4,0,0,4,0,0,0
E02002443,E02002366,5,0,0,5,0,0,0
E02002443,E02002369,2,0,0,2,0,0,0
E02002443,E02002371,1,0,0,1,0,0,0
E02002443,E02002376,3,0,0,3,0,0,0
E02002443,E02002377,1,0,0,1,0,0,0
E02002443,E02002379,7,0,0,6,0,1,0
E02002443,E02002380,1,0,0,1,0,0,0
E02002443,E02002382,1,0,0,0,0,0,1
E02002443,E02002384,12,0,0,8,2,0,2
E02002443,E02002385,6,0,0,5,0,0,1
E02002443,E02002386,6,0,0,5,0,0,1
E02002443,E02002387,5,0,0,5,0,0,0
E02002443,E02002388,1,0,0,1,0,0,0
E02002443,E02002390,7,0,0,7,0,0,0
E02002443,E02002391,7,0,0,7,0,0,0
E02002443,E02002392,21,1,0,14,0,0,4
E02002443,E02002393,20,0,0,15,0,0,5
E02002443,E02002394,9,0,0,7,1,0,1
E02002443,E02002395,4,0,0,4,0,0,0
E02002443,E02002396,7,0,0,7,0,0,0
E02002443,E02002397,6,0,0,6,0,0,0
E02002443,E02002399,23,0,0,20,1,0,2
E02002443,E02002400,21,0,0,15,1,0,2
E02002443,E02002401,2,0,0,1,0,0,1
E02002443,E02002402,17,0,0,17,0,0,0
E02002443,E02002403,6,0,0,5,1,0,0
E02002443,E02002404,14,0,0,13,1,0,0
E02002443,E02002407,2,0,0,2,0,0,0
E02002443,E02002409,1,0,0,1,0,0,0
E02002443,E02002410,5,0,0,5,0,0,0
E02002443,E02002411,29,1,0,19,3,0,5
E02002443,E02002412,13,0,0,11,0,0,2
E02002443,E02002414,23,0,0,20,1,1,1
E02002443,E02002415,5,0,0,4,0,0,1
E02002443,E02002416,8,0,0,8,0,0,0
E02002443,E02002419,35,1,0,29,2,2,1
E02002443,E02002420,11,0,1,9,1,0,0
E02002443,E02002422,31,0,0,26,4,0,1
E02002443,E02002424,8,0,0,5,1,0,2
E02002443,E02002425,5,0,0,2,2,0,0
E02002443,E02002426,10,0,0,10,0,0,0
E02002443,E02002427,14,0,0,10,1,0,3
E02002443,E02002428,7,0,0,6,1,0,0
E02002443,E02002429,14,0,1,11,1,0,0
E02002443,E02002430,4,0,0,4,0,0,0
E02002443,E02002431,19,0,0,16,1,0,2
E02002443,E02002433,9,0,0,9,0,0,0
E02002443,E02002434,35,1,2,20,7,0,5
E02002443,E02002435,23,0,0,21,2,0,0
E02002443,E02002436,8,1,0,5,1,0,1
E02002443,E02002437,4,0,0,3,0,0,1
E02002443,E02002443,85,0,25,46,2,1,7
E02002443,E02002444,85,2,15,51,10,2,3
E02002443,E02002445,124,1,32,73,8,2,7
E02002443,E02002451,166,1,18,119,21,1,3
E02002443,E02006852,1,0,0,1,0,0,0
E02002443,E02006861,6,0,0,5,0,0,1
E02002443,E02006875,217,3,4,100,11,0,66
E02002443,E02006876,101,3,0,84,3,1,10
E02002444,E02002239,10,0,0,7,1,0,2
E02002444,E02002271,1,0,0,1,0,0,0
E02002444,E02002272,4,0,0,4,0,0,0
E02002444,E02002276,1,0,0,1,0,0,0
E02002444,E02002277,4,0,1,3,0,0,0
E02002444,E02002335,1,0,0,1,0,0,0
E02002444,E02002336,2,0,0,2,0,0,0
E02002444,E02002343,1,0,0,1,0,0,0
E02002444,E02002348,2,0,0,2,0,0,0
E02002444,E02002351,1,0,0,1,0,0,0
E02002444,E02002352,3,0,0,3,0,0,0
E02002444,E02002354,2,0,0,2,0,0,0
E02002444,E02002356,3,0,0,3,0,0,0
E02002444,E02002357,2,0,0,1,0,0,0
E02002444,E02002358,3,0,0,3,0,0,0
E02002444,E02002359,3,0,0,3,0,0,0
E02002444,E02002361,1,0,0,0,1,0,0
E02002444,E02002363,5,0,0,5,0,0,0
E02002444,E02002364,2,0,0,2,0,0,0
E02002444,E02002367,2,0,0,1,0,0,1
E02002444,E02002368,1,0,0,1,0,0,0
E02002444,E02002369,2,0,0,2,0,0,0
E02002444,E02002370,1,0,0,1,0,0,0
E02002444,E02002371,2,0,0,2,0,0,0
E02002444,E02002373,1,0,0,1,0,0,0
E02002444,E02002377,1,0,0,1,0,0,0
E02002444,E02002379,3,0,0,3,0,0,0
E02002444,E02002380,2,0,0,2,0,0,0
E02002444,E02002384,6,0,0,5,0,0,1
E02002444,E02002385,7,0,0,6,0,0,1
E02002444,E02002386,10,0,1,6,1,0,2
E02002444,E02002387,2,0,0,2,0,0,0
E02002444,E02002388,2,0,0,1,0,0,1
E02002444,E02002390,9,0,0,9,0,0,0
E02002444,E02002391,1,0,0,1,0,0,0
E02002444,E02002392,19,0,0,9,2,0,7
E02002444,E02002393,16,0,0,13,1,0,2
E02002444,E02002394,8,0,0,7,1,0,0
E02002444,E02002395,3,0,0,3,0,0,0
E02002444,E02002396,3,0,0,2,0,0,1
E02002444,E02002398,3,0,0,3,0,0,0
E02002444,E02002399,7,0,1,6,0,0,0
E02002444,E02002400,26,0,1,21,1,0,3
E02002444,E02002402,8,0,1,5,1,0,1
E02002444,E02002403,8,0,0,8,0,0,0
E02002444,E02002404,7,1,0,5,1,0,0
E02002444,E02002405,1,0,0,1,0,0,0
E02002444,E02002408,8,0,0,6,2,0,0
E02002444,E02002409,3,0,0,3,0,0,0
E02002444,E02002410,7,0,0,6,1,0,0
E02002444,E02002411,29,0,0,23,1,1,2
E02002444,E02002412,7,0,0,6,1,0,0
E02002444,E02002414,18,1,0,17,0,0,0
E02002444,E02002415,2,0,0,1,1,0,0
E02002444,E02002416,9,0,0,7,2,0,0
E02002444,E02002419,30,0,0,24,5,0,0
E02002444,E02002420,10,0,0,9,0,0,1
E02002444,E02002422,28,0,0,19,6,0,1
E02002444,E02002423,1,0,0,1,0,0,0
E02002444,E02002424,9,0,0,9,0,0,0
E02002444,E02002425,8,0,1,7,0,0,0
E02002444,E02002426,11,0,2,4,5,0,0
E02002444,E02002427,26,0,1,21,2,0,2
E02002444,E02002428,5,0,0,3,1,0,0
E02002444,E02002429,21,0,2,14,2,0,3
E02002444,E02002430,4,0,0,4,0,0,0
E02002444,E02002431,10,0,0,9,0,0,1
E02002444,E02002433,11,0,0,9,0,0,2
E02002444,E02002434,17,0,1,15,0,0,1
E02002444,E02002435,14,1,0,13,0,0,0
E02002444,E02002436,10,2,0,8,0,0,0
E02002444,E02002437,2,0,0,2,0,0,0
E02002444,E02002443,60,0,6,46,5,0,3
E02002444,E02002444,142,0,73,47,11,0,8
E02002444,E02002445,66,0,8,44,9,0,3
E02002444,E02002451,113,1,2,92,7,3,8
E02002444,E02006861,2,0,0,2,0,0,0
E02002444,E02006875,146,2,0,82,7,1,33
E02002444,E02006876,97,0,1,80,7,0,8
E02002445,E02002239,9,0,0,9,0,0,0
E02002445,E02002271,3,0,0,3,0,0,0
E02002445,E02002272,13,0,0,12,0,1,0
E02002445,E02002276,2,0,0,1,1,0,0
E02002445,E02002277,5,0,0,4,1,0,0
E02002445,E02002336,2,0,0,1,1,0,0
E02002445,E02002341,1,0,0,1,0,0,0
E02002445,E02002345,2,0,0,2,0,0,0
E02002445,E02002346,3,1,0,2,0,0,0
E02002445,E02002348,1,0,0,0,0,0,0
E02002445,E02002349,2,0,0,2,0,0,0
E02002445,E02002350,1,0,0,1,0,0,0
E02002445,E02002352,4,0,0,2,0,0,1
E02002445,E02002353,1,0,0,0,0,0,0
E02002445,E02002354,1,0,0,1,0,0,0
E02002445,E02002357,3,0,0,1,1,0,1
E02002445,E02002358,5,0,0,4,1,0,0
E02002445,E02002359,2,0,0,2,0,0,0
E02002445,E02002360,1,0,0,1,0,0,0
E02002445,E02002361,3,0,0,3,0,0,0
E02002445,E02002362,2,0,0,2,0,0,0
E02002445,E02002363,1,0,0,1,0,0,0
E02002445,E02002364,6,0,0,6,0,0,0
E02002445,E02002368,2,0,0,2,0,0,0
E02002445,E02002369,2,0,0,2,0,0,0
E02002445,E02002371,4,0,0,2,0,0,1
E02002445,E02002373,1,0,0,1,0,0,0
E02002445,E02002374,2,0,0,2,0,0,0
E02002445,E02002375,1,0,0,0,0,0,1
E02002445,E02002376,1,0,0,1,0,0,0
E02002445,E02002379,2,0,0,2,0,0,0
E02002445,E02002380,1,0,0,1,0,0,0
E02002445,E02002384,9,0,0,6,0,0,2
E02002445,E02002385,6,0,0,5,1,0,0
E02002445,E02002386,2,0,0,2,0,0,0
E02002445,E02002387,1,0,0,1,0,0,0
E02002445,E02002388,1,0,0,1,0,0,0
E02002445,E02002390,2,0,0,1,0,0,1
E02002445,E02002391,3,0,0,3,0,0,0
E02002445,E02002392,25,1,0,13,1,0,2
E02002445,E02002393,10,0,0,6,1,0,3
E02002445,E02002394,4,0,0,4,0,0,0
E02002445,E02002395,3,0,0,3,0,0,0
E02002445,E02002396,7,0,0,7,0,0,0
E02002445,E02002398,2,0,0,2,0,0,0
E02002445,E02002399,12,0,1,10,0,0,1
E02002445,E02002400,18,0,0,14,2,0,0
E02002445,E02002402,2,0,0,2,0,0,0
E02002445,E02002403,6,0,0,5,1,0,0
E02002445,E02002404,11,0,0,9,0,0,2
E02002445,E02002408,3,0,0,3,0,0,0
E02002445,E02002409,1,0,0,1,0,0,0
E02002445,E02002410,6,0,0,6,0,0,0
E02002445,E02002411,28,0,0,27,0,0,1
E02002445,E02002412,6,0,1,4,1,0,0
E02002445,E02002414,15,0,0,9,1,0,5
E02002445,E02002415,2,0,0,2,0,0,0
E02002445,E02002416,6,0,0,4,1,0,1
E02002445,E02002419,16,0,0,15,1,0,0
E02002445,E02002420,16,0,0,14,1,0,0
E02002445,E02002422,28,1,1,25,0,0,1
E02002445,E02002423,1,0,0,1,0,0,0
E02002445,E02002424,10,0,0,7,3,0,0
E02002445,E02002425,5,0,0,3,0,0,2
E02002445,E02002426,11,0,0,9,1,0,1
E02002445,E02002427,11,0,0,7,3,0,1
E02002445,E02002428,7,0,0,5,1,0,1
E02002445,E02002429,12,0,0,7,3,0,2
E02002445,E02002431,11,0,1,7,2,0,1
E02002445,E02002433,16,0,0,15,0,0,0
E02002445,E02002434,32,0,2,20,3,0,4
E02002445,E02002435,26,0,0,23,2,0,1
E02002445,E02002436,20,0,0,19,0,1,0
E02002445,E02002443,61,1,12,37,8,0,2
E02002445,E02002444,30,2,3,20,2,0,2
E02002445,E02002445,209,0,96,95,11,0,4
E02002445,E02002451,243,6,83,115,27,1,6
E02002445,E02006852,1,0,0,1,0,0,0
E02002445,E02006861,3,0,0,2,0,0,1
E02002445,E02006875,178,1,1,65,7,2,49
E02002445,E02006876,92,3,0,70,5,0,14
E02002451,E02002239,7,0,0,7,0,0,0
E02002451,E02002271,6,0,0,6,0,0,0
E02002451,E02002272,20,0,0,19,0,1,0
E02002451,E02002276,2,0,1,1,0,0,0
E02002451,E02002277,14,0,0,12,1,1,0
E02002451,E02002336,2,0,0,2,0,0,0
E02002451,E02002343,1,0,0,0,0,1,0
E02002451,E02002348,3,0,0,3,0,0,0
E02002451,E02002349,1,0,0,1,0,0,0
E02002451,E02002351,2,0,0,2,0,0,0
E02002451,E02002353,1,0,0,1,0,0,0
E02002451,E02002356,3,0,0,3,0,0,0
E02002451,E02002357,5,0,0,5,0,0,0
E02002451,E02002358,2,0,0,2,0,0,0
E02002451,E02002359,1,0,0,1,0,0,0
E02002451,E02002361,1,0,0,1,0,0,0
E02002451,E02002362,1,0,0,1,0,0,0
E02002451,E02002364,2,0,0,2,0,0,0
E02002451,E02002368,2,0,0,2,0,0,0
E02002451,E02002371,6,0,0,6,0,0,0
E02002451,E02002373,1,0,0,1,0,0,0
E02002451,E02002374,4,0,0,3,0,0,0
E02002451,E02002375,2,0,0,2,0,0,0
E02002451,E02002380,2,0,0,1,1,0,0
E02002451,E02002382,3,0,0,1,1,0,1
E02002451,E02002384,11,0,0,10,0,0,0
E02002451,E02002385,2,0,0,2,0,0,0
E02002451,E02002386,6,0,0,6,0,0,0
E02002451,E02002387,2,0,0,2,0,0,0
E02002451,E02002388,1,0,0,1,0,0,0
E02002451,E02002390,2,0,0,2,0,0,0
E02002451,E02002391,1,0,0,1,0,0,0
E02002451,E02002392,21,0,0,13,1,0,1
E02002451,E02002393,19,1,0,14,1,0,2
E02002451,E02002394,9,0,0,9,0,0,0
E02002451,E02002395,2,0,0,2,0,0,0
E02002451,E02002396,3,0,0,3,0,0,0
E02002451,E02002397,1,0,0,1,0,0,0
E02002451,E02002398,1,0,0,1,0,0,0
E02002451,E02002399,8,0,0,8,0,0,0
E02002451,E02002400,26,0,0,22,3,0,0
E02002451,E02002402,9,1,0,6,1,0,1
E02002451,E02002403,6,0,0,6,0,0,0
E02002451,E02002404,12,0,0,12,0,0,0
E02002451,E02002407,2,0,1,1,0,0,0
E02002451,E02002408,5,0,0,5,0,0,0
E02002451,E02002409,1,0,0,1,0,0,0
E02002451,E02002410,3,0,0,3,0,0,0
E02002451,E02002411,20,0,0,16,1,0,2
E02002451,E02002412,8,0,0,8,0,0,0
E02002451,E02002414,11,0,0,10,0,0,0
E02002451,E02002415,4,0,0,2,0,0,1
E02002451,E02002416,4,0,0,4,0,0,0
E02002451,E02002419,30,1,0,27,1,0,0
E02002451,E02002420,14,0,0,13,0,0,1
E02002451,E02002421,1,0,0,1,0,0,0
E02002451,E02002422,62,1,0,48,5,1,5
E02002451,E02002423,2,0,0,2,0,0,0
E02002451,E02002424,16,0,0,14,1,0,1
E02002451,E02002425,4,0,0,4,0,0,0
E02002451,E02002427,10,0,0,8,0,0,2
E02002451,E02002428,5,0,0,5,0,0,0
E02002451,E02002429,9,0,0,9,0,0,0
E02002451,E02002430,3,0,0,3,0,0,0
E02002451,E02002431,10,0,0,8,2,0,0
E02002451,E02002433,24,0,0,20,1,0,3
E02002451,E02002434,15,0,0,11,2,0,0
E02002451,E02002435,24,0,0,21,2,0,1
E02002451,E02002436,24,0,0,21,3,0,0
E02002451,E02002437,2,0,0,2,0,0,0
E02002451,E02002443,30,1,2,24,3,0,0
E02002451,E02002444,23,0,0,18,2,0,1
E02002451,E02002445,106,1,16,72,12,1,2
E02002451,E02002451,352,10,116,192,25,2,2
E02002451,E02006852,2,0,0,2,0,0,0
E02002451,E02006861,5,0,0,5,0,0,0
E02002451,E02006875,175,2,1,90,10,2,16
E02002451,E02006876,71,1,0,58,3,2,7
E02006852,E02002239,7,0,0,7,0,0,0
E02006852,E02002271,1,0,0,1,0,0,0
E02006852,E02002272,19,0,0,15,2,1,1
E02006852,E02002276,3,0,0,2,0,0,1
E02006852,E02002277,4,0,0,4,0,0,0
E02006852,E02002335,9,0,0,9,0,0,0
E02006852,E02002336,28,1,0,18,6,0,3
E02006852,E02002341,16,3,0,13,0,0,0
E02006852,E02002342,6,0,0,3,0,0,3
E02006852,E02002343,16,0,0,15,0,0,0
E02006852,E02002344,3,0,0,2,0,0,1
E02006852,E02002345,36,0,6,18,7,0,5
E02006852,E02002346,9,0,0,8,0,0,1
E02006852,E02002347,19,1,1,13,2,0,1
E02006852,E02002348,56,3,11,34,2,0,4
E02006852,E02002349,17,1,2,11,2,0,1
E02006852,E02002350,35,0,0,25,3,0,6
E02006852,E02002351,9,0,0,9,0,0,0
E02006852,E02002352,26,2,1,19,2,0,2
E02006852,E02002353,6,1,0,3,0,0,2
E02006852,E02002354,35,2,9,21,2,0,1
E02006852,E02002356,43,3,0,31,2,1,3
E02006852,E02002357,25,0,0,19,3,0,3
E02006852,E02002358,21,0,1,19,0,0,1
E02006852,E02002359,3,0,0,0,0,1,2
E02006852,E02002360,26,1,6,12,1,0,4
E02006852,E02002361,17,0,0,12,2,0,2
E02006852,E02002362,26,0,8,16,2,0,0
E02006852,E02002363,28,2,2,20,2,0,2
E02006852,E02002364,17,1,0,10,2,0,3
E02006852,E02002366,15,1,1,11,0,0,2
E02006852,E02002367,16,0,4,10,0,0,1
E02006852,E02002368,14,1,0,9,2,0,2
E02006852,E02002369,10,0,0,9,1,0,0
E02006852,E02002370,1,0,0,1,0,0,0
E02006852,E02002371,41,1,2,29,3,0,6
E02006852,E02002373,126,5,61,40,5,1,10
E02006852,E02002374,26,0,5,18,1,0,2
E02006852,E02002375,7,0,1,4,0,0,1
E02006852,E02002376,6,0,1,4,1,0,0
E02006852,E02002377,9,1,2,6,0,0,0
E02006852,E02002379,12,0,1,9,1,0,1
E02006852,E02002380,10,0,0,5,5,0,0
E02006852,E02002381,8,0,1,6,0,0,1
E02006852,E02002382,6,0,0,5,0,0,1
E02006852,E02002383,24,0,6,11,2,0,5
E02006852,E02002384,115,14,13,58,3,1,26
E02006852,E02002385,46,1,11,26,4,0,2
E02006852,E02002386,14,0,0,12,0,0,2
E02006852,E02002387,19,1,0,14,0,1,3
E02006852,E02002388,6,0,2,4,0,0,0
E02006852,E02002389,5,0,0,3,0,0,2
E02006852,E02002390,18,0,1,15,0,0,2
E02006852,E02002391,19,1,0,13,1,0,4
E02006852,E02002392,437,61,108,142,26,0,96
E02006852,E02002393,108,6,3,70,5,1,22
E02006852,E02002394,16,0,0,12,1,0,3
E02006852,E02002395,15,1,0,13,0,0,1
E02006852,E02002396,24,0,0,19,0,0,5
E02006852,E02002397,5,0,0,5,0,0,0
E02006852,E02002398,7,0,0,7,0,0,0
E02006852,E02002399,22,1,0,16,2,0,1
E02006852,E02002400,104,6,8,65,8,1,14
E02006852,E02002401,5,0,0,3,0,0,2
E02006852,E02002402,22,1,1,13,2,0,3
E02006852,E02002403,4,0,0,3,1,0,0
E02006852,E02002404,34,2,0,22,3,0,5
E02006852,E02002405,5,0,0,5,0,0,0
E02006852,E02002407,10,0,0,10,0,0,0
E02006852,E02002408,11,0,0,8,0,0,3
E02006852,E02002409,3,0,0,3,0,0,0
E02006852,E02002410,8,0,1,6,0,0,1
E02006852,E02002411,53,3,1,31,3,0,15
E02006852,E02002412,31,3,0,24,2,0,2
E02006852,E02002414,34,0,4,24,2,0,4
E02006852,E02002415,12,0,0,11,0,0,1
E02006852,E02002416,12,1,0,10,0,0,0
E02006852,E02002419,54,2,3,39,1,0,7
E02006852,E02002420,16,0,0,11,2,0,2
E02006852,E02002421,4,0,0,4,0,0,0
E02006852,E02002422,37,1,2,20,6,0,7
E02006852,E02002423,1,0,0,1,0,0,0
E02006852,E02002424,9,0,0,8,1,0,0
E02006852,E02002425,3,0,0,3,0,0,0
E02006852,E02002426,2,0,0,2,0,0,0
E02006852,E02002427,3,0,0,3,0,0,0
E02006852,E02002428,6,0,0,4,1,1,0
E02006852,E02002429,9,0,0,7,0,0,1
E02006852,E02002430,5,1,0,3,1,0,0
E02006852,E02002431,8,0,2,6,0,0,0
E02006852,E02002433,19,0,0,15,1,0,3
E02006852,E02002434,4,1,1,1,1,0,0
E02006852,E02002435,35,1,1,22,8,1,2
E02006852,E02002436,5,0,0,5,0,0,0
E02006852,E02002443,4,0,0,4,0,0,0
E02006852,E02002444,2,0,0,2,0,0,0
E02006852,E02002445,5,0,0,4,0,0,1
E02006852,E02002451,20,0,0,18,1,0,0
E02006852,E02006852,270,7,147,91,7,0,13
E02006852,E02006861,114,6,55,37,6,0,10
E02006852,E02006875,1221,99,118,401,50,13,509
E02006852,E02006876,85,6,0,61,2,0,14
E02006861,E02002239,2,0,0,1,0,0,0
E02006861,E02002272,11,1,0,8,1,0,0
E02006861,E02002276,2,0,0,2,0,0,0
E02006861,E02002335,3,0,0,3,0,0,0
E02006861,E02002336,16,0,1,7,1,0,7
E02006861,E02002341,5,0,1,4,0,0,0
E02006861,E02002342,6,0,1,3,0,0,2
E02006861,E02002343,2,0,0,2,0,0,0
E02006861,E02002345,13,1,1,3,1,0,7
E02006861,E02002346,6,0,0,3,0,0,2
E02006861,E02002347,15,3,3,4,0,0,5
E02006861,E02002348,11,2,2,4,0,0,3
E02006861,E02002349,15,2,0,9,0,0,4
E02006861,E02002350,12,1,1,3,1,0,2
E02006861,E02002351,5,1,0,2,0,0,2
E02006861,E02002352,24,2,3,12,0,0,6
E02006861,E02002353,3,0,0,1,0,0,2
E02006861,E02002354,11,3,1,6,0,0,1
E02006861,E02002356,16,1,2,10,0,0,3
E02006861,E02002357,10,0,2,5,1,0,1
E02006861,E02002358,10,1,1,3,0,0,4
E02006861,E02002359,4,0,1,1,0,0,1
E02006861,E02002360,8,0,1,5,0,0,1
E02006861,E02002361,6,0,0,3,0,0,3
E02006861,E02002362,10,1,0,6,1,0,1
E02006861,E02002363,23,4,2,8,2,0,4
E02006861,E02002364,8,0,0,1,0,0,7
E02006861,E02002366,6,0,0,3,0,0,1
E02006861,E02002367,11,2,4,0,0,0,3
E02006861,E02002368,7,0,0,7,0,0,0
E02006861,E02002369,4,0,0,2,0,0,2
E02006861,E02002370,1,0,0,1,0,0,0
E02006861,E02002371,30,1,3,7,2,0,16
E02006861,E02002373,96,1,64,16,2,0,13
E02006861,E02002374,17,2,4,8,0,0,3
E02006861,E02002375,4,2,0,0,0,0,2
E02006861,E02002377,6,1,1,3,0,0,0
E02006861,E02002379,5,0,0,3,0,0,2
E02006861,E02002380,3,0,0,3,0,0,0
E02006861,E02002381,7,2,0,5,0,0,0
E02006861,E02002382,6,0,2,3,0,0,1
E02006861,E02002383,21,0,16,3,1,0,0
E02006861,E02002384,135,12,69,26,4,4,17
E02006861,E02002385,37,4,16,11,2,0,2
E02006861,E02002386,14,0,2,7,4,1,0
E02006861,E02002387,10,0,0,6,0,0,4
E02006861,E02002388,13,0,1,7,2,0,2
E02006861,E02002389,2,0,0,2,0,0,0
E02006861,E02002390,13,0,0,5,1,0,6
E02006861,E02002391,9,0,0,5,1,0,1
E02006861,E02002392,453,26,317,51,6,0,51
E02006861,E02002393,78,2,15,39,2,0,20
E02006861,E02002394,5,0,0,3,0,0,2
E02006861,E02002395,13,0,0,3,2,0,3
E02006861,E02002396,16,3,0,9,1,0,1
E02006861,E02002397,3,0,0,2,0,0,1
E02006861,E02002398,4,0,0,3,1,0,0
E02006861,E02002399,15,1,1,11,0,0,2
E02006861,E02002400,66,9,24,17,5,0,10
E02006861,E02002401,1,0,0,1,0,0,0
E02006861,E02002402,29,1,0,13,5,0,9
E02006861,E02002403,8,1,0,5,2,0,0
E02006861,E02002404,8,1,2,3,1,0,1
E02006861,E02002405,2,0,0,1,0,0,1
E02006861,E02002407,6,1,1,2,0,0,2
E02006861,E02002408,2,0,0,1,1,0,0
E02006861,E02002409,1,0,0,1,0,0,0
E02006861,E02002410,8,0,2,2,0,0,4
E02006861,E02002411,60,4,14,21,1,0,17
E02006861,E02002412,12,0,5,7,0,0,0
E02006861,E02002414,20,2,3,7,0,0,8
E02006861,E02002415,4,0,0,2,0,0,2
E02006861,E02002416,4,0,0,1,1,0,2
E02006861,E02002419,47,4,5,15,9,0,12
E02006861,E02002420,11,1,0,3,0,1,5
E02006861,E02002421,3,0,0,2,0,0,1
E02006861,E02002422,47,0,4,17,2,0,24
E02006861,E02002423,1,0,0,1,0,0,0
E02006861,E02002424,3,0,0,1,0,0,2
E02006861,E02002425,2,0,0,2,0,0,0
E02006861,E02002426,2,0,0,1,0,0,1
E02006861,E02002427,7,1,0,3,2,0,1
E02006861,E02002428,6,0,0,5,0,0,1
E02006861,E02002429,4,0,4,0,0,0,0
E02006861,E02002430,1,1,0,0,0,0,0
E02006861,E02002431,15,0,1,5,0,0,8
E02006861,E02002433,5,0,0,4,0,0,1
E02006861,E02002434,1,0,1,0,0,0,0
E02006861,E02002435,16,0,2,11,0,0,2
E02006861,E02002436,3,0,0,3,0,0,0
E02006861,E02002443,3,0,0,2,0,0,1
E02006861,E02002445,2,0,0,1,0,0,1
E02006861,E02002451,1,0,0,0,1,0,0
E02006861,E02006852,81,7,30,18,5,0,15
E02006861,E02006861,149,8,104,19,3,0,8
E02006861,E02006875,1177,56,492,123,28,2,400
E02006861,E02006876,52,3,8,23,1,0,15
E02006875,E02002239,8,0,0,7,1,0,0
E02006875,E02002272,19,0,0,15,0,0,4
E02006875,E02002335,7,0,2,2,0,1,2
E02006875,E02002336,11,0,0,5,0,0,6
E02006875,E02002342,2,0,0,1,0,0,1
E02006875,E02002343,4,0,1,0,0,0,3
E02006875,E02002344,1,0,0,1,0,0,0
E02006875,E02002345,4,0,0,1,0,0,3
E02006875,E02002347,1,0,0,0,0,0,1
E02006875,E02002348,5,0,0,2,0,0,3
E02006875,E02002349,3,0,0,1,0,0,2
E02006875,E02002350,5,0,0,0,0,0,2
E02006875,E02002351,13,0,2,1,1,0,9
E02006875,E02002352,5,0,0,3,0,0,2
E02006875,E02002353,5,0,0,2,1,0,2
E02006875,E02002354,4,0,0,3,0,0,1
E02006875,E02002356,16,0,0,8,0,0,8
E02006875,E02002357,11,0,3,4,1,0,3
E02006875,E02002358,8,0,0,5,2,0,1
E02006875,E02002360,3,0,0,2,0,0,1
E02006875,E02002361,10,0,0,5,0,0,5
E02006875,E02002362,4,0,0,0,0,2,2
E02006875,E02002363,7,0,2,3,0,0,2
E02006875,E02002364,2,1,0,0,0,0,0
E02006875,E02002366,3,0,0,0,0,0,2
E02006875,E02002367,3,0,1,1,0,0,1
E02006875,E02002368,3,0,0,2,0,0,0
E02006875,E02002369,5,0,0,3,0,0,2
E02006875,E02002370,2,0,0,2,0,0,0
E02006875,E02002371,12,0,2,3,0,0,7
E02006875,E02002373,20,0,2,7,0,0,8
E02006875,E02002374,3,0,0,2,0,0,0
E02006875,E02002375,1,0,0,1,0,0,0
E02006875,E02002376,4,0,0,1,0,0,3
E02006875,E02002377,3,2,0,0,0,0,1
E02006875,E02002379,1,0,0,1,0,0,0
E02006875,E02002380,3,0,1,1,1,0,0
E02006875,E02002381,1,0,0,1,0,0,0
E02006875,E02002382,4,0,2,0,1,0,1
E02006875,E02002383,4,0,3,0,0,0,0
E02006875,E02002384,48,2,31,5,1,0,6
E02006875,E02002385,13,0,6,2,1,0,4
E02006875,E02002386,9,0,0,4,1,0,1
E02006875,E02002387,3,0,0,1,0,0,1
E02006875,E02002388,1,0,0,1,0,0,0
E02006875,E02002389,1,0,0,1,0,0,0
E02006875,E02002390,11,0,1,7,0,1,2
E02006875,E02002391,9,0,1,6,0,0,0
E02006875,E02002392,286,10,235,16,2,0,15
E02006875,E02002393,86,6,28,20,1,0,26
E02006875,E02002394,9,0,0,1,1,0,6
E02006875,E02002395,16,1,6,5,0,0,0
E02006875,E02002396,6,0,0,3,0,0,3
E02006875,E02002397,1,0,0,0,0,0,1
E02006875,E02002398,2,0,0,1,0,0,1
E02006875,E02002399,13,2,3,7,0,0,1
E02006875,E02002400,90,1,61,16,2,0,9
E02006875,E02002401,2,0,0,2,0,0,0
E02006875,E02002402,11,0,0,8,0,0,2
E02006875,E02002403,5,0,1,1,1,0,0
E02006875,E02002404,14,0,13,0,0,0,0
E02006875,E02002405,2,0,0,2,0,0,0
E02006875,E02002407,2,0,0,0,0,0,2
E02006875,E02002408,9,0,2,3,0,0,4
E02006875,E02002409,1,0,0,0,0,0,1
E02006875,E02002410,7,2,1,2,0,0,2
E02006875,E02002411,99,2,84,9,3,0,0
E02006875,E02002412,17,0,2,5,2,0,8
E02006875,E02002414,26,2,16,2,1,0,5
E02006875,E02002415,3,0,1,2,0,0,0
E02006875,E02002416,8,0,0,5,0,0,3
E02006875,E02002419,45,0,11,13,0,0,20
E02006875,E02002420,6,0,1,3,0,0,2
E02006875,E02002421,2,0,1,1,0,0,0
E02006875,E02002422,46,1,3,7,3,0,32
E02006875,E02002424,5,0,0,1,1,0,3
E02006875,E02002425,1,0,0,1,0,0,0
E02006875,E02002426,1,0,0,0,0,0,1
E02006875,E02002427,2,0,0,2,0,0,0
E02006875,E02002428,6,0,0,4,1,0,1
E02006875,E02002429,5,0,0,2,0,0,3
E02006875,E02002431,10,0,0,5,0,0,4
E02006875,E02002433,10,0,0,5,2,0,3
E02006875,E02002434,1,0,0,0,1,0,0
E02006875,E02002435,15,0,7,5,1,0,2
E02006875,E02002443,2,0,0,2,0,0,0
E02006875,E02002444,3,0,0,3,0,0,0
E02006875,E02002445,2,1,0,0,0,0,1
E02006875,E02002451,5,0,0,3,0,0,0
E02006875,E02006852,19,6,1,1,1,0,9
E02006875,E02006861,21,2,3,7,1,0,5
E02006875,E02006875,1791,8,1637,69,7,2,38
E02006875,E02006876,75,6,23,19,1,0,25
E02006876,E02002239,3,0,0,1,0,0,2
E02006876,E02002271,1,0,0,1,0,0,0
E02006876,E02002272,11,0,0,7,0,0,4
E02006876,E02002335,4,1,0,2,0,0,1
E02006876,E02002336,13,0,0,8,1,0,4
E02006876,E02002341,1,0,0,1,0,0,0
E02006876,E02002342,3,0,0,2,0,0,0
E02006876,E02002343,5,0,1,2,1,0,1
E02006876,E02002345,9,0,0,4,0,0,5
E02006876,E02002346,2,0,1,1,0,0,0
E02006876,E02002347,5,0,0,3,1,0,1
E02006876,E02002348,5,0,0,3,0,0,2
E02006876,E02002349,10,0,3,6,0,0,1
E02006876,E02002350,8,0,1,4,1,0,0
E02006876,E02002351,12,0,1,5,0,0,4
E02006876,E02002352,11,0,0,4,0,0,7
E02006876,E02002353,2,0,0,1,0,0,1
E02006876,E02002354,6,0,0,2,0,0,4
E02006876,E02002356,16,2,1,9,0,0,4
E02006876,E02002357,13,0,3,5,1,0,4
E02006876,E02002358,15,0,3,7,2,0,3
E02006876,E02002359,4,0,0,3,0,0,0
E02006876,E02002361,3,0,0,2,0,0,1
E02006876,E02002362,5,0,0,4,0,0,1
E02006876,E02002363,8,0,0,4,1,0,3
E02006876,E02002364,10,0,0,4,0,0,6
E02006876,E02002366,2,0,0,0,0,0,2
E02006876,E02002367,1,1,0,0,0,0,0
E02006876,E02002368,3,0,0,1,1,0,0
E02006876,E02002369,2,0,0,1,1,0,0
E02006876,E02002371,8,0,0,3,0,0,5
E02006876,E02002373,6,0,0,3,1,0,1
E02006876,E02002374,12,0,0,7,3,0,1
E02006876,E02002377,3,0,0,2,0,0,1
E02006876,E02002379,7,0,0,5,1,0,1
E02006876,E02002380,5,0,1,2,2,0,0
E02006876,E02002381,7,0,0,5,0,0,2
E02006876,E02002382,3,0,1,0,0,0,1
E02006876,E02002384,28,1,9,10,1,0,6
E02006876,E02002385,16,3,1,10,0,0,0
E02006876,E02002386,15,1,1,7,1,0,4
E02006876,E02002387,9,0,1,6,0,0,2
E02006876,E02002388,2,0,0,0,0,0,2
E02006876,E02002389,1,0,0,0,0,0,1
E02006876,E02002390,13,0,0,9,0,0,4
E02006876,E02002391,7,0,0,4,0,0,2
E02006876,E02002392,136,7,79,19,3,0,25
E02006876,E02002393,74,2,22,27,3,1,18
E02006876,E02002394,10,0,1,6,1,0,2
E02006876,E02002395,15,0,3,3,1,0,2
E02006876,E02002396,11,0,2,4,1,0,4
E02006876,E02002397,5,0,0,4,0,0,1
E02006876,E02002398,1,0,0,0,0,0,1
E02006876,E02002399,45,6,6,23,5,1,2
E02006876,E02002400,66,2,21,20,4,0,17
E02006876,E02002401,2,0,1,0,0,0,1
E02006876,E02002402,9,0,0,3,3,0,3
E02006876,E02002403,6,0,0,3,1,0,1
E02006876,E02002404,34,2,14,12,1,1,4
E02006876,E02002405,3,0,0,3,0,0,0
E02006876,E02002407,7,0,1,5,0,0,1
E02006876,E02002408,9,0,0,7,0,0,2
E02006876,E02002409,1,0,0,0,0,0,1
E02006876,E02002410,10,0,1,6,0,0,3
E02006876,E02002411,77,2,37,19,4,0,13
E02006876,E02002412,11,0,1,3,5,0,1
E02006876,E02002414,71,5,30,18,5,0,13
E02006876,E02002415,10,0,3,6,1,0,0
E02006876,E02002416,14,2,2,5,3,0,1
E02006876,E02002419,68,2,7,27,3,0,25
E02006876,E02002420,48,3,15,20,4,0,5
E02006876,E02002421,24,0,14,3,4,0,1
E02006876,E02002422,41,1,0,12,1,2,25
E02006876,E02002423,6,0,2,1,2,0,1
E02006876,E02002424,4,0,0,3,1,0,0
E02006876,E02002425,7,0,0,4,0,0,3
E02006876,E02002426,7,0,0,2,1,0,3
E02006876,E02002427,12,0,0,7,2,0,3
E02006876,E02002428,10,0,0,4,2,0,4
E02006876,E02002429,9,0,1,1,2,0,5
E02006876,E02002430,8,0,1,5,0,0,2
E02006876,E02002431,15,0,1,9,2,0,3
E02006876,E02002433,18,0,0,14,1,0,3
E02006876,E02002434,7,0,0,1,1,0,5
E02006876,E02002435,35,2,6,19,2,0,6
E02006876,E02002436,3,0,0,2,1,0,0
E02006876,E02002443,4,0,0,4,0,0,0
E02006876,E02002444,4,0,0,2,2,0,0
E02006876,E02002445,7,0,0,3,2,0,2
E02006876,E02002451,10,1,1,4,1,0,1
E02006876,E02006852,16,0,2,6,2,0,6
E02006876,E02006861,13,1,1,1,1,0,8
E02006876,E02006875,1035,10,749,97,24,3,132
E02006876,E02006876,421,11,232,105,16,5,46
