{
"type": "FeatureCollection",
"name": "leeds_worldpop_origins",
"crs": { "type": "name", "properties": { "name": "urn:ogc:def:crs:OGC:1.3:CRS84" } },
"features": [
{ "type": "Feature", "properties": { "population": 1.1883125305175781 }, "geometry": { "type": "Point", "coordinates": [ -1.698816666674937, 53.888616666674942 ] } },
{ "type": "Feature", "properties": { "population": 0.70996153354644775 }, "geometry": { "type": "Point", "coordinates": [ -1.694650000024809, 53.888616666674942 ] } },
{ "type": "Feature", "properties": { "population": 0.61686325073242188 }, "geometry": { "type": "Point", "coordinates": [ -1.690483333374681, 53.888616666674942 ] } },
{ "type": "Feature", "properties": { "population": 0.39699059724807739 }, "geometry": { "type": "Point", "coordinates": [ -1.686316666724553, 53.888616666674942 ] } },
{ "type": "Feature", "properties": { "population": 0.33379387855529785 }, "geometry": { "type": "Point", "coordinates": [ -1.682150000074425, 53.888616666674942 ] } },
{ "type": "Feature", "properties": { "population": 0.38098892569541931 }, "geometry": { "type": "Point", "coordinates": [ -1.677983333424297, 53.888616666674942 ] } },
{ "type": "Feature", "properties": { "population": 0.3480992317199707 }, "geometry": { "type": "Point", "coordinates": [ -1.673816666774169, 53.888616666674942 ] } },
{ "type": "Feature", "properties": { "population": 0.57434839010238647 }, "geometry": { "type": "Point", "coordinates": [ -1.66965000012404, 53.888616666674942 ] } },
{ "type": "Feature", "properties": { "population": 1.2430319786071777 }, "geometry": { "type": "Point", "coordinates": [ -1.665483333473912, 53.888616666674942 ] } },
{ "type": "Feature", "properties": { "population": 3.4921753406524658 }, "geometry": { "type": "Point", "coordinates": [ -1.661316666823784, 53.888616666674942 ] } },
{ "type": "Feature", "properties": { "population": 2.8542201519012451 }, "geometry": { "type": "Point", "coordinates": [ -1.657150000173656, 53.888616666674942 ] } },
{ "type": "Feature", "properties": { "population": 3.0055844783782959 }, "geometry": { "type": "Point", "coordinates": [ -1.652983333523528, 53.888616666674942 ] } },
{ "type": "Feature", "properties": { "population": 9.4154729843139648 }, "geometry": { "type": "Point", "coordinates": [ -1.6488166668734, 53.888616666674942 ] } },
{ "type": "Feature", "properties": { "population": 43.335922241210938 }, "geometry": { "type": "Point", "coordinates": [ -1.644650000223272, 53.888616666674942 ] } },
{ "type": "Feature", "properties": { "population": 10.750757217407227 }, "geometry": { "type": "Point", "coordinates": [ -1.640483333573144, 53.888616666674942 ] } },
{ "type": "Feature", "properties": { "population": 8.5025854110717773 }, "geometry": { "type": "Point", "coordinates": [ -1.636316666923016, 53.888616666674942 ] } },
{ "type": "Feature", "properties": { "population": 24.9833984375 }, "geometry": { "type": "Point", "coordinates": [ -1.632150000272888, 53.888616666674942 ] } },
{ "type": "Feature", "properties": { "population": 41.942447662353516 }, "geometry": { "type": "Point", "coordinates": [ -1.62798333362276, 53.888616666674942 ] } },
{ "type": "Feature", "properties": { "population": 118.92111206054688 }, "geometry": { "type": "Point", "coordinates": [ -1.623816666972632, 53.888616666674942 ] } },
{ "type": "Feature", "properties": { "population": 95.243446350097656 }, "geometry": { "type": "Point", "coordinates": [ -1.619650000322504, 53.888616666674942 ] } },
{ "type": "Feature", "properties": { "population": 97.110191345214844 }, "geometry": { "type": "Point", "coordinates": [ -1.615483333672376, 53.888616666674942 ] } },
{ "type": "Feature", "properties": { "population": 101.90641021728516 }, "geometry": { "type": "Point", "coordinates": [ -1.611316667022248, 53.888616666674942 ] } },
{ "type": "Feature", "properties": { "population": 21.335216522216797 }, "geometry": { "type": "Point", "coordinates": [ -1.60715000037212, 53.888616666674942 ] } },
{ "type": "Feature", "properties": { "population": 5.6893081665039062 }, "geometry": { "type": "Point", "coordinates": [ -1.602983333721992, 53.888616666674942 ] } },
{ "type": "Feature", "properties": { "population": 3.5511305332183838 }, "geometry": { "type": "Point", "coordinates": [ -1.598816667071864, 53.888616666674942 ] } },
{ "type": "Feature", "properties": { "population": 3.9917490482330322 }, "geometry": { "type": "Point", "coordinates": [ -1.594650000421736, 53.888616666674942 ] } },
{ "type": "Feature", "properties": { "population": 2.5523390769958496 }, "geometry": { "type": "Point", "coordinates": [ -1.590483333771608, 53.888616666674942 ] } },
{ "type": "Feature", "properties": { "population": 1.3871198892593384 }, "geometry": { "type": "Point", "coordinates": [ -1.58631666712148, 53.888616666674942 ] } },
{ "type": "Feature", "properties": { "population": 0.79245752096176147 }, "geometry": { "type": "Point", "coordinates": [ -1.582150000471352, 53.888616666674942 ] } },
{ "type": "Feature", "properties": { "population": 1.0400960445404053 }, "geometry": { "type": "Point", "coordinates": [ -1.577983333821223, 53.888616666674942 ] } },
{ "type": "Feature", "properties": { "population": 1.3123089075088501 }, "geometry": { "type": "Point", "coordinates": [ -1.573816667171096, 53.888616666674942 ] } },
{ "type": "Feature", "properties": { "population": 0.4705231785774231 }, "geometry": { "type": "Point", "coordinates": [ -1.569650000520967, 53.888616666674942 ] } },
{ "type": "Feature", "properties": { "population": 0.54008424282073975 }, "geometry": { "type": "Point", "coordinates": [ -1.565483333870839, 53.888616666674942 ] } },
{ "type": "Feature", "properties": { "population": 1.3312467336654663 }, "geometry": { "type": "Point", "coordinates": [ -1.561316667220711, 53.888616666674942 ] } },
{ "type": "Feature", "properties": { "population": 1.4267468452453613 }, "geometry": { "type": "Point", "coordinates": [ -1.557150000570583, 53.888616666674942 ] } },
{ "type": "Feature", "properties": { "population": 1.439994215965271 }, "geometry": { "type": "Point", "coordinates": [ -1.552983333920455, 53.888616666674942 ] } },
{ "type": "Feature", "properties": { "population": 1.010084867477417 }, "geometry": { "type": "Point", "coordinates": [ -1.548816667270327, 53.888616666674942 ] } },
{ "type": "Feature", "properties": { "population": 1.092629075050354 }, "geometry": { "type": "Point", "coordinates": [ -1.544650000620199, 53.888616666674942 ] } },
{ "type": "Feature", "properties": { "population": 1.1282325983047485 }, "geometry": { "type": "Point", "coordinates": [ -1.540483333970071, 53.888616666674942 ] } },
{ "type": "Feature", "properties": { "population": 1.266437292098999 }, "geometry": { "type": "Point", "coordinates": [ -1.536316667319943, 53.888616666674942 ] } },
{ "type": "Feature", "properties": { "population": 1.3375861644744873 }, "geometry": { "type": "Point", "coordinates": [ -1.532150000669815, 53.888616666674942 ] } },
{ "type": "Feature", "properties": { "population": 1.1724041700363159 }, "geometry": { "type": "Point", "coordinates": [ -1.527983334019687, 53.888616666674942 ] } },
{ "type": "Feature", "properties": { "population": 1.2896307706832886 }, "geometry": { "type": "Point", "coordinates": [ -1.523816667369559, 53.888616666674942 ] } },
{ "type": "Feature", "properties": { "population": 0.74160289764404297 }, "geometry": { "type": "Point", "coordinates": [ -1.519650000719431, 53.888616666674942 ] } },
{ "type": "Feature", "properties": { "population": 1.1291394233703613 }, "geometry": { "type": "Point", "coordinates": [ -1.515483334069303, 53.888616666674942 ] } },
{ "type": "Feature", "properties": { "population": 2.7947940826416016 }, "geometry": { "type": "Point", "coordinates": [ -1.511316667419175, 53.888616666674942 ] } },
{ "type": "Feature", "properties": { "population": 2.2991836071014404 }, "geometry": { "type": "Point", "coordinates": [ -1.507150000769047, 53.888616666674942 ] } },
{ "type": "Feature", "properties": { "population": 1.0089927911758423 }, "geometry": { "type": "Point", "coordinates": [ -1.502983334118919, 53.888616666674942 ] } },
{ "type": "Feature", "properties": { "population": 0.88536596298217773 }, "geometry": { "type": "Point", "coordinates": [ -1.498816667468791, 53.888616666674942 ] } },
{ "type": "Feature", "properties": { "population": 1.1152671575546265 }, "geometry": { "type": "Point", "coordinates": [ -1.494650000818663, 53.888616666674942 ] } },
{ "type": "Feature", "properties": { "population": 1.2343065738677979 }, "geometry": { "type": "Point", "coordinates": [ -1.490483334168535, 53.888616666674942 ] } },
{ "type": "Feature", "properties": { "population": 1.0934743881225586 }, "geometry": { "type": "Point", "coordinates": [ -1.486316667518407, 53.888616666674942 ] } },
{ "type": "Feature", "properties": { "population": 1.0974521636962891 }, "geometry": { "type": "Point", "coordinates": [ -1.482150000868279, 53.888616666674942 ] } },
{ "type": "Feature", "properties": { "population": 1.395963191986084 }, "geometry": { "type": "Point", "coordinates": [ -1.477983334218151, 53.888616666674942 ] } },
{ "type": "Feature", "properties": { "population": 2.7708024978637695 }, "geometry": { "type": "Point", "coordinates": [ -1.473816667568022, 53.888616666674942 ] } },
{ "type": "Feature", "properties": { "population": 5.2056798934936523 }, "geometry": { "type": "Point", "coordinates": [ -1.469650000917895, 53.888616666674942 ] } },
{ "type": "Feature", "properties": { "population": 12.496962547302246 }, "geometry": { "type": "Point", "coordinates": [ -1.465483334267766, 53.888616666674942 ] } },
{ "type": "Feature", "properties": { "population": 62.880294799804688 }, "geometry": { "type": "Point", "coordinates": [ -1.461316667617638, 53.888616666674942 ] } },
{ "type": "Feature", "properties": { "population": 42.371749877929688 }, "geometry": { "type": "Point", "coordinates": [ -1.45715000096751, 53.888616666674942 ] } },
{ "type": "Feature", "properties": { "population": 26.03065299987793 }, "geometry": { "type": "Point", "coordinates": [ -1.452983334317382, 53.888616666674942 ] } },
{ "type": "Feature", "properties": { "population": 70.222015380859375 }, "geometry": { "type": "Point", "coordinates": [ -1.448816667667254, 53.888616666674942 ] } },
{ "type": "Feature", "properties": { "population": 166.75596618652344 }, "geometry": { "type": "Point", "coordinates": [ -1.444650001017126, 53.888616666674942 ] } },
{ "type": "Feature", "properties": { "population": 189.02534484863281 }, "geometry": { "type": "Point", "coordinates": [ -1.440483334366998, 53.888616666674942 ] } },
{ "type": "Feature", "properties": { "population": 53.508049011230469 }, "geometry": { "type": "Point", "coordinates": [ -1.43631666771687, 53.888616666674942 ] } },
{ "type": "Feature", "properties": { "population": 16.1092529296875 }, "geometry": { "type": "Point", "coordinates": [ -1.432150001066742, 53.888616666674942 ] } },
{ "type": "Feature", "properties": { "population": 3.1107666492462158 }, "geometry": { "type": "Point", "coordinates": [ -1.427983334416614, 53.888616666674942 ] } },
{ "type": "Feature", "properties": { "population": 1.5806870460510254 }, "geometry": { "type": "Point", "coordinates": [ -1.423816667766486, 53.888616666674942 ] } },
{ "type": "Feature", "properties": { "population": 1.0793750286102295 }, "geometry": { "type": "Point", "coordinates": [ -1.419650001116358, 53.888616666674942 ] } },
{ "type": "Feature", "properties": { "population": 1.0126738548278809 }, "geometry": { "type": "Point", "coordinates": [ -1.41548333446623, 53.888616666674942 ] } },
{ "type": "Feature", "properties": { "population": 1.1119904518127441 }, "geometry": { "type": "Point", "coordinates": [ -1.411316667816102, 53.888616666674942 ] } },
{ "type": "Feature", "properties": { "population": 1.5268278121948242 }, "geometry": { "type": "Point", "coordinates": [ -1.407150001165974, 53.888616666674942 ] } },
{ "type": "Feature", "properties": { "population": 2.9640212059020996 }, "geometry": { "type": "Point", "coordinates": [ -1.402983334515846, 53.888616666674942 ] } },
{ "type": "Feature", "properties": { "population": 1.262054443359375 }, "geometry": { "type": "Point", "coordinates": [ -1.398816667865718, 53.888616666674942 ] } },
{ "type": "Feature", "properties": { "population": 6.6827917098999023 }, "geometry": { "type": "Point", "coordinates": [ -1.698816666674937, 53.88445000002482 ] } },
{ "type": "Feature", "properties": { "population": 1.6516029834747314 }, "geometry": { "type": "Point", "coordinates": [ -1.694650000024809, 53.88445000002482 ] } },
{ "type": "Feature", "properties": { "population": 0.9021458625793457 }, "geometry": { "type": "Point", "coordinates": [ -1.690483333374681, 53.88445000002482 ] } },
{ "type": "Feature", "properties": { "population": 0.7634807825088501 }, "geometry": { "type": "Point", "coordinates": [ -1.686316666724553, 53.88445000002482 ] } },
{ "type": "Feature", "properties": { "population": 0.34804198145866394 }, "geometry": { "type": "Point", "coordinates": [ -1.682150000074425, 53.88445000002482 ] } },
{ "type": "Feature", "properties": { "population": 0.49200195074081421 }, "geometry": { "type": "Point", "coordinates": [ -1.677983333424297, 53.88445000002482 ] } },
{ "type": "Feature", "properties": { "population": 1.298753023147583 }, "geometry": { "type": "Point", "coordinates": [ -1.673816666774169, 53.88445000002482 ] } },
{ "type": "Feature", "properties": { "population": 1.6119858026504517 }, "geometry": { "type": "Point", "coordinates": [ -1.66965000012404, 53.88445000002482 ] } },
{ "type": "Feature", "properties": { "population": 2.2525641918182373 }, "geometry": { "type": "Point", "coordinates": [ -1.665483333473912, 53.88445000002482 ] } },
{ "type": "Feature", "properties": { "population": 0.93688362836837769 }, "geometry": { "type": "Point", "coordinates": [ -1.661316666823784, 53.88445000002482 ] } },
{ "type": "Feature", "properties": { "population": 0.99653851985931396 }, "geometry": { "type": "Point", "coordinates": [ -1.657150000173656, 53.88445000002482 ] } },
{ "type": "Feature", "properties": { "population": 1.5022706985473633 }, "geometry": { "type": "Point", "coordinates": [ -1.652983333523528, 53.88445000002482 ] } },
{ "type": "Feature", "properties": { "population": 7.8663086891174316 }, "geometry": { "type": "Point", "coordinates": [ -1.6488166668734, 53.88445000002482 ] } },
{ "type": "Feature", "properties": { "population": 9.7022771835327148 }, "geometry": { "type": "Point", "coordinates": [ -1.644650000223272, 53.88445000002482 ] } },
{ "type": "Feature", "properties": { "population": 5.3760166168212891 }, "geometry": { "type": "Point", "coordinates": [ -1.640483333573144, 53.88445000002482 ] } },
{ "type": "Feature", "properties": { "population": 8.5705928802490234 }, "geometry": { "type": "Point", "coordinates": [ -1.636316666923016, 53.88445000002482 ] } },
{ "type": "Feature", "properties": { "population": 30.02910041809082 }, "geometry": { "type": "Point", "coordinates": [ -1.632150000272888, 53.88445000002482 ] } },
{ "type": "Feature", "properties": { "population": 69.483512878417969 }, "geometry": { "type": "Point", "coordinates": [ -1.62798333362276, 53.88445000002482 ] } },
{ "type": "Feature", "properties": { "population": 244.08036804199219 }, "geometry": { "type": "Point", "coordinates": [ -1.623816666972632, 53.88445000002482 ] } },
{ "type": "Feature", "properties": { "population": 293.95706176757812 }, "geometry": { "type": "Point", "coordinates": [ -1.619650000322504, 53.88445000002482 ] } },
{ "type": "Feature", "properties": { "population": 302.5479736328125 }, "geometry": { "type": "Point", "coordinates": [ -1.615483333672376, 53.88445000002482 ] } },
{ "type": "Feature", "properties": { "population": 324.84130859375 }, "geometry": { "type": "Point", "coordinates": [ -1.611316667022248, 53.88445000002482 ] } },
{ "type": "Feature", "properties": { "population": 64.582199096679688 }, "geometry": { "type": "Point", "coordinates": [ -1.60715000037212, 53.88445000002482 ] } },
{ "type": "Feature", "properties": { "population": 14.835454940795898 }, "geometry": { "type": "Point", "coordinates": [ -1.602983333721992, 53.88445000002482 ] } },
{ "type": "Feature", "properties": { "population": 3.6288352012634277 }, "geometry": { "type": "Point", "coordinates": [ -1.598816667071864, 53.88445000002482 ] } },
{ "type": "Feature", "properties": { "population": 3.4748291969299316 }, "geometry": { "type": "Point", "coordinates": [ -1.594650000421736, 53.88445000002482 ] } },
{ "type": "Feature", "properties": { "population": 3.0818278789520264 }, "geometry": { "type": "Point", "coordinates": [ -1.590483333771608, 53.88445000002482 ] } },
{ "type": "Feature", "properties": { "population": 0.41379272937774658 }, "geometry": { "type": "Point", "coordinates": [ -1.58631666712148, 53.88445000002482 ] } },
{ "type": "Feature", "properties": { "population": 0.32691279053688049 }, "geometry": { "type": "Point", "coordinates": [ -1.582150000471352, 53.88445000002482 ] } },
{ "type": "Feature", "properties": { "population": 0.72440809011459351 }, "geometry": { "type": "Point", "coordinates": [ -1.577983333821223, 53.88445000002482 ] } },
{ "type": "Feature", "properties": { "population": 0.5303795337677002 }, "geometry": { "type": "Point", "coordinates": [ -1.573816667171096, 53.88445000002482 ] } },
{ "type": "Feature", "properties": { "population": 0.47919991612434387 }, "geometry": { "type": "Point", "coordinates": [ -1.569650000520967, 53.88445000002482 ] } },
{ "type": "Feature", "properties": { "population": 1.0130361318588257 }, "geometry": { "type": "Point", "coordinates": [ -1.565483333870839, 53.88445000002482 ] } },
{ "type": "Feature", "properties": { "population": 2.2159314155578613 }, "geometry": { "type": "Point", "coordinates": [ -1.561316667220711, 53.88445000002482 ] } },
{ "type": "Feature", "properties": { "population": 0.58916997909545898 }, "geometry": { "type": "Point", "coordinates": [ -1.557150000570583, 53.88445000002482 ] } },
{ "type": "Feature", "properties": { "population": 0.7580791711807251 }, "geometry": { "type": "Point", "coordinates": [ -1.552983333920455, 53.88445000002482 ] } },
{ "type": "Feature", "properties": { "population": 0.89887279272079468 }, "geometry": { "type": "Point", "coordinates": [ -1.548816667270327, 53.88445000002482 ] } },
{ "type": "Feature", "properties": { "population": 0.96373814344406128 }, "geometry": { "type": "Point", "coordinates": [ -1.544650000620199, 53.88445000002482 ] } },
{ "type": "Feature", "properties": { "population": 1.0485976934432983 }, "geometry": { "type": "Point", "coordinates": [ -1.540483333970071, 53.88445000002482 ] } },
{ "type": "Feature", "properties": { "population": 1.157771110534668 }, "geometry": { "type": "Point", "coordinates": [ -1.536316667319943, 53.88445000002482 ] } },
{ "type": "Feature", "properties": { "population": 1.4615920782089233 }, "geometry": { "type": "Point", "coordinates": [ -1.532150000669815, 53.88445000002482 ] } },
{ "type": "Feature", "properties": { "population": 1.3199583292007446 }, "geometry": { "type": "Point", "coordinates": [ -1.527983334019687, 53.88445000002482 ] } },
{ "type": "Feature", "properties": { "population": 1.148982048034668 }, "geometry": { "type": "Point", "coordinates": [ -1.523816667369559, 53.88445000002482 ] } },
{ "type": "Feature", "properties": { "population": 0.37164369225502014 }, "geometry": { "type": "Point", "coordinates": [ -1.519650000719431, 53.88445000002482 ] } },
{ "type": "Feature", "properties": { "population": 0.92259204387664795 }, "geometry": { "type": "Point", "coordinates": [ -1.515483334069303, 53.88445000002482 ] } },
{ "type": "Feature", "properties": { "population": 1.7809655666351318 }, "geometry": { "type": "Point", "coordinates": [ -1.511316667419175, 53.88445000002482 ] } },
{ "type": "Feature", "properties": { "population": 3.0675802230834961 }, "geometry": { "type": "Point", "coordinates": [ -1.507150000769047, 53.88445000002482 ] } },
{ "type": "Feature", "properties": { "population": 1.379342794418335 }, "geometry": { "type": "Point", "coordinates": [ -1.502983334118919, 53.88445000002482 ] } },
{ "type": "Feature", "properties": { "population": 0.85274982452392578 }, "geometry": { "type": "Point", "coordinates": [ -1.498816667468791, 53.88445000002482 ] } },
{ "type": "Feature", "properties": { "population": 0.98070120811462402 }, "geometry": { "type": "Point", "coordinates": [ -1.494650000818663, 53.88445000002482 ] } },
{ "type": "Feature", "properties": { "population": 0.96284759044647217 }, "geometry": { "type": "Point", "coordinates": [ -1.490483334168535, 53.88445000002482 ] } },
{ "type": "Feature", "properties": { "population": 0.9320252537727356 }, "geometry": { "type": "Point", "coordinates": [ -1.486316667518407, 53.88445000002482 ] } },
{ "type": "Feature", "properties": { "population": 0.98914515972137451 }, "geometry": { "type": "Point", "coordinates": [ -1.482150000868279, 53.88445000002482 ] } },
{ "type": "Feature", "properties": { "population": 2.5168793201446533 }, "geometry": { "type": "Point", "coordinates": [ -1.477983334218151, 53.88445000002482 ] } },
{ "type": "Feature", "properties": { "population": 3.2725751399993896 }, "geometry": { "type": "Point", "coordinates": [ -1.473816667568022, 53.88445000002482 ] } },
{ "type": "Feature", "properties": { "population": 5.8304529190063477 }, "geometry": { "type": "Point", "coordinates": [ -1.469650000917895, 53.88445000002482 ] } },
{ "type": "Feature", "properties": { "population": 11.876674652099609 }, "geometry": { "type": "Point", "coordinates": [ -1.465483334267766, 53.88445000002482 ] } },
{ "type": "Feature", "properties": { "population": 9.306671142578125 }, "geometry": { "type": "Point", "coordinates": [ -1.461316667617638, 53.88445000002482 ] } },
{ "type": "Feature", "properties": { "population": 10.663926124572754 }, "geometry": { "type": "Point", "coordinates": [ -1.45715000096751, 53.88445000002482 ] } },
{ "type": "Feature", "properties": { "population": 13.573953628540039 }, "geometry": { "type": "Point", "coordinates": [ -1.452983334317382, 53.88445000002482 ] } },
{ "type": "Feature", "properties": { "population": 108.73030853271484 }, "geometry": { "type": "Point", "coordinates": [ -1.448816667667254, 53.88445000002482 ] } },
{ "type": "Feature", "properties": { "population": 169.45454406738281 }, "geometry": { "type": "Point", "coordinates": [ -1.444650001017126, 53.88445000002482 ] } },
{ "type": "Feature", "properties": { "population": 147.17617797851562 }, "geometry": { "type": "Point", "coordinates": [ -1.440483334366998, 53.88445000002482 ] } },
{ "type": "Feature", "properties": { "population": 27.721040725708008 }, "geometry": { "type": "Point", "coordinates": [ -1.43631666771687, 53.88445000002482 ] } },
{ "type": "Feature", "properties": { "population": 10.801492691040039 }, "geometry": { "type": "Point", "coordinates": [ -1.432150001066742, 53.88445000002482 ] } },
{ "type": "Feature", "properties": { "population": 3.2035617828369141 }, "geometry": { "type": "Point", "coordinates": [ -1.427983334416614, 53.88445000002482 ] } },
{ "type": "Feature", "properties": { "population": 1.2901580333709717 }, "geometry": { "type": "Point", "coordinates": [ -1.423816667766486, 53.88445000002482 ] } },
{ "type": "Feature", "properties": { "population": 0.78521716594696045 }, "geometry": { "type": "Point", "coordinates": [ -1.419650001116358, 53.88445000002482 ] } },
{ "type": "Feature", "properties": { "population": 0.60379326343536377 }, "geometry": { "type": "Point", "coordinates": [ -1.41548333446623, 53.88445000002482 ] } },
{ "type": "Feature", "properties": { "population": 0.21001029014587402 }, "geometry": { "type": "Point", "coordinates": [ -1.411316667816102, 53.88445000002482 ] } },
{ "type": "Feature", "properties": { "population": 0.43018260598182678 }, "geometry": { "type": "Point", "coordinates": [ -1.407150001165974, 53.88445000002482 ] } },
{ "type": "Feature", "properties": { "population": 1.046165943145752 }, "geometry": { "type": "Point", "coordinates": [ -1.402983334515846, 53.88445000002482 ] } },
{ "type": "Feature", "properties": { "population": 0.51270967721939087 }, "geometry": { "type": "Point", "coordinates": [ -1.398816667865718, 53.88445000002482 ] } },
{ "type": "Feature", "properties": { "population": 19.571420669555664 }, "geometry": { "type": "Point", "coordinates": [ -1.698816666674937, 53.880283333374699 ] } },
{ "type": "Feature", "properties": { "population": 6.3119535446166992 }, "geometry": { "type": "Point", "coordinates": [ -1.694650000024809, 53.880283333374699 ] } },
{ "type": "Feature", "properties": { "population": 2.9001352787017822 }, "geometry": { "type": "Point", "coordinates": [ -1.690483333374681, 53.880283333374699 ] } },
{ "type": "Feature", "properties": { "population": 0.69016361236572266 }, "geometry": { "type": "Point", "coordinates": [ -1.686316666724553, 53.880283333374699 ] } },
{ "type": "Feature", "properties": { "population": 0.48569342494010925 }, "geometry": { "type": "Point", "coordinates": [ -1.682150000074425, 53.880283333374699 ] } },
{ "type": "Feature", "properties": { "population": 0.97570526599884033 }, "geometry": { "type": "Point", "coordinates": [ -1.677983333424297, 53.880283333374699 ] } },
{ "type": "Feature", "properties": { "population": 6.6613006591796875 }, "geometry": { "type": "Point", "coordinates": [ -1.673816666774169, 53.880283333374699 ] } },
{ "type": "Feature", "properties": { "population": 11.332399368286133 }, "geometry": { "type": "Point", "coordinates": [ -1.66965000012404, 53.880283333374699 ] } },
{ "type": "Feature", "properties": { "population": 4.3037624359130859 }, "geometry": { "type": "Point", "coordinates": [ -1.665483333473912, 53.880283333374699 ] } },
{ "type": "Feature", "properties": { "population": 8.1365346908569336 }, "geometry": { "type": "Point", "coordinates": [ -1.661316666823784, 53.880283333374699 ] } },
{ "type": "Feature", "properties": { "population": 6.8637456893920898 }, "geometry": { "type": "Point", "coordinates": [ -1.657150000173656, 53.880283333374699 ] } },
{ "type": "Feature", "properties": { "population": 1.7742822170257568 }, "geometry": { "type": "Point", "coordinates": [ -1.652983333523528, 53.880283333374699 ] } },
{ "type": "Feature", "properties": { "population": 3.3683643341064453 }, "geometry": { "type": "Point", "coordinates": [ -1.6488166668734, 53.880283333374699 ] } },
{ "type": "Feature", "properties": { "population": 14.966206550598145 }, "geometry": { "type": "Point", "coordinates": [ -1.644650000223272, 53.880283333374699 ] } },
{ "type": "Feature", "properties": { "population": 7.0224266052246094 }, "geometry": { "type": "Point", "coordinates": [ -1.640483333573144, 53.880283333374699 ] } },
{ "type": "Feature", "properties": { "population": 2.8864030838012695 }, "geometry": { "type": "Point", "coordinates": [ -1.636316666923016, 53.880283333374699 ] } },
{ "type": "Feature", "properties": { "population": 4.429664134979248 }, "geometry": { "type": "Point", "coordinates": [ -1.632150000272888, 53.880283333374699 ] } },
{ "type": "Feature", "properties": { "population": 24.189098358154297 }, "geometry": { "type": "Point", "coordinates": [ -1.62798333362276, 53.880283333374699 ] } },
{ "type": "Feature", "properties": { "population": 42.724998474121094 }, "geometry": { "type": "Point", "coordinates": [ -1.623816666972632, 53.880283333374699 ] } },
{ "type": "Feature", "properties": { "population": 107.05970764160156 }, "geometry": { "type": "Point", "coordinates": [ -1.619650000322504, 53.880283333374699 ] } },
{ "type": "Feature", "properties": { "population": 288.794921875 }, "geometry": { "type": "Point", "coordinates": [ -1.615483333672376, 53.880283333374699 ] } },
{ "type": "Feature", "properties": { "population": 341.58718872070312 }, "geometry": { "type": "Point", "coordinates": [ -1.611316667022248, 53.880283333374699 ] } },
{ "type": "Feature", "properties": { "population": 345.0406494140625 }, "geometry": { "type": "Point", "coordinates": [ -1.60715000037212, 53.880283333374699 ] } },
{ "type": "Feature", "properties": { "population": 36.531051635742188 }, "geometry": { "type": "Point", "coordinates": [ -1.602983333721992, 53.880283333374699 ] } },
{ "type": "Feature", "properties": { "population": 10.487422943115234 }, "geometry": { "type": "Point", "coordinates": [ -1.598816667071864, 53.880283333374699 ] } },
{ "type": "Feature", "properties": { "population": 7.8663296699523926 }, "geometry": { "type": "Point", "coordinates": [ -1.594650000421736, 53.880283333374699 ] } },
{ "type": "Feature", "properties": { "population": 10.193764686584473 }, "geometry": { "type": "Point", "coordinates": [ -1.590483333771608, 53.880283333374699 ] } },
{ "type": "Feature", "properties": { "population": 1.3495570421218872 }, "geometry": { "type": "Point", "coordinates": [ -1.58631666712148, 53.880283333374699 ] } },
{ "type": "Feature", "properties": { "population": 0.25944098830223083 }, "geometry": { "type": "Point", "coordinates": [ -1.582150000471352, 53.880283333374699 ] } },
{ "type": "Feature", "properties": { "population": 0.26369631290435791 }, "geometry": { "type": "Point", "coordinates": [ -1.577983333821223, 53.880283333374699 ] } },
{ "type": "Feature", "properties": { "population": 0.5606265664100647 }, "geometry": { "type": "Point", "coordinates": [ -1.573816667171096, 53.880283333374699 ] } },
{ "type": "Feature", "properties": { "population": 2.0122299194335938 }, "geometry": { "type": "Point", "coordinates": [ -1.569650000520967, 53.880283333374699 ] } },
{ "type": "Feature", "properties": { "population": 4.8428597450256348 }, "geometry": { "type": "Point", "coordinates": [ -1.565483333870839, 53.880283333374699 ] } },
{ "type": "Feature", "properties": { "population": 2.4256877899169922 }, "geometry": { "type": "Point", "coordinates": [ -1.561316667220711, 53.880283333374699 ] } },
{ "type": "Feature", "properties": { "population": 2.6162533760070801 }, "geometry": { "type": "Point", "coordinates": [ -1.557150000570583, 53.880283333374699 ] } },
{ "type": "Feature", "properties": { "population": 0.44013351202011108 }, "geometry": { "type": "Point", "coordinates": [ -1.552983333920455, 53.880283333374699 ] } },
{ "type": "Feature", "properties": { "population": 0.30928441882133484 }, "geometry": { "type": "Point", "coordinates": [ -1.548816667270327, 53.880283333374699 ] } },
{ "type": "Feature", "properties": { "population": 0.34162405133247375 }, "geometry": { "type": "Point", "coordinates": [ -1.544650000620199, 53.880283333374699 ] } },
{ "type": "Feature", "properties": { "population": 0.58230835199356079 }, "geometry": { "type": "Point", "coordinates": [ -1.540483333970071, 53.880283333374699 ] } },
{ "type": "Feature", "properties": { "population": 1.1838376522064209 }, "geometry": { "type": "Point", "coordinates": [ -1.536316667319943, 53.880283333374699 ] } },
{ "type": "Feature", "properties": { "population": 2.6226778030395508 }, "geometry": { "type": "Point", "coordinates": [ -1.532150000669815, 53.880283333374699 ] } },
{ "type": "Feature", "properties": { "population": 1.6594346761703491 }, "geometry": { "type": "Point", "coordinates": [ -1.527983334019687, 53.880283333374699 ] } },
{ "type": "Feature", "properties": { "population": 0.82909983396530151 }, "geometry": { "type": "Point", "coordinates": [ -1.523816667369559, 53.880283333374699 ] } },
{ "type": "Feature", "properties": { "population": 0.45509353280067444 }, "geometry": { "type": "Point", "coordinates": [ -1.519650000719431, 53.880283333374699 ] } },
{ "type": "Feature", "properties": { "population": 0.98056000471115112 }, "geometry": { "type": "Point", "coordinates": [ -1.515483334069303, 53.880283333374699 ] } },
{ "type": "Feature", "properties": { "population": 2.0963265895843506 }, "geometry": { "type": "Point", "coordinates": [ -1.511316667419175, 53.880283333374699 ] } },
{ "type": "Feature", "properties": { "population": 3.2990322113037109 }, "geometry": { "type": "Point", "coordinates": [ -1.507150000769047, 53.880283333374699 ] } },
{ "type": "Feature", "properties": { "population": 1.4800939559936523 }, "geometry": { "type": "Point", "coordinates": [ -1.502983334118919, 53.880283333374699 ] } },
{ "type": "Feature", "properties": { "population": 1.1303524971008301 }, "geometry": { "type": "Point", "coordinates": [ -1.498816667468791, 53.880283333374699 ] } },
{ "type": "Feature", "properties": { "population": 1.3815066814422607 }, "geometry": { "type": "Point", "coordinates": [ -1.494650000818663, 53.880283333374699 ] } },
{ "type": "Feature", "properties": { "population": 1.3527312278747559 }, "geometry": { "type": "Point", "coordinates": [ -1.490483334168535, 53.880283333374699 ] } },
{ "type": "Feature", "properties": { "population": 1.4326857328414917 }, "geometry": { "type": "Point", "coordinates": [ -1.486316667518407, 53.880283333374699 ] } },
{ "type": "Feature", "properties": { "population": 1.8923345804214478 }, "geometry": { "type": "Point", "coordinates": [ -1.482150000868279, 53.880283333374699 ] } },
{ "type": "Feature", "properties": { "population": 3.1598401069641113 }, "geometry": { "type": "Point", "coordinates": [ -1.477983334218151, 53.880283333374699 ] } },
{ "type": "Feature", "properties": { "population": 10.167593002319336 }, "geometry": { "type": "Point", "coordinates": [ -1.473816667568022, 53.880283333374699 ] } },
{ "type": "Feature", "properties": { "population": 11.289189338684082 }, "geometry": { "type": "Point", "coordinates": [ -1.469650000917895, 53.880283333374699 ] } },
{ "type": "Feature", "properties": { "population": 10.111935615539551 }, "geometry": { "type": "Point", "coordinates": [ -1.465483334267766, 53.880283333374699 ] } },
{ "type": "Feature", "properties": { "population": 20.277462005615234 }, "geometry": { "type": "Point", "coordinates": [ -1.461316667617638, 53.880283333374699 ] } },
{ "type": "Feature", "properties": { "population": 18.967668533325195 }, "geometry": { "type": "Point", "coordinates": [ -1.45715000096751, 53.880283333374699 ] } },
{ "type": "Feature", "properties": { "population": 19.276906967163086 }, "geometry": { "type": "Point", "coordinates": [ -1.452983334317382, 53.880283333374699 ] } },
{ "type": "Feature", "properties": { "population": 56.648441314697266 }, "geometry": { "type": "Point", "coordinates": [ -1.448816667667254, 53.880283333374699 ] } },
{ "type": "Feature", "properties": { "population": 22.033567428588867 }, "geometry": { "type": "Point", "coordinates": [ -1.444650001017126, 53.880283333374699 ] } },
{ "type": "Feature", "properties": { "population": 17.493637084960938 }, "geometry": { "type": "Point", "coordinates": [ -1.440483334366998, 53.880283333374699 ] } },
{ "type": "Feature", "properties": { "population": 5.9569015502929688 }, "geometry": { "type": "Point", "coordinates": [ -1.43631666771687, 53.880283333374699 ] } },
{ "type": "Feature", "properties": { "population": 2.8552069664001465 }, "geometry": { "type": "Point", "coordinates": [ -1.432150001066742, 53.880283333374699 ] } },
{ "type": "Feature", "properties": { "population": 1.465134859085083 }, "geometry": { "type": "Point", "coordinates": [ -1.427983334416614, 53.880283333374699 ] } },
{ "type": "Feature", "properties": { "population": 0.96092170476913452 }, "geometry": { "type": "Point", "coordinates": [ -1.423816667766486, 53.880283333374699 ] } },
{ "type": "Feature", "properties": { "population": 0.69322478771209717 }, "geometry": { "type": "Point", "coordinates": [ -1.419650001116358, 53.880283333374699 ] } },
{ "type": "Feature", "properties": { "population": 0.59607976675033569 }, "geometry": { "type": "Point", "coordinates": [ -1.41548333446623, 53.880283333374699 ] } },
{ "type": "Feature", "properties": { "population": 0.19218376278877258 }, "geometry": { "type": "Point", "coordinates": [ -1.411316667816102, 53.880283333374699 ] } },
{ "type": "Feature", "properties": { "population": 0.1346392035484314 }, "geometry": { "type": "Point", "coordinates": [ -1.407150001165974, 53.880283333374699 ] } },
{ "type": "Feature", "properties": { "population": 0.15280893445014954 }, "geometry": { "type": "Point", "coordinates": [ -1.402983334515846, 53.880283333374699 ] } },
{ "type": "Feature", "properties": { "population": 0.16227041184902191 }, "geometry": { "type": "Point", "coordinates": [ -1.398816667865718, 53.880283333374699 ] } },
{ "type": "Feature", "properties": { "population": 216.545166015625 }, "geometry": { "type": "Point", "coordinates": [ -1.698816666674937, 53.876116666724577 ] } },
{ "type": "Feature", "properties": { "population": 172.94760131835938 }, "geometry": { "type": "Point", "coordinates": [ -1.694650000024809, 53.876116666724577 ] } },
{ "type": "Feature", "properties": { "population": 256.52703857421875 }, "geometry": { "type": "Point", "coordinates": [ -1.690483333374681, 53.876116666724577 ] } },
{ "type": "Feature", "properties": { "population": 62.112747192382812 }, "geometry": { "type": "Point", "coordinates": [ -1.686316666724553, 53.876116666724577 ] } },
{ "type": "Feature", "properties": { "population": 13.997305870056152 }, "geometry": { "type": "Point", "coordinates": [ -1.682150000074425, 53.876116666724577 ] } },
{ "type": "Feature", "properties": { "population": 20.152748107910156 }, "geometry": { "type": "Point", "coordinates": [ -1.677983333424297, 53.876116666724577 ] } },
{ "type": "Feature", "properties": { "population": 12.096855163574219 }, "geometry": { "type": "Point", "coordinates": [ -1.673816666774169, 53.876116666724577 ] } },
{ "type": "Feature", "properties": { "population": 12.178657531738281 }, "geometry": { "type": "Point", "coordinates": [ -1.66965000012404, 53.876116666724577 ] } },
{ "type": "Feature", "properties": { "population": 30.636302947998047 }, "geometry": { "type": "Point", "coordinates": [ -1.665483333473912, 53.876116666724577 ] } },
{ "type": "Feature", "properties": { "population": 35.986335754394531 }, "geometry": { "type": "Point", "coordinates": [ -1.661316666823784, 53.876116666724577 ] } },
{ "type": "Feature", "properties": { "population": 12.71715259552002 }, "geometry": { "type": "Point", "coordinates": [ -1.657150000173656, 53.876116666724577 ] } },
{ "type": "Feature", "properties": { "population": 1.4082682132720947 }, "geometry": { "type": "Point", "coordinates": [ -1.652983333523528, 53.876116666724577 ] } },
{ "type": "Feature", "properties": { "population": 1.4591310024261475 }, "geometry": { "type": "Point", "coordinates": [ -1.6488166668734, 53.876116666724577 ] } },
{ "type": "Feature", "properties": { "population": 4.3598995208740234 }, "geometry": { "type": "Point", "coordinates": [ -1.644650000223272, 53.876116666724577 ] } },
{ "type": "Feature", "properties": { "population": 4.3279180526733398 }, "geometry": { "type": "Point", "coordinates": [ -1.640483333573144, 53.876116666724577 ] } },
{ "type": "Feature", "properties": { "population": 12.589041709899902 }, "geometry": { "type": "Point", "coordinates": [ -1.636316666923016, 53.876116666724577 ] } },
{ "type": "Feature", "properties": { "population": 5.4360103607177734 }, "geometry": { "type": "Point", "coordinates": [ -1.632150000272888, 53.876116666724577 ] } },
{ "type": "Feature", "properties": { "population": 8.5830440521240234 }, "geometry": { "type": "Point", "coordinates": [ -1.62798333362276, 53.876116666724577 ] } },
{ "type": "Feature", "properties": { "population": 13.388405799865723 }, "geometry": { "type": "Point", "coordinates": [ -1.623816666972632, 53.876116666724577 ] } },
{ "type": "Feature", "properties": { "population": 9.608306884765625 }, "geometry": { "type": "Point", "coordinates": [ -1.619650000322504, 53.876116666724577 ] } },
{ "type": "Feature", "properties": { "population": 47.403362274169922 }, "geometry": { "type": "Point", "coordinates": [ -1.615483333672376, 53.876116666724577 ] } },
{ "type": "Feature", "properties": { "population": 40.265892028808594 }, "geometry": { "type": "Point", "coordinates": [ -1.611316667022248, 53.876116666724577 ] } },
{ "type": "Feature", "properties": { "population": 59.581230163574219 }, "geometry": { "type": "Point", "coordinates": [ -1.60715000037212, 53.876116666724577 ] } },
{ "type": "Feature", "properties": { "population": 40.216156005859375 }, "geometry": { "type": "Point", "coordinates": [ -1.602983333721992, 53.876116666724577 ] } },
{ "type": "Feature", "properties": { "population": 34.810642242431641 }, "geometry": { "type": "Point", "coordinates": [ -1.598816667071864, 53.876116666724577 ] } },
{ "type": "Feature", "properties": { "population": 36.139102935791016 }, "geometry": { "type": "Point", "coordinates": [ -1.594650000421736, 53.876116666724577 ] } },
{ "type": "Feature", "properties": { "population": 50.011676788330078 }, "geometry": { "type": "Point", "coordinates": [ -1.590483333771608, 53.876116666724577 ] } },
{ "type": "Feature", "properties": { "population": 16.562328338623047 }, "geometry": { "type": "Point", "coordinates": [ -1.58631666712148, 53.876116666724577 ] } },
{ "type": "Feature", "properties": { "population": 0.53391468524932861 }, "geometry": { "type": "Point", "coordinates": [ -1.582150000471352, 53.876116666724577 ] } },
{ "type": "Feature", "properties": { "population": 0.36607745289802551 }, "geometry": { "type": "Point", "coordinates": [ -1.577983333821223, 53.876116666724577 ] } },
{ "type": "Feature", "properties": { "population": 1.2198662757873535 }, "geometry": { "type": "Point", "coordinates": [ -1.573816667171096, 53.876116666724577 ] } },
{ "type": "Feature", "properties": { "population": 0.91439962387084961 }, "geometry": { "type": "Point", "coordinates": [ -1.569650000520967, 53.876116666724577 ] } },
{ "type": "Feature", "properties": { "population": 1.7160428762435913 }, "geometry": { "type": "Point", "coordinates": [ -1.565483333870839, 53.876116666724577 ] } },
{ "type": "Feature", "properties": { "population": 3.908658504486084 }, "geometry": { "type": "Point", "coordinates": [ -1.561316667220711, 53.876116666724577 ] } },
{ "type": "Feature", "properties": { "population": 4.8641314506530762 }, "geometry": { "type": "Point", "coordinates": [ -1.557150000570583, 53.876116666724577 ] } },
{ "type": "Feature", "properties": { "population": 1.2270653247833252 }, "geometry": { "type": "Point", "coordinates": [ -1.552983333920455, 53.876116666724577 ] } },
{ "type": "Feature", "properties": { "population": 0.90497934818267822 }, "geometry": { "type": "Point", "coordinates": [ -1.548816667270327, 53.876116666724577 ] } },
{ "type": "Feature", "properties": { "population": 1.4131848812103271 }, "geometry": { "type": "Point", "coordinates": [ -1.544650000620199, 53.876116666724577 ] } },
{ "type": "Feature", "properties": { "population": 1.022370457649231 }, "geometry": { "type": "Point", "coordinates": [ -1.540483333970071, 53.876116666724577 ] } },
{ "type": "Feature", "properties": { "population": 5.7520084381103516 }, "geometry": { "type": "Point", "coordinates": [ -1.536316667319943, 53.876116666724577 ] } },
{ "type": "Feature", "properties": { "population": 5.5361075401306152 }, "geometry": { "type": "Point", "coordinates": [ -1.532150000669815, 53.876116666724577 ] } },
{ "type": "Feature", "properties": { "population": 2.1975898742675781 }, "geometry": { "type": "Point", "coordinates": [ -1.527983334019687, 53.876116666724577 ] } },
{ "type": "Feature", "properties": { "population": 1.8483420610427856 }, "geometry": { "type": "Point", "coordinates": [ -1.523816667369559, 53.876116666724577 ] } },
{ "type": "Feature", "properties": { "population": 1.9053773880004883 }, "geometry": { "type": "Point", "coordinates": [ -1.519650000719431, 53.876116666724577 ] } },
{ "type": "Feature", "properties": { "population": 2.875770092010498 }, "geometry": { "type": "Point", "coordinates": [ -1.515483334069303, 53.876116666724577 ] } },
{ "type": "Feature", "properties": { "population": 4.0628738403320312 }, "geometry": { "type": "Point", "coordinates": [ -1.511316667419175, 53.876116666724577 ] } },
{ "type": "Feature", "properties": { "population": 3.3986718654632568 }, "geometry": { "type": "Point", "coordinates": [ -1.507150000769047, 53.876116666724577 ] } },
{ "type": "Feature", "properties": { "population": 1.5948573350906372 }, "geometry": { "type": "Point", "coordinates": [ -1.502983334118919, 53.876116666724577 ] } },
{ "type": "Feature", "properties": { "population": 1.1588250398635864 }, "geometry": { "type": "Point", "coordinates": [ -1.498816667468791, 53.876116666724577 ] } },
{ "type": "Feature", "properties": { "population": 2.3792273998260498 }, "geometry": { "type": "Point", "coordinates": [ -1.494650000818663, 53.876116666724577 ] } },
{ "type": "Feature", "properties": { "population": 3.3614768981933594 }, "geometry": { "type": "Point", "coordinates": [ -1.490483334168535, 53.876116666724577 ] } },
{ "type": "Feature", "properties": { "population": 4.6151528358459473 }, "geometry": { "type": "Point", "coordinates": [ -1.486316667518407, 53.876116666724577 ] } },
{ "type": "Feature", "properties": { "population": 4.3597207069396973 }, "geometry": { "type": "Point", "coordinates": [ -1.482150000868279, 53.876116666724577 ] } },
{ "type": "Feature", "properties": { "population": 3.5698039531707764 }, "geometry": { "type": "Point", "coordinates": [ -1.477983334218151, 53.876116666724577 ] } },
{ "type": "Feature", "properties": { "population": 12.295987129211426 }, "geometry": { "type": "Point", "coordinates": [ -1.473816667568022, 53.876116666724577 ] } },
{ "type": "Feature", "properties": { "population": 6.3593864440917969 }, "geometry": { "type": "Point", "coordinates": [ -1.469650000917895, 53.876116666724577 ] } },
{ "type": "Feature", "properties": { "population": 5.4463200569152832 }, "geometry": { "type": "Point", "coordinates": [ -1.465483334267766, 53.876116666724577 ] } },
{ "type": "Feature", "properties": { "population": 7.2715535163879395 }, "geometry": { "type": "Point", "coordinates": [ -1.461316667617638, 53.876116666724577 ] } },
{ "type": "Feature", "properties": { "population": 10.196288108825684 }, "geometry": { "type": "Point", "coordinates": [ -1.45715000096751, 53.876116666724577 ] } },
{ "type": "Feature", "properties": { "population": 9.3722429275512695 }, "geometry": { "type": "Point", "coordinates": [ -1.452983334317382, 53.876116666724577 ] } },
{ "type": "Feature", "properties": { "population": 12.792415618896484 }, "geometry": { "type": "Point", "coordinates": [ -1.448816667667254, 53.876116666724577 ] } },
{ "type": "Feature", "properties": { "population": 30.295621871948242 }, "geometry": { "type": "Point", "coordinates": [ -1.444650001017126, 53.876116666724577 ] } },
{ "type": "Feature", "properties": { "population": 8.9388208389282227 }, "geometry": { "type": "Point", "coordinates": [ -1.440483334366998, 53.876116666724577 ] } },
{ "type": "Feature", "properties": { "population": 2.9493269920349121 }, "geometry": { "type": "Point", "coordinates": [ -1.43631666771687, 53.876116666724577 ] } },
{ "type": "Feature", "properties": { "population": 1.8802247047424316 }, "geometry": { "type": "Point", "coordinates": [ -1.432150001066742, 53.876116666724577 ] } },
{ "type": "Feature", "properties": { "population": 1.3356480598449707 }, "geometry": { "type": "Point", "coordinates": [ -1.427983334416614, 53.876116666724577 ] } },
{ "type": "Feature", "properties": { "population": 0.95170605182647705 }, "geometry": { "type": "Point", "coordinates": [ -1.423816667766486, 53.876116666724577 ] } },
{ "type": "Feature", "properties": { "population": 0.91436707973480225 }, "geometry": { "type": "Point", "coordinates": [ -1.419650001116358, 53.876116666724577 ] } },
{ "type": "Feature", "properties": { "population": 0.87684780359268188 }, "geometry": { "type": "Point", "coordinates": [ -1.41548333446623, 53.876116666724577 ] } },
{ "type": "Feature", "properties": { "population": 0.34632948040962219 }, "geometry": { "type": "Point", "coordinates": [ -1.411316667816102, 53.876116666724577 ] } },
{ "type": "Feature", "properties": { "population": 0.20020443201065063 }, "geometry": { "type": "Point", "coordinates": [ -1.407150001165974, 53.876116666724577 ] } },
{ "type": "Feature", "properties": { "population": 0.27374809980392456 }, "geometry": { "type": "Point", "coordinates": [ -1.402983334515846, 53.876116666724577 ] } },
{ "type": "Feature", "properties": { "population": 0.25527301430702209 }, "geometry": { "type": "Point", "coordinates": [ -1.398816667865718, 53.876116666724577 ] } },
{ "type": "Feature", "properties": { "population": 500.80587768554688 }, "geometry": { "type": "Point", "coordinates": [ -1.698816666674937, 53.871950000074456 ] } },
{ "type": "Feature", "properties": { "population": 489.69888305664062 }, "geometry": { "type": "Point", "coordinates": [ -1.694650000024809, 53.871950000074456 ] } },
{ "type": "Feature", "properties": { "population": 822.54083251953125 }, "geometry": { "type": "Point", "coordinates": [ -1.690483333374681, 53.871950000074456 ] } },
{ "type": "Feature", "properties": { "population": 417.06475830078125 }, "geometry": { "type": "Point", "coordinates": [ -1.686316666724553, 53.871950000074456 ] } },
{ "type": "Feature", "properties": { "population": 376.78866577148438 }, "geometry": { "type": "Point", "coordinates": [ -1.682150000074425, 53.871950000074456 ] } },
{ "type": "Feature", "properties": { "population": 310.06365966796875 }, "geometry": { "type": "Point", "coordinates": [ -1.677983333424297, 53.871950000074456 ] } },
{ "type": "Feature", "properties": { "population": 37.082435607910156 }, "geometry": { "type": "Point", "coordinates": [ -1.673816666774169, 53.871950000074456 ] } },
{ "type": "Feature", "properties": { "population": 28.473272323608398 }, "geometry": { "type": "Point", "coordinates": [ -1.66965000012404, 53.871950000074456 ] } },
{ "type": "Feature", "properties": { "population": 85.95367431640625 }, "geometry": { "type": "Point", "coordinates": [ -1.665483333473912, 53.871950000074456 ] } },
{ "type": "Feature", "properties": { "population": 37.936973571777344 }, "geometry": { "type": "Point", "coordinates": [ -1.661316666823784, 53.871950000074456 ] } },
{ "type": "Feature", "properties": { "population": 17.415046691894531 }, "geometry": { "type": "Point", "coordinates": [ -1.657150000173656, 53.871950000074456 ] } },
{ "type": "Feature", "properties": { "population": 10.434057235717773 }, "geometry": { "type": "Point", "coordinates": [ -1.652983333523528, 53.871950000074456 ] } },
{ "type": "Feature", "properties": { "population": 4.8332877159118652 }, "geometry": { "type": "Point", "coordinates": [ -1.6488166668734, 53.871950000074456 ] } },
{ "type": "Feature", "properties": { "population": 1.7701371908187866 }, "geometry": { "type": "Point", "coordinates": [ -1.644650000223272, 53.871950000074456 ] } },
{ "type": "Feature", "properties": { "population": 1.0034078359603882 }, "geometry": { "type": "Point", "coordinates": [ -1.640483333573144, 53.871950000074456 ] } },
{ "type": "Feature", "properties": { "population": 2.3441891670227051 }, "geometry": { "type": "Point", "coordinates": [ -1.636316666923016, 53.871950000074456 ] } },
{ "type": "Feature", "properties": { "population": 5.2356247901916504 }, "geometry": { "type": "Point", "coordinates": [ -1.632150000272888, 53.871950000074456 ] } },
{ "type": "Feature", "properties": { "population": 6.4163818359375 }, "geometry": { "type": "Point", "coordinates": [ -1.62798333362276, 53.871950000074456 ] } },
{ "type": "Feature", "properties": { "population": 10.87556266784668 }, "geometry": { "type": "Point", "coordinates": [ -1.623816666972632, 53.871950000074456 ] } },
{ "type": "Feature", "properties": { "population": 7.9217157363891602 }, "geometry": { "type": "Point", "coordinates": [ -1.619650000322504, 53.871950000074456 ] } },
{ "type": "Feature", "properties": { "population": 5.9304952621459961 }, "geometry": { "type": "Point", "coordinates": [ -1.615483333672376, 53.871950000074456 ] } },
{ "type": "Feature", "properties": { "population": 6.0167646408081055 }, "geometry": { "type": "Point", "coordinates": [ -1.611316667022248, 53.871950000074456 ] } },
{ "type": "Feature", "properties": { "population": 5.73687744140625 }, "geometry": { "type": "Point", "coordinates": [ -1.60715000037212, 53.871950000074456 ] } },
{ "type": "Feature", "properties": { "population": 5.8991479873657227 }, "geometry": { "type": "Point", "coordinates": [ -1.602983333721992, 53.871950000074456 ] } },
{ "type": "Feature", "properties": { "population": 50.166538238525391 }, "geometry": { "type": "Point", "coordinates": [ -1.598816667071864, 53.871950000074456 ] } },
{ "type": "Feature", "properties": { "population": 49.751811981201172 }, "geometry": { "type": "Point", "coordinates": [ -1.594650000421736, 53.871950000074456 ] } },
{ "type": "Feature", "properties": { "population": 25.955329895019531 }, "geometry": { "type": "Point", "coordinates": [ -1.590483333771608, 53.871950000074456 ] } },
{ "type": "Feature", "properties": { "population": 9.7003145217895508 }, "geometry": { "type": "Point", "coordinates": [ -1.58631666712148, 53.871950000074456 ] } },
{ "type": "Feature", "properties": { "population": 2.758913516998291 }, "geometry": { "type": "Point", "coordinates": [ -1.582150000471352, 53.871950000074456 ] } },
{ "type": "Feature", "properties": { "population": 0.9859578013420105 }, "geometry": { "type": "Point", "coordinates": [ -1.577983333821223, 53.871950000074456 ] } },
{ "type": "Feature", "properties": { "population": 2.9394307136535645 }, "geometry": { "type": "Point", "coordinates": [ -1.573816667171096, 53.871950000074456 ] } },
{ "type": "Feature", "properties": { "population": 0.69281160831451416 }, "geometry": { "type": "Point", "coordinates": [ -1.569650000520967, 53.871950000074456 ] } },
{ "type": "Feature", "properties": { "population": 0.62051099538803101 }, "geometry": { "type": "Point", "coordinates": [ -1.565483333870839, 53.871950000074456 ] } },
{ "type": "Feature", "properties": { "population": 0.72373121976852417 }, "geometry": { "type": "Point", "coordinates": [ -1.561316667220711, 53.871950000074456 ] } },
{ "type": "Feature", "properties": { "population": 0.3266909122467041 }, "geometry": { "type": "Point", "coordinates": [ -1.557150000570583, 53.871950000074456 ] } },
{ "type": "Feature", "properties": { "population": 0.30027484893798828 }, "geometry": { "type": "Point", "coordinates": [ -1.552983333920455, 53.871950000074456 ] } },
{ "type": "Feature", "properties": { "population": 0.32441455125808716 }, "geometry": { "type": "Point", "coordinates": [ -1.548816667270327, 53.871950000074456 ] } },
{ "type": "Feature", "properties": { "population": 0.43551713228225708 }, "geometry": { "type": "Point", "coordinates": [ -1.544650000620199, 53.871950000074456 ] } },
{ "type": "Feature", "properties": { "population": 0.33127179741859436 }, "geometry": { "type": "Point", "coordinates": [ -1.540483333970071, 53.871950000074456 ] } },
{ "type": "Feature", "properties": { "population": 2.0284004211425781 }, "geometry": { "type": "Point", "coordinates": [ -1.536316667319943, 53.871950000074456 ] } },
{ "type": "Feature", "properties": { "population": 7.1353392601013184 }, "geometry": { "type": "Point", "coordinates": [ -1.532150000669815, 53.871950000074456 ] } },
{ "type": "Feature", "properties": { "population": 5.6631183624267578 }, "geometry": { "type": "Point", "coordinates": [ -1.527983334019687, 53.871950000074456 ] } },
{ "type": "Feature", "properties": { "population": 5.042694091796875 }, "geometry": { "type": "Point", "coordinates": [ -1.523816667369559, 53.871950000074456 ] } },
{ "type": "Feature", "properties": { "population": 9.0034818649291992 }, "geometry": { "type": "Point", "coordinates": [ -1.519650000719431, 53.871950000074456 ] } },
{ "type": "Feature", "properties": { "population": 8.2031059265136719 }, "geometry": { "type": "Point", "coordinates": [ -1.515483334069303, 53.871950000074456 ] } },
{ "type": "Feature", "properties": { "population": 2.5386013984680176 }, "geometry": { "type": "Point", "coordinates": [ -1.511316667419175, 53.871950000074456 ] } },
{ "type": "Feature", "properties": { "population": 1.6950991153717041 }, "geometry": { "type": "Point", "coordinates": [ -1.507150000769047, 53.871950000074456 ] } },
{ "type": "Feature", "properties": { "population": 1.3424587249755859 }, "geometry": { "type": "Point", "coordinates": [ -1.502983334118919, 53.871950000074456 ] } },
{ "type": "Feature", "properties": { "population": 3.2560584545135498 }, "geometry": { "type": "Point", "coordinates": [ -1.498816667468791, 53.871950000074456 ] } },
{ "type": "Feature", "properties": { "population": 5.6577281951904297 }, "geometry": { "type": "Point", "coordinates": [ -1.494650000818663, 53.871950000074456 ] } },
{ "type": "Feature", "properties": { "population": 6.9474244117736816 }, "geometry": { "type": "Point", "coordinates": [ -1.490483334168535, 53.871950000074456 ] } },
{ "type": "Feature", "properties": { "population": 5.2260956764221191 }, "geometry": { "type": "Point", "coordinates": [ -1.486316667518407, 53.871950000074456 ] } },
{ "type": "Feature", "properties": { "population": 2.4975681304931641 }, "geometry": { "type": "Point", "coordinates": [ -1.482150000868279, 53.871950000074456 ] } },
{ "type": "Feature", "properties": { "population": 4.2584228515625 }, "geometry": { "type": "Point", "coordinates": [ -1.477983334218151, 53.871950000074456 ] } },
{ "type": "Feature", "properties": { "population": 6.8706884384155273 }, "geometry": { "type": "Point", "coordinates": [ -1.473816667568022, 53.871950000074456 ] } },
{ "type": "Feature", "properties": { "population": 24.879917144775391 }, "geometry": { "type": "Point", "coordinates": [ -1.469650000917895, 53.871950000074456 ] } },
{ "type": "Feature", "properties": { "population": 39.842029571533203 }, "geometry": { "type": "Point", "coordinates": [ -1.465483334267766, 53.871950000074456 ] } },
{ "type": "Feature", "properties": { "population": 11.634490966796875 }, "geometry": { "type": "Point", "coordinates": [ -1.461316667617638, 53.871950000074456 ] } },
{ "type": "Feature", "properties": { "population": 15.930727958679199 }, "geometry": { "type": "Point", "coordinates": [ -1.45715000096751, 53.871950000074456 ] } },
{ "type": "Feature", "properties": { "population": 59.212009429931641 }, "geometry": { "type": "Point", "coordinates": [ -1.452983334317382, 53.871950000074456 ] } },
{ "type": "Feature", "properties": { "population": 223.90760803222656 }, "geometry": { "type": "Point", "coordinates": [ -1.448816667667254, 53.871950000074456 ] } },
{ "type": "Feature", "properties": { "population": 148.42732238769531 }, "geometry": { "type": "Point", "coordinates": [ -1.444650001017126, 53.871950000074456 ] } },
{ "type": "Feature", "properties": { "population": 23.978786468505859 }, "geometry": { "type": "Point", "coordinates": [ -1.440483334366998, 53.871950000074456 ] } },
{ "type": "Feature", "properties": { "population": 7.0899143218994141 }, "geometry": { "type": "Point", "coordinates": [ -1.43631666771687, 53.871950000074456 ] } },
{ "type": "Feature", "properties": { "population": 4.1529583930969238 }, "geometry": { "type": "Point", "coordinates": [ -1.432150001066742, 53.871950000074456 ] } },
{ "type": "Feature", "properties": { "population": 2.4257843494415283 }, "geometry": { "type": "Point", "coordinates": [ -1.427983334416614, 53.871950000074456 ] } },
{ "type": "Feature", "properties": { "population": 1.6884386539459229 }, "geometry": { "type": "Point", "coordinates": [ -1.423816667766486, 53.871950000074456 ] } },
{ "type": "Feature", "properties": { "population": 1.6547993421554565 }, "geometry": { "type": "Point", "coordinates": [ -1.419650001116358, 53.871950000074456 ] } },
{ "type": "Feature", "properties": { "population": 1.8909890651702881 }, "geometry": { "type": "Point", "coordinates": [ -1.41548333446623, 53.871950000074456 ] } },
{ "type": "Feature", "properties": { "population": 3.0149908065795898 }, "geometry": { "type": "Point", "coordinates": [ -1.411316667816102, 53.871950000074456 ] } },
{ "type": "Feature", "properties": { "population": 2.6128590106964111 }, "geometry": { "type": "Point", "coordinates": [ -1.407150001165974, 53.871950000074456 ] } },
{ "type": "Feature", "properties": { "population": 2.4352598190307617 }, "geometry": { "type": "Point", "coordinates": [ -1.402983334515846, 53.871950000074456 ] } },
{ "type": "Feature", "properties": { "population": 0.74329304695129395 }, "geometry": { "type": "Point", "coordinates": [ -1.398816667865718, 53.871950000074456 ] } },
{ "type": "Feature", "properties": { "population": 300.8719482421875 }, "geometry": { "type": "Point", "coordinates": [ -1.698816666674937, 53.867783333424335 ] } },
{ "type": "Feature", "properties": { "population": 385.72088623046875 }, "geometry": { "type": "Point", "coordinates": [ -1.694650000024809, 53.867783333424335 ] } },
{ "type": "Feature", "properties": { "population": 641.802734375 }, "geometry": { "type": "Point", "coordinates": [ -1.690483333374681, 53.867783333424335 ] } },
{ "type": "Feature", "properties": { "population": 807.38848876953125 }, "geometry": { "type": "Point", "coordinates": [ -1.686316666724553, 53.867783333424335 ] } },
{ "type": "Feature", "properties": { "population": 520.3389892578125 }, "geometry": { "type": "Point", "coordinates": [ -1.682150000074425, 53.867783333424335 ] } },
{ "type": "Feature", "properties": { "population": 450.64004516601562 }, "geometry": { "type": "Point", "coordinates": [ -1.677983333424297, 53.867783333424335 ] } },
{ "type": "Feature", "properties": { "population": 179.80680847167969 }, "geometry": { "type": "Point", "coordinates": [ -1.673816666774169, 53.867783333424335 ] } },
{ "type": "Feature", "properties": { "population": 157.55722045898438 }, "geometry": { "type": "Point", "coordinates": [ -1.66965000012404, 53.867783333424335 ] } },
{ "type": "Feature", "properties": { "population": 21.358379364013672 }, "geometry": { "type": "Point", "coordinates": [ -1.665483333473912, 53.867783333424335 ] } },
{ "type": "Feature", "properties": { "population": 16.830371856689453 }, "geometry": { "type": "Point", "coordinates": [ -1.661316666823784, 53.867783333424335 ] } },
{ "type": "Feature", "properties": { "population": 15.195169448852539 }, "geometry": { "type": "Point", "coordinates": [ -1.657150000173656, 53.867783333424335 ] } },
{ "type": "Feature", "properties": { "population": 21.219892501831055 }, "geometry": { "type": "Point", "coordinates": [ -1.652983333523528, 53.867783333424335 ] } },
{ "type": "Feature", "properties": { "population": 15.352953910827637 }, "geometry": { "type": "Point", "coordinates": [ -1.6488166668734, 53.867783333424335 ] } },
{ "type": "Feature", "properties": { "population": 2.9702866077423096 }, "geometry": { "type": "Point", "coordinates": [ -1.644650000223272, 53.867783333424335 ] } },
{ "type": "Feature", "properties": { "population": 0.89703607559204102 }, "geometry": { "type": "Point", "coordinates": [ -1.640483333573144, 53.867783333424335 ] } },
{ "type": "Feature", "properties": { "population": 1.2643698453903198 }, "geometry": { "type": "Point", "coordinates": [ -1.636316666923016, 53.867783333424335 ] } },
{ "type": "Feature", "properties": { "population": 5.0785970687866211 }, "geometry": { "type": "Point", "coordinates": [ -1.632150000272888, 53.867783333424335 ] } },
{ "type": "Feature", "properties": { "population": 22.300189971923828 }, "geometry": { "type": "Point", "coordinates": [ -1.62798333362276, 53.867783333424335 ] } },
{ "type": "Feature", "properties": { "population": 21.912761688232422 }, "geometry": { "type": "Point", "coordinates": [ -1.623816666972632, 53.867783333424335 ] } },
{ "type": "Feature", "properties": { "population": 68.653793334960938 }, "geometry": { "type": "Point", "coordinates": [ -1.619650000322504, 53.867783333424335 ] } },
{ "type": "Feature", "properties": { "population": 13.957988739013672 }, "geometry": { "type": "Point", "coordinates": [ -1.615483333672376, 53.867783333424335 ] } },
{ "type": "Feature", "properties": { "population": 6.5199403762817383 }, "geometry": { "type": "Point", "coordinates": [ -1.611316667022248, 53.867783333424335 ] } },
{ "type": "Feature", "properties": { "population": 2.3570833206176758 }, "geometry": { "type": "Point", "coordinates": [ -1.60715000037212, 53.867783333424335 ] } },
{ "type": "Feature", "properties": { "population": 2.6606388092041016 }, "geometry": { "type": "Point", "coordinates": [ -1.602983333721992, 53.867783333424335 ] } },
{ "type": "Feature", "properties": { "population": 4.7792677879333496 }, "geometry": { "type": "Point", "coordinates": [ -1.598816667071864, 53.867783333424335 ] } },
{ "type": "Feature", "properties": { "population": 34.458503723144531 }, "geometry": { "type": "Point", "coordinates": [ -1.594650000421736, 53.867783333424335 ] } },
{ "type": "Feature", "properties": { "population": 11.843238830566406 }, "geometry": { "type": "Point", "coordinates": [ -1.590483333771608, 53.867783333424335 ] } },
{ "type": "Feature", "properties": { "population": 3.8770692348480225 }, "geometry": { "type": "Point", "coordinates": [ -1.58631666712148, 53.867783333424335 ] } },
{ "type": "Feature", "properties": { "population": 0.65133887529373169 }, "geometry": { "type": "Point", "coordinates": [ -1.582150000471352, 53.867783333424335 ] } },
{ "type": "Feature", "properties": { "population": 0.85253787040710449 }, "geometry": { "type": "Point", "coordinates": [ -1.577983333821223, 53.867783333424335 ] } },
{ "type": "Feature", "properties": { "population": 1.4809746742248535 }, "geometry": { "type": "Point", "coordinates": [ -1.573816667171096, 53.867783333424335 ] } },
{ "type": "Feature", "properties": { "population": 1.6653004884719849 }, "geometry": { "type": "Point", "coordinates": [ -1.569650000520967, 53.867783333424335 ] } },
{ "type": "Feature", "properties": { "population": 6.1412224769592285 }, "geometry": { "type": "Point", "coordinates": [ -1.565483333870839, 53.867783333424335 ] } },
{ "type": "Feature", "properties": { "population": 11.29655647277832 }, "geometry": { "type": "Point", "coordinates": [ -1.561316667220711, 53.867783333424335 ] } },
{ "type": "Feature", "properties": { "population": 6.4309043884277344 }, "geometry": { "type": "Point", "coordinates": [ -1.557150000570583, 53.867783333424335 ] } },
{ "type": "Feature", "properties": { "population": 4.3469839096069336 }, "geometry": { "type": "Point", "coordinates": [ -1.552983333920455, 53.867783333424335 ] } },
{ "type": "Feature", "properties": { "population": 1.3025656938552856 }, "geometry": { "type": "Point", "coordinates": [ -1.548816667270327, 53.867783333424335 ] } },
{ "type": "Feature", "properties": { "population": 2.0818929672241211 }, "geometry": { "type": "Point", "coordinates": [ -1.544650000620199, 53.867783333424335 ] } },
{ "type": "Feature", "properties": { "population": 2.3749709129333496 }, "geometry": { "type": "Point", "coordinates": [ -1.540483333970071, 53.867783333424335 ] } },
{ "type": "Feature", "properties": { "population": 2.9575762748718262 }, "geometry": { "type": "Point", "coordinates": [ -1.536316667319943, 53.867783333424335 ] } },
{ "type": "Feature", "properties": { "population": 8.178955078125 }, "geometry": { "type": "Point", "coordinates": [ -1.532150000669815, 53.867783333424335 ] } },
{ "type": "Feature", "properties": { "population": 35.411014556884766 }, "geometry": { "type": "Point", "coordinates": [ -1.527983334019687, 53.867783333424335 ] } },
{ "type": "Feature", "properties": { "population": 23.834823608398438 }, "geometry": { "type": "Point", "coordinates": [ -1.523816667369559, 53.867783333424335 ] } },
{ "type": "Feature", "properties": { "population": 44.135513305664062 }, "geometry": { "type": "Point", "coordinates": [ -1.519650000719431, 53.867783333424335 ] } },
{ "type": "Feature", "properties": { "population": 19.725814819335938 }, "geometry": { "type": "Point", "coordinates": [ -1.515483334069303, 53.867783333424335 ] } },
{ "type": "Feature", "properties": { "population": 6.6191596984863281 }, "geometry": { "type": "Point", "coordinates": [ -1.511316667419175, 53.867783333424335 ] } },
{ "type": "Feature", "properties": { "population": 4.0099611282348633 }, "geometry": { "type": "Point", "coordinates": [ -1.507150000769047, 53.867783333424335 ] } },
{ "type": "Feature", "properties": { "population": 3.6060860157012939 }, "geometry": { "type": "Point", "coordinates": [ -1.502983334118919, 53.867783333424335 ] } },
{ "type": "Feature", "properties": { "population": 5.734227180480957 }, "geometry": { "type": "Point", "coordinates": [ -1.498816667468791, 53.867783333424335 ] } },
{ "type": "Feature", "properties": { "population": 4.034846305847168 }, "geometry": { "type": "Point", "coordinates": [ -1.494650000818663, 53.867783333424335 ] } },
{ "type": "Feature", "properties": { "population": 2.224498987197876 }, "geometry": { "type": "Point", "coordinates": [ -1.490483334168535, 53.867783333424335 ] } },
{ "type": "Feature", "properties": { "population": 2.2599067687988281 }, "geometry": { "type": "Point", "coordinates": [ -1.486316667518407, 53.867783333424335 ] } },
{ "type": "Feature", "properties": { "population": 8.2934846878051758 }, "geometry": { "type": "Point", "coordinates": [ -1.482150000868279, 53.867783333424335 ] } },
{ "type": "Feature", "properties": { "population": 7.5799422264099121 }, "geometry": { "type": "Point", "coordinates": [ -1.477983334218151, 53.867783333424335 ] } },
{ "type": "Feature", "properties": { "population": 9.8426189422607422 }, "geometry": { "type": "Point", "coordinates": [ -1.473816667568022, 53.867783333424335 ] } },
{ "type": "Feature", "properties": { "population": 60.133167266845703 }, "geometry": { "type": "Point", "coordinates": [ -1.469650000917895, 53.867783333424335 ] } },
{ "type": "Feature", "properties": { "population": 162.47625732421875 }, "geometry": { "type": "Point", "coordinates": [ -1.465483334267766, 53.867783333424335 ] } },
{ "type": "Feature", "properties": { "population": 65.770683288574219 }, "geometry": { "type": "Point", "coordinates": [ -1.461316667617638, 53.867783333424335 ] } },
{ "type": "Feature", "properties": { "population": 53.787845611572266 }, "geometry": { "type": "Point", "coordinates": [ -1.45715000096751, 53.867783333424335 ] } },
{ "type": "Feature", "properties": { "population": 76.237960815429688 }, "geometry": { "type": "Point", "coordinates": [ -1.452983334317382, 53.867783333424335 ] } },
{ "type": "Feature", "properties": { "population": 83.280380249023438 }, "geometry": { "type": "Point", "coordinates": [ -1.448816667667254, 53.867783333424335 ] } },
{ "type": "Feature", "properties": { "population": 52.158039093017578 }, "geometry": { "type": "Point", "coordinates": [ -1.444650001017126, 53.867783333424335 ] } },
{ "type": "Feature", "properties": { "population": 20.942480087280273 }, "geometry": { "type": "Point", "coordinates": [ -1.440483334366998, 53.867783333424335 ] } },
{ "type": "Feature", "properties": { "population": 39.505195617675781 }, "geometry": { "type": "Point", "coordinates": [ -1.43631666771687, 53.867783333424335 ] } },
{ "type": "Feature", "properties": { "population": 17.566083908081055 }, "geometry": { "type": "Point", "coordinates": [ -1.432150001066742, 53.867783333424335 ] } },
{ "type": "Feature", "properties": { "population": 5.040827751159668 }, "geometry": { "type": "Point", "coordinates": [ -1.427983334416614, 53.867783333424335 ] } },
{ "type": "Feature", "properties": { "population": 4.9010472297668457 }, "geometry": { "type": "Point", "coordinates": [ -1.423816667766486, 53.867783333424335 ] } },
{ "type": "Feature", "properties": { "population": 5.1223907470703125 }, "geometry": { "type": "Point", "coordinates": [ -1.419650001116358, 53.867783333424335 ] } },
{ "type": "Feature", "properties": { "population": 3.7430047988891602 }, "geometry": { "type": "Point", "coordinates": [ -1.41548333446623, 53.867783333424335 ] } },
{ "type": "Feature", "properties": { "population": 4.4458932876586914 }, "geometry": { "type": "Point", "coordinates": [ -1.411316667816102, 53.867783333424335 ] } },
{ "type": "Feature", "properties": { "population": 2.4093270301818848 }, "geometry": { "type": "Point", "coordinates": [ -1.407150001165974, 53.867783333424335 ] } },
{ "type": "Feature", "properties": { "population": 1.8089087009429932 }, "geometry": { "type": "Point", "coordinates": [ -1.402983334515846, 53.867783333424335 ] } },
{ "type": "Feature", "properties": { "population": 2.7959380149841309 }, "geometry": { "type": "Point", "coordinates": [ -1.398816667865718, 53.867783333424335 ] } },
{ "type": "Feature", "properties": { "population": 655.93359375 }, "geometry": { "type": "Point", "coordinates": [ -1.698816666674937, 53.863616666774213 ] } },
{ "type": "Feature", "properties": { "population": 513.86639404296875 }, "geometry": { "type": "Point", "coordinates": [ -1.694650000024809, 53.863616666774213 ] } },
{ "type": "Feature", "properties": { "population": 493.7916259765625 }, "geometry": { "type": "Point", "coordinates": [ -1.690483333374681, 53.863616666774213 ] } },
{ "type": "Feature", "properties": { "population": 752.7449951171875 }, "geometry": { "type": "Point", "coordinates": [ -1.686316666724553, 53.863616666774213 ] } },
{ "type": "Feature", "properties": { "population": 628.62518310546875 }, "geometry": { "type": "Point", "coordinates": [ -1.682150000074425, 53.863616666774213 ] } },
{ "type": "Feature", "properties": { "population": 741.7266845703125 }, "geometry": { "type": "Point", "coordinates": [ -1.677983333424297, 53.863616666774213 ] } },
{ "type": "Feature", "properties": { "population": 493.1734619140625 }, "geometry": { "type": "Point", "coordinates": [ -1.673816666774169, 53.863616666774213 ] } },
{ "type": "Feature", "properties": { "population": 104.04697418212891 }, "geometry": { "type": "Point", "coordinates": [ -1.66965000012404, 53.863616666774213 ] } },
{ "type": "Feature", "properties": { "population": 17.428554534912109 }, "geometry": { "type": "Point", "coordinates": [ -1.665483333473912, 53.863616666774213 ] } },
{ "type": "Feature", "properties": { "population": 4.8915286064147949 }, "geometry": { "type": "Point", "coordinates": [ -1.661316666823784, 53.863616666774213 ] } },
{ "type": "Feature", "properties": { "population": 7.7514967918395996 }, "geometry": { "type": "Point", "coordinates": [ -1.657150000173656, 53.863616666774213 ] } },
{ "type": "Feature", "properties": { "population": 5.291595458984375 }, "geometry": { "type": "Point", "coordinates": [ -1.652983333523528, 53.863616666774213 ] } },
{ "type": "Feature", "properties": { "population": 1.39922034740448 }, "geometry": { "type": "Point", "coordinates": [ -1.6488166668734, 53.863616666774213 ] } },
{ "type": "Feature", "properties": { "population": 0.86955440044403076 }, "geometry": { "type": "Point", "coordinates": [ -1.644650000223272, 53.863616666774213 ] } },
{ "type": "Feature", "properties": { "population": 0.57678729295730591 }, "geometry": { "type": "Point", "coordinates": [ -1.640483333573144, 53.863616666774213 ] } },
{ "type": "Feature", "properties": { "population": 0.70677328109741211 }, "geometry": { "type": "Point", "coordinates": [ -1.636316666923016, 53.863616666774213 ] } },
{ "type": "Feature", "properties": { "population": 6.3871288299560547 }, "geometry": { "type": "Point", "coordinates": [ -1.632150000272888, 53.863616666774213 ] } },
{ "type": "Feature", "properties": { "population": 24.168376922607422 }, "geometry": { "type": "Point", "coordinates": [ -1.62798333362276, 53.863616666774213 ] } },
{ "type": "Feature", "properties": { "population": 227.43589782714844 }, "geometry": { "type": "Point", "coordinates": [ -1.623816666972632, 53.863616666774213 ] } },
{ "type": "Feature", "properties": { "population": 341.04864501953125 }, "geometry": { "type": "Point", "coordinates": [ -1.619650000322504, 53.863616666774213 ] } },
{ "type": "Feature", "properties": { "population": 137.61386108398438 }, "geometry": { "type": "Point", "coordinates": [ -1.615483333672376, 53.863616666774213 ] } },
{ "type": "Feature", "properties": { "population": 63.458473205566406 }, "geometry": { "type": "Point", "coordinates": [ -1.611316667022248, 53.863616666774213 ] } },
{ "type": "Feature", "properties": { "population": 37.451995849609375 }, "geometry": { "type": "Point", "coordinates": [ -1.60715000037212, 53.863616666774213 ] } },
{ "type": "Feature", "properties": { "population": 29.555561065673828 }, "geometry": { "type": "Point", "coordinates": [ -1.602983333721992, 53.863616666774213 ] } },
{ "type": "Feature", "properties": { "population": 9.3790807723999023 }, "geometry": { "type": "Point", "coordinates": [ -1.598816667071864, 53.863616666774213 ] } },
{ "type": "Feature", "properties": { "population": 17.858125686645508 }, "geometry": { "type": "Point", "coordinates": [ -1.594650000421736, 53.863616666774213 ] } },
{ "type": "Feature", "properties": { "population": 10.113473892211914 }, "geometry": { "type": "Point", "coordinates": [ -1.590483333771608, 53.863616666774213 ] } },
{ "type": "Feature", "properties": { "population": 5.0717363357543945 }, "geometry": { "type": "Point", "coordinates": [ -1.58631666712148, 53.863616666774213 ] } },
{ "type": "Feature", "properties": { "population": 2.8386964797973633 }, "geometry": { "type": "Point", "coordinates": [ -1.582150000471352, 53.863616666774213 ] } },
{ "type": "Feature", "properties": { "population": 0.94267994165420532 }, "geometry": { "type": "Point", "coordinates": [ -1.577983333821223, 53.863616666774213 ] } },
{ "type": "Feature", "properties": { "population": 1.783372163772583 }, "geometry": { "type": "Point", "coordinates": [ -1.573816667171096, 53.863616666774213 ] } },
{ "type": "Feature", "properties": { "population": 11.138613700866699 }, "geometry": { "type": "Point", "coordinates": [ -1.569650000520967, 53.863616666774213 ] } },
{ "type": "Feature", "properties": { "population": 141.91728210449219 }, "geometry": { "type": "Point", "coordinates": [ -1.565483333870839, 53.863616666774213 ] } },
{ "type": "Feature", "properties": { "population": 265.92318725585938 }, "geometry": { "type": "Point", "coordinates": [ -1.561316667220711, 53.863616666774213 ] } },
{ "type": "Feature", "properties": { "population": 283.15945434570312 }, "geometry": { "type": "Point", "coordinates": [ -1.557150000570583, 53.863616666774213 ] } },
{ "type": "Feature", "properties": { "population": 355.25750732421875 }, "geometry": { "type": "Point", "coordinates": [ -1.552983333920455, 53.863616666774213 ] } },
{ "type": "Feature", "properties": { "population": 211.8765869140625 }, "geometry": { "type": "Point", "coordinates": [ -1.548816667270327, 53.863616666774213 ] } },
{ "type": "Feature", "properties": { "population": 48.172920227050781 }, "geometry": { "type": "Point", "coordinates": [ -1.544650000620199, 53.863616666774213 ] } },
{ "type": "Feature", "properties": { "population": 30.792430877685547 }, "geometry": { "type": "Point", "coordinates": [ -1.540483333970071, 53.863616666774213 ] } },
{ "type": "Feature", "properties": { "population": 53.265525817871094 }, "geometry": { "type": "Point", "coordinates": [ -1.536316667319943, 53.863616666774213 ] } },
{ "type": "Feature", "properties": { "population": 69.642845153808594 }, "geometry": { "type": "Point", "coordinates": [ -1.532150000669815, 53.863616666774213 ] } },
{ "type": "Feature", "properties": { "population": 98.096763610839844 }, "geometry": { "type": "Point", "coordinates": [ -1.527983334019687, 53.863616666774213 ] } },
{ "type": "Feature", "properties": { "population": 57.981697082519531 }, "geometry": { "type": "Point", "coordinates": [ -1.523816667369559, 53.863616666774213 ] } },
{ "type": "Feature", "properties": { "population": 55.657428741455078 }, "geometry": { "type": "Point", "coordinates": [ -1.519650000719431, 53.863616666774213 ] } },
{ "type": "Feature", "properties": { "population": 19.533552169799805 }, "geometry": { "type": "Point", "coordinates": [ -1.515483334069303, 53.863616666774213 ] } },
{ "type": "Feature", "properties": { "population": 6.3210411071777344 }, "geometry": { "type": "Point", "coordinates": [ -1.511316667419175, 53.863616666774213 ] } },
{ "type": "Feature", "properties": { "population": 4.5130233764648438 }, "geometry": { "type": "Point", "coordinates": [ -1.507150000769047, 53.863616666774213 ] } },
{ "type": "Feature", "properties": { "population": 3.8929891586303711 }, "geometry": { "type": "Point", "coordinates": [ -1.502983334118919, 53.863616666774213 ] } },
{ "type": "Feature", "properties": { "population": 10.346200942993164 }, "geometry": { "type": "Point", "coordinates": [ -1.498816667468791, 53.863616666774213 ] } },
{ "type": "Feature", "properties": { "population": 4.5048046112060547 }, "geometry": { "type": "Point", "coordinates": [ -1.494650000818663, 53.863616666774213 ] } },
{ "type": "Feature", "properties": { "population": 2.9044454097747803 }, "geometry": { "type": "Point", "coordinates": [ -1.490483334168535, 53.863616666774213 ] } },
{ "type": "Feature", "properties": { "population": 2.2321979999542236 }, "geometry": { "type": "Point", "coordinates": [ -1.486316667518407, 53.863616666774213 ] } },
{ "type": "Feature", "properties": { "population": 4.5856690406799316 }, "geometry": { "type": "Point", "coordinates": [ -1.482150000868279, 53.863616666774213 ] } },
{ "type": "Feature", "properties": { "population": 9.3607521057128906 }, "geometry": { "type": "Point", "coordinates": [ -1.477983334218151, 53.863616666774213 ] } },
{ "type": "Feature", "properties": { "population": 34.570018768310547 }, "geometry": { "type": "Point", "coordinates": [ -1.473816667568022, 53.863616666774213 ] } },
{ "type": "Feature", "properties": { "population": 17.006174087524414 }, "geometry": { "type": "Point", "coordinates": [ -1.469650000917895, 53.863616666774213 ] } },
{ "type": "Feature", "properties": { "population": 12.518733024597168 }, "geometry": { "type": "Point", "coordinates": [ -1.465483334267766, 53.863616666774213 ] } },
{ "type": "Feature", "properties": { "population": 10.292140960693359 }, "geometry": { "type": "Point", "coordinates": [ -1.461316667617638, 53.863616666774213 ] } },
{ "type": "Feature", "properties": { "population": 25.022930145263672 }, "geometry": { "type": "Point", "coordinates": [ -1.45715000096751, 53.863616666774213 ] } },
{ "type": "Feature", "properties": { "population": 58.728782653808594 }, "geometry": { "type": "Point", "coordinates": [ -1.452983334317382, 53.863616666774213 ] } },
{ "type": "Feature", "properties": { "population": 18.841176986694336 }, "geometry": { "type": "Point", "coordinates": [ -1.448816667667254, 53.863616666774213 ] } },
{ "type": "Feature", "properties": { "population": 8.6363077163696289 }, "geometry": { "type": "Point", "coordinates": [ -1.444650001017126, 53.863616666774213 ] } },
{ "type": "Feature", "properties": { "population": 6.2119097709655762 }, "geometry": { "type": "Point", "coordinates": [ -1.440483334366998, 53.863616666774213 ] } },
{ "type": "Feature", "properties": { "population": 8.374567985534668 }, "geometry": { "type": "Point", "coordinates": [ -1.43631666771687, 53.863616666774213 ] } },
{ "type": "Feature", "properties": { "population": 19.618804931640625 }, "geometry": { "type": "Point", "coordinates": [ -1.432150001066742, 53.863616666774213 ] } },
{ "type": "Feature", "properties": { "population": 76.309478759765625 }, "geometry": { "type": "Point", "coordinates": [ -1.427983334416614, 53.863616666774213 ] } },
{ "type": "Feature", "properties": { "population": 51.019660949707031 }, "geometry": { "type": "Point", "coordinates": [ -1.423816667766486, 53.863616666774213 ] } },
{ "type": "Feature", "properties": { "population": 52.233318328857422 }, "geometry": { "type": "Point", "coordinates": [ -1.419650001116358, 53.863616666774213 ] } },
{ "type": "Feature", "properties": { "population": 18.872310638427734 }, "geometry": { "type": "Point", "coordinates": [ -1.41548333446623, 53.863616666774213 ] } },
{ "type": "Feature", "properties": { "population": 9.7318334579467773 }, "geometry": { "type": "Point", "coordinates": [ -1.411316667816102, 53.863616666774213 ] } },
{ "type": "Feature", "properties": { "population": 9.8029747009277344 }, "geometry": { "type": "Point", "coordinates": [ -1.407150001165974, 53.863616666774213 ] } },
{ "type": "Feature", "properties": { "population": 2.3942263126373291 }, "geometry": { "type": "Point", "coordinates": [ -1.402983334515846, 53.863616666774213 ] } },
{ "type": "Feature", "properties": { "population": 2.5567152500152588 }, "geometry": { "type": "Point", "coordinates": [ -1.398816667865718, 53.863616666774213 ] } },
{ "type": "Feature", "properties": { "population": 747.79620361328125 }, "geometry": { "type": "Point", "coordinates": [ -1.698816666674937, 53.859450000124092 ] } },
{ "type": "Feature", "properties": { "population": 212.18359375 }, "geometry": { "type": "Point", "coordinates": [ -1.694650000024809, 53.859450000124092 ] } },
{ "type": "Feature", "properties": { "population": 297.6859130859375 }, "geometry": { "type": "Point", "coordinates": [ -1.690483333374681, 53.859450000124092 ] } },
{ "type": "Feature", "properties": { "population": 402.52581787109375 }, "geometry": { "type": "Point", "coordinates": [ -1.686316666724553, 53.859450000124092 ] } },
{ "type": "Feature", "properties": { "population": 391.65603637695312 }, "geometry": { "type": "Point", "coordinates": [ -1.682150000074425, 53.859450000124092 ] } },
{ "type": "Feature", "properties": { "population": 715.28155517578125 }, "geometry": { "type": "Point", "coordinates": [ -1.677983333424297, 53.859450000124092 ] } },
{ "type": "Feature", "properties": { "population": 319.99884033203125 }, "geometry": { "type": "Point", "coordinates": [ -1.673816666774169, 53.859450000124092 ] } },
{ "type": "Feature", "properties": { "population": 22.698360443115234 }, "geometry": { "type": "Point", "coordinates": [ -1.66965000012404, 53.859450000124092 ] } },
{ "type": "Feature", "properties": { "population": 8.7752456665039062 }, "geometry": { "type": "Point", "coordinates": [ -1.665483333473912, 53.859450000124092 ] } },
{ "type": "Feature", "properties": { "population": 3.7054755687713623 }, "geometry": { "type": "Point", "coordinates": [ -1.661316666823784, 53.859450000124092 ] } },
{ "type": "Feature", "properties": { "population": 5.9699172973632812 }, "geometry": { "type": "Point", "coordinates": [ -1.657150000173656, 53.859450000124092 ] } },
{ "type": "Feature", "properties": { "population": 4.2418365478515625 }, "geometry": { "type": "Point", "coordinates": [ -1.652983333523528, 53.859450000124092 ] } },
{ "type": "Feature", "properties": { "population": 1.0134198665618896 }, "geometry": { "type": "Point", "coordinates": [ -1.6488166668734, 53.859450000124092 ] } },
{ "type": "Feature", "properties": { "population": 2.0608694553375244 }, "geometry": { "type": "Point", "coordinates": [ -1.644650000223272, 53.859450000124092 ] } },
{ "type": "Feature", "properties": { "population": 5.2192883491516113 }, "geometry": { "type": "Point", "coordinates": [ -1.640483333573144, 53.859450000124092 ] } },
{ "type": "Feature", "properties": { "population": 2.3067831993103027 }, "geometry": { "type": "Point", "coordinates": [ -1.636316666923016, 53.859450000124092 ] } },
{ "type": "Feature", "properties": { "population": 17.603927612304688 }, "geometry": { "type": "Point", "coordinates": [ -1.632150000272888, 53.859450000124092 ] } },
{ "type": "Feature", "properties": { "population": 278.1004638671875 }, "geometry": { "type": "Point", "coordinates": [ -1.62798333362276, 53.859450000124092 ] } },
{ "type": "Feature", "properties": { "population": 622.88427734375 }, "geometry": { "type": "Point", "coordinates": [ -1.623816666972632, 53.859450000124092 ] } },
{ "type": "Feature", "properties": { "population": 568.98138427734375 }, "geometry": { "type": "Point", "coordinates": [ -1.619650000322504, 53.859450000124092 ] } },
{ "type": "Feature", "properties": { "population": 510.66470336914062 }, "geometry": { "type": "Point", "coordinates": [ -1.615483333672376, 53.859450000124092 ] } },
{ "type": "Feature", "properties": { "population": 575.748291015625 }, "geometry": { "type": "Point", "coordinates": [ -1.611316667022248, 53.859450000124092 ] } },
{ "type": "Feature", "properties": { "population": 671.1331787109375 }, "geometry": { "type": "Point", "coordinates": [ -1.60715000037212, 53.859450000124092 ] } },
{ "type": "Feature", "properties": { "population": 355.2169189453125 }, "geometry": { "type": "Point", "coordinates": [ -1.602983333721992, 53.859450000124092 ] } },
{ "type": "Feature", "properties": { "population": 282.5045166015625 }, "geometry": { "type": "Point", "coordinates": [ -1.598816667071864, 53.859450000124092 ] } },
{ "type": "Feature", "properties": { "population": 332.23345947265625 }, "geometry": { "type": "Point", "coordinates": [ -1.594650000421736, 53.859450000124092 ] } },
{ "type": "Feature", "properties": { "population": 71.978446960449219 }, "geometry": { "type": "Point", "coordinates": [ -1.590483333771608, 53.859450000124092 ] } },
{ "type": "Feature", "properties": { "population": 38.155673980712891 }, "geometry": { "type": "Point", "coordinates": [ -1.58631666712148, 53.859450000124092 ] } },
{ "type": "Feature", "properties": { "population": 92.824661254882812 }, "geometry": { "type": "Point", "coordinates": [ -1.582150000471352, 53.859450000124092 ] } },
{ "type": "Feature", "properties": { "population": 60.587318420410156 }, "geometry": { "type": "Point", "coordinates": [ -1.577983333821223, 53.859450000124092 ] } },
{ "type": "Feature", "properties": { "population": 6.1734757423400879 }, "geometry": { "type": "Point", "coordinates": [ -1.573816667171096, 53.859450000124092 ] } },
{ "type": "Feature", "properties": { "population": 18.683942794799805 }, "geometry": { "type": "Point", "coordinates": [ -1.569650000520967, 53.859450000124092 ] } },
{ "type": "Feature", "properties": { "population": 130.59793090820312 }, "geometry": { "type": "Point", "coordinates": [ -1.565483333870839, 53.859450000124092 ] } },
{ "type": "Feature", "properties": { "population": 528.97869873046875 }, "geometry": { "type": "Point", "coordinates": [ -1.561316667220711, 53.859450000124092 ] } },
{ "type": "Feature", "properties": { "population": 525.03448486328125 }, "geometry": { "type": "Point", "coordinates": [ -1.557150000570583, 53.859450000124092 ] } },
{ "type": "Feature", "properties": { "population": 520.5147705078125 }, "geometry": { "type": "Point", "coordinates": [ -1.552983333920455, 53.859450000124092 ] } },
{ "type": "Feature", "properties": { "population": 101.19784545898438 }, "geometry": { "type": "Point", "coordinates": [ -1.548816667270327, 53.859450000124092 ] } },
{ "type": "Feature", "properties": { "population": 24.1195068359375 }, "geometry": { "type": "Point", "coordinates": [ -1.544650000620199, 53.859450000124092 ] } },
{ "type": "Feature", "properties": { "population": 52.963973999023438 }, "geometry": { "type": "Point", "coordinates": [ -1.540483333970071, 53.859450000124092 ] } },
{ "type": "Feature", "properties": { "population": 190.15814208984375 }, "geometry": { "type": "Point", "coordinates": [ -1.536316667319943, 53.859450000124092 ] } },
{ "type": "Feature", "properties": { "population": 236.19490051269531 }, "geometry": { "type": "Point", "coordinates": [ -1.532150000669815, 53.859450000124092 ] } },
{ "type": "Feature", "properties": { "population": 266.03274536132812 }, "geometry": { "type": "Point", "coordinates": [ -1.527983334019687, 53.859450000124092 ] } },
{ "type": "Feature", "properties": { "population": 365.74600219726562 }, "geometry": { "type": "Point", "coordinates": [ -1.523816667369559, 53.859450000124092 ] } },
{ "type": "Feature", "properties": { "population": 259.92807006835938 }, "geometry": { "type": "Point", "coordinates": [ -1.519650000719431, 53.859450000124092 ] } },
{ "type": "Feature", "properties": { "population": 169.64398193359375 }, "geometry": { "type": "Point", "coordinates": [ -1.515483334069303, 53.859450000124092 ] } },
{ "type": "Feature", "properties": { "population": 240.74270629882812 }, "geometry": { "type": "Point", "coordinates": [ -1.511316667419175, 53.859450000124092 ] } },
{ "type": "Feature", "properties": { "population": 427.68310546875 }, "geometry": { "type": "Point", "coordinates": [ -1.507150000769047, 53.859450000124092 ] } },
{ "type": "Feature", "properties": { "population": 284.98818969726562 }, "geometry": { "type": "Point", "coordinates": [ -1.502983334118919, 53.859450000124092 ] } },
{ "type": "Feature", "properties": { "population": 117.42398071289062 }, "geometry": { "type": "Point", "coordinates": [ -1.498816667468791, 53.859450000124092 ] } },
{ "type": "Feature", "properties": { "population": 11.971242904663086 }, "geometry": { "type": "Point", "coordinates": [ -1.494650000818663, 53.859450000124092 ] } },
{ "type": "Feature", "properties": { "population": 11.083277702331543 }, "geometry": { "type": "Point", "coordinates": [ -1.490483334168535, 53.859450000124092 ] } },
{ "type": "Feature", "properties": { "population": 7.58880615234375 }, "geometry": { "type": "Point", "coordinates": [ -1.486316667518407, 53.859450000124092 ] } },
{ "type": "Feature", "properties": { "population": 6.1254415512084961 }, "geometry": { "type": "Point", "coordinates": [ -1.482150000868279, 53.859450000124092 ] } },
{ "type": "Feature", "properties": { "population": 7.1462631225585938 }, "geometry": { "type": "Point", "coordinates": [ -1.477983334218151, 53.859450000124092 ] } },
{ "type": "Feature", "properties": { "population": 16.371625900268555 }, "geometry": { "type": "Point", "coordinates": [ -1.473816667568022, 53.859450000124092 ] } },
{ "type": "Feature", "properties": { "population": 46.596000671386719 }, "geometry": { "type": "Point", "coordinates": [ -1.469650000917895, 53.859450000124092 ] } },
{ "type": "Feature", "properties": { "population": 9.3586397171020508 }, "geometry": { "type": "Point", "coordinates": [ -1.465483334267766, 53.859450000124092 ] } },
{ "type": "Feature", "properties": { "population": 9.9810333251953125 }, "geometry": { "type": "Point", "coordinates": [ -1.461316667617638, 53.859450000124092 ] } },
{ "type": "Feature", "properties": { "population": 39.828681945800781 }, "geometry": { "type": "Point", "coordinates": [ -1.45715000096751, 53.859450000124092 ] } },
{ "type": "Feature", "properties": { "population": 11.80604362487793 }, "geometry": { "type": "Point", "coordinates": [ -1.452983334317382, 53.859450000124092 ] } },
{ "type": "Feature", "properties": { "population": 13.476530075073242 }, "geometry": { "type": "Point", "coordinates": [ -1.448816667667254, 53.859450000124092 ] } },
{ "type": "Feature", "properties": { "population": 16.249750137329102 }, "geometry": { "type": "Point", "coordinates": [ -1.444650001017126, 53.859450000124092 ] } },
{ "type": "Feature", "properties": { "population": 5.5792045593261719 }, "geometry": { "type": "Point", "coordinates": [ -1.440483334366998, 53.859450000124092 ] } },
{ "type": "Feature", "properties": { "population": 7.2406706809997559 }, "geometry": { "type": "Point", "coordinates": [ -1.43631666771687, 53.859450000124092 ] } },
{ "type": "Feature", "properties": { "population": 74.515708923339844 }, "geometry": { "type": "Point", "coordinates": [ -1.432150001066742, 53.859450000124092 ] } },
{ "type": "Feature", "properties": { "population": 277.68307495117188 }, "geometry": { "type": "Point", "coordinates": [ -1.427983334416614, 53.859450000124092 ] } },
{ "type": "Feature", "properties": { "population": 205.34678649902344 }, "geometry": { "type": "Point", "coordinates": [ -1.423816667766486, 53.859450000124092 ] } },
{ "type": "Feature", "properties": { "population": 161.16336059570312 }, "geometry": { "type": "Point", "coordinates": [ -1.419650001116358, 53.859450000124092 ] } },
{ "type": "Feature", "properties": { "population": 47.514141082763672 }, "geometry": { "type": "Point", "coordinates": [ -1.41548333446623, 53.859450000124092 ] } },
{ "type": "Feature", "properties": { "population": 8.6663637161254883 }, "geometry": { "type": "Point", "coordinates": [ -1.411316667816102, 53.859450000124092 ] } },
{ "type": "Feature", "properties": { "population": 5.7473049163818359 }, "geometry": { "type": "Point", "coordinates": [ -1.407150001165974, 53.859450000124092 ] } },
{ "type": "Feature", "properties": { "population": 2.3711190223693848 }, "geometry": { "type": "Point", "coordinates": [ -1.402983334515846, 53.859450000124092 ] } },
{ "type": "Feature", "properties": { "population": 1.3912925720214844 }, "geometry": { "type": "Point", "coordinates": [ -1.398816667865718, 53.859450000124092 ] } },
{ "type": "Feature", "properties": { "population": 10.007135391235352 }, "geometry": { "type": "Point", "coordinates": [ -1.698816666674937, 53.85528333347397 ] } },
{ "type": "Feature", "properties": { "population": 52.758659362792969 }, "geometry": { "type": "Point", "coordinates": [ -1.694650000024809, 53.85528333347397 ] } },
{ "type": "Feature", "properties": { "population": 378.054443359375 }, "geometry": { "type": "Point", "coordinates": [ -1.690483333374681, 53.85528333347397 ] } },
{ "type": "Feature", "properties": { "population": 378.750244140625 }, "geometry": { "type": "Point", "coordinates": [ -1.686316666724553, 53.85528333347397 ] } },
{ "type": "Feature", "properties": { "population": 498.00259399414062 }, "geometry": { "type": "Point", "coordinates": [ -1.682150000074425, 53.85528333347397 ] } },
{ "type": "Feature", "properties": { "population": 596.90533447265625 }, "geometry": { "type": "Point", "coordinates": [ -1.677983333424297, 53.85528333347397 ] } },
{ "type": "Feature", "properties": { "population": 154.28851318359375 }, "geometry": { "type": "Point", "coordinates": [ -1.673816666774169, 53.85528333347397 ] } },
{ "type": "Feature", "properties": { "population": 12.539887428283691 }, "geometry": { "type": "Point", "coordinates": [ -1.66965000012404, 53.85528333347397 ] } },
{ "type": "Feature", "properties": { "population": 5.7154827117919922 }, "geometry": { "type": "Point", "coordinates": [ -1.665483333473912, 53.85528333347397 ] } },
{ "type": "Feature", "properties": { "population": 5.0960102081298828 }, "geometry": { "type": "Point", "coordinates": [ -1.661316666823784, 53.85528333347397 ] } },
{ "type": "Feature", "properties": { "population": 5.5074763298034668 }, "geometry": { "type": "Point", "coordinates": [ -1.657150000173656, 53.85528333347397 ] } },
{ "type": "Feature", "properties": { "population": 7.735938549041748 }, "geometry": { "type": "Point", "coordinates": [ -1.652983333523528, 53.85528333347397 ] } },
{ "type": "Feature", "properties": { "population": 7.3471012115478516 }, "geometry": { "type": "Point", "coordinates": [ -1.6488166668734, 53.85528333347397 ] } },
{ "type": "Feature", "properties": { "population": 161.14895629882812 }, "geometry": { "type": "Point", "coordinates": [ -1.644650000223272, 53.85528333347397 ] } },
{ "type": "Feature", "properties": { "population": 131.98356628417969 }, "geometry": { "type": "Point", "coordinates": [ -1.640483333573144, 53.85528333347397 ] } },
{ "type": "Feature", "properties": { "population": 18.349931716918945 }, "geometry": { "type": "Point", "coordinates": [ -1.636316666923016, 53.85528333347397 ] } },
{ "type": "Feature", "properties": { "population": 34.263408660888672 }, "geometry": { "type": "Point", "coordinates": [ -1.632150000272888, 53.85528333347397 ] } },
{ "type": "Feature", "properties": { "population": 480.563232421875 }, "geometry": { "type": "Point", "coordinates": [ -1.62798333362276, 53.85528333347397 ] } },
{ "type": "Feature", "properties": { "population": 915.2200927734375 }, "geometry": { "type": "Point", "coordinates": [ -1.623816666972632, 53.85528333347397 ] } },
{ "type": "Feature", "properties": { "population": 535.3583984375 }, "geometry": { "type": "Point", "coordinates": [ -1.619650000322504, 53.85528333347397 ] } },
{ "type": "Feature", "properties": { "population": 453.79727172851562 }, "geometry": { "type": "Point", "coordinates": [ -1.615483333672376, 53.85528333347397 ] } },
{ "type": "Feature", "properties": { "population": 440.7679443359375 }, "geometry": { "type": "Point", "coordinates": [ -1.611316667022248, 53.85528333347397 ] } },
{ "type": "Feature", "properties": { "population": 317.54788208007812 }, "geometry": { "type": "Point", "coordinates": [ -1.60715000037212, 53.85528333347397 ] } },
{ "type": "Feature", "properties": { "population": 378.08712768554688 }, "geometry": { "type": "Point", "coordinates": [ -1.602983333721992, 53.85528333347397 ] } },
{ "type": "Feature", "properties": { "population": 313.4442138671875 }, "geometry": { "type": "Point", "coordinates": [ -1.598816667071864, 53.85528333347397 ] } },
{ "type": "Feature", "properties": { "population": 332.5980224609375 }, "geometry": { "type": "Point", "coordinates": [ -1.594650000421736, 53.85528333347397 ] } },
{ "type": "Feature", "properties": { "population": 291.8175048828125 }, "geometry": { "type": "Point", "coordinates": [ -1.590483333771608, 53.85528333347397 ] } },
{ "type": "Feature", "properties": { "population": 69.203788757324219 }, "geometry": { "type": "Point", "coordinates": [ -1.58631666712148, 53.85528333347397 ] } },
{ "type": "Feature", "properties": { "population": 206.2999267578125 }, "geometry": { "type": "Point", "coordinates": [ -1.582150000471352, 53.85528333347397 ] } },
{ "type": "Feature", "properties": { "population": 287.90316772460938 }, "geometry": { "type": "Point", "coordinates": [ -1.577983333821223, 53.85528333347397 ] } },
{ "type": "Feature", "properties": { "population": 94.201095581054688 }, "geometry": { "type": "Point", "coordinates": [ -1.573816667171096, 53.85528333347397 ] } },
{ "type": "Feature", "properties": { "population": 26.225214004516602 }, "geometry": { "type": "Point", "coordinates": [ -1.569650000520967, 53.85528333347397 ] } },
{ "type": "Feature", "properties": { "population": 280.04974365234375 }, "geometry": { "type": "Point", "coordinates": [ -1.565483333870839, 53.85528333347397 ] } },
{ "type": "Feature", "properties": { "population": 715.9852294921875 }, "geometry": { "type": "Point", "coordinates": [ -1.561316667220711, 53.85528333347397 ] } },
{ "type": "Feature", "properties": { "population": 450.26358032226562 }, "geometry": { "type": "Point", "coordinates": [ -1.557150000570583, 53.85528333347397 ] } },
{ "type": "Feature", "properties": { "population": 334.04058837890625 }, "geometry": { "type": "Point", "coordinates": [ -1.552983333920455, 53.85528333347397 ] } },
{ "type": "Feature", "properties": { "population": 197.60610961914062 }, "geometry": { "type": "Point", "coordinates": [ -1.548816667270327, 53.85528333347397 ] } },
{ "type": "Feature", "properties": { "population": 392.96133422851562 }, "geometry": { "type": "Point", "coordinates": [ -1.544650000620199, 53.85528333347397 ] } },
{ "type": "Feature", "properties": { "population": 510.27630615234375 }, "geometry": { "type": "Point", "coordinates": [ -1.540483333970071, 53.85528333347397 ] } },
{ "type": "Feature", "properties": { "population": 681.6046142578125 }, "geometry": { "type": "Point", "coordinates": [ -1.536316667319943, 53.85528333347397 ] } },
{ "type": "Feature", "properties": { "population": 573.66693115234375 }, "geometry": { "type": "Point", "coordinates": [ -1.532150000669815, 53.85528333347397 ] } },
{ "type": "Feature", "properties": { "population": 514.47314453125 }, "geometry": { "type": "Point", "coordinates": [ -1.527983334019687, 53.85528333347397 ] } },
{ "type": "Feature", "properties": { "population": 653.359619140625 }, "geometry": { "type": "Point", "coordinates": [ -1.523816667369559, 53.85528333347397 ] } },
{ "type": "Feature", "properties": { "population": 560.881103515625 }, "geometry": { "type": "Point", "coordinates": [ -1.519650000719431, 53.85528333347397 ] } },
{ "type": "Feature", "properties": { "population": 455.17971801757812 }, "geometry": { "type": "Point", "coordinates": [ -1.515483334069303, 53.85528333347397 ] } },
{ "type": "Feature", "properties": { "population": 495.97467041015625 }, "geometry": { "type": "Point", "coordinates": [ -1.511316667419175, 53.85528333347397 ] } },
{ "type": "Feature", "properties": { "population": 486.84222412109375 }, "geometry": { "type": "Point", "coordinates": [ -1.507150000769047, 53.85528333347397 ] } },
{ "type": "Feature", "properties": { "population": 375.77932739257812 }, "geometry": { "type": "Point", "coordinates": [ -1.502983334118919, 53.85528333347397 ] } },
{ "type": "Feature", "properties": { "population": 297.7442626953125 }, "geometry": { "type": "Point", "coordinates": [ -1.498816667468791, 53.85528333347397 ] } },
{ "type": "Feature", "properties": { "population": 36.918819427490234 }, "geometry": { "type": "Point", "coordinates": [ -1.494650000818663, 53.85528333347397 ] } },
{ "type": "Feature", "properties": { "population": 43.686527252197266 }, "geometry": { "type": "Point", "coordinates": [ -1.490483334168535, 53.85528333347397 ] } },
{ "type": "Feature", "properties": { "population": 129.80313110351562 }, "geometry": { "type": "Point", "coordinates": [ -1.486316667518407, 53.85528333347397 ] } },
{ "type": "Feature", "properties": { "population": 240.32264709472656 }, "geometry": { "type": "Point", "coordinates": [ -1.482150000868279, 53.85528333347397 ] } },
{ "type": "Feature", "properties": { "population": 265.08615112304688 }, "geometry": { "type": "Point", "coordinates": [ -1.477983334218151, 53.85528333347397 ] } },
{ "type": "Feature", "properties": { "population": 183.1527099609375 }, "geometry": { "type": "Point", "coordinates": [ -1.473816667568022, 53.85528333347397 ] } },
{ "type": "Feature", "properties": { "population": 109.40438079833984 }, "geometry": { "type": "Point", "coordinates": [ -1.469650000917895, 53.85528333347397 ] } },
{ "type": "Feature", "properties": { "population": 71.238235473632812 }, "geometry": { "type": "Point", "coordinates": [ -1.465483334267766, 53.85528333347397 ] } },
{ "type": "Feature", "properties": { "population": 8.54229736328125 }, "geometry": { "type": "Point", "coordinates": [ -1.461316667617638, 53.85528333347397 ] } },
{ "type": "Feature", "properties": { "population": 3.8199520111083984 }, "geometry": { "type": "Point", "coordinates": [ -1.45715000096751, 53.85528333347397 ] } },
{ "type": "Feature", "properties": { "population": 1.9523842334747314 }, "geometry": { "type": "Point", "coordinates": [ -1.452983334317382, 53.85528333347397 ] } },
{ "type": "Feature", "properties": { "population": 2.1238255500793457 }, "geometry": { "type": "Point", "coordinates": [ -1.448816667667254, 53.85528333347397 ] } },
{ "type": "Feature", "properties": { "population": 2.6772394180297852 }, "geometry": { "type": "Point", "coordinates": [ -1.444650001017126, 53.85528333347397 ] } },
{ "type": "Feature", "properties": { "population": 3.0408573150634766 }, "geometry": { "type": "Point", "coordinates": [ -1.440483334366998, 53.85528333347397 ] } },
{ "type": "Feature", "properties": { "population": 7.4642648696899414 }, "geometry": { "type": "Point", "coordinates": [ -1.43631666771687, 53.85528333347397 ] } },
{ "type": "Feature", "properties": { "population": 94.514678955078125 }, "geometry": { "type": "Point", "coordinates": [ -1.432150001066742, 53.85528333347397 ] } },
{ "type": "Feature", "properties": { "population": 132.16256713867188 }, "geometry": { "type": "Point", "coordinates": [ -1.427983334416614, 53.85528333347397 ] } },
{ "type": "Feature", "properties": { "population": 32.556430816650391 }, "geometry": { "type": "Point", "coordinates": [ -1.423816667766486, 53.85528333347397 ] } },
{ "type": "Feature", "properties": { "population": 16.329050064086914 }, "geometry": { "type": "Point", "coordinates": [ -1.419650001116358, 53.85528333347397 ] } },
{ "type": "Feature", "properties": { "population": 8.3008937835693359 }, "geometry": { "type": "Point", "coordinates": [ -1.41548333446623, 53.85528333347397 ] } },
{ "type": "Feature", "properties": { "population": 5.3488178253173828 }, "geometry": { "type": "Point", "coordinates": [ -1.411316667816102, 53.85528333347397 ] } },
{ "type": "Feature", "properties": { "population": 2.5853369235992432 }, "geometry": { "type": "Point", "coordinates": [ -1.407150001165974, 53.85528333347397 ] } },
{ "type": "Feature", "properties": { "population": 1.9767643213272095 }, "geometry": { "type": "Point", "coordinates": [ -1.402983334515846, 53.85528333347397 ] } },
{ "type": "Feature", "properties": { "population": 2.4366974830627441 }, "geometry": { "type": "Point", "coordinates": [ -1.398816667865718, 53.85528333347397 ] } },
{ "type": "Feature", "properties": { "population": 8.0640869140625 }, "geometry": { "type": "Point", "coordinates": [ -1.698816666674937, 53.851116666823849 ] } },
{ "type": "Feature", "properties": { "population": 93.310264587402344 }, "geometry": { "type": "Point", "coordinates": [ -1.694650000024809, 53.851116666823849 ] } },
{ "type": "Feature", "properties": { "population": 213.60539245605469 }, "geometry": { "type": "Point", "coordinates": [ -1.690483333374681, 53.851116666823849 ] } },
{ "type": "Feature", "properties": { "population": 130.89459228515625 }, "geometry": { "type": "Point", "coordinates": [ -1.686316666724553, 53.851116666823849 ] } },
{ "type": "Feature", "properties": { "population": 211.29389953613281 }, "geometry": { "type": "Point", "coordinates": [ -1.682150000074425, 53.851116666823849 ] } },
{ "type": "Feature", "properties": { "population": 397.0548095703125 }, "geometry": { "type": "Point", "coordinates": [ -1.677983333424297, 53.851116666823849 ] } },
{ "type": "Feature", "properties": { "population": 402.92794799804688 }, "geometry": { "type": "Point", "coordinates": [ -1.673816666774169, 53.851116666823849 ] } },
{ "type": "Feature", "properties": { "population": 344.77935791015625 }, "geometry": { "type": "Point", "coordinates": [ -1.66965000012404, 53.851116666823849 ] } },
{ "type": "Feature", "properties": { "population": 117.14287567138672 }, "geometry": { "type": "Point", "coordinates": [ -1.665483333473912, 53.851116666823849 ] } },
{ "type": "Feature", "properties": { "population": 88.726852416992188 }, "geometry": { "type": "Point", "coordinates": [ -1.661316666823784, 53.851116666823849 ] } },
{ "type": "Feature", "properties": { "population": 44.115882873535156 }, "geometry": { "type": "Point", "coordinates": [ -1.657150000173656, 53.851116666823849 ] } },
{ "type": "Feature", "properties": { "population": 60.428245544433594 }, "geometry": { "type": "Point", "coordinates": [ -1.652983333523528, 53.851116666823849 ] } },
{ "type": "Feature", "properties": { "population": 156.7105712890625 }, "geometry": { "type": "Point", "coordinates": [ -1.6488166668734, 53.851116666823849 ] } },
{ "type": "Feature", "properties": { "population": 155.815185546875 }, "geometry": { "type": "Point", "coordinates": [ -1.644650000223272, 53.851116666823849 ] } },
{ "type": "Feature", "properties": { "population": 240.45916748046875 }, "geometry": { "type": "Point", "coordinates": [ -1.640483333573144, 53.851116666823849 ] } },
{ "type": "Feature", "properties": { "population": 195.89910888671875 }, "geometry": { "type": "Point", "coordinates": [ -1.636316666923016, 53.851116666823849 ] } },
{ "type": "Feature", "properties": { "population": 168.84439086914062 }, "geometry": { "type": "Point", "coordinates": [ -1.632150000272888, 53.851116666823849 ] } },
{ "type": "Feature", "properties": { "population": 552.3951416015625 }, "geometry": { "type": "Point", "coordinates": [ -1.62798333362276, 53.851116666823849 ] } },
{ "type": "Feature", "properties": { "population": 629.3428955078125 }, "geometry": { "type": "Point", "coordinates": [ -1.623816666972632, 53.851116666823849 ] } },
{ "type": "Feature", "properties": { "population": 721.03369140625 }, "geometry": { "type": "Point", "coordinates": [ -1.619650000322504, 53.851116666823849 ] } },
{ "type": "Feature", "properties": { "population": 667.07305908203125 }, "geometry": { "type": "Point", "coordinates": [ -1.615483333672376, 53.851116666823849 ] } },
{ "type": "Feature", "properties": { "population": 366.01904296875 }, "geometry": { "type": "Point", "coordinates": [ -1.611316667022248, 53.851116666823849 ] } },
{ "type": "Feature", "properties": { "population": 396.70700073242188 }, "geometry": { "type": "Point", "coordinates": [ -1.60715000037212, 53.851116666823849 ] } },
{ "type": "Feature", "properties": { "population": 350.53851318359375 }, "geometry": { "type": "Point", "coordinates": [ -1.602983333721992, 53.851116666823849 ] } },
{ "type": "Feature", "properties": { "population": 352.37271118164062 }, "geometry": { "type": "Point", "coordinates": [ -1.598816667071864, 53.851116666823849 ] } },
{ "type": "Feature", "properties": { "population": 432.11395263671875 }, "geometry": { "type": "Point", "coordinates": [ -1.594650000421736, 53.851116666823849 ] } },
{ "type": "Feature", "properties": { "population": 226.2801513671875 }, "geometry": { "type": "Point", "coordinates": [ -1.590483333771608, 53.851116666823849 ] } },
{ "type": "Feature", "properties": { "population": 143.2449951171875 }, "geometry": { "type": "Point", "coordinates": [ -1.58631666712148, 53.851116666823849 ] } },
{ "type": "Feature", "properties": { "population": 371.451904296875 }, "geometry": { "type": "Point", "coordinates": [ -1.582150000471352, 53.851116666823849 ] } },
{ "type": "Feature", "properties": { "population": 317.18231201171875 }, "geometry": { "type": "Point", "coordinates": [ -1.577983333821223, 53.851116666823849 ] } },
{ "type": "Feature", "properties": { "population": 69.092727661132812 }, "geometry": { "type": "Point", "coordinates": [ -1.573816667171096, 53.851116666823849 ] } },
{ "type": "Feature", "properties": { "population": 22.735898971557617 }, "geometry": { "type": "Point", "coordinates": [ -1.569650000520967, 53.851116666823849 ] } },
{ "type": "Feature", "properties": { "population": 65.309005737304688 }, "geometry": { "type": "Point", "coordinates": [ -1.565483333870839, 53.851116666823849 ] } },
{ "type": "Feature", "properties": { "population": 444.87258911132812 }, "geometry": { "type": "Point", "coordinates": [ -1.561316667220711, 53.851116666823849 ] } },
{ "type": "Feature", "properties": { "population": 367.01004028320312 }, "geometry": { "type": "Point", "coordinates": [ -1.557150000570583, 53.851116666823849 ] } },
{ "type": "Feature", "properties": { "population": 374.55654907226562 }, "geometry": { "type": "Point", "coordinates": [ -1.552983333920455, 53.851116666823849 ] } },
{ "type": "Feature", "properties": { "population": 438.23916625976562 }, "geometry": { "type": "Point", "coordinates": [ -1.548816667270327, 53.851116666823849 ] } },
{ "type": "Feature", "properties": { "population": 542.36175537109375 }, "geometry": { "type": "Point", "coordinates": [ -1.544650000620199, 53.851116666823849 ] } },
{ "type": "Feature", "properties": { "population": 507.98077392578125 }, "geometry": { "type": "Point", "coordinates": [ -1.540483333970071, 53.851116666823849 ] } },
{ "type": "Feature", "properties": { "population": 429.1444091796875 }, "geometry": { "type": "Point", "coordinates": [ -1.536316667319943, 53.851116666823849 ] } },
{ "type": "Feature", "properties": { "population": 713.8564453125 }, "geometry": { "type": "Point", "coordinates": [ -1.532150000669815, 53.851116666823849 ] } },
{ "type": "Feature", "properties": { "population": 515.4097900390625 }, "geometry": { "type": "Point", "coordinates": [ -1.527983334019687, 53.851116666823849 ] } },
{ "type": "Feature", "properties": { "population": 616.97686767578125 }, "geometry": { "type": "Point", "coordinates": [ -1.523816667369559, 53.851116666823849 ] } },
{ "type": "Feature", "properties": { "population": 566.83221435546875 }, "geometry": { "type": "Point", "coordinates": [ -1.519650000719431, 53.851116666823849 ] } },
{ "type": "Feature", "properties": { "population": 708.45660400390625 }, "geometry": { "type": "Point", "coordinates": [ -1.515483334069303, 53.851116666823849 ] } },
{ "type": "Feature", "properties": { "population": 419.94412231445312 }, "geometry": { "type": "Point", "coordinates": [ -1.511316667419175, 53.851116666823849 ] } },
{ "type": "Feature", "properties": { "population": 138.29837036132812 }, "geometry": { "type": "Point", "coordinates": [ -1.507150000769047, 53.851116666823849 ] } },
{ "type": "Feature", "properties": { "population": 83.845947265625 }, "geometry": { "type": "Point", "coordinates": [ -1.502983334118919, 53.851116666823849 ] } },
{ "type": "Feature", "properties": { "population": 50.308818817138672 }, "geometry": { "type": "Point", "coordinates": [ -1.498816667468791, 53.851116666823849 ] } },
{ "type": "Feature", "properties": { "population": 18.873998641967773 }, "geometry": { "type": "Point", "coordinates": [ -1.494650000818663, 53.851116666823849 ] } },
{ "type": "Feature", "properties": { "population": 12.941493988037109 }, "geometry": { "type": "Point", "coordinates": [ -1.490483334168535, 53.851116666823849 ] } },
{ "type": "Feature", "properties": { "population": 12.506308555603027 }, "geometry": { "type": "Point", "coordinates": [ -1.486316667518407, 53.851116666823849 ] } },
{ "type": "Feature", "properties": { "population": 29.99311637878418 }, "geometry": { "type": "Point", "coordinates": [ -1.482150000868279, 53.851116666823849 ] } },
{ "type": "Feature", "properties": { "population": 106.28952789306641 }, "geometry": { "type": "Point", "coordinates": [ -1.477983334218151, 53.851116666823849 ] } },
{ "type": "Feature", "properties": { "population": 118.22802734375 }, "geometry": { "type": "Point", "coordinates": [ -1.473816667568022, 53.851116666823849 ] } },
{ "type": "Feature", "properties": { "population": 109.47808074951172 }, "geometry": { "type": "Point", "coordinates": [ -1.469650000917895, 53.851116666823849 ] } },
{ "type": "Feature", "properties": { "population": 42.523063659667969 }, "geometry": { "type": "Point", "coordinates": [ -1.465483334267766, 53.851116666823849 ] } },
{ "type": "Feature", "properties": { "population": 10.850076675415039 }, "geometry": { "type": "Point", "coordinates": [ -1.461316667617638, 53.851116666823849 ] } },
{ "type": "Feature", "properties": { "population": 18.091676712036133 }, "geometry": { "type": "Point", "coordinates": [ -1.45715000096751, 53.851116666823849 ] } },
{ "type": "Feature", "properties": { "population": 2.8169345855712891 }, "geometry": { "type": "Point", "coordinates": [ -1.452983334317382, 53.851116666823849 ] } },
{ "type": "Feature", "properties": { "population": 2.0177671909332275 }, "geometry": { "type": "Point", "coordinates": [ -1.448816667667254, 53.851116666823849 ] } },
{ "type": "Feature", "properties": { "population": 3.2641634941101074 }, "geometry": { "type": "Point", "coordinates": [ -1.444650001017126, 53.851116666823849 ] } },
{ "type": "Feature", "properties": { "population": 3.1012485027313232 }, "geometry": { "type": "Point", "coordinates": [ -1.440483334366998, 53.851116666823849 ] } },
{ "type": "Feature", "properties": { "population": 3.1752598285675049 }, "geometry": { "type": "Point", "coordinates": [ -1.43631666771687, 53.851116666823849 ] } },
{ "type": "Feature", "properties": { "population": 4.9463577270507812 }, "geometry": { "type": "Point", "coordinates": [ -1.432150001066742, 53.851116666823849 ] } },
{ "type": "Feature", "properties": { "population": 10.646718978881836 }, "geometry": { "type": "Point", "coordinates": [ -1.427983334416614, 53.851116666823849 ] } },
{ "type": "Feature", "properties": { "population": 13.27880859375 }, "geometry": { "type": "Point", "coordinates": [ -1.423816667766486, 53.851116666823849 ] } },
{ "type": "Feature", "properties": { "population": 13.221186637878418 }, "geometry": { "type": "Point", "coordinates": [ -1.419650001116358, 53.851116666823849 ] } },
{ "type": "Feature", "properties": { "population": 20.686611175537109 }, "geometry": { "type": "Point", "coordinates": [ -1.41548333446623, 53.851116666823849 ] } },
{ "type": "Feature", "properties": { "population": 13.603158950805664 }, "geometry": { "type": "Point", "coordinates": [ -1.411316667816102, 53.851116666823849 ] } },
{ "type": "Feature", "properties": { "population": 7.4200191497802734 }, "geometry": { "type": "Point", "coordinates": [ -1.407150001165974, 53.851116666823849 ] } },
{ "type": "Feature", "properties": { "population": 2.3933866024017334 }, "geometry": { "type": "Point", "coordinates": [ -1.402983334515846, 53.851116666823849 ] } },
{ "type": "Feature", "properties": { "population": 2.3528697490692139 }, "geometry": { "type": "Point", "coordinates": [ -1.398816667865718, 53.851116666823849 ] } },
{ "type": "Feature", "properties": { "population": 44.600799560546875 }, "geometry": { "type": "Point", "coordinates": [ -1.698816666674937, 53.846950000173727 ] } },
{ "type": "Feature", "properties": { "population": 22.079923629760742 }, "geometry": { "type": "Point", "coordinates": [ -1.694650000024809, 53.846950000173727 ] } },
{ "type": "Feature", "properties": { "population": 23.698165893554688 }, "geometry": { "type": "Point", "coordinates": [ -1.690483333374681, 53.846950000173727 ] } },
{ "type": "Feature", "properties": { "population": 17.782625198364258 }, "geometry": { "type": "Point", "coordinates": [ -1.686316666724553, 53.846950000173727 ] } },
{ "type": "Feature", "properties": { "population": 15.245002746582031 }, "geometry": { "type": "Point", "coordinates": [ -1.682150000074425, 53.846950000173727 ] } },
{ "type": "Feature", "properties": { "population": 64.653884887695312 }, "geometry": { "type": "Point", "coordinates": [ -1.677983333424297, 53.846950000173727 ] } },
{ "type": "Feature", "properties": { "population": 122.72689056396484 }, "geometry": { "type": "Point", "coordinates": [ -1.673816666774169, 53.846950000173727 ] } },
{ "type": "Feature", "properties": { "population": 284.88470458984375 }, "geometry": { "type": "Point", "coordinates": [ -1.66965000012404, 53.846950000173727 ] } },
{ "type": "Feature", "properties": { "population": 468.763427734375 }, "geometry": { "type": "Point", "coordinates": [ -1.665483333473912, 53.846950000173727 ] } },
{ "type": "Feature", "properties": { "population": 111.488037109375 }, "geometry": { "type": "Point", "coordinates": [ -1.661316666823784, 53.846950000173727 ] } },
{ "type": "Feature", "properties": { "population": 16.236417770385742 }, "geometry": { "type": "Point", "coordinates": [ -1.657150000173656, 53.846950000173727 ] } },
{ "type": "Feature", "properties": { "population": 158.75396728515625 }, "geometry": { "type": "Point", "coordinates": [ -1.652983333523528, 53.846950000173727 ] } },
{ "type": "Feature", "properties": { "population": 309.38265991210938 }, "geometry": { "type": "Point", "coordinates": [ -1.6488166668734, 53.846950000173727 ] } },
{ "type": "Feature", "properties": { "population": 109.21112060546875 }, "geometry": { "type": "Point", "coordinates": [ -1.644650000223272, 53.846950000173727 ] } },
{ "type": "Feature", "properties": { "population": 210.618896484375 }, "geometry": { "type": "Point", "coordinates": [ -1.640483333573144, 53.846950000173727 ] } },
{ "type": "Feature", "properties": { "population": 428.31500244140625 }, "geometry": { "type": "Point", "coordinates": [ -1.636316666923016, 53.846950000173727 ] } },
{ "type": "Feature", "properties": { "population": 528.93170166015625 }, "geometry": { "type": "Point", "coordinates": [ -1.632150000272888, 53.846950000173727 ] } },
{ "type": "Feature", "properties": { "population": 512.6990966796875 }, "geometry": { "type": "Point", "coordinates": [ -1.62798333362276, 53.846950000173727 ] } },
{ "type": "Feature", "properties": { "population": 727.1845703125 }, "geometry": { "type": "Point", "coordinates": [ -1.623816666972632, 53.846950000173727 ] } },
{ "type": "Feature", "properties": { "population": 658.8712158203125 }, "geometry": { "type": "Point", "coordinates": [ -1.619650000322504, 53.846950000173727 ] } },
{ "type": "Feature", "properties": { "population": 404.7239990234375 }, "geometry": { "type": "Point", "coordinates": [ -1.615483333672376, 53.846950000173727 ] } },
{ "type": "Feature", "properties": { "population": 391.381591796875 }, "geometry": { "type": "Point", "coordinates": [ -1.611316667022248, 53.846950000173727 ] } },
{ "type": "Feature", "properties": { "population": 538.5089111328125 }, "geometry": { "type": "Point", "coordinates": [ -1.60715000037212, 53.846950000173727 ] } },
{ "type": "Feature", "properties": { "population": 380.67227172851562 }, "geometry": { "type": "Point", "coordinates": [ -1.602983333721992, 53.846950000173727 ] } },
{ "type": "Feature", "properties": { "population": 81.961402893066406 }, "geometry": { "type": "Point", "coordinates": [ -1.598816667071864, 53.846950000173727 ] } },
{ "type": "Feature", "properties": { "population": 191.78811645507812 }, "geometry": { "type": "Point", "coordinates": [ -1.594650000421736, 53.846950000173727 ] } },
{ "type": "Feature", "properties": { "population": 634.423095703125 }, "geometry": { "type": "Point", "coordinates": [ -1.590483333771608, 53.846950000173727 ] } },
{ "type": "Feature", "properties": { "population": 401.39398193359375 }, "geometry": { "type": "Point", "coordinates": [ -1.58631666712148, 53.846950000173727 ] } },
{ "type": "Feature", "properties": { "population": 422.42486572265625 }, "geometry": { "type": "Point", "coordinates": [ -1.582150000471352, 53.846950000173727 ] } },
{ "type": "Feature", "properties": { "population": 348.04751586914062 }, "geometry": { "type": "Point", "coordinates": [ -1.577983333821223, 53.846950000173727 ] } },
{ "type": "Feature", "properties": { "population": 60.782497406005859 }, "geometry": { "type": "Point", "coordinates": [ -1.573816667171096, 53.846950000173727 ] } },
{ "type": "Feature", "properties": { "population": 22.313556671142578 }, "geometry": { "type": "Point", "coordinates": [ -1.569650000520967, 53.846950000173727 ] } },
{ "type": "Feature", "properties": { "population": 166.94686889648438 }, "geometry": { "type": "Point", "coordinates": [ -1.565483333870839, 53.846950000173727 ] } },
{ "type": "Feature", "properties": { "population": 672.3681640625 }, "geometry": { "type": "Point", "coordinates": [ -1.561316667220711, 53.846950000173727 ] } },
{ "type": "Feature", "properties": { "population": 555.7447509765625 }, "geometry": { "type": "Point", "coordinates": [ -1.557150000570583, 53.846950000173727 ] } },
{ "type": "Feature", "properties": { "population": 338.85708618164062 }, "geometry": { "type": "Point", "coordinates": [ -1.552983333920455, 53.846950000173727 ] } },
{ "type": "Feature", "properties": { "population": 560.93267822265625 }, "geometry": { "type": "Point", "coordinates": [ -1.548816667270327, 53.846950000173727 ] } },
{ "type": "Feature", "properties": { "population": 620.9815673828125 }, "geometry": { "type": "Point", "coordinates": [ -1.544650000620199, 53.846950000173727 ] } },
{ "type": "Feature", "properties": { "population": 657.983154296875 }, "geometry": { "type": "Point", "coordinates": [ -1.540483333970071, 53.846950000173727 ] } },
{ "type": "Feature", "properties": { "population": 550.26910400390625 }, "geometry": { "type": "Point", "coordinates": [ -1.536316667319943, 53.846950000173727 ] } },
{ "type": "Feature", "properties": { "population": 343.7596435546875 }, "geometry": { "type": "Point", "coordinates": [ -1.532150000669815, 53.846950000173727 ] } },
{ "type": "Feature", "properties": { "population": 447.13372802734375 }, "geometry": { "type": "Point", "coordinates": [ -1.527983334019687, 53.846950000173727 ] } },
{ "type": "Feature", "properties": { "population": 593.82568359375 }, "geometry": { "type": "Point", "coordinates": [ -1.523816667369559, 53.846950000173727 ] } },
{ "type": "Feature", "properties": { "population": 719.65411376953125 }, "geometry": { "type": "Point", "coordinates": [ -1.519650000719431, 53.846950000173727 ] } },
{ "type": "Feature", "properties": { "population": 694.89105224609375 }, "geometry": { "type": "Point", "coordinates": [ -1.515483334069303, 53.846950000173727 ] } },
{ "type": "Feature", "properties": { "population": 643.810546875 }, "geometry": { "type": "Point", "coordinates": [ -1.511316667419175, 53.846950000173727 ] } },
{ "type": "Feature", "properties": { "population": 646.48016357421875 }, "geometry": { "type": "Point", "coordinates": [ -1.507150000769047, 53.846950000173727 ] } },
{ "type": "Feature", "properties": { "population": 245.72239685058594 }, "geometry": { "type": "Point", "coordinates": [ -1.502983334118919, 53.846950000173727 ] } },
{ "type": "Feature", "properties": { "population": 40.413852691650391 }, "geometry": { "type": "Point", "coordinates": [ -1.498816667468791, 53.846950000173727 ] } },
{ "type": "Feature", "properties": { "population": 9.4837703704833984 }, "geometry": { "type": "Point", "coordinates": [ -1.494650000818663, 53.846950000173727 ] } },
{ "type": "Feature", "properties": { "population": 11.664175987243652 }, "geometry": { "type": "Point", "coordinates": [ -1.490483334168535, 53.846950000173727 ] } },
{ "type": "Feature", "properties": { "population": 3.728818416595459 }, "geometry": { "type": "Point", "coordinates": [ -1.486316667518407, 53.846950000173727 ] } },
{ "type": "Feature", "properties": { "population": 6.1894526481628418 }, "geometry": { "type": "Point", "coordinates": [ -1.482150000868279, 53.846950000173727 ] } },
{ "type": "Feature", "properties": { "population": 17.887931823730469 }, "geometry": { "type": "Point", "coordinates": [ -1.477983334218151, 53.846950000173727 ] } },
{ "type": "Feature", "properties": { "population": 8.9967784881591797 }, "geometry": { "type": "Point", "coordinates": [ -1.473816667568022, 53.846950000173727 ] } },
{ "type": "Feature", "properties": { "population": 18.899787902832031 }, "geometry": { "type": "Point", "coordinates": [ -1.469650000917895, 53.846950000173727 ] } },
{ "type": "Feature", "properties": { "population": 15.679080009460449 }, "geometry": { "type": "Point", "coordinates": [ -1.465483334267766, 53.846950000173727 ] } },
{ "type": "Feature", "properties": { "population": 6.188718318939209 }, "geometry": { "type": "Point", "coordinates": [ -1.461316667617638, 53.846950000173727 ] } },
{ "type": "Feature", "properties": { "population": 4.0991497039794922 }, "geometry": { "type": "Point", "coordinates": [ -1.45715000096751, 53.846950000173727 ] } },
{ "type": "Feature", "properties": { "population": 2.9945354461669922 }, "geometry": { "type": "Point", "coordinates": [ -1.452983334317382, 53.846950000173727 ] } },
{ "type": "Feature", "properties": { "population": 4.3668169975280762 }, "geometry": { "type": "Point", "coordinates": [ -1.448816667667254, 53.846950000173727 ] } },
{ "type": "Feature", "properties": { "population": 3.5211067199707031 }, "geometry": { "type": "Point", "coordinates": [ -1.444650001017126, 53.846950000173727 ] } },
{ "type": "Feature", "properties": { "population": 5.1818084716796875 }, "geometry": { "type": "Point", "coordinates": [ -1.440483334366998, 53.846950000173727 ] } },
{ "type": "Feature", "properties": { "population": 1.9860348701477051 }, "geometry": { "type": "Point", "coordinates": [ -1.43631666771687, 53.846950000173727 ] } },
{ "type": "Feature", "properties": { "population": 2.7509465217590332 }, "geometry": { "type": "Point", "coordinates": [ -1.432150001066742, 53.846950000173727 ] } },
{ "type": "Feature", "properties": { "population": 12.574862480163574 }, "geometry": { "type": "Point", "coordinates": [ -1.427983334416614, 53.846950000173727 ] } },
{ "type": "Feature", "properties": { "population": 6.1435141563415527 }, "geometry": { "type": "Point", "coordinates": [ -1.423816667766486, 53.846950000173727 ] } },
{ "type": "Feature", "properties": { "population": 13.716623306274414 }, "geometry": { "type": "Point", "coordinates": [ -1.419650001116358, 53.846950000173727 ] } },
{ "type": "Feature", "properties": { "population": 7.0068502426147461 }, "geometry": { "type": "Point", "coordinates": [ -1.41548333446623, 53.846950000173727 ] } },
{ "type": "Feature", "properties": { "population": 9.8246135711669922 }, "geometry": { "type": "Point", "coordinates": [ -1.411316667816102, 53.846950000173727 ] } },
{ "type": "Feature", "properties": { "population": 5.2236385345458984 }, "geometry": { "type": "Point", "coordinates": [ -1.407150001165974, 53.846950000173727 ] } },
{ "type": "Feature", "properties": { "population": 2.2990703582763672 }, "geometry": { "type": "Point", "coordinates": [ -1.402983334515846, 53.846950000173727 ] } },
{ "type": "Feature", "properties": { "population": 1.3316206932067871 }, "geometry": { "type": "Point", "coordinates": [ -1.398816667865718, 53.846950000173727 ] } },
{ "type": "Feature", "properties": { "population": 91.981727600097656 }, "geometry": { "type": "Point", "coordinates": [ -1.698816666674937, 53.842783333523606 ] } },
{ "type": "Feature", "properties": { "population": 48.652389526367188 }, "geometry": { "type": "Point", "coordinates": [ -1.694650000024809, 53.842783333523606 ] } },
{ "type": "Feature", "properties": { "population": 12.61707878112793 }, "geometry": { "type": "Point", "coordinates": [ -1.690483333374681, 53.842783333523606 ] } },
{ "type": "Feature", "properties": { "population": 12.978170394897461 }, "geometry": { "type": "Point", "coordinates": [ -1.686316666724553, 53.842783333523606 ] } },
{ "type": "Feature", "properties": { "population": 47.253204345703125 }, "geometry": { "type": "Point", "coordinates": [ -1.682150000074425, 53.842783333523606 ] } },
{ "type": "Feature", "properties": { "population": 109.88999938964844 }, "geometry": { "type": "Point", "coordinates": [ -1.677983333424297, 53.842783333523606 ] } },
{ "type": "Feature", "properties": { "population": 18.048023223876953 }, "geometry": { "type": "Point", "coordinates": [ -1.673816666774169, 53.842783333523606 ] } },
{ "type": "Feature", "properties": { "population": 27.918319702148438 }, "geometry": { "type": "Point", "coordinates": [ -1.66965000012404, 53.842783333523606 ] } },
{ "type": "Feature", "properties": { "population": 61.511215209960938 }, "geometry": { "type": "Point", "coordinates": [ -1.665483333473912, 53.842783333523606 ] } },
{ "type": "Feature", "properties": { "population": 26.112411499023438 }, "geometry": { "type": "Point", "coordinates": [ -1.661316666823784, 53.842783333523606 ] } },
{ "type": "Feature", "properties": { "population": 118.35320281982422 }, "geometry": { "type": "Point", "coordinates": [ -1.657150000173656, 53.842783333523606 ] } },
{ "type": "Feature", "properties": { "population": 185.2864990234375 }, "geometry": { "type": "Point", "coordinates": [ -1.652983333523528, 53.842783333523606 ] } },
{ "type": "Feature", "properties": { "population": 330.816650390625 }, "geometry": { "type": "Point", "coordinates": [ -1.6488166668734, 53.842783333523606 ] } },
{ "type": "Feature", "properties": { "population": 187.4530029296875 }, "geometry": { "type": "Point", "coordinates": [ -1.644650000223272, 53.842783333523606 ] } },
{ "type": "Feature", "properties": { "population": 316.25131225585938 }, "geometry": { "type": "Point", "coordinates": [ -1.640483333573144, 53.842783333523606 ] } },
{ "type": "Feature", "properties": { "population": 492.7607421875 }, "geometry": { "type": "Point", "coordinates": [ -1.636316666923016, 53.842783333523606 ] } },
{ "type": "Feature", "properties": { "population": 569.6708984375 }, "geometry": { "type": "Point", "coordinates": [ -1.632150000272888, 53.842783333523606 ] } },
{ "type": "Feature", "properties": { "population": 603.775390625 }, "geometry": { "type": "Point", "coordinates": [ -1.62798333362276, 53.842783333523606 ] } },
{ "type": "Feature", "properties": { "population": 317.9625244140625 }, "geometry": { "type": "Point", "coordinates": [ -1.623816666972632, 53.842783333523606 ] } },
{ "type": "Feature", "properties": { "population": 105.34368133544922 }, "geometry": { "type": "Point", "coordinates": [ -1.619650000322504, 53.842783333523606 ] } },
{ "type": "Feature", "properties": { "population": 69.474281311035156 }, "geometry": { "type": "Point", "coordinates": [ -1.615483333672376, 53.842783333523606 ] } },
{ "type": "Feature", "properties": { "population": 131.92547607421875 }, "geometry": { "type": "Point", "coordinates": [ -1.611316667022248, 53.842783333523606 ] } },
{ "type": "Feature", "properties": { "population": 426.199951171875 }, "geometry": { "type": "Point", "coordinates": [ -1.60715000037212, 53.842783333523606 ] } },
{ "type": "Feature", "properties": { "population": 500.962646484375 }, "geometry": { "type": "Point", "coordinates": [ -1.602983333721992, 53.842783333523606 ] } },
{ "type": "Feature", "properties": { "population": 437.38504028320312 }, "geometry": { "type": "Point", "coordinates": [ -1.598816667071864, 53.842783333523606 ] } },
{ "type": "Feature", "properties": { "population": 227.48974609375 }, "geometry": { "type": "Point", "coordinates": [ -1.594650000421736, 53.842783333523606 ] } },
{ "type": "Feature", "properties": { "population": 146.36068725585938 }, "geometry": { "type": "Point", "coordinates": [ -1.590483333771608, 53.842783333523606 ] } },
{ "type": "Feature", "properties": { "population": 317.5411376953125 }, "geometry": { "type": "Point", "coordinates": [ -1.58631666712148, 53.842783333523606 ] } },
{ "type": "Feature", "properties": { "population": 138.70101928710938 }, "geometry": { "type": "Point", "coordinates": [ -1.582150000471352, 53.842783333523606 ] } },
{ "type": "Feature", "properties": { "population": 56.068344116210938 }, "geometry": { "type": "Point", "coordinates": [ -1.577983333821223, 53.842783333523606 ] } },
{ "type": "Feature", "properties": { "population": 99.9747314453125 }, "geometry": { "type": "Point", "coordinates": [ -1.573816667171096, 53.842783333523606 ] } },
{ "type": "Feature", "properties": { "population": 148.57514953613281 }, "geometry": { "type": "Point", "coordinates": [ -1.569650000520967, 53.842783333523606 ] } },
{ "type": "Feature", "properties": { "population": 276.23272705078125 }, "geometry": { "type": "Point", "coordinates": [ -1.565483333870839, 53.842783333523606 ] } },
{ "type": "Feature", "properties": { "population": 332.7012939453125 }, "geometry": { "type": "Point", "coordinates": [ -1.561316667220711, 53.842783333523606 ] } },
{ "type": "Feature", "properties": { "population": 222.53662109375 }, "geometry": { "type": "Point", "coordinates": [ -1.557150000570583, 53.842783333523606 ] } },
{ "type": "Feature", "properties": { "population": 142.66325378417969 }, "geometry": { "type": "Point", "coordinates": [ -1.552983333920455, 53.842783333523606 ] } },
{ "type": "Feature", "properties": { "population": 344.53662109375 }, "geometry": { "type": "Point", "coordinates": [ -1.548816667270327, 53.842783333523606 ] } },
{ "type": "Feature", "properties": { "population": 710.775146484375 }, "geometry": { "type": "Point", "coordinates": [ -1.544650000620199, 53.842783333523606 ] } },
{ "type": "Feature", "properties": { "population": 698.139892578125 }, "geometry": { "type": "Point", "coordinates": [ -1.540483333970071, 53.842783333523606 ] } },
{ "type": "Feature", "properties": { "population": 606.14385986328125 }, "geometry": { "type": "Point", "coordinates": [ -1.536316667319943, 53.842783333523606 ] } },
{ "type": "Feature", "properties": { "population": 607.694580078125 }, "geometry": { "type": "Point", "coordinates": [ -1.532150000669815, 53.842783333523606 ] } },
{ "type": "Feature", "properties": { "population": 579.5230712890625 }, "geometry": { "type": "Point", "coordinates": [ -1.527983334019687, 53.842783333523606 ] } },
{ "type": "Feature", "properties": { "population": 580.99017333984375 }, "geometry": { "type": "Point", "coordinates": [ -1.523816667369559, 53.842783333523606 ] } },
{ "type": "Feature", "properties": { "population": 673.77020263671875 }, "geometry": { "type": "Point", "coordinates": [ -1.519650000719431, 53.842783333523606 ] } },
{ "type": "Feature", "properties": { "population": 667.59295654296875 }, "geometry": { "type": "Point", "coordinates": [ -1.515483334069303, 53.842783333523606 ] } },
{ "type": "Feature", "properties": { "population": 708.64984130859375 }, "geometry": { "type": "Point", "coordinates": [ -1.511316667419175, 53.842783333523606 ] } },
{ "type": "Feature", "properties": { "population": 653.77459716796875 }, "geometry": { "type": "Point", "coordinates": [ -1.507150000769047, 53.842783333523606 ] } },
{ "type": "Feature", "properties": { "population": 201.76113891601562 }, "geometry": { "type": "Point", "coordinates": [ -1.502983334118919, 53.842783333523606 ] } },
{ "type": "Feature", "properties": { "population": 14.844898223876953 }, "geometry": { "type": "Point", "coordinates": [ -1.498816667468791, 53.842783333523606 ] } },
{ "type": "Feature", "properties": { "population": 7.5993471145629883 }, "geometry": { "type": "Point", "coordinates": [ -1.494650000818663, 53.842783333523606 ] } },
{ "type": "Feature", "properties": { "population": 11.084823608398438 }, "geometry": { "type": "Point", "coordinates": [ -1.490483334168535, 53.842783333523606 ] } },
{ "type": "Feature", "properties": { "population": 5.9387426376342773 }, "geometry": { "type": "Point", "coordinates": [ -1.486316667518407, 53.842783333523606 ] } },
{ "type": "Feature", "properties": { "population": 22.064943313598633 }, "geometry": { "type": "Point", "coordinates": [ -1.482150000868279, 53.842783333523606 ] } },
{ "type": "Feature", "properties": { "population": 106.63543701171875 }, "geometry": { "type": "Point", "coordinates": [ -1.477983334218151, 53.842783333523606 ] } },
{ "type": "Feature", "properties": { "population": 60.803943634033203 }, "geometry": { "type": "Point", "coordinates": [ -1.473816667568022, 53.842783333523606 ] } },
{ "type": "Feature", "properties": { "population": 83.091156005859375 }, "geometry": { "type": "Point", "coordinates": [ -1.469650000917895, 53.842783333523606 ] } },
{ "type": "Feature", "properties": { "population": 57.030097961425781 }, "geometry": { "type": "Point", "coordinates": [ -1.465483334267766, 53.842783333523606 ] } },
{ "type": "Feature", "properties": { "population": 32.917488098144531 }, "geometry": { "type": "Point", "coordinates": [ -1.461316667617638, 53.842783333523606 ] } },
{ "type": "Feature", "properties": { "population": 10.289510726928711 }, "geometry": { "type": "Point", "coordinates": [ -1.45715000096751, 53.842783333523606 ] } },
{ "type": "Feature", "properties": { "population": 5.4471988677978516 }, "geometry": { "type": "Point", "coordinates": [ -1.452983334317382, 53.842783333523606 ] } },
{ "type": "Feature", "properties": { "population": 7.3765969276428223 }, "geometry": { "type": "Point", "coordinates": [ -1.448816667667254, 53.842783333523606 ] } },
{ "type": "Feature", "properties": { "population": 2.9174933433532715 }, "geometry": { "type": "Point", "coordinates": [ -1.444650001017126, 53.842783333523606 ] } },
{ "type": "Feature", "properties": { "population": 8.6512393951416016 }, "geometry": { "type": "Point", "coordinates": [ -1.440483334366998, 53.842783333523606 ] } },
{ "type": "Feature", "properties": { "population": 2.8137543201446533 }, "geometry": { "type": "Point", "coordinates": [ -1.43631666771687, 53.842783333523606 ] } },
{ "type": "Feature", "properties": { "population": 3.9066038131713867 }, "geometry": { "type": "Point", "coordinates": [ -1.432150001066742, 53.842783333523606 ] } },
{ "type": "Feature", "properties": { "population": 8.8588657379150391 }, "geometry": { "type": "Point", "coordinates": [ -1.427983334416614, 53.842783333523606 ] } },
{ "type": "Feature", "properties": { "population": 24.095088958740234 }, "geometry": { "type": "Point", "coordinates": [ -1.423816667766486, 53.842783333523606 ] } },
{ "type": "Feature", "properties": { "population": 17.213319778442383 }, "geometry": { "type": "Point", "coordinates": [ -1.419650001116358, 53.842783333523606 ] } },
{ "type": "Feature", "properties": { "population": 14.859360694885254 }, "geometry": { "type": "Point", "coordinates": [ -1.41548333446623, 53.842783333523606 ] } },
{ "type": "Feature", "properties": { "population": 3.2259750366210938 }, "geometry": { "type": "Point", "coordinates": [ -1.411316667816102, 53.842783333523606 ] } },
{ "type": "Feature", "properties": { "population": 1.5260663032531738 }, "geometry": { "type": "Point", "coordinates": [ -1.407150001165974, 53.842783333523606 ] } },
{ "type": "Feature", "properties": { "population": 2.3239667415618896 }, "geometry": { "type": "Point", "coordinates": [ -1.402983334515846, 53.842783333523606 ] } },
{ "type": "Feature", "properties": { "population": 3.1378319263458252 }, "geometry": { "type": "Point", "coordinates": [ -1.398816667865718, 53.842783333523606 ] } },
{ "type": "Feature", "properties": { "population": 26.965385437011719 }, "geometry": { "type": "Point", "coordinates": [ -1.698816666674937, 53.838616666873484 ] } },
{ "type": "Feature", "properties": { "population": 13.65737247467041 }, "geometry": { "type": "Point", "coordinates": [ -1.694650000024809, 53.838616666873484 ] } },
{ "type": "Feature", "properties": { "population": 2.8677773475646973 }, "geometry": { "type": "Point", "coordinates": [ -1.690483333374681, 53.838616666873484 ] } },
{ "type": "Feature", "properties": { "population": 3.6006755828857422 }, "geometry": { "type": "Point", "coordinates": [ -1.686316666724553, 53.838616666873484 ] } },
{ "type": "Feature", "properties": { "population": 11.514224052429199 }, "geometry": { "type": "Point", "coordinates": [ -1.682150000074425, 53.838616666873484 ] } },
{ "type": "Feature", "properties": { "population": 27.340482711791992 }, "geometry": { "type": "Point", "coordinates": [ -1.677983333424297, 53.838616666873484 ] } },
{ "type": "Feature", "properties": { "population": 22.018413543701172 }, "geometry": { "type": "Point", "coordinates": [ -1.673816666774169, 53.838616666873484 ] } },
{ "type": "Feature", "properties": { "population": 12.538368225097656 }, "geometry": { "type": "Point", "coordinates": [ -1.66965000012404, 53.838616666873484 ] } },
{ "type": "Feature", "properties": { "population": 18.870445251464844 }, "geometry": { "type": "Point", "coordinates": [ -1.665483333473912, 53.838616666873484 ] } },
{ "type": "Feature", "properties": { "population": 36.84173583984375 }, "geometry": { "type": "Point", "coordinates": [ -1.661316666823784, 53.838616666873484 ] } },
{ "type": "Feature", "properties": { "population": 225.53157043457031 }, "geometry": { "type": "Point", "coordinates": [ -1.657150000173656, 53.838616666873484 ] } },
{ "type": "Feature", "properties": { "population": 349.812744140625 }, "geometry": { "type": "Point", "coordinates": [ -1.652983333523528, 53.838616666873484 ] } },
{ "type": "Feature", "properties": { "population": 360.79412841796875 }, "geometry": { "type": "Point", "coordinates": [ -1.6488166668734, 53.838616666873484 ] } },
{ "type": "Feature", "properties": { "population": 457.30450439453125 }, "geometry": { "type": "Point", "coordinates": [ -1.644650000223272, 53.838616666873484 ] } },
{ "type": "Feature", "properties": { "population": 438.24493408203125 }, "geometry": { "type": "Point", "coordinates": [ -1.640483333573144, 53.838616666873484 ] } },
{ "type": "Feature", "properties": { "population": 643.6514892578125 }, "geometry": { "type": "Point", "coordinates": [ -1.636316666923016, 53.838616666873484 ] } },
{ "type": "Feature", "properties": { "population": 718.85186767578125 }, "geometry": { "type": "Point", "coordinates": [ -1.632150000272888, 53.838616666873484 ] } },
{ "type": "Feature", "properties": { "population": 842.3162841796875 }, "geometry": { "type": "Point", "coordinates": [ -1.62798333362276, 53.838616666873484 ] } },
{ "type": "Feature", "properties": { "population": 917.556396484375 }, "geometry": { "type": "Point", "coordinates": [ -1.623816666972632, 53.838616666873484 ] } },
{ "type": "Feature", "properties": { "population": 362.061767578125 }, "geometry": { "type": "Point", "coordinates": [ -1.619650000322504, 53.838616666873484 ] } },
{ "type": "Feature", "properties": { "population": 66.4185791015625 }, "geometry": { "type": "Point", "coordinates": [ -1.615483333672376, 53.838616666873484 ] } },
{ "type": "Feature", "properties": { "population": 263.8748779296875 }, "geometry": { "type": "Point", "coordinates": [ -1.611316667022248, 53.838616666873484 ] } },
{ "type": "Feature", "properties": { "population": 438.07763671875 }, "geometry": { "type": "Point", "coordinates": [ -1.60715000037212, 53.838616666873484 ] } },
{ "type": "Feature", "properties": { "population": 584.5006103515625 }, "geometry": { "type": "Point", "coordinates": [ -1.602983333721992, 53.838616666873484 ] } },
{ "type": "Feature", "properties": { "population": 407.38186645507812 }, "geometry": { "type": "Point", "coordinates": [ -1.598816667071864, 53.838616666873484 ] } },
{ "type": "Feature", "properties": { "population": 238.81890869140625 }, "geometry": { "type": "Point", "coordinates": [ -1.594650000421736, 53.838616666873484 ] } },
{ "type": "Feature", "properties": { "population": 106.0672607421875 }, "geometry": { "type": "Point", "coordinates": [ -1.590483333771608, 53.838616666873484 ] } },
{ "type": "Feature", "properties": { "population": 194.03007507324219 }, "geometry": { "type": "Point", "coordinates": [ -1.58631666712148, 53.838616666873484 ] } },
{ "type": "Feature", "properties": { "population": 122.88924407958984 }, "geometry": { "type": "Point", "coordinates": [ -1.582150000471352, 53.838616666873484 ] } },
{ "type": "Feature", "properties": { "population": 55.311428070068359 }, "geometry": { "type": "Point", "coordinates": [ -1.577983333821223, 53.838616666873484 ] } },
{ "type": "Feature", "properties": { "population": 111.38310241699219 }, "geometry": { "type": "Point", "coordinates": [ -1.573816667171096, 53.838616666873484 ] } },
{ "type": "Feature", "properties": { "population": 408.541748046875 }, "geometry": { "type": "Point", "coordinates": [ -1.569650000520967, 53.838616666873484 ] } },
{ "type": "Feature", "properties": { "population": 592.18756103515625 }, "geometry": { "type": "Point", "coordinates": [ -1.565483333870839, 53.838616666873484 ] } },
{ "type": "Feature", "properties": { "population": 341.35507202148438 }, "geometry": { "type": "Point", "coordinates": [ -1.561316667220711, 53.838616666873484 ] } },
{ "type": "Feature", "properties": { "population": 426.86431884765625 }, "geometry": { "type": "Point", "coordinates": [ -1.557150000570583, 53.838616666873484 ] } },
{ "type": "Feature", "properties": { "population": 376.99972534179688 }, "geometry": { "type": "Point", "coordinates": [ -1.552983333920455, 53.838616666873484 ] } },
{ "type": "Feature", "properties": { "population": 838.0186767578125 }, "geometry": { "type": "Point", "coordinates": [ -1.548816667270327, 53.838616666873484 ] } },
{ "type": "Feature", "properties": { "population": 754.461669921875 }, "geometry": { "type": "Point", "coordinates": [ -1.544650000620199, 53.838616666873484 ] } },
{ "type": "Feature", "properties": { "population": 633.063720703125 }, "geometry": { "type": "Point", "coordinates": [ -1.540483333970071, 53.838616666873484 ] } },
{ "type": "Feature", "properties": { "population": 816.8197021484375 }, "geometry": { "type": "Point", "coordinates": [ -1.536316667319943, 53.838616666873484 ] } },
{ "type": "Feature", "properties": { "population": 793.00933837890625 }, "geometry": { "type": "Point", "coordinates": [ -1.532150000669815, 53.838616666873484 ] } },
{ "type": "Feature", "properties": { "population": 752.742919921875 }, "geometry": { "type": "Point", "coordinates": [ -1.527983334019687, 53.838616666873484 ] } },
{ "type": "Feature", "properties": { "population": 531.369384765625 }, "geometry": { "type": "Point", "coordinates": [ -1.523816667369559, 53.838616666873484 ] } },
{ "type": "Feature", "properties": { "population": 328.13592529296875 }, "geometry": { "type": "Point", "coordinates": [ -1.519650000719431, 53.838616666873484 ] } },
{ "type": "Feature", "properties": { "population": 524.804443359375 }, "geometry": { "type": "Point", "coordinates": [ -1.515483334069303, 53.838616666873484 ] } },
{ "type": "Feature", "properties": { "population": 330.862548828125 }, "geometry": { "type": "Point", "coordinates": [ -1.511316667419175, 53.838616666873484 ] } },
{ "type": "Feature", "properties": { "population": 226.06028747558594 }, "geometry": { "type": "Point", "coordinates": [ -1.507150000769047, 53.838616666873484 ] } },
{ "type": "Feature", "properties": { "population": 67.960617065429688 }, "geometry": { "type": "Point", "coordinates": [ -1.502983334118919, 53.838616666873484 ] } },
{ "type": "Feature", "properties": { "population": 9.6433258056640625 }, "geometry": { "type": "Point", "coordinates": [ -1.498816667468791, 53.838616666873484 ] } },
{ "type": "Feature", "properties": { "population": 5.8319611549377441 }, "geometry": { "type": "Point", "coordinates": [ -1.494650000818663, 53.838616666873484 ] } },
{ "type": "Feature", "properties": { "population": 8.0172443389892578 }, "geometry": { "type": "Point", "coordinates": [ -1.490483334168535, 53.838616666873484 ] } },
{ "type": "Feature", "properties": { "population": 9.0932884216308594 }, "geometry": { "type": "Point", "coordinates": [ -1.486316667518407, 53.838616666873484 ] } },
{ "type": "Feature", "properties": { "population": 6.0041408538818359 }, "geometry": { "type": "Point", "coordinates": [ -1.482150000868279, 53.838616666873484 ] } },
{ "type": "Feature", "properties": { "population": 62.870353698730469 }, "geometry": { "type": "Point", "coordinates": [ -1.477983334218151, 53.838616666873484 ] } },
{ "type": "Feature", "properties": { "population": 301.18023681640625 }, "geometry": { "type": "Point", "coordinates": [ -1.473816667568022, 53.838616666873484 ] } },
{ "type": "Feature", "properties": { "population": 562.209228515625 }, "geometry": { "type": "Point", "coordinates": [ -1.469650000917895, 53.838616666873484 ] } },
{ "type": "Feature", "properties": { "population": 706.0166015625 }, "geometry": { "type": "Point", "coordinates": [ -1.465483334267766, 53.838616666873484 ] } },
{ "type": "Feature", "properties": { "population": 749.693115234375 }, "geometry": { "type": "Point", "coordinates": [ -1.461316667617638, 53.838616666873484 ] } },
{ "type": "Feature", "properties": { "population": 279.2152099609375 }, "geometry": { "type": "Point", "coordinates": [ -1.45715000096751, 53.838616666873484 ] } },
{ "type": "Feature", "properties": { "population": 246.18325805664062 }, "geometry": { "type": "Point", "coordinates": [ -1.452983334317382, 53.838616666873484 ] } },
{ "type": "Feature", "properties": { "population": 122.31501007080078 }, "geometry": { "type": "Point", "coordinates": [ -1.448816667667254, 53.838616666873484 ] } },
{ "type": "Feature", "properties": { "population": 12.307771682739258 }, "geometry": { "type": "Point", "coordinates": [ -1.444650001017126, 53.838616666873484 ] } },
{ "type": "Feature", "properties": { "population": 1.9574158191680908 }, "geometry": { "type": "Point", "coordinates": [ -1.440483334366998, 53.838616666873484 ] } },
{ "type": "Feature", "properties": { "population": 5.5904731750488281 }, "geometry": { "type": "Point", "coordinates": [ -1.43631666771687, 53.838616666873484 ] } },
{ "type": "Feature", "properties": { "population": 17.498687744140625 }, "geometry": { "type": "Point", "coordinates": [ -1.432150001066742, 53.838616666873484 ] } },
{ "type": "Feature", "properties": { "population": 52.45819091796875 }, "geometry": { "type": "Point", "coordinates": [ -1.427983334416614, 53.838616666873484 ] } },
{ "type": "Feature", "properties": { "population": 21.109487533569336 }, "geometry": { "type": "Point", "coordinates": [ -1.423816667766486, 53.838616666873484 ] } },
{ "type": "Feature", "properties": { "population": 4.2969026565551758 }, "geometry": { "type": "Point", "coordinates": [ -1.419650001116358, 53.838616666873484 ] } },
{ "type": "Feature", "properties": { "population": 7.9141988754272461 }, "geometry": { "type": "Point", "coordinates": [ -1.41548333446623, 53.838616666873484 ] } },
{ "type": "Feature", "properties": { "population": 2.4998974800109863 }, "geometry": { "type": "Point", "coordinates": [ -1.411316667816102, 53.838616666873484 ] } },
{ "type": "Feature", "properties": { "population": 2.6234362125396729 }, "geometry": { "type": "Point", "coordinates": [ -1.407150001165974, 53.838616666873484 ] } },
{ "type": "Feature", "properties": { "population": 2.841331958770752 }, "geometry": { "type": "Point", "coordinates": [ -1.402983334515846, 53.838616666873484 ] } },
{ "type": "Feature", "properties": { "population": 5.0638942718505859 }, "geometry": { "type": "Point", "coordinates": [ -1.398816667865718, 53.838616666873484 ] } },
{ "type": "Feature", "properties": { "population": 15.356450080871582 }, "geometry": { "type": "Point", "coordinates": [ -1.698816666674937, 53.834450000223363 ] } },
{ "type": "Feature", "properties": { "population": 20.728122711181641 }, "geometry": { "type": "Point", "coordinates": [ -1.694650000024809, 53.834450000223363 ] } },
{ "type": "Feature", "properties": { "population": 16.523237228393555 }, "geometry": { "type": "Point", "coordinates": [ -1.690483333374681, 53.834450000223363 ] } },
{ "type": "Feature", "properties": { "population": 8.3961954116821289 }, "geometry": { "type": "Point", "coordinates": [ -1.686316666724553, 53.834450000223363 ] } },
{ "type": "Feature", "properties": { "population": 4.6789183616638184 }, "geometry": { "type": "Point", "coordinates": [ -1.682150000074425, 53.834450000223363 ] } },
{ "type": "Feature", "properties": { "population": 3.8881528377532959 }, "geometry": { "type": "Point", "coordinates": [ -1.677983333424297, 53.834450000223363 ] } },
{ "type": "Feature", "properties": { "population": 22.228805541992188 }, "geometry": { "type": "Point", "coordinates": [ -1.673816666774169, 53.834450000223363 ] } },
{ "type": "Feature", "properties": { "population": 84.569221496582031 }, "geometry": { "type": "Point", "coordinates": [ -1.66965000012404, 53.834450000223363 ] } },
{ "type": "Feature", "properties": { "population": 91.16748046875 }, "geometry": { "type": "Point", "coordinates": [ -1.665483333473912, 53.834450000223363 ] } },
{ "type": "Feature", "properties": { "population": 31.158435821533203 }, "geometry": { "type": "Point", "coordinates": [ -1.661316666823784, 53.834450000223363 ] } },
{ "type": "Feature", "properties": { "population": 30.161863327026367 }, "geometry": { "type": "Point", "coordinates": [ -1.657150000173656, 53.834450000223363 ] } },
{ "type": "Feature", "properties": { "population": 121.29843902587891 }, "geometry": { "type": "Point", "coordinates": [ -1.652983333523528, 53.834450000223363 ] } },
{ "type": "Feature", "properties": { "population": 345.428466796875 }, "geometry": { "type": "Point", "coordinates": [ -1.6488166668734, 53.834450000223363 ] } },
{ "type": "Feature", "properties": { "population": 560.38580322265625 }, "geometry": { "type": "Point", "coordinates": [ -1.644650000223272, 53.834450000223363 ] } },
{ "type": "Feature", "properties": { "population": 674.02838134765625 }, "geometry": { "type": "Point", "coordinates": [ -1.640483333573144, 53.834450000223363 ] } },
{ "type": "Feature", "properties": { "population": 698.49078369140625 }, "geometry": { "type": "Point", "coordinates": [ -1.636316666923016, 53.834450000223363 ] } },
{ "type": "Feature", "properties": { "population": 458.60556030273438 }, "geometry": { "type": "Point", "coordinates": [ -1.632150000272888, 53.834450000223363 ] } },
{ "type": "Feature", "properties": { "population": 537.62664794921875 }, "geometry": { "type": "Point", "coordinates": [ -1.62798333362276, 53.834450000223363 ] } },
{ "type": "Feature", "properties": { "population": 343.274658203125 }, "geometry": { "type": "Point", "coordinates": [ -1.623816666972632, 53.834450000223363 ] } },
{ "type": "Feature", "properties": { "population": 531.8675537109375 }, "geometry": { "type": "Point", "coordinates": [ -1.619650000322504, 53.834450000223363 ] } },
{ "type": "Feature", "properties": { "population": 228.50904846191406 }, "geometry": { "type": "Point", "coordinates": [ -1.615483333672376, 53.834450000223363 ] } },
{ "type": "Feature", "properties": { "population": 233.82284545898438 }, "geometry": { "type": "Point", "coordinates": [ -1.611316667022248, 53.834450000223363 ] } },
{ "type": "Feature", "properties": { "population": 696.012451171875 }, "geometry": { "type": "Point", "coordinates": [ -1.60715000037212, 53.834450000223363 ] } },
{ "type": "Feature", "properties": { "population": 489.1495361328125 }, "geometry": { "type": "Point", "coordinates": [ -1.602983333721992, 53.834450000223363 ] } },
{ "type": "Feature", "properties": { "population": 328.9141845703125 }, "geometry": { "type": "Point", "coordinates": [ -1.598816667071864, 53.834450000223363 ] } },
{ "type": "Feature", "properties": { "population": 298.368896484375 }, "geometry": { "type": "Point", "coordinates": [ -1.594650000421736, 53.834450000223363 ] } },
{ "type": "Feature", "properties": { "population": 239.35140991210938 }, "geometry": { "type": "Point", "coordinates": [ -1.590483333771608, 53.834450000223363 ] } },
{ "type": "Feature", "properties": { "population": 218.90591430664062 }, "geometry": { "type": "Point", "coordinates": [ -1.58631666712148, 53.834450000223363 ] } },
{ "type": "Feature", "properties": { "population": 158.25955200195312 }, "geometry": { "type": "Point", "coordinates": [ -1.582150000471352, 53.834450000223363 ] } },
{ "type": "Feature", "properties": { "population": 56.151756286621094 }, "geometry": { "type": "Point", "coordinates": [ -1.577983333821223, 53.834450000223363 ] } },
{ "type": "Feature", "properties": { "population": 181.26609802246094 }, "geometry": { "type": "Point", "coordinates": [ -1.573816667171096, 53.834450000223363 ] } },
{ "type": "Feature", "properties": { "population": 633.8387451171875 }, "geometry": { "type": "Point", "coordinates": [ -1.569650000520967, 53.834450000223363 ] } },
{ "type": "Feature", "properties": { "population": 709.84881591796875 }, "geometry": { "type": "Point", "coordinates": [ -1.565483333870839, 53.834450000223363 ] } },
{ "type": "Feature", "properties": { "population": 379.49566650390625 }, "geometry": { "type": "Point", "coordinates": [ -1.561316667220711, 53.834450000223363 ] } },
{ "type": "Feature", "properties": { "population": 193.60617065429688 }, "geometry": { "type": "Point", "coordinates": [ -1.557150000570583, 53.834450000223363 ] } },
{ "type": "Feature", "properties": { "population": 371.55487060546875 }, "geometry": { "type": "Point", "coordinates": [ -1.552983333920455, 53.834450000223363 ] } },
{ "type": "Feature", "properties": { "population": 788.5555419921875 }, "geometry": { "type": "Point", "coordinates": [ -1.548816667270327, 53.834450000223363 ] } },
{ "type": "Feature", "properties": { "population": 709.11614990234375 }, "geometry": { "type": "Point", "coordinates": [ -1.544650000620199, 53.834450000223363 ] } },
{ "type": "Feature", "properties": { "population": 593.703369140625 }, "geometry": { "type": "Point", "coordinates": [ -1.540483333970071, 53.834450000223363 ] } },
{ "type": "Feature", "properties": { "population": 688.13958740234375 }, "geometry": { "type": "Point", "coordinates": [ -1.536316667319943, 53.834450000223363 ] } },
{ "type": "Feature", "properties": { "population": 531.61724853515625 }, "geometry": { "type": "Point", "coordinates": [ -1.532150000669815, 53.834450000223363 ] } },
{ "type": "Feature", "properties": { "population": 665.93646240234375 }, "geometry": { "type": "Point", "coordinates": [ -1.527983334019687, 53.834450000223363 ] } },
{ "type": "Feature", "properties": { "population": 527.72100830078125 }, "geometry": { "type": "Point", "coordinates": [ -1.523816667369559, 53.834450000223363 ] } },
{ "type": "Feature", "properties": { "population": 642.16064453125 }, "geometry": { "type": "Point", "coordinates": [ -1.519650000719431, 53.834450000223363 ] } },
{ "type": "Feature", "properties": { "population": 540.4041748046875 }, "geometry": { "type": "Point", "coordinates": [ -1.515483334069303, 53.834450000223363 ] } },
{ "type": "Feature", "properties": { "population": 325.53384399414062 }, "geometry": { "type": "Point", "coordinates": [ -1.511316667419175, 53.834450000223363 ] } },
{ "type": "Feature", "properties": { "population": 42.779052734375 }, "geometry": { "type": "Point", "coordinates": [ -1.507150000769047, 53.834450000223363 ] } },
{ "type": "Feature", "properties": { "population": 52.874996185302734 }, "geometry": { "type": "Point", "coordinates": [ -1.502983334118919, 53.834450000223363 ] } },
{ "type": "Feature", "properties": { "population": 149.95585632324219 }, "geometry": { "type": "Point", "coordinates": [ -1.498816667468791, 53.834450000223363 ] } },
{ "type": "Feature", "properties": { "population": 34.228298187255859 }, "geometry": { "type": "Point", "coordinates": [ -1.494650000818663, 53.834450000223363 ] } },
{ "type": "Feature", "properties": { "population": 34.789451599121094 }, "geometry": { "type": "Point", "coordinates": [ -1.490483334168535, 53.834450000223363 ] } },
{ "type": "Feature", "properties": { "population": 21.764825820922852 }, "geometry": { "type": "Point", "coordinates": [ -1.486316667518407, 53.834450000223363 ] } },
{ "type": "Feature", "properties": { "population": 7.3619537353515625 }, "geometry": { "type": "Point", "coordinates": [ -1.482150000868279, 53.834450000223363 ] } },
{ "type": "Feature", "properties": { "population": 27.562923431396484 }, "geometry": { "type": "Point", "coordinates": [ -1.477983334218151, 53.834450000223363 ] } },
{ "type": "Feature", "properties": { "population": 472.032958984375 }, "geometry": { "type": "Point", "coordinates": [ -1.473816667568022, 53.834450000223363 ] } },
{ "type": "Feature", "properties": { "population": 469.1065673828125 }, "geometry": { "type": "Point", "coordinates": [ -1.469650000917895, 53.834450000223363 ] } },
{ "type": "Feature", "properties": { "population": 171.63058471679688 }, "geometry": { "type": "Point", "coordinates": [ -1.465483334267766, 53.834450000223363 ] } },
{ "type": "Feature", "properties": { "population": 453.70254516601562 }, "geometry": { "type": "Point", "coordinates": [ -1.461316667617638, 53.834450000223363 ] } },
{ "type": "Feature", "properties": { "population": 792.66033935546875 }, "geometry": { "type": "Point", "coordinates": [ -1.45715000096751, 53.834450000223363 ] } },
{ "type": "Feature", "properties": { "population": 741.00714111328125 }, "geometry": { "type": "Point", "coordinates": [ -1.452983334317382, 53.834450000223363 ] } },
{ "type": "Feature", "properties": { "population": 148.4290771484375 }, "geometry": { "type": "Point", "coordinates": [ -1.448816667667254, 53.834450000223363 ] } },
{ "type": "Feature", "properties": { "population": 20.260562896728516 }, "geometry": { "type": "Point", "coordinates": [ -1.444650001017126, 53.834450000223363 ] } },
{ "type": "Feature", "properties": { "population": 4.2617368698120117 }, "geometry": { "type": "Point", "coordinates": [ -1.440483334366998, 53.834450000223363 ] } },
{ "type": "Feature", "properties": { "population": 22.931625366210938 }, "geometry": { "type": "Point", "coordinates": [ -1.43631666771687, 53.834450000223363 ] } },
{ "type": "Feature", "properties": { "population": 38.085094451904297 }, "geometry": { "type": "Point", "coordinates": [ -1.432150001066742, 53.834450000223363 ] } },
{ "type": "Feature", "properties": { "population": 161.49017333984375 }, "geometry": { "type": "Point", "coordinates": [ -1.427983334416614, 53.834450000223363 ] } },
{ "type": "Feature", "properties": { "population": 19.020057678222656 }, "geometry": { "type": "Point", "coordinates": [ -1.423816667766486, 53.834450000223363 ] } },
{ "type": "Feature", "properties": { "population": 7.1512088775634766 }, "geometry": { "type": "Point", "coordinates": [ -1.419650001116358, 53.834450000223363 ] } },
{ "type": "Feature", "properties": { "population": 1.7597403526306152 }, "geometry": { "type": "Point", "coordinates": [ -1.41548333446623, 53.834450000223363 ] } },
{ "type": "Feature", "properties": { "population": 1.3942481279373169 }, "geometry": { "type": "Point", "coordinates": [ -1.411316667816102, 53.834450000223363 ] } },
{ "type": "Feature", "properties": { "population": 2.8744115829467773 }, "geometry": { "type": "Point", "coordinates": [ -1.407150001165974, 53.834450000223363 ] } },
{ "type": "Feature", "properties": { "population": 10.600971221923828 }, "geometry": { "type": "Point", "coordinates": [ -1.402983334515846, 53.834450000223363 ] } },
{ "type": "Feature", "properties": { "population": 44.433456420898438 }, "geometry": { "type": "Point", "coordinates": [ -1.398816667865718, 53.834450000223363 ] } },
{ "type": "Feature", "properties": { "population": 192.52934265136719 }, "geometry": { "type": "Point", "coordinates": [ -1.698816666674937, 53.830283333573242 ] } },
{ "type": "Feature", "properties": { "population": 548.872802734375 }, "geometry": { "type": "Point", "coordinates": [ -1.694650000024809, 53.830283333573242 ] } },
{ "type": "Feature", "properties": { "population": 421.85845947265625 }, "geometry": { "type": "Point", "coordinates": [ -1.690483333374681, 53.830283333573242 ] } },
{ "type": "Feature", "properties": { "population": 375.32473754882812 }, "geometry": { "type": "Point", "coordinates": [ -1.686316666724553, 53.830283333573242 ] } },
{ "type": "Feature", "properties": { "population": 32.286483764648438 }, "geometry": { "type": "Point", "coordinates": [ -1.682150000074425, 53.830283333573242 ] } },
{ "type": "Feature", "properties": { "population": 11.613967895507812 }, "geometry": { "type": "Point", "coordinates": [ -1.677983333424297, 53.830283333573242 ] } },
{ "type": "Feature", "properties": { "population": 8.9532642364501953 }, "geometry": { "type": "Point", "coordinates": [ -1.673816666774169, 53.830283333573242 ] } },
{ "type": "Feature", "properties": { "population": 26.067880630493164 }, "geometry": { "type": "Point", "coordinates": [ -1.66965000012404, 53.830283333573242 ] } },
{ "type": "Feature", "properties": { "population": 110.85404968261719 }, "geometry": { "type": "Point", "coordinates": [ -1.665483333473912, 53.830283333573242 ] } },
{ "type": "Feature", "properties": { "population": 82.617538452148438 }, "geometry": { "type": "Point", "coordinates": [ -1.661316666823784, 53.830283333573242 ] } },
{ "type": "Feature", "properties": { "population": 43.109954833984375 }, "geometry": { "type": "Point", "coordinates": [ -1.657150000173656, 53.830283333573242 ] } },
{ "type": "Feature", "properties": { "population": 48.450794219970703 }, "geometry": { "type": "Point", "coordinates": [ -1.652983333523528, 53.830283333573242 ] } },
{ "type": "Feature", "properties": { "population": 286.19869995117188 }, "geometry": { "type": "Point", "coordinates": [ -1.6488166668734, 53.830283333573242 ] } },
{ "type": "Feature", "properties": { "population": 722.35748291015625 }, "geometry": { "type": "Point", "coordinates": [ -1.644650000223272, 53.830283333573242 ] } },
{ "type": "Feature", "properties": { "population": 615.67388916015625 }, "geometry": { "type": "Point", "coordinates": [ -1.640483333573144, 53.830283333573242 ] } },
{ "type": "Feature", "properties": { "population": 500.95742797851562 }, "geometry": { "type": "Point", "coordinates": [ -1.636316666923016, 53.830283333573242 ] } },
{ "type": "Feature", "properties": { "population": 399.30795288085938 }, "geometry": { "type": "Point", "coordinates": [ -1.632150000272888, 53.830283333573242 ] } },
{ "type": "Feature", "properties": { "population": 378.25711059570312 }, "geometry": { "type": "Point", "coordinates": [ -1.62798333362276, 53.830283333573242 ] } },
{ "type": "Feature", "properties": { "population": 149.07937622070312 }, "geometry": { "type": "Point", "coordinates": [ -1.623816666972632, 53.830283333573242 ] } },
{ "type": "Feature", "properties": { "population": 584.8758544921875 }, "geometry": { "type": "Point", "coordinates": [ -1.619650000322504, 53.830283333573242 ] } },
{ "type": "Feature", "properties": { "population": 639.5958251953125 }, "geometry": { "type": "Point", "coordinates": [ -1.615483333672376, 53.830283333573242 ] } },
{ "type": "Feature", "properties": { "population": 469.12399291992188 }, "geometry": { "type": "Point", "coordinates": [ -1.611316667022248, 53.830283333573242 ] } },
{ "type": "Feature", "properties": { "population": 610.6500244140625 }, "geometry": { "type": "Point", "coordinates": [ -1.60715000037212, 53.830283333573242 ] } },
{ "type": "Feature", "properties": { "population": 266.11602783203125 }, "geometry": { "type": "Point", "coordinates": [ -1.602983333721992, 53.830283333573242 ] } },
{ "type": "Feature", "properties": { "population": 102.74702453613281 }, "geometry": { "type": "Point", "coordinates": [ -1.598816667071864, 53.830283333573242 ] } },
{ "type": "Feature", "properties": { "population": 440.67880249023438 }, "geometry": { "type": "Point", "coordinates": [ -1.594650000421736, 53.830283333573242 ] } },
{ "type": "Feature", "properties": { "population": 688.027099609375 }, "geometry": { "type": "Point", "coordinates": [ -1.590483333771608, 53.830283333573242 ] } },
{ "type": "Feature", "properties": { "population": 426.53692626953125 }, "geometry": { "type": "Point", "coordinates": [ -1.58631666712148, 53.830283333573242 ] } },
{ "type": "Feature", "properties": { "population": 485.21417236328125 }, "geometry": { "type": "Point", "coordinates": [ -1.582150000471352, 53.830283333573242 ] } },
{ "type": "Feature", "properties": { "population": 324.70510864257812 }, "geometry": { "type": "Point", "coordinates": [ -1.577983333821223, 53.830283333573242 ] } },
{ "type": "Feature", "properties": { "population": 399.33639526367188 }, "geometry": { "type": "Point", "coordinates": [ -1.573816667171096, 53.830283333573242 ] } },
{ "type": "Feature", "properties": { "population": 636.9381103515625 }, "geometry": { "type": "Point", "coordinates": [ -1.569650000520967, 53.830283333573242 ] } },
{ "type": "Feature", "properties": { "population": 708.43634033203125 }, "geometry": { "type": "Point", "coordinates": [ -1.565483333870839, 53.830283333573242 ] } },
{ "type": "Feature", "properties": { "population": 770.9351806640625 }, "geometry": { "type": "Point", "coordinates": [ -1.561316667220711, 53.830283333573242 ] } },
{ "type": "Feature", "properties": { "population": 693.21026611328125 }, "geometry": { "type": "Point", "coordinates": [ -1.557150000570583, 53.830283333573242 ] } },
{ "type": "Feature", "properties": { "population": 748.9141845703125 }, "geometry": { "type": "Point", "coordinates": [ -1.552983333920455, 53.830283333573242 ] } },
{ "type": "Feature", "properties": { "population": 719.4671630859375 }, "geometry": { "type": "Point", "coordinates": [ -1.548816667270327, 53.830283333573242 ] } },
{ "type": "Feature", "properties": { "population": 534.1732177734375 }, "geometry": { "type": "Point", "coordinates": [ -1.544650000620199, 53.830283333573242 ] } },
{ "type": "Feature", "properties": { "population": 630.0245361328125 }, "geometry": { "type": "Point", "coordinates": [ -1.540483333970071, 53.830283333573242 ] } },
{ "type": "Feature", "properties": { "population": 686.74591064453125 }, "geometry": { "type": "Point", "coordinates": [ -1.536316667319943, 53.830283333573242 ] } },
{ "type": "Feature", "properties": { "population": 652.2939453125 }, "geometry": { "type": "Point", "coordinates": [ -1.532150000669815, 53.830283333573242 ] } },
{ "type": "Feature", "properties": { "population": 462.9617919921875 }, "geometry": { "type": "Point", "coordinates": [ -1.527983334019687, 53.830283333573242 ] } },
{ "type": "Feature", "properties": { "population": 356.58172607421875 }, "geometry": { "type": "Point", "coordinates": [ -1.523816667369559, 53.830283333573242 ] } },
{ "type": "Feature", "properties": { "population": 588.7603759765625 }, "geometry": { "type": "Point", "coordinates": [ -1.519650000719431, 53.830283333573242 ] } },
{ "type": "Feature", "properties": { "population": 342.35076904296875 }, "geometry": { "type": "Point", "coordinates": [ -1.515483334069303, 53.830283333573242 ] } },
{ "type": "Feature", "properties": { "population": 166.46768188476562 }, "geometry": { "type": "Point", "coordinates": [ -1.511316667419175, 53.830283333573242 ] } },
{ "type": "Feature", "properties": { "population": 121.84576416015625 }, "geometry": { "type": "Point", "coordinates": [ -1.507150000769047, 53.830283333573242 ] } },
{ "type": "Feature", "properties": { "population": 237.26104736328125 }, "geometry": { "type": "Point", "coordinates": [ -1.502983334118919, 53.830283333573242 ] } },
{ "type": "Feature", "properties": { "population": 326.83441162109375 }, "geometry": { "type": "Point", "coordinates": [ -1.498816667468791, 53.830283333573242 ] } },
{ "type": "Feature", "properties": { "population": 356.71905517578125 }, "geometry": { "type": "Point", "coordinates": [ -1.494650000818663, 53.830283333573242 ] } },
{ "type": "Feature", "properties": { "population": 166.09861755371094 }, "geometry": { "type": "Point", "coordinates": [ -1.490483334168535, 53.830283333573242 ] } },
{ "type": "Feature", "properties": { "population": 47.024940490722656 }, "geometry": { "type": "Point", "coordinates": [ -1.486316667518407, 53.830283333573242 ] } },
{ "type": "Feature", "properties": { "population": 116.09823608398438 }, "geometry": { "type": "Point", "coordinates": [ -1.482150000868279, 53.830283333573242 ] } },
{ "type": "Feature", "properties": { "population": 245.06039428710938 }, "geometry": { "type": "Point", "coordinates": [ -1.477983334218151, 53.830283333573242 ] } },
{ "type": "Feature", "properties": { "population": 656.83648681640625 }, "geometry": { "type": "Point", "coordinates": [ -1.473816667568022, 53.830283333573242 ] } },
{ "type": "Feature", "properties": { "population": 275.23736572265625 }, "geometry": { "type": "Point", "coordinates": [ -1.469650000917895, 53.830283333573242 ] } },
{ "type": "Feature", "properties": { "population": 247.73019409179688 }, "geometry": { "type": "Point", "coordinates": [ -1.465483334267766, 53.830283333573242 ] } },
{ "type": "Feature", "properties": { "population": 174.89511108398438 }, "geometry": { "type": "Point", "coordinates": [ -1.461316667617638, 53.830283333573242 ] } },
{ "type": "Feature", "properties": { "population": 252.29110717773438 }, "geometry": { "type": "Point", "coordinates": [ -1.45715000096751, 53.830283333573242 ] } },
{ "type": "Feature", "properties": { "population": 463.56256103515625 }, "geometry": { "type": "Point", "coordinates": [ -1.452983334317382, 53.830283333573242 ] } },
{ "type": "Feature", "properties": { "population": 140.41128540039062 }, "geometry": { "type": "Point", "coordinates": [ -1.448816667667254, 53.830283333573242 ] } },
{ "type": "Feature", "properties": { "population": 54.529045104980469 }, "geometry": { "type": "Point", "coordinates": [ -1.444650001017126, 53.830283333573242 ] } },
{ "type": "Feature", "properties": { "population": 8.0196256637573242 }, "geometry": { "type": "Point", "coordinates": [ -1.440483334366998, 53.830283333573242 ] } },
{ "type": "Feature", "properties": { "population": 12.956502914428711 }, "geometry": { "type": "Point", "coordinates": [ -1.43631666771687, 53.830283333573242 ] } },
{ "type": "Feature", "properties": { "population": 175.6875 }, "geometry": { "type": "Point", "coordinates": [ -1.432150001066742, 53.830283333573242 ] } },
{ "type": "Feature", "properties": { "population": 406.70562744140625 }, "geometry": { "type": "Point", "coordinates": [ -1.427983334416614, 53.830283333573242 ] } },
{ "type": "Feature", "properties": { "population": 68.057075500488281 }, "geometry": { "type": "Point", "coordinates": [ -1.423816667766486, 53.830283333573242 ] } },
{ "type": "Feature", "properties": { "population": 6.0435390472412109 }, "geometry": { "type": "Point", "coordinates": [ -1.419650001116358, 53.830283333573242 ] } },
{ "type": "Feature", "properties": { "population": 4.6932964324951172 }, "geometry": { "type": "Point", "coordinates": [ -1.41548333446623, 53.830283333573242 ] } },
{ "type": "Feature", "properties": { "population": 3.7357988357543945 }, "geometry": { "type": "Point", "coordinates": [ -1.411316667816102, 53.830283333573242 ] } },
{ "type": "Feature", "properties": { "population": 12.252796173095703 }, "geometry": { "type": "Point", "coordinates": [ -1.407150001165974, 53.830283333573242 ] } },
{ "type": "Feature", "properties": { "population": 36.952472686767578 }, "geometry": { "type": "Point", "coordinates": [ -1.402983334515846, 53.830283333573242 ] } },
{ "type": "Feature", "properties": { "population": 192.19570922851562 }, "geometry": { "type": "Point", "coordinates": [ -1.398816667865718, 53.830283333573242 ] } },
{ "type": "Feature", "properties": { "population": 74.47216796875 }, "geometry": { "type": "Point", "coordinates": [ -1.698816666674937, 53.82611666692312 ] } },
{ "type": "Feature", "properties": { "population": 314.59671020507812 }, "geometry": { "type": "Point", "coordinates": [ -1.694650000024809, 53.82611666692312 ] } },
{ "type": "Feature", "properties": { "population": 520.560302734375 }, "geometry": { "type": "Point", "coordinates": [ -1.690483333374681, 53.82611666692312 ] } },
{ "type": "Feature", "properties": { "population": 475.87454223632812 }, "geometry": { "type": "Point", "coordinates": [ -1.686316666724553, 53.82611666692312 ] } },
{ "type": "Feature", "properties": { "population": 98.204353332519531 }, "geometry": { "type": "Point", "coordinates": [ -1.682150000074425, 53.82611666692312 ] } },
{ "type": "Feature", "properties": { "population": 26.885705947875977 }, "geometry": { "type": "Point", "coordinates": [ -1.677983333424297, 53.82611666692312 ] } },
{ "type": "Feature", "properties": { "population": 74.779777526855469 }, "geometry": { "type": "Point", "coordinates": [ -1.673816666774169, 53.82611666692312 ] } },
{ "type": "Feature", "properties": { "population": 239.78973388671875 }, "geometry": { "type": "Point", "coordinates": [ -1.66965000012404, 53.82611666692312 ] } },
{ "type": "Feature", "properties": { "population": 201.29255676269531 }, "geometry": { "type": "Point", "coordinates": [ -1.665483333473912, 53.82611666692312 ] } },
{ "type": "Feature", "properties": { "population": 73.76361083984375 }, "geometry": { "type": "Point", "coordinates": [ -1.661316666823784, 53.82611666692312 ] } },
{ "type": "Feature", "properties": { "population": 39.188816070556641 }, "geometry": { "type": "Point", "coordinates": [ -1.657150000173656, 53.82611666692312 ] } },
{ "type": "Feature", "properties": { "population": 46.331207275390625 }, "geometry": { "type": "Point", "coordinates": [ -1.652983333523528, 53.82611666692312 ] } },
{ "type": "Feature", "properties": { "population": 26.681049346923828 }, "geometry": { "type": "Point", "coordinates": [ -1.6488166668734, 53.82611666692312 ] } },
{ "type": "Feature", "properties": { "population": 197.06336975097656 }, "geometry": { "type": "Point", "coordinates": [ -1.644650000223272, 53.82611666692312 ] } },
{ "type": "Feature", "properties": { "population": 127.93561553955078 }, "geometry": { "type": "Point", "coordinates": [ -1.640483333573144, 53.82611666692312 ] } },
{ "type": "Feature", "properties": { "population": 40.278728485107422 }, "geometry": { "type": "Point", "coordinates": [ -1.636316666923016, 53.82611666692312 ] } },
{ "type": "Feature", "properties": { "population": 48.650772094726562 }, "geometry": { "type": "Point", "coordinates": [ -1.632150000272888, 53.82611666692312 ] } },
{ "type": "Feature", "properties": { "population": 101.80178833007812 }, "geometry": { "type": "Point", "coordinates": [ -1.62798333362276, 53.82611666692312 ] } },
{ "type": "Feature", "properties": { "population": 171.05764770507812 }, "geometry": { "type": "Point", "coordinates": [ -1.623816666972632, 53.82611666692312 ] } },
{ "type": "Feature", "properties": { "population": 644.41094970703125 }, "geometry": { "type": "Point", "coordinates": [ -1.619650000322504, 53.82611666692312 ] } },
{ "type": "Feature", "properties": { "population": 749.85400390625 }, "geometry": { "type": "Point", "coordinates": [ -1.615483333672376, 53.82611666692312 ] } },
{ "type": "Feature", "properties": { "population": 668.32159423828125 }, "geometry": { "type": "Point", "coordinates": [ -1.611316667022248, 53.82611666692312 ] } },
{ "type": "Feature", "properties": { "population": 553.35247802734375 }, "geometry": { "type": "Point", "coordinates": [ -1.60715000037212, 53.82611666692312 ] } },
{ "type": "Feature", "properties": { "population": 329.89093017578125 }, "geometry": { "type": "Point", "coordinates": [ -1.602983333721992, 53.82611666692312 ] } },
{ "type": "Feature", "properties": { "population": 109.64402770996094 }, "geometry": { "type": "Point", "coordinates": [ -1.598816667071864, 53.82611666692312 ] } },
{ "type": "Feature", "properties": { "population": 156.56028747558594 }, "geometry": { "type": "Point", "coordinates": [ -1.594650000421736, 53.82611666692312 ] } },
{ "type": "Feature", "properties": { "population": 134.69381713867188 }, "geometry": { "type": "Point", "coordinates": [ -1.590483333771608, 53.82611666692312 ] } },
{ "type": "Feature", "properties": { "population": 510.843017578125 }, "geometry": { "type": "Point", "coordinates": [ -1.58631666712148, 53.82611666692312 ] } },
{ "type": "Feature", "properties": { "population": 807.9534912109375 }, "geometry": { "type": "Point", "coordinates": [ -1.582150000471352, 53.82611666692312 ] } },
{ "type": "Feature", "properties": { "population": 639.549560546875 }, "geometry": { "type": "Point", "coordinates": [ -1.577983333821223, 53.82611666692312 ] } },
{ "type": "Feature", "properties": { "population": 858.1395263671875 }, "geometry": { "type": "Point", "coordinates": [ -1.573816667171096, 53.82611666692312 ] } },
{ "type": "Feature", "properties": { "population": 1012.564453125 }, "geometry": { "type": "Point", "coordinates": [ -1.569650000520967, 53.82611666692312 ] } },
{ "type": "Feature", "properties": { "population": 962.032470703125 }, "geometry": { "type": "Point", "coordinates": [ -1.565483333870839, 53.82611666692312 ] } },
{ "type": "Feature", "properties": { "population": 697.3369140625 }, "geometry": { "type": "Point", "coordinates": [ -1.561316667220711, 53.82611666692312 ] } },
{ "type": "Feature", "properties": { "population": 537.40313720703125 }, "geometry": { "type": "Point", "coordinates": [ -1.557150000570583, 53.82611666692312 ] } },
{ "type": "Feature", "properties": { "population": 611.6534423828125 }, "geometry": { "type": "Point", "coordinates": [ -1.552983333920455, 53.82611666692312 ] } },
{ "type": "Feature", "properties": { "population": 743.35638427734375 }, "geometry": { "type": "Point", "coordinates": [ -1.548816667270327, 53.82611666692312 ] } },
{ "type": "Feature", "properties": { "population": 480.2508544921875 }, "geometry": { "type": "Point", "coordinates": [ -1.544650000620199, 53.82611666692312 ] } },
{ "type": "Feature", "properties": { "population": 901.7025146484375 }, "geometry": { "type": "Point", "coordinates": [ -1.540483333970071, 53.82611666692312 ] } },
{ "type": "Feature", "properties": { "population": 903.48101806640625 }, "geometry": { "type": "Point", "coordinates": [ -1.536316667319943, 53.82611666692312 ] } },
{ "type": "Feature", "properties": { "population": 642.27618408203125 }, "geometry": { "type": "Point", "coordinates": [ -1.532150000669815, 53.82611666692312 ] } },
{ "type": "Feature", "properties": { "population": 625.1893310546875 }, "geometry": { "type": "Point", "coordinates": [ -1.527983334019687, 53.82611666692312 ] } },
{ "type": "Feature", "properties": { "population": 463.33676147460938 }, "geometry": { "type": "Point", "coordinates": [ -1.523816667369559, 53.82611666692312 ] } },
{ "type": "Feature", "properties": { "population": 319.12179565429688 }, "geometry": { "type": "Point", "coordinates": [ -1.519650000719431, 53.82611666692312 ] } },
{ "type": "Feature", "properties": { "population": 581.87591552734375 }, "geometry": { "type": "Point", "coordinates": [ -1.515483334069303, 53.82611666692312 ] } },
{ "type": "Feature", "properties": { "population": 663.57220458984375 }, "geometry": { "type": "Point", "coordinates": [ -1.511316667419175, 53.82611666692312 ] } },
{ "type": "Feature", "properties": { "population": 533.76080322265625 }, "geometry": { "type": "Point", "coordinates": [ -1.507150000769047, 53.82611666692312 ] } },
{ "type": "Feature", "properties": { "population": 427.2442626953125 }, "geometry": { "type": "Point", "coordinates": [ -1.502983334118919, 53.82611666692312 ] } },
{ "type": "Feature", "properties": { "population": 505.47100830078125 }, "geometry": { "type": "Point", "coordinates": [ -1.498816667468791, 53.82611666692312 ] } },
{ "type": "Feature", "properties": { "population": 436.70840454101562 }, "geometry": { "type": "Point", "coordinates": [ -1.494650000818663, 53.82611666692312 ] } },
{ "type": "Feature", "properties": { "population": 476.70489501953125 }, "geometry": { "type": "Point", "coordinates": [ -1.490483334168535, 53.82611666692312 ] } },
{ "type": "Feature", "properties": { "population": 473.75796508789062 }, "geometry": { "type": "Point", "coordinates": [ -1.486316667518407, 53.82611666692312 ] } },
{ "type": "Feature", "properties": { "population": 467.1573486328125 }, "geometry": { "type": "Point", "coordinates": [ -1.482150000868279, 53.82611666692312 ] } },
{ "type": "Feature", "properties": { "population": 686.89434814453125 }, "geometry": { "type": "Point", "coordinates": [ -1.477983334218151, 53.82611666692312 ] } },
{ "type": "Feature", "properties": { "population": 580.89447021484375 }, "geometry": { "type": "Point", "coordinates": [ -1.473816667568022, 53.82611666692312 ] } },
{ "type": "Feature", "properties": { "population": 464.82537841796875 }, "geometry": { "type": "Point", "coordinates": [ -1.469650000917895, 53.82611666692312 ] } },
{ "type": "Feature", "properties": { "population": 371.77593994140625 }, "geometry": { "type": "Point", "coordinates": [ -1.465483334267766, 53.82611666692312 ] } },
{ "type": "Feature", "properties": { "population": 398.97915649414062 }, "geometry": { "type": "Point", "coordinates": [ -1.461316667617638, 53.82611666692312 ] } },
{ "type": "Feature", "properties": { "population": 274.66732788085938 }, "geometry": { "type": "Point", "coordinates": [ -1.45715000096751, 53.82611666692312 ] } },
{ "type": "Feature", "properties": { "population": 956.640625 }, "geometry": { "type": "Point", "coordinates": [ -1.452983334317382, 53.82611666692312 ] } },
{ "type": "Feature", "properties": { "population": 427.15423583984375 }, "geometry": { "type": "Point", "coordinates": [ -1.448816667667254, 53.82611666692312 ] } },
{ "type": "Feature", "properties": { "population": 298.90655517578125 }, "geometry": { "type": "Point", "coordinates": [ -1.444650001017126, 53.82611666692312 ] } },
{ "type": "Feature", "properties": { "population": 51.756294250488281 }, "geometry": { "type": "Point", "coordinates": [ -1.440483334366998, 53.82611666692312 ] } },
{ "type": "Feature", "properties": { "population": 30.139411926269531 }, "geometry": { "type": "Point", "coordinates": [ -1.43631666771687, 53.82611666692312 ] } },
{ "type": "Feature", "properties": { "population": 156.65312194824219 }, "geometry": { "type": "Point", "coordinates": [ -1.432150001066742, 53.82611666692312 ] } },
{ "type": "Feature", "properties": { "population": 467.68603515625 }, "geometry": { "type": "Point", "coordinates": [ -1.427983334416614, 53.82611666692312 ] } },
{ "type": "Feature", "properties": { "population": 167.27461242675781 }, "geometry": { "type": "Point", "coordinates": [ -1.423816667766486, 53.82611666692312 ] } },
{ "type": "Feature", "properties": { "population": 53.650058746337891 }, "geometry": { "type": "Point", "coordinates": [ -1.419650001116358, 53.82611666692312 ] } },
{ "type": "Feature", "properties": { "population": 27.021039962768555 }, "geometry": { "type": "Point", "coordinates": [ -1.41548333446623, 53.82611666692312 ] } },
{ "type": "Feature", "properties": { "population": 17.983982086181641 }, "geometry": { "type": "Point", "coordinates": [ -1.411316667816102, 53.82611666692312 ] } },
{ "type": "Feature", "properties": { "population": 36.840538024902344 }, "geometry": { "type": "Point", "coordinates": [ -1.407150001165974, 53.82611666692312 ] } },
{ "type": "Feature", "properties": { "population": 21.046487808227539 }, "geometry": { "type": "Point", "coordinates": [ -1.402983334515846, 53.82611666692312 ] } },
{ "type": "Feature", "properties": { "population": 34.110923767089844 }, "geometry": { "type": "Point", "coordinates": [ -1.398816667865718, 53.82611666692312 ] } },
{ "type": "Feature", "properties": { "population": 4.864326000213623 }, "geometry": { "type": "Point", "coordinates": [ -1.698816666674937, 53.821950000272999 ] } },
{ "type": "Feature", "properties": { "population": 10.166028022766113 }, "geometry": { "type": "Point", "coordinates": [ -1.694650000024809, 53.821950000272999 ] } },
{ "type": "Feature", "properties": { "population": 18.187175750732422 }, "geometry": { "type": "Point", "coordinates": [ -1.690483333374681, 53.821950000272999 ] } },
{ "type": "Feature", "properties": { "population": 10.912503242492676 }, "geometry": { "type": "Point", "coordinates": [ -1.686316666724553, 53.821950000272999 ] } },
{ "type": "Feature", "properties": { "population": 11.698627471923828 }, "geometry": { "type": "Point", "coordinates": [ -1.682150000074425, 53.821950000272999 ] } },
{ "type": "Feature", "properties": { "population": 52.943115234375 }, "geometry": { "type": "Point", "coordinates": [ -1.677983333424297, 53.821950000272999 ] } },
{ "type": "Feature", "properties": { "population": 130.32980346679688 }, "geometry": { "type": "Point", "coordinates": [ -1.673816666774169, 53.821950000272999 ] } },
{ "type": "Feature", "properties": { "population": 225.71710205078125 }, "geometry": { "type": "Point", "coordinates": [ -1.66965000012404, 53.821950000272999 ] } },
{ "type": "Feature", "properties": { "population": 463.17034912109375 }, "geometry": { "type": "Point", "coordinates": [ -1.665483333473912, 53.821950000272999 ] } },
{ "type": "Feature", "properties": { "population": 402.0765380859375 }, "geometry": { "type": "Point", "coordinates": [ -1.661316666823784, 53.821950000272999 ] } },
{ "type": "Feature", "properties": { "population": 644.252685546875 }, "geometry": { "type": "Point", "coordinates": [ -1.657150000173656, 53.821950000272999 ] } },
{ "type": "Feature", "properties": { "population": 232.5439453125 }, "geometry": { "type": "Point", "coordinates": [ -1.652983333523528, 53.821950000272999 ] } },
{ "type": "Feature", "properties": { "population": 46.663722991943359 }, "geometry": { "type": "Point", "coordinates": [ -1.6488166668734, 53.821950000272999 ] } },
{ "type": "Feature", "properties": { "population": 47.838691711425781 }, "geometry": { "type": "Point", "coordinates": [ -1.644650000223272, 53.821950000272999 ] } },
{ "type": "Feature", "properties": { "population": 34.167228698730469 }, "geometry": { "type": "Point", "coordinates": [ -1.640483333573144, 53.821950000272999 ] } },
{ "type": "Feature", "properties": { "population": 188.386474609375 }, "geometry": { "type": "Point", "coordinates": [ -1.636316666923016, 53.821950000272999 ] } },
{ "type": "Feature", "properties": { "population": 160.16900634765625 }, "geometry": { "type": "Point", "coordinates": [ -1.632150000272888, 53.821950000272999 ] } },
{ "type": "Feature", "properties": { "population": 114.18950653076172 }, "geometry": { "type": "Point", "coordinates": [ -1.62798333362276, 53.821950000272999 ] } },
{ "type": "Feature", "properties": { "population": 137.93429565429688 }, "geometry": { "type": "Point", "coordinates": [ -1.623816666972632, 53.821950000272999 ] } },
{ "type": "Feature", "properties": { "population": 114.41426086425781 }, "geometry": { "type": "Point", "coordinates": [ -1.619650000322504, 53.821950000272999 ] } },
{ "type": "Feature", "properties": { "population": 106.96651458740234 }, "geometry": { "type": "Point", "coordinates": [ -1.615483333672376, 53.821950000272999 ] } },
{ "type": "Feature", "properties": { "population": 119.37644195556641 }, "geometry": { "type": "Point", "coordinates": [ -1.611316667022248, 53.821950000272999 ] } },
{ "type": "Feature", "properties": { "population": 266.90093994140625 }, "geometry": { "type": "Point", "coordinates": [ -1.60715000037212, 53.821950000272999 ] } },
{ "type": "Feature", "properties": { "population": 552.3001708984375 }, "geometry": { "type": "Point", "coordinates": [ -1.602983333721992, 53.821950000272999 ] } },
{ "type": "Feature", "properties": { "population": 616.0343017578125 }, "geometry": { "type": "Point", "coordinates": [ -1.598816667071864, 53.821950000272999 ] } },
{ "type": "Feature", "properties": { "population": 427.82025146484375 }, "geometry": { "type": "Point", "coordinates": [ -1.594650000421736, 53.821950000272999 ] } },
{ "type": "Feature", "properties": { "population": 393.15679931640625 }, "geometry": { "type": "Point", "coordinates": [ -1.590483333771608, 53.821950000272999 ] } },
{ "type": "Feature", "properties": { "population": 1427.054931640625 }, "geometry": { "type": "Point", "coordinates": [ -1.58631666712148, 53.821950000272999 ] } },
{ "type": "Feature", "properties": { "population": 1578.1795654296875 }, "geometry": { "type": "Point", "coordinates": [ -1.582150000471352, 53.821950000272999 ] } },
{ "type": "Feature", "properties": { "population": 985.594970703125 }, "geometry": { "type": "Point", "coordinates": [ -1.577983333821223, 53.821950000272999 ] } },
{ "type": "Feature", "properties": { "population": 693.8721923828125 }, "geometry": { "type": "Point", "coordinates": [ -1.573816667171096, 53.821950000272999 ] } },
{ "type": "Feature", "properties": { "population": 1122.847900390625 }, "geometry": { "type": "Point", "coordinates": [ -1.569650000520967, 53.821950000272999 ] } },
{ "type": "Feature", "properties": { "population": 475.425048828125 }, "geometry": { "type": "Point", "coordinates": [ -1.565483333870839, 53.821950000272999 ] } },
{ "type": "Feature", "properties": { "population": 353.92990112304688 }, "geometry": { "type": "Point", "coordinates": [ -1.561316667220711, 53.821950000272999 ] } },
{ "type": "Feature", "properties": { "population": 403.45303344726562 }, "geometry": { "type": "Point", "coordinates": [ -1.557150000570583, 53.821950000272999 ] } },
{ "type": "Feature", "properties": { "population": 132.65110778808594 }, "geometry": { "type": "Point", "coordinates": [ -1.552983333920455, 53.821950000272999 ] } },
{ "type": "Feature", "properties": { "population": 153.85020446777344 }, "geometry": { "type": "Point", "coordinates": [ -1.548816667270327, 53.821950000272999 ] } },
{ "type": "Feature", "properties": { "population": 397.02334594726562 }, "geometry": { "type": "Point", "coordinates": [ -1.544650000620199, 53.821950000272999 ] } },
{ "type": "Feature", "properties": { "population": 627.94769287109375 }, "geometry": { "type": "Point", "coordinates": [ -1.540483333970071, 53.821950000272999 ] } },
{ "type": "Feature", "properties": { "population": 749.8857421875 }, "geometry": { "type": "Point", "coordinates": [ -1.536316667319943, 53.821950000272999 ] } },
{ "type": "Feature", "properties": { "population": 582.292236328125 }, "geometry": { "type": "Point", "coordinates": [ -1.532150000669815, 53.821950000272999 ] } },
{ "type": "Feature", "properties": { "population": 408.500244140625 }, "geometry": { "type": "Point", "coordinates": [ -1.527983334019687, 53.821950000272999 ] } },
{ "type": "Feature", "properties": { "population": 462.60076904296875 }, "geometry": { "type": "Point", "coordinates": [ -1.523816667369559, 53.821950000272999 ] } },
{ "type": "Feature", "properties": { "population": 707.4981689453125 }, "geometry": { "type": "Point", "coordinates": [ -1.519650000719431, 53.821950000272999 ] } },
{ "type": "Feature", "properties": { "population": 719.24700927734375 }, "geometry": { "type": "Point", "coordinates": [ -1.515483334069303, 53.821950000272999 ] } },
{ "type": "Feature", "properties": { "population": 679.865234375 }, "geometry": { "type": "Point", "coordinates": [ -1.511316667419175, 53.821950000272999 ] } },
{ "type": "Feature", "properties": { "population": 775.294677734375 }, "geometry": { "type": "Point", "coordinates": [ -1.507150000769047, 53.821950000272999 ] } },
{ "type": "Feature", "properties": { "population": 783.7943115234375 }, "geometry": { "type": "Point", "coordinates": [ -1.502983334118919, 53.821950000272999 ] } },
{ "type": "Feature", "properties": { "population": 773.9599609375 }, "geometry": { "type": "Point", "coordinates": [ -1.498816667468791, 53.821950000272999 ] } },
{ "type": "Feature", "properties": { "population": 668.3431396484375 }, "geometry": { "type": "Point", "coordinates": [ -1.494650000818663, 53.821950000272999 ] } },
{ "type": "Feature", "properties": { "population": 750.46923828125 }, "geometry": { "type": "Point", "coordinates": [ -1.490483334168535, 53.821950000272999 ] } },
{ "type": "Feature", "properties": { "population": 873.49932861328125 }, "geometry": { "type": "Point", "coordinates": [ -1.486316667518407, 53.821950000272999 ] } },
{ "type": "Feature", "properties": { "population": 463.40228271484375 }, "geometry": { "type": "Point", "coordinates": [ -1.482150000868279, 53.821950000272999 ] } },
{ "type": "Feature", "properties": { "population": 253.8228759765625 }, "geometry": { "type": "Point", "coordinates": [ -1.477983334218151, 53.821950000272999 ] } },
{ "type": "Feature", "properties": { "population": 359.73101806640625 }, "geometry": { "type": "Point", "coordinates": [ -1.473816667568022, 53.821950000272999 ] } },
{ "type": "Feature", "properties": { "population": 615.58660888671875 }, "geometry": { "type": "Point", "coordinates": [ -1.469650000917895, 53.821950000272999 ] } },
{ "type": "Feature", "properties": { "population": 667.7802734375 }, "geometry": { "type": "Point", "coordinates": [ -1.465483334267766, 53.821950000272999 ] } },
{ "type": "Feature", "properties": { "population": 442.29464721679688 }, "geometry": { "type": "Point", "coordinates": [ -1.461316667617638, 53.821950000272999 ] } },
{ "type": "Feature", "properties": { "population": 508.26416015625 }, "geometry": { "type": "Point", "coordinates": [ -1.45715000096751, 53.821950000272999 ] } },
{ "type": "Feature", "properties": { "population": 647.9029541015625 }, "geometry": { "type": "Point", "coordinates": [ -1.452983334317382, 53.821950000272999 ] } },
{ "type": "Feature", "properties": { "population": 886.46343994140625 }, "geometry": { "type": "Point", "coordinates": [ -1.448816667667254, 53.821950000272999 ] } },
{ "type": "Feature", "properties": { "population": 817.54052734375 }, "geometry": { "type": "Point", "coordinates": [ -1.444650001017126, 53.821950000272999 ] } },
{ "type": "Feature", "properties": { "population": 531.06396484375 }, "geometry": { "type": "Point", "coordinates": [ -1.440483334366998, 53.821950000272999 ] } },
{ "type": "Feature", "properties": { "population": 93.297622680664062 }, "geometry": { "type": "Point", "coordinates": [ -1.43631666771687, 53.821950000272999 ] } },
{ "type": "Feature", "properties": { "population": 48.726089477539062 }, "geometry": { "type": "Point", "coordinates": [ -1.432150001066742, 53.821950000272999 ] } },
{ "type": "Feature", "properties": { "population": 73.274681091308594 }, "geometry": { "type": "Point", "coordinates": [ -1.427983334416614, 53.821950000272999 ] } },
{ "type": "Feature", "properties": { "population": 125.26750946044922 }, "geometry": { "type": "Point", "coordinates": [ -1.423816667766486, 53.821950000272999 ] } },
{ "type": "Feature", "properties": { "population": 133.02938842773438 }, "geometry": { "type": "Point", "coordinates": [ -1.419650001116358, 53.821950000272999 ] } },
{ "type": "Feature", "properties": { "population": 41.808555603027344 }, "geometry": { "type": "Point", "coordinates": [ -1.41548333446623, 53.821950000272999 ] } },
{ "type": "Feature", "properties": { "population": 13.222082138061523 }, "geometry": { "type": "Point", "coordinates": [ -1.411316667816102, 53.821950000272999 ] } },
{ "type": "Feature", "properties": { "population": 10.498105049133301 }, "geometry": { "type": "Point", "coordinates": [ -1.407150001165974, 53.821950000272999 ] } },
{ "type": "Feature", "properties": { "population": 7.5227947235107422 }, "geometry": { "type": "Point", "coordinates": [ -1.402983334515846, 53.821950000272999 ] } },
{ "type": "Feature", "properties": { "population": 3.1834678649902344 }, "geometry": { "type": "Point", "coordinates": [ -1.398816667865718, 53.821950000272999 ] } },
{ "type": "Feature", "properties": { "population": 20.363349914550781 }, "geometry": { "type": "Point", "coordinates": [ -1.698816666674937, 53.817783333622877 ] } },
{ "type": "Feature", "properties": { "population": 14.475931167602539 }, "geometry": { "type": "Point", "coordinates": [ -1.694650000024809, 53.817783333622877 ] } },
{ "type": "Feature", "properties": { "population": 13.946629524230957 }, "geometry": { "type": "Point", "coordinates": [ -1.690483333374681, 53.817783333622877 ] } },
{ "type": "Feature", "properties": { "population": 51.290615081787109 }, "geometry": { "type": "Point", "coordinates": [ -1.686316666724553, 53.817783333622877 ] } },
{ "type": "Feature", "properties": { "population": 82.626716613769531 }, "geometry": { "type": "Point", "coordinates": [ -1.682150000074425, 53.817783333622877 ] } },
{ "type": "Feature", "properties": { "population": 180.85939025878906 }, "geometry": { "type": "Point", "coordinates": [ -1.677983333424297, 53.817783333622877 ] } },
{ "type": "Feature", "properties": { "population": 314.66754150390625 }, "geometry": { "type": "Point", "coordinates": [ -1.673816666774169, 53.817783333622877 ] } },
{ "type": "Feature", "properties": { "population": 431.22817993164062 }, "geometry": { "type": "Point", "coordinates": [ -1.66965000012404, 53.817783333622877 ] } },
{ "type": "Feature", "properties": { "population": 358.45849609375 }, "geometry": { "type": "Point", "coordinates": [ -1.665483333473912, 53.817783333622877 ] } },
{ "type": "Feature", "properties": { "population": 192.2484130859375 }, "geometry": { "type": "Point", "coordinates": [ -1.661316666823784, 53.817783333622877 ] } },
{ "type": "Feature", "properties": { "population": 374.94012451171875 }, "geometry": { "type": "Point", "coordinates": [ -1.657150000173656, 53.817783333622877 ] } },
{ "type": "Feature", "properties": { "population": 401.78485107421875 }, "geometry": { "type": "Point", "coordinates": [ -1.652983333523528, 53.817783333622877 ] } },
{ "type": "Feature", "properties": { "population": 476.73931884765625 }, "geometry": { "type": "Point", "coordinates": [ -1.6488166668734, 53.817783333622877 ] } },
{ "type": "Feature", "properties": { "population": 349.87557983398438 }, "geometry": { "type": "Point", "coordinates": [ -1.644650000223272, 53.817783333622877 ] } },
{ "type": "Feature", "properties": { "population": 352.25802612304688 }, "geometry": { "type": "Point", "coordinates": [ -1.640483333573144, 53.817783333622877 ] } },
{ "type": "Feature", "properties": { "population": 590.4725341796875 }, "geometry": { "type": "Point", "coordinates": [ -1.636316666923016, 53.817783333622877 ] } },
{ "type": "Feature", "properties": { "population": 855.869873046875 }, "geometry": { "type": "Point", "coordinates": [ -1.632150000272888, 53.817783333622877 ] } },
{ "type": "Feature", "properties": { "population": 843.15460205078125 }, "geometry": { "type": "Point", "coordinates": [ -1.62798333362276, 53.817783333622877 ] } },
{ "type": "Feature", "properties": { "population": 751.28289794921875 }, "geometry": { "type": "Point", "coordinates": [ -1.623816666972632, 53.817783333622877 ] } },
{ "type": "Feature", "properties": { "population": 831.6806640625 }, "geometry": { "type": "Point", "coordinates": [ -1.619650000322504, 53.817783333622877 ] } },
{ "type": "Feature", "properties": { "population": 353.50567626953125 }, "geometry": { "type": "Point", "coordinates": [ -1.615483333672376, 53.817783333622877 ] } },
{ "type": "Feature", "properties": { "population": 518.42120361328125 }, "geometry": { "type": "Point", "coordinates": [ -1.611316667022248, 53.817783333622877 ] } },
{ "type": "Feature", "properties": { "population": 388.762939453125 }, "geometry": { "type": "Point", "coordinates": [ -1.60715000037212, 53.817783333622877 ] } },
{ "type": "Feature", "properties": { "population": 318.9080810546875 }, "geometry": { "type": "Point", "coordinates": [ -1.602983333721992, 53.817783333622877 ] } },
{ "type": "Feature", "properties": { "population": 895.09112548828125 }, "geometry": { "type": "Point", "coordinates": [ -1.598816667071864, 53.817783333622877 ] } },
{ "type": "Feature", "properties": { "population": 615.28399658203125 }, "geometry": { "type": "Point", "coordinates": [ -1.594650000421736, 53.817783333622877 ] } },
{ "type": "Feature", "properties": { "population": 1041.74951171875 }, "geometry": { "type": "Point", "coordinates": [ -1.590483333771608, 53.817783333622877 ] } },
{ "type": "Feature", "properties": { "population": 1576.80908203125 }, "geometry": { "type": "Point", "coordinates": [ -1.58631666712148, 53.817783333622877 ] } },
{ "type": "Feature", "properties": { "population": 914.97125244140625 }, "geometry": { "type": "Point", "coordinates": [ -1.582150000471352, 53.817783333622877 ] } },
{ "type": "Feature", "properties": { "population": 1470.2611083984375 }, "geometry": { "type": "Point", "coordinates": [ -1.577983333821223, 53.817783333622877 ] } },
{ "type": "Feature", "properties": { "population": 1254.202392578125 }, "geometry": { "type": "Point", "coordinates": [ -1.573816667171096, 53.817783333622877 ] } },
{ "type": "Feature", "properties": { "population": 522.3572998046875 }, "geometry": { "type": "Point", "coordinates": [ -1.569650000520967, 53.817783333622877 ] } },
{ "type": "Feature", "properties": { "population": 1015.7297973632812 }, "geometry": { "type": "Point", "coordinates": [ -1.565483333870839, 53.817783333622877 ] } },
{ "type": "Feature", "properties": { "population": 763.1129150390625 }, "geometry": { "type": "Point", "coordinates": [ -1.561316667220711, 53.817783333622877 ] } },
{ "type": "Feature", "properties": { "population": 1083.7076416015625 }, "geometry": { "type": "Point", "coordinates": [ -1.557150000570583, 53.817783333622877 ] } },
{ "type": "Feature", "properties": { "population": 1210.3350830078125 }, "geometry": { "type": "Point", "coordinates": [ -1.552983333920455, 53.817783333622877 ] } },
{ "type": "Feature", "properties": { "population": 563.1217041015625 }, "geometry": { "type": "Point", "coordinates": [ -1.548816667270327, 53.817783333622877 ] } },
{ "type": "Feature", "properties": { "population": 249.59001159667969 }, "geometry": { "type": "Point", "coordinates": [ -1.544650000620199, 53.817783333622877 ] } },
{ "type": "Feature", "properties": { "population": 535.9852294921875 }, "geometry": { "type": "Point", "coordinates": [ -1.540483333970071, 53.817783333622877 ] } },
{ "type": "Feature", "properties": { "population": 1334.0875244140625 }, "geometry": { "type": "Point", "coordinates": [ -1.536316667319943, 53.817783333622877 ] } },
{ "type": "Feature", "properties": { "population": 901.805419921875 }, "geometry": { "type": "Point", "coordinates": [ -1.532150000669815, 53.817783333622877 ] } },
{ "type": "Feature", "properties": { "population": 872.11669921875 }, "geometry": { "type": "Point", "coordinates": [ -1.527983334019687, 53.817783333622877 ] } },
{ "type": "Feature", "properties": { "population": 1509.6331787109375 }, "geometry": { "type": "Point", "coordinates": [ -1.523816667369559, 53.817783333622877 ] } },
{ "type": "Feature", "properties": { "population": 2437.28955078125 }, "geometry": { "type": "Point", "coordinates": [ -1.519650000719431, 53.817783333622877 ] } },
{ "type": "Feature", "properties": { "population": 1436.98583984375 }, "geometry": { "type": "Point", "coordinates": [ -1.515483334069303, 53.817783333622877 ] } },
{ "type": "Feature", "properties": { "population": 978.64306640625 }, "geometry": { "type": "Point", "coordinates": [ -1.511316667419175, 53.817783333622877 ] } },
{ "type": "Feature", "properties": { "population": 1102.7042236328125 }, "geometry": { "type": "Point", "coordinates": [ -1.507150000769047, 53.817783333622877 ] } },
{ "type": "Feature", "properties": { "population": 1132.6231689453125 }, "geometry": { "type": "Point", "coordinates": [ -1.502983334118919, 53.817783333622877 ] } },
{ "type": "Feature", "properties": { "population": 803.9705810546875 }, "geometry": { "type": "Point", "coordinates": [ -1.498816667468791, 53.817783333622877 ] } },
{ "type": "Feature", "properties": { "population": 808.6951904296875 }, "geometry": { "type": "Point", "coordinates": [ -1.494650000818663, 53.817783333622877 ] } },
{ "type": "Feature", "properties": { "population": 619.525390625 }, "geometry": { "type": "Point", "coordinates": [ -1.490483334168535, 53.817783333622877 ] } },
{ "type": "Feature", "properties": { "population": 379.18212890625 }, "geometry": { "type": "Point", "coordinates": [ -1.486316667518407, 53.817783333622877 ] } },
{ "type": "Feature", "properties": { "population": 276.9163818359375 }, "geometry": { "type": "Point", "coordinates": [ -1.482150000868279, 53.817783333622877 ] } },
{ "type": "Feature", "properties": { "population": 423.04937744140625 }, "geometry": { "type": "Point", "coordinates": [ -1.477983334218151, 53.817783333622877 ] } },
{ "type": "Feature", "properties": { "population": 387.71841430664062 }, "geometry": { "type": "Point", "coordinates": [ -1.473816667568022, 53.817783333622877 ] } },
{ "type": "Feature", "properties": { "population": 518.3641357421875 }, "geometry": { "type": "Point", "coordinates": [ -1.469650000917895, 53.817783333622877 ] } },
{ "type": "Feature", "properties": { "population": 542.348876953125 }, "geometry": { "type": "Point", "coordinates": [ -1.465483334267766, 53.817783333622877 ] } },
{ "type": "Feature", "properties": { "population": 423.50735473632812 }, "geometry": { "type": "Point", "coordinates": [ -1.461316667617638, 53.817783333622877 ] } },
{ "type": "Feature", "properties": { "population": 509.38632202148438 }, "geometry": { "type": "Point", "coordinates": [ -1.45715000096751, 53.817783333622877 ] } },
{ "type": "Feature", "properties": { "population": 781.4354248046875 }, "geometry": { "type": "Point", "coordinates": [ -1.452983334317382, 53.817783333622877 ] } },
{ "type": "Feature", "properties": { "population": 658.313720703125 }, "geometry": { "type": "Point", "coordinates": [ -1.448816667667254, 53.817783333622877 ] } },
{ "type": "Feature", "properties": { "population": 770.7320556640625 }, "geometry": { "type": "Point", "coordinates": [ -1.444650001017126, 53.817783333622877 ] } },
{ "type": "Feature", "properties": { "population": 820.3095703125 }, "geometry": { "type": "Point", "coordinates": [ -1.440483334366998, 53.817783333622877 ] } },
{ "type": "Feature", "properties": { "population": 318.39132690429688 }, "geometry": { "type": "Point", "coordinates": [ -1.43631666771687, 53.817783333622877 ] } },
{ "type": "Feature", "properties": { "population": 18.224699020385742 }, "geometry": { "type": "Point", "coordinates": [ -1.432150001066742, 53.817783333622877 ] } },
{ "type": "Feature", "properties": { "population": 5.5064878463745117 }, "geometry": { "type": "Point", "coordinates": [ -1.427983334416614, 53.817783333622877 ] } },
{ "type": "Feature", "properties": { "population": 11.409548759460449 }, "geometry": { "type": "Point", "coordinates": [ -1.423816667766486, 53.817783333622877 ] } },
{ "type": "Feature", "properties": { "population": 22.843393325805664 }, "geometry": { "type": "Point", "coordinates": [ -1.419650001116358, 53.817783333622877 ] } },
{ "type": "Feature", "properties": { "population": 7.5734767913818359 }, "geometry": { "type": "Point", "coordinates": [ -1.41548333446623, 53.817783333622877 ] } },
{ "type": "Feature", "properties": { "population": 3.0122494697570801 }, "geometry": { "type": "Point", "coordinates": [ -1.411316667816102, 53.817783333622877 ] } },
{ "type": "Feature", "properties": { "population": 1.8689603805541992 }, "geometry": { "type": "Point", "coordinates": [ -1.407150001165974, 53.817783333622877 ] } },
{ "type": "Feature", "properties": { "population": 1.0845496654510498 }, "geometry": { "type": "Point", "coordinates": [ -1.402983334515846, 53.817783333622877 ] } },
{ "type": "Feature", "properties": { "population": 1.1474419832229614 }, "geometry": { "type": "Point", "coordinates": [ -1.398816667865718, 53.817783333622877 ] } },
{ "type": "Feature", "properties": { "population": 17.432895660400391 }, "geometry": { "type": "Point", "coordinates": [ -1.698816666674937, 53.813616666972763 ] } },
{ "type": "Feature", "properties": { "population": 32.360733032226562 }, "geometry": { "type": "Point", "coordinates": [ -1.694650000024809, 53.813616666972763 ] } },
{ "type": "Feature", "properties": { "population": 88.344497680664062 }, "geometry": { "type": "Point", "coordinates": [ -1.690483333374681, 53.813616666972763 ] } },
{ "type": "Feature", "properties": { "population": 38.641403198242188 }, "geometry": { "type": "Point", "coordinates": [ -1.686316666724553, 53.813616666972763 ] } },
{ "type": "Feature", "properties": { "population": 164.99981689453125 }, "geometry": { "type": "Point", "coordinates": [ -1.682150000074425, 53.813616666972763 ] } },
{ "type": "Feature", "properties": { "population": 572.5838623046875 }, "geometry": { "type": "Point", "coordinates": [ -1.677983333424297, 53.813616666972763 ] } },
{ "type": "Feature", "properties": { "population": 626.8873291015625 }, "geometry": { "type": "Point", "coordinates": [ -1.673816666774169, 53.813616666972763 ] } },
{ "type": "Feature", "properties": { "population": 599.8287353515625 }, "geometry": { "type": "Point", "coordinates": [ -1.66965000012404, 53.813616666972763 ] } },
{ "type": "Feature", "properties": { "population": 681.235107421875 }, "geometry": { "type": "Point", "coordinates": [ -1.665483333473912, 53.813616666972763 ] } },
{ "type": "Feature", "properties": { "population": 581.53533935546875 }, "geometry": { "type": "Point", "coordinates": [ -1.661316666823784, 53.813616666972763 ] } },
{ "type": "Feature", "properties": { "population": 621.94989013671875 }, "geometry": { "type": "Point", "coordinates": [ -1.657150000173656, 53.813616666972763 ] } },
{ "type": "Feature", "properties": { "population": 450.85678100585938 }, "geometry": { "type": "Point", "coordinates": [ -1.652983333523528, 53.813616666972763 ] } },
{ "type": "Feature", "properties": { "population": 593.44903564453125 }, "geometry": { "type": "Point", "coordinates": [ -1.6488166668734, 53.813616666972763 ] } },
{ "type": "Feature", "properties": { "population": 754.5491943359375 }, "geometry": { "type": "Point", "coordinates": [ -1.644650000223272, 53.813616666972763 ] } },
{ "type": "Feature", "properties": { "population": 551.29083251953125 }, "geometry": { "type": "Point", "coordinates": [ -1.640483333573144, 53.813616666972763 ] } },
{ "type": "Feature", "properties": { "population": 423.84103393554688 }, "geometry": { "type": "Point", "coordinates": [ -1.636316666923016, 53.813616666972763 ] } },
{ "type": "Feature", "properties": { "population": 839.6812744140625 }, "geometry": { "type": "Point", "coordinates": [ -1.632150000272888, 53.813616666972763 ] } },
{ "type": "Feature", "properties": { "population": 494.22119140625 }, "geometry": { "type": "Point", "coordinates": [ -1.62798333362276, 53.813616666972763 ] } },
{ "type": "Feature", "properties": { "population": 757.52362060546875 }, "geometry": { "type": "Point", "coordinates": [ -1.623816666972632, 53.813616666972763 ] } },
{ "type": "Feature", "properties": { "population": 865.1510009765625 }, "geometry": { "type": "Point", "coordinates": [ -1.619650000322504, 53.813616666972763 ] } },
{ "type": "Feature", "properties": { "population": 701.5904541015625 }, "geometry": { "type": "Point", "coordinates": [ -1.615483333672376, 53.813616666972763 ] } },
{ "type": "Feature", "properties": { "population": 936.8046875 }, "geometry": { "type": "Point", "coordinates": [ -1.611316667022248, 53.813616666972763 ] } },
{ "type": "Feature", "properties": { "population": 348.50363159179688 }, "geometry": { "type": "Point", "coordinates": [ -1.60715000037212, 53.813616666972763 ] } },
{ "type": "Feature", "properties": { "population": 176.26988220214844 }, "geometry": { "type": "Point", "coordinates": [ -1.602983333721992, 53.813616666972763 ] } },
{ "type": "Feature", "properties": { "population": 264.70074462890625 }, "geometry": { "type": "Point", "coordinates": [ -1.598816667071864, 53.813616666972763 ] } },
{ "type": "Feature", "properties": { "population": 871.7413330078125 }, "geometry": { "type": "Point", "coordinates": [ -1.594650000421736, 53.813616666972763 ] } },
{ "type": "Feature", "properties": { "population": 808.43389892578125 }, "geometry": { "type": "Point", "coordinates": [ -1.590483333771608, 53.813616666972763 ] } },
{ "type": "Feature", "properties": { "population": 1118.566162109375 }, "geometry": { "type": "Point", "coordinates": [ -1.58631666712148, 53.813616666972763 ] } },
{ "type": "Feature", "properties": { "population": 1423.466552734375 }, "geometry": { "type": "Point", "coordinates": [ -1.582150000471352, 53.813616666972763 ] } },
{ "type": "Feature", "properties": { "population": 1557.713134765625 }, "geometry": { "type": "Point", "coordinates": [ -1.577983333821223, 53.813616666972763 ] } },
{ "type": "Feature", "properties": { "population": 2416.259765625 }, "geometry": { "type": "Point", "coordinates": [ -1.573816667171096, 53.813616666972763 ] } },
{ "type": "Feature", "properties": { "population": 2566.67626953125 }, "geometry": { "type": "Point", "coordinates": [ -1.569650000520967, 53.813616666972763 ] } },
{ "type": "Feature", "properties": { "population": 1851.494384765625 }, "geometry": { "type": "Point", "coordinates": [ -1.565483333870839, 53.813616666972763 ] } },
{ "type": "Feature", "properties": { "population": 381.5272216796875 }, "geometry": { "type": "Point", "coordinates": [ -1.561316667220711, 53.813616666972763 ] } },
{ "type": "Feature", "properties": { "population": 554.93951416015625 }, "geometry": { "type": "Point", "coordinates": [ -1.557150000570583, 53.813616666972763 ] } },
{ "type": "Feature", "properties": { "population": 1293.384033203125 }, "geometry": { "type": "Point", "coordinates": [ -1.552983333920455, 53.813616666972763 ] } },
{ "type": "Feature", "properties": { "population": 1135.834228515625 }, "geometry": { "type": "Point", "coordinates": [ -1.548816667270327, 53.813616666972763 ] } },
{ "type": "Feature", "properties": { "population": 591.940185546875 }, "geometry": { "type": "Point", "coordinates": [ -1.544650000620199, 53.813616666972763 ] } },
{ "type": "Feature", "properties": { "population": 203.86013793945312 }, "geometry": { "type": "Point", "coordinates": [ -1.540483333970071, 53.813616666972763 ] } },
{ "type": "Feature", "properties": { "population": 953.37103271484375 }, "geometry": { "type": "Point", "coordinates": [ -1.536316667319943, 53.813616666972763 ] } },
{ "type": "Feature", "properties": { "population": 740.7635498046875 }, "geometry": { "type": "Point", "coordinates": [ -1.532150000669815, 53.813616666972763 ] } },
{ "type": "Feature", "properties": { "population": 713.07647705078125 }, "geometry": { "type": "Point", "coordinates": [ -1.527983334019687, 53.813616666972763 ] } },
{ "type": "Feature", "properties": { "population": 1150.79541015625 }, "geometry": { "type": "Point", "coordinates": [ -1.523816667369559, 53.813616666972763 ] } },
{ "type": "Feature", "properties": { "population": 1513.1907958984375 }, "geometry": { "type": "Point", "coordinates": [ -1.519650000719431, 53.813616666972763 ] } },
{ "type": "Feature", "properties": { "population": 1804.43212890625 }, "geometry": { "type": "Point", "coordinates": [ -1.515483334069303, 53.813616666972763 ] } },
{ "type": "Feature", "properties": { "population": 1931.478271484375 }, "geometry": { "type": "Point", "coordinates": [ -1.511316667419175, 53.813616666972763 ] } },
{ "type": "Feature", "properties": { "population": 1108.613525390625 }, "geometry": { "type": "Point", "coordinates": [ -1.507150000769047, 53.813616666972763 ] } },
{ "type": "Feature", "properties": { "population": 918.53662109375 }, "geometry": { "type": "Point", "coordinates": [ -1.502983334118919, 53.813616666972763 ] } },
{ "type": "Feature", "properties": { "population": 746.71697998046875 }, "geometry": { "type": "Point", "coordinates": [ -1.498816667468791, 53.813616666972763 ] } },
{ "type": "Feature", "properties": { "population": 573.338623046875 }, "geometry": { "type": "Point", "coordinates": [ -1.494650000818663, 53.813616666972763 ] } },
{ "type": "Feature", "properties": { "population": 423.59814453125 }, "geometry": { "type": "Point", "coordinates": [ -1.490483334168535, 53.813616666972763 ] } },
{ "type": "Feature", "properties": { "population": 140.96473693847656 }, "geometry": { "type": "Point", "coordinates": [ -1.486316667518407, 53.813616666972763 ] } },
{ "type": "Feature", "properties": { "population": 348.37615966796875 }, "geometry": { "type": "Point", "coordinates": [ -1.482150000868279, 53.813616666972763 ] } },
{ "type": "Feature", "properties": { "population": 649.01519775390625 }, "geometry": { "type": "Point", "coordinates": [ -1.477983334218151, 53.813616666972763 ] } },
{ "type": "Feature", "properties": { "population": 523.3575439453125 }, "geometry": { "type": "Point", "coordinates": [ -1.473816667568022, 53.813616666972763 ] } },
{ "type": "Feature", "properties": { "population": 642.62579345703125 }, "geometry": { "type": "Point", "coordinates": [ -1.469650000917895, 53.813616666972763 ] } },
{ "type": "Feature", "properties": { "population": 543.20361328125 }, "geometry": { "type": "Point", "coordinates": [ -1.465483334267766, 53.813616666972763 ] } },
{ "type": "Feature", "properties": { "population": 312.40386962890625 }, "geometry": { "type": "Point", "coordinates": [ -1.461316667617638, 53.813616666972763 ] } },
{ "type": "Feature", "properties": { "population": 575.73980712890625 }, "geometry": { "type": "Point", "coordinates": [ -1.45715000096751, 53.813616666972763 ] } },
{ "type": "Feature", "properties": { "population": 617.16046142578125 }, "geometry": { "type": "Point", "coordinates": [ -1.452983334317382, 53.813616666972763 ] } },
{ "type": "Feature", "properties": { "population": 304.88543701171875 }, "geometry": { "type": "Point", "coordinates": [ -1.448816667667254, 53.813616666972763 ] } },
{ "type": "Feature", "properties": { "population": 720.3209228515625 }, "geometry": { "type": "Point", "coordinates": [ -1.444650001017126, 53.813616666972763 ] } },
{ "type": "Feature", "properties": { "population": 680.73065185546875 }, "geometry": { "type": "Point", "coordinates": [ -1.440483334366998, 53.813616666972763 ] } },
{ "type": "Feature", "properties": { "population": 404.2877197265625 }, "geometry": { "type": "Point", "coordinates": [ -1.43631666771687, 53.813616666972763 ] } },
{ "type": "Feature", "properties": { "population": 267.44717407226562 }, "geometry": { "type": "Point", "coordinates": [ -1.432150001066742, 53.813616666972763 ] } },
{ "type": "Feature", "properties": { "population": 50.221958160400391 }, "geometry": { "type": "Point", "coordinates": [ -1.427983334416614, 53.813616666972763 ] } },
{ "type": "Feature", "properties": { "population": 5.3820791244506836 }, "geometry": { "type": "Point", "coordinates": [ -1.423816667766486, 53.813616666972763 ] } },
{ "type": "Feature", "properties": { "population": 1.6425292491912842 }, "geometry": { "type": "Point", "coordinates": [ -1.419650001116358, 53.813616666972763 ] } },
{ "type": "Feature", "properties": { "population": 0.79548215866088867 }, "geometry": { "type": "Point", "coordinates": [ -1.41548333446623, 53.813616666972763 ] } },
{ "type": "Feature", "properties": { "population": 0.58917796611785889 }, "geometry": { "type": "Point", "coordinates": [ -1.411316667816102, 53.813616666972763 ] } },
{ "type": "Feature", "properties": { "population": 0.52081453800201416 }, "geometry": { "type": "Point", "coordinates": [ -1.407150001165974, 53.813616666972763 ] } },
{ "type": "Feature", "properties": { "population": 0.83367633819580078 }, "geometry": { "type": "Point", "coordinates": [ -1.402983334515846, 53.813616666972763 ] } },
{ "type": "Feature", "properties": { "population": 1.0778772830963135 }, "geometry": { "type": "Point", "coordinates": [ -1.398816667865718, 53.813616666972763 ] } },
{ "type": "Feature", "properties": { "population": 15.852571487426758 }, "geometry": { "type": "Point", "coordinates": [ -1.698816666674937, 53.809450000322641 ] } },
{ "type": "Feature", "properties": { "population": 222.68583679199219 }, "geometry": { "type": "Point", "coordinates": [ -1.694650000024809, 53.809450000322641 ] } },
{ "type": "Feature", "properties": { "population": 297.71286010742188 }, "geometry": { "type": "Point", "coordinates": [ -1.690483333374681, 53.809450000322641 ] } },
{ "type": "Feature", "properties": { "population": 192.12274169921875 }, "geometry": { "type": "Point", "coordinates": [ -1.686316666724553, 53.809450000322641 ] } },
{ "type": "Feature", "properties": { "population": 332.25985717773438 }, "geometry": { "type": "Point", "coordinates": [ -1.682150000074425, 53.809450000322641 ] } },
{ "type": "Feature", "properties": { "population": 763.291259765625 }, "geometry": { "type": "Point", "coordinates": [ -1.677983333424297, 53.809450000322641 ] } },
{ "type": "Feature", "properties": { "population": 1139.575927734375 }, "geometry": { "type": "Point", "coordinates": [ -1.673816666774169, 53.809450000322641 ] } },
{ "type": "Feature", "properties": { "population": 596.9788818359375 }, "geometry": { "type": "Point", "coordinates": [ -1.66965000012404, 53.809450000322641 ] } },
{ "type": "Feature", "properties": { "population": 486.45193481445312 }, "geometry": { "type": "Point", "coordinates": [ -1.665483333473912, 53.809450000322641 ] } },
{ "type": "Feature", "properties": { "population": 432.32708740234375 }, "geometry": { "type": "Point", "coordinates": [ -1.661316666823784, 53.809450000322641 ] } },
{ "type": "Feature", "properties": { "population": 491.14739990234375 }, "geometry": { "type": "Point", "coordinates": [ -1.657150000173656, 53.809450000322641 ] } },
{ "type": "Feature", "properties": { "population": 433.78457641601562 }, "geometry": { "type": "Point", "coordinates": [ -1.652983333523528, 53.809450000322641 ] } },
{ "type": "Feature", "properties": { "population": 898.9222412109375 }, "geometry": { "type": "Point", "coordinates": [ -1.6488166668734, 53.809450000322641 ] } },
{ "type": "Feature", "properties": { "population": 456.40359497070312 }, "geometry": { "type": "Point", "coordinates": [ -1.644650000223272, 53.809450000322641 ] } },
{ "type": "Feature", "properties": { "population": 584.700439453125 }, "geometry": { "type": "Point", "coordinates": [ -1.640483333573144, 53.809450000322641 ] } },
{ "type": "Feature", "properties": { "population": 999.986328125 }, "geometry": { "type": "Point", "coordinates": [ -1.636316666923016, 53.809450000322641 ] } },
{ "type": "Feature", "properties": { "population": 794.53399658203125 }, "geometry": { "type": "Point", "coordinates": [ -1.632150000272888, 53.809450000322641 ] } },
{ "type": "Feature", "properties": { "population": 668.0679931640625 }, "geometry": { "type": "Point", "coordinates": [ -1.62798333362276, 53.809450000322641 ] } },
{ "type": "Feature", "properties": { "population": 1104.35693359375 }, "geometry": { "type": "Point", "coordinates": [ -1.623816666972632, 53.809450000322641 ] } },
{ "type": "Feature", "properties": { "population": 910.214599609375 }, "geometry": { "type": "Point", "coordinates": [ -1.619650000322504, 53.809450000322641 ] } },
{ "type": "Feature", "properties": { "population": 584.77606201171875 }, "geometry": { "type": "Point", "coordinates": [ -1.615483333672376, 53.809450000322641 ] } },
{ "type": "Feature", "properties": { "population": 767.3751220703125 }, "geometry": { "type": "Point", "coordinates": [ -1.611316667022248, 53.809450000322641 ] } },
{ "type": "Feature", "properties": { "population": 326.4464111328125 }, "geometry": { "type": "Point", "coordinates": [ -1.60715000037212, 53.809450000322641 ] } },
{ "type": "Feature", "properties": { "population": 31.743408203125 }, "geometry": { "type": "Point", "coordinates": [ -1.602983333721992, 53.809450000322641 ] } },
{ "type": "Feature", "properties": { "population": 52.460487365722656 }, "geometry": { "type": "Point", "coordinates": [ -1.598816667071864, 53.809450000322641 ] } },
{ "type": "Feature", "properties": { "population": 194.88046264648438 }, "geometry": { "type": "Point", "coordinates": [ -1.594650000421736, 53.809450000322641 ] } },
{ "type": "Feature", "properties": { "population": 709.78466796875 }, "geometry": { "type": "Point", "coordinates": [ -1.590483333771608, 53.809450000322641 ] } },
{ "type": "Feature", "properties": { "population": 1306.82763671875 }, "geometry": { "type": "Point", "coordinates": [ -1.58631666712148, 53.809450000322641 ] } },
{ "type": "Feature", "properties": { "population": 829.9862060546875 }, "geometry": { "type": "Point", "coordinates": [ -1.582150000471352, 53.809450000322641 ] } },
{ "type": "Feature", "properties": { "population": 692.166748046875 }, "geometry": { "type": "Point", "coordinates": [ -1.577983333821223, 53.809450000322641 ] } },
{ "type": "Feature", "properties": { "population": 2247.853271484375 }, "geometry": { "type": "Point", "coordinates": [ -1.573816667171096, 53.809450000322641 ] } },
{ "type": "Feature", "properties": { "population": 2042.278076171875 }, "geometry": { "type": "Point", "coordinates": [ -1.569650000520967, 53.809450000322641 ] } },
{ "type": "Feature", "properties": { "population": 1148.286865234375 }, "geometry": { "type": "Point", "coordinates": [ -1.565483333870839, 53.809450000322641 ] } },
{ "type": "Feature", "properties": { "population": 333.06265258789062 }, "geometry": { "type": "Point", "coordinates": [ -1.561316667220711, 53.809450000322641 ] } },
{ "type": "Feature", "properties": { "population": 595.75439453125 }, "geometry": { "type": "Point", "coordinates": [ -1.557150000570583, 53.809450000322641 ] } },
{ "type": "Feature", "properties": { "population": 962.9268798828125 }, "geometry": { "type": "Point", "coordinates": [ -1.552983333920455, 53.809450000322641 ] } },
{ "type": "Feature", "properties": { "population": 1516.545166015625 }, "geometry": { "type": "Point", "coordinates": [ -1.548816667270327, 53.809450000322641 ] } },
{ "type": "Feature", "properties": { "population": 741.1072998046875 }, "geometry": { "type": "Point", "coordinates": [ -1.544650000620199, 53.809450000322641 ] } },
{ "type": "Feature", "properties": { "population": 350.29656982421875 }, "geometry": { "type": "Point", "coordinates": [ -1.540483333970071, 53.809450000322641 ] } },
{ "type": "Feature", "properties": { "population": 197.64320373535156 }, "geometry": { "type": "Point", "coordinates": [ -1.536316667319943, 53.809450000322641 ] } },
{ "type": "Feature", "properties": { "population": 168.52366638183594 }, "geometry": { "type": "Point", "coordinates": [ -1.532150000669815, 53.809450000322641 ] } },
{ "type": "Feature", "properties": { "population": 437.44677734375 }, "geometry": { "type": "Point", "coordinates": [ -1.527983334019687, 53.809450000322641 ] } },
{ "type": "Feature", "properties": { "population": 851.8927001953125 }, "geometry": { "type": "Point", "coordinates": [ -1.523816667369559, 53.809450000322641 ] } },
{ "type": "Feature", "properties": { "population": 1167.841552734375 }, "geometry": { "type": "Point", "coordinates": [ -1.519650000719431, 53.809450000322641 ] } },
{ "type": "Feature", "properties": { "population": 1527.121337890625 }, "geometry": { "type": "Point", "coordinates": [ -1.515483334069303, 53.809450000322641 ] } },
{ "type": "Feature", "properties": { "population": 1660.7796630859375 }, "geometry": { "type": "Point", "coordinates": [ -1.511316667419175, 53.809450000322641 ] } },
{ "type": "Feature", "properties": { "population": 1425.02001953125 }, "geometry": { "type": "Point", "coordinates": [ -1.507150000769047, 53.809450000322641 ] } },
{ "type": "Feature", "properties": { "population": 537.58740234375 }, "geometry": { "type": "Point", "coordinates": [ -1.502983334118919, 53.809450000322641 ] } },
{ "type": "Feature", "properties": { "population": 344.29129028320312 }, "geometry": { "type": "Point", "coordinates": [ -1.498816667468791, 53.809450000322641 ] } },
{ "type": "Feature", "properties": { "population": 609.98309326171875 }, "geometry": { "type": "Point", "coordinates": [ -1.494650000818663, 53.809450000322641 ] } },
{ "type": "Feature", "properties": { "population": 687.6060791015625 }, "geometry": { "type": "Point", "coordinates": [ -1.490483334168535, 53.809450000322641 ] } },
{ "type": "Feature", "properties": { "population": 185.85581970214844 }, "geometry": { "type": "Point", "coordinates": [ -1.486316667518407, 53.809450000322641 ] } },
{ "type": "Feature", "properties": { "population": 95.589546203613281 }, "geometry": { "type": "Point", "coordinates": [ -1.482150000868279, 53.809450000322641 ] } },
{ "type": "Feature", "properties": { "population": 456.16104125976562 }, "geometry": { "type": "Point", "coordinates": [ -1.477983334218151, 53.809450000322641 ] } },
{ "type": "Feature", "properties": { "population": 394.258544921875 }, "geometry": { "type": "Point", "coordinates": [ -1.473816667568022, 53.809450000322641 ] } },
{ "type": "Feature", "properties": { "population": 569.45172119140625 }, "geometry": { "type": "Point", "coordinates": [ -1.469650000917895, 53.809450000322641 ] } },
{ "type": "Feature", "properties": { "population": 585.9344482421875 }, "geometry": { "type": "Point", "coordinates": [ -1.465483334267766, 53.809450000322641 ] } },
{ "type": "Feature", "properties": { "population": 661.8736572265625 }, "geometry": { "type": "Point", "coordinates": [ -1.461316667617638, 53.809450000322641 ] } },
{ "type": "Feature", "properties": { "population": 841.7803955078125 }, "geometry": { "type": "Point", "coordinates": [ -1.45715000096751, 53.809450000322641 ] } },
{ "type": "Feature", "properties": { "population": 674.03826904296875 }, "geometry": { "type": "Point", "coordinates": [ -1.452983334317382, 53.809450000322641 ] } },
{ "type": "Feature", "properties": { "population": 724.37384033203125 }, "geometry": { "type": "Point", "coordinates": [ -1.448816667667254, 53.809450000322641 ] } },
{ "type": "Feature", "properties": { "population": 384.14181518554688 }, "geometry": { "type": "Point", "coordinates": [ -1.444650001017126, 53.809450000322641 ] } },
{ "type": "Feature", "properties": { "population": 544.8953857421875 }, "geometry": { "type": "Point", "coordinates": [ -1.440483334366998, 53.809450000322641 ] } },
{ "type": "Feature", "properties": { "population": 101.89231109619141 }, "geometry": { "type": "Point", "coordinates": [ -1.43631666771687, 53.809450000322641 ] } },
{ "type": "Feature", "properties": { "population": 210.86148071289062 }, "geometry": { "type": "Point", "coordinates": [ -1.432150001066742, 53.809450000322641 ] } },
{ "type": "Feature", "properties": { "population": 308.70993041992188 }, "geometry": { "type": "Point", "coordinates": [ -1.427983334416614, 53.809450000322641 ] } },
{ "type": "Feature", "properties": { "population": 8.6506128311157227 }, "geometry": { "type": "Point", "coordinates": [ -1.423816667766486, 53.809450000322641 ] } },
{ "type": "Feature", "properties": { "population": 2.1574051380157471 }, "geometry": { "type": "Point", "coordinates": [ -1.419650001116358, 53.809450000322641 ] } },
{ "type": "Feature", "properties": { "population": 1.1094403266906738 }, "geometry": { "type": "Point", "coordinates": [ -1.41548333446623, 53.809450000322641 ] } },
{ "type": "Feature", "properties": { "population": 1.2834634780883789 }, "geometry": { "type": "Point", "coordinates": [ -1.411316667816102, 53.809450000322641 ] } },
{ "type": "Feature", "properties": { "population": 1.659926176071167 }, "geometry": { "type": "Point", "coordinates": [ -1.407150001165974, 53.809450000322641 ] } },
{ "type": "Feature", "properties": { "population": 1.1732519865036011 }, "geometry": { "type": "Point", "coordinates": [ -1.402983334515846, 53.809450000322641 ] } },
{ "type": "Feature", "properties": { "population": 1.5172600746154785 }, "geometry": { "type": "Point", "coordinates": [ -1.398816667865718, 53.809450000322641 ] } },
{ "type": "Feature", "properties": { "population": 82.621826171875 }, "geometry": { "type": "Point", "coordinates": [ -1.698816666674937, 53.80528333367252 ] } },
{ "type": "Feature", "properties": { "population": 304.21197509765625 }, "geometry": { "type": "Point", "coordinates": [ -1.694650000024809, 53.80528333367252 ] } },
{ "type": "Feature", "properties": { "population": 586.0897216796875 }, "geometry": { "type": "Point", "coordinates": [ -1.690483333374681, 53.80528333367252 ] } },
{ "type": "Feature", "properties": { "population": 461.08114624023438 }, "geometry": { "type": "Point", "coordinates": [ -1.686316666724553, 53.80528333367252 ] } },
{ "type": "Feature", "properties": { "population": 378.2274169921875 }, "geometry": { "type": "Point", "coordinates": [ -1.682150000074425, 53.80528333367252 ] } },
{ "type": "Feature", "properties": { "population": 243.59552001953125 }, "geometry": { "type": "Point", "coordinates": [ -1.677983333424297, 53.80528333367252 ] } },
{ "type": "Feature", "properties": { "population": 470.53488159179688 }, "geometry": { "type": "Point", "coordinates": [ -1.673816666774169, 53.80528333367252 ] } },
{ "type": "Feature", "properties": { "population": 232.0203857421875 }, "geometry": { "type": "Point", "coordinates": [ -1.66965000012404, 53.80528333367252 ] } },
{ "type": "Feature", "properties": { "population": 162.25981140136719 }, "geometry": { "type": "Point", "coordinates": [ -1.665483333473912, 53.80528333367252 ] } },
{ "type": "Feature", "properties": { "population": 158.73359680175781 }, "geometry": { "type": "Point", "coordinates": [ -1.661316666823784, 53.80528333367252 ] } },
{ "type": "Feature", "properties": { "population": 194.05747985839844 }, "geometry": { "type": "Point", "coordinates": [ -1.657150000173656, 53.80528333367252 ] } },
{ "type": "Feature", "properties": { "population": 223.11943054199219 }, "geometry": { "type": "Point", "coordinates": [ -1.652983333523528, 53.80528333367252 ] } },
{ "type": "Feature", "properties": { "population": 389.77386474609375 }, "geometry": { "type": "Point", "coordinates": [ -1.6488166668734, 53.80528333367252 ] } },
{ "type": "Feature", "properties": { "population": 566.95660400390625 }, "geometry": { "type": "Point", "coordinates": [ -1.644650000223272, 53.80528333367252 ] } },
{ "type": "Feature", "properties": { "population": 570.23431396484375 }, "geometry": { "type": "Point", "coordinates": [ -1.640483333573144, 53.80528333367252 ] } },
{ "type": "Feature", "properties": { "population": 442.63836669921875 }, "geometry": { "type": "Point", "coordinates": [ -1.636316666923016, 53.80528333367252 ] } },
{ "type": "Feature", "properties": { "population": 515.12298583984375 }, "geometry": { "type": "Point", "coordinates": [ -1.632150000272888, 53.80528333367252 ] } },
{ "type": "Feature", "properties": { "population": 933.41363525390625 }, "geometry": { "type": "Point", "coordinates": [ -1.62798333362276, 53.80528333367252 ] } },
{ "type": "Feature", "properties": { "population": 702.6773681640625 }, "geometry": { "type": "Point", "coordinates": [ -1.623816666972632, 53.80528333367252 ] } },
{ "type": "Feature", "properties": { "population": 486.72674560546875 }, "geometry": { "type": "Point", "coordinates": [ -1.619650000322504, 53.80528333367252 ] } },
{ "type": "Feature", "properties": { "population": 713.23388671875 }, "geometry": { "type": "Point", "coordinates": [ -1.615483333672376, 53.80528333367252 ] } },
{ "type": "Feature", "properties": { "population": 824.0732421875 }, "geometry": { "type": "Point", "coordinates": [ -1.611316667022248, 53.80528333367252 ] } },
{ "type": "Feature", "properties": { "population": 517.965576171875 }, "geometry": { "type": "Point", "coordinates": [ -1.60715000037212, 53.80528333367252 ] } },
{ "type": "Feature", "properties": { "population": 39.494369506835938 }, "geometry": { "type": "Point", "coordinates": [ -1.602983333721992, 53.80528333367252 ] } },
{ "type": "Feature", "properties": { "population": 60.241073608398438 }, "geometry": { "type": "Point", "coordinates": [ -1.598816667071864, 53.80528333367252 ] } },
{ "type": "Feature", "properties": { "population": 63.491035461425781 }, "geometry": { "type": "Point", "coordinates": [ -1.594650000421736, 53.80528333367252 ] } },
{ "type": "Feature", "properties": { "population": 41.09033203125 }, "geometry": { "type": "Point", "coordinates": [ -1.590483333771608, 53.80528333367252 ] } },
{ "type": "Feature", "properties": { "population": 169.91928100585938 }, "geometry": { "type": "Point", "coordinates": [ -1.58631666712148, 53.80528333367252 ] } },
{ "type": "Feature", "properties": { "population": 269.9957275390625 }, "geometry": { "type": "Point", "coordinates": [ -1.582150000471352, 53.80528333367252 ] } },
{ "type": "Feature", "properties": { "population": 318.8330078125 }, "geometry": { "type": "Point", "coordinates": [ -1.577983333821223, 53.80528333367252 ] } },
{ "type": "Feature", "properties": { "population": 905.85687255859375 }, "geometry": { "type": "Point", "coordinates": [ -1.573816667171096, 53.80528333367252 ] } },
{ "type": "Feature", "properties": { "population": 962.10406494140625 }, "geometry": { "type": "Point", "coordinates": [ -1.569650000520967, 53.80528333367252 ] } },
{ "type": "Feature", "properties": { "population": 1222.677978515625 }, "geometry": { "type": "Point", "coordinates": [ -1.565483333870839, 53.80528333367252 ] } },
{ "type": "Feature", "properties": { "population": 1021.0379638671875 }, "geometry": { "type": "Point", "coordinates": [ -1.561316667220711, 53.80528333367252 ] } },
{ "type": "Feature", "properties": { "population": 751.64453125 }, "geometry": { "type": "Point", "coordinates": [ -1.557150000570583, 53.80528333367252 ] } },
{ "type": "Feature", "properties": { "population": 399.33880615234375 }, "geometry": { "type": "Point", "coordinates": [ -1.552983333920455, 53.80528333367252 ] } },
{ "type": "Feature", "properties": { "population": 496.06344604492188 }, "geometry": { "type": "Point", "coordinates": [ -1.548816667270327, 53.80528333367252 ] } },
{ "type": "Feature", "properties": { "population": 691.9920654296875 }, "geometry": { "type": "Point", "coordinates": [ -1.544650000620199, 53.80528333367252 ] } },
{ "type": "Feature", "properties": { "population": 1477.7860107421875 }, "geometry": { "type": "Point", "coordinates": [ -1.540483333970071, 53.80528333367252 ] } },
{ "type": "Feature", "properties": { "population": 808.010498046875 }, "geometry": { "type": "Point", "coordinates": [ -1.536316667319943, 53.80528333367252 ] } },
{ "type": "Feature", "properties": { "population": 425.96063232421875 }, "geometry": { "type": "Point", "coordinates": [ -1.532150000669815, 53.80528333367252 ] } },
{ "type": "Feature", "properties": { "population": 741.9466552734375 }, "geometry": { "type": "Point", "coordinates": [ -1.527983334019687, 53.80528333367252 ] } },
{ "type": "Feature", "properties": { "population": 590.7142333984375 }, "geometry": { "type": "Point", "coordinates": [ -1.523816667369559, 53.80528333367252 ] } },
{ "type": "Feature", "properties": { "population": 810.13629150390625 }, "geometry": { "type": "Point", "coordinates": [ -1.519650000719431, 53.80528333367252 ] } },
{ "type": "Feature", "properties": { "population": 330.7783203125 }, "geometry": { "type": "Point", "coordinates": [ -1.515483334069303, 53.80528333367252 ] } },
{ "type": "Feature", "properties": { "population": 861.06787109375 }, "geometry": { "type": "Point", "coordinates": [ -1.511316667419175, 53.80528333367252 ] } },
{ "type": "Feature", "properties": { "population": 1179.6351318359375 }, "geometry": { "type": "Point", "coordinates": [ -1.507150000769047, 53.80528333367252 ] } },
{ "type": "Feature", "properties": { "population": 1324.028076171875 }, "geometry": { "type": "Point", "coordinates": [ -1.502983334118919, 53.80528333367252 ] } },
{ "type": "Feature", "properties": { "population": 447.114013671875 }, "geometry": { "type": "Point", "coordinates": [ -1.498816667468791, 53.80528333367252 ] } },
{ "type": "Feature", "properties": { "population": 467.95181274414062 }, "geometry": { "type": "Point", "coordinates": [ -1.494650000818663, 53.80528333367252 ] } },
{ "type": "Feature", "properties": { "population": 696.5469970703125 }, "geometry": { "type": "Point", "coordinates": [ -1.490483334168535, 53.80528333367252 ] } },
{ "type": "Feature", "properties": { "population": 290.35311889648438 }, "geometry": { "type": "Point", "coordinates": [ -1.486316667518407, 53.80528333367252 ] } },
{ "type": "Feature", "properties": { "population": 206.79573059082031 }, "geometry": { "type": "Point", "coordinates": [ -1.482150000868279, 53.80528333367252 ] } },
{ "type": "Feature", "properties": { "population": 299.65304565429688 }, "geometry": { "type": "Point", "coordinates": [ -1.477983334218151, 53.80528333367252 ] } },
{ "type": "Feature", "properties": { "population": 251.76789855957031 }, "geometry": { "type": "Point", "coordinates": [ -1.473816667568022, 53.80528333367252 ] } },
{ "type": "Feature", "properties": { "population": 147.99508666992188 }, "geometry": { "type": "Point", "coordinates": [ -1.469650000917895, 53.80528333367252 ] } },
{ "type": "Feature", "properties": { "population": 170.136962890625 }, "geometry": { "type": "Point", "coordinates": [ -1.465483334267766, 53.80528333367252 ] } },
{ "type": "Feature", "properties": { "population": 543.17425537109375 }, "geometry": { "type": "Point", "coordinates": [ -1.461316667617638, 53.80528333367252 ] } },
{ "type": "Feature", "properties": { "population": 606.92034912109375 }, "geometry": { "type": "Point", "coordinates": [ -1.45715000096751, 53.80528333367252 ] } },
{ "type": "Feature", "properties": { "population": 554.3052978515625 }, "geometry": { "type": "Point", "coordinates": [ -1.452983334317382, 53.80528333367252 ] } },
{ "type": "Feature", "properties": { "population": 566.16827392578125 }, "geometry": { "type": "Point", "coordinates": [ -1.448816667667254, 53.80528333367252 ] } },
{ "type": "Feature", "properties": { "population": 680.421630859375 }, "geometry": { "type": "Point", "coordinates": [ -1.444650001017126, 53.80528333367252 ] } },
{ "type": "Feature", "properties": { "population": 133.33029174804688 }, "geometry": { "type": "Point", "coordinates": [ -1.440483334366998, 53.80528333367252 ] } },
{ "type": "Feature", "properties": { "population": 68.519119262695312 }, "geometry": { "type": "Point", "coordinates": [ -1.43631666771687, 53.80528333367252 ] } },
{ "type": "Feature", "properties": { "population": 70.652702331542969 }, "geometry": { "type": "Point", "coordinates": [ -1.432150001066742, 53.80528333367252 ] } },
{ "type": "Feature", "properties": { "population": 39.414028167724609 }, "geometry": { "type": "Point", "coordinates": [ -1.427983334416614, 53.80528333367252 ] } },
{ "type": "Feature", "properties": { "population": 8.7650642395019531 }, "geometry": { "type": "Point", "coordinates": [ -1.423816667766486, 53.80528333367252 ] } },
{ "type": "Feature", "properties": { "population": 2.4917995929718018 }, "geometry": { "type": "Point", "coordinates": [ -1.419650001116358, 53.80528333367252 ] } },
{ "type": "Feature", "properties": { "population": 1.2308073043823242 }, "geometry": { "type": "Point", "coordinates": [ -1.41548333446623, 53.80528333367252 ] } },
{ "type": "Feature", "properties": { "population": 0.83928501605987549 }, "geometry": { "type": "Point", "coordinates": [ -1.411316667816102, 53.80528333367252 ] } },
{ "type": "Feature", "properties": { "population": 0.7678678035736084 }, "geometry": { "type": "Point", "coordinates": [ -1.407150001165974, 53.80528333367252 ] } },
{ "type": "Feature", "properties": { "population": 1.3702149391174316 }, "geometry": { "type": "Point", "coordinates": [ -1.402983334515846, 53.80528333367252 ] } },
{ "type": "Feature", "properties": { "population": 5.5803890228271484 }, "geometry": { "type": "Point", "coordinates": [ -1.398816667865718, 53.80528333367252 ] } },
{ "type": "Feature", "properties": { "population": 238.92755126953125 }, "geometry": { "type": "Point", "coordinates": [ -1.698816666674937, 53.801116667022399 ] } },
{ "type": "Feature", "properties": { "population": 788.61663818359375 }, "geometry": { "type": "Point", "coordinates": [ -1.694650000024809, 53.801116667022399 ] } },
{ "type": "Feature", "properties": { "population": 703.6240234375 }, "geometry": { "type": "Point", "coordinates": [ -1.690483333374681, 53.801116667022399 ] } },
{ "type": "Feature", "properties": { "population": 390.08984375 }, "geometry": { "type": "Point", "coordinates": [ -1.686316666724553, 53.801116667022399 ] } },
{ "type": "Feature", "properties": { "population": 133.08773803710938 }, "geometry": { "type": "Point", "coordinates": [ -1.682150000074425, 53.801116667022399 ] } },
{ "type": "Feature", "properties": { "population": 225.19882202148438 }, "geometry": { "type": "Point", "coordinates": [ -1.677983333424297, 53.801116667022399 ] } },
{ "type": "Feature", "properties": { "population": 402.3829345703125 }, "geometry": { "type": "Point", "coordinates": [ -1.673816666774169, 53.801116667022399 ] } },
{ "type": "Feature", "properties": { "population": 638.5157470703125 }, "geometry": { "type": "Point", "coordinates": [ -1.66965000012404, 53.801116667022399 ] } },
{ "type": "Feature", "properties": { "population": 752.27001953125 }, "geometry": { "type": "Point", "coordinates": [ -1.665483333473912, 53.801116667022399 ] } },
{ "type": "Feature", "properties": { "population": 254.12747192382812 }, "geometry": { "type": "Point", "coordinates": [ -1.661316666823784, 53.801116667022399 ] } },
{ "type": "Feature", "properties": { "population": 350.64279174804688 }, "geometry": { "type": "Point", "coordinates": [ -1.657150000173656, 53.801116667022399 ] } },
{ "type": "Feature", "properties": { "population": 633.9935302734375 }, "geometry": { "type": "Point", "coordinates": [ -1.652983333523528, 53.801116667022399 ] } },
{ "type": "Feature", "properties": { "population": 824.98443603515625 }, "geometry": { "type": "Point", "coordinates": [ -1.6488166668734, 53.801116667022399 ] } },
{ "type": "Feature", "properties": { "population": 637.07373046875 }, "geometry": { "type": "Point", "coordinates": [ -1.644650000223272, 53.801116667022399 ] } },
{ "type": "Feature", "properties": { "population": 630.7298583984375 }, "geometry": { "type": "Point", "coordinates": [ -1.640483333573144, 53.801116667022399 ] } },
{ "type": "Feature", "properties": { "population": 457.87863159179688 }, "geometry": { "type": "Point", "coordinates": [ -1.636316666923016, 53.801116667022399 ] } },
{ "type": "Feature", "properties": { "population": 385.585693359375 }, "geometry": { "type": "Point", "coordinates": [ -1.632150000272888, 53.801116667022399 ] } },
{ "type": "Feature", "properties": { "population": 547.84295654296875 }, "geometry": { "type": "Point", "coordinates": [ -1.62798333362276, 53.801116667022399 ] } },
{ "type": "Feature", "properties": { "population": 616.982177734375 }, "geometry": { "type": "Point", "coordinates": [ -1.623816666972632, 53.801116667022399 ] } },
{ "type": "Feature", "properties": { "population": 470.73883056640625 }, "geometry": { "type": "Point", "coordinates": [ -1.619650000322504, 53.801116667022399 ] } },
{ "type": "Feature", "properties": { "population": 530.78509521484375 }, "geometry": { "type": "Point", "coordinates": [ -1.615483333672376, 53.801116667022399 ] } },
{ "type": "Feature", "properties": { "population": 399.24169921875 }, "geometry": { "type": "Point", "coordinates": [ -1.611316667022248, 53.801116667022399 ] } },
{ "type": "Feature", "properties": { "population": 477.21627807617188 }, "geometry": { "type": "Point", "coordinates": [ -1.60715000037212, 53.801116667022399 ] } },
{ "type": "Feature", "properties": { "population": 644.5606689453125 }, "geometry": { "type": "Point", "coordinates": [ -1.602983333721992, 53.801116667022399 ] } },
{ "type": "Feature", "properties": { "population": 662.630615234375 }, "geometry": { "type": "Point", "coordinates": [ -1.598816667071864, 53.801116667022399 ] } },
{ "type": "Feature", "properties": { "population": 352.79779052734375 }, "geometry": { "type": "Point", "coordinates": [ -1.594650000421736, 53.801116667022399 ] } },
{ "type": "Feature", "properties": { "population": 624.355224609375 }, "geometry": { "type": "Point", "coordinates": [ -1.590483333771608, 53.801116667022399 ] } },
{ "type": "Feature", "properties": { "population": 957.0474853515625 }, "geometry": { "type": "Point", "coordinates": [ -1.58631666712148, 53.801116667022399 ] } },
{ "type": "Feature", "properties": { "population": 55.495090484619141 }, "geometry": { "type": "Point", "coordinates": [ -1.582150000471352, 53.801116667022399 ] } },
{ "type": "Feature", "properties": { "population": 128.78021240234375 }, "geometry": { "type": "Point", "coordinates": [ -1.577983333821223, 53.801116667022399 ] } },
{ "type": "Feature", "properties": { "population": 111.25428009033203 }, "geometry": { "type": "Point", "coordinates": [ -1.573816667171096, 53.801116667022399 ] } },
{ "type": "Feature", "properties": { "population": 327.177734375 }, "geometry": { "type": "Point", "coordinates": [ -1.569650000520967, 53.801116667022399 ] } },
{ "type": "Feature", "properties": { "population": 1356.340087890625 }, "geometry": { "type": "Point", "coordinates": [ -1.565483333870839, 53.801116667022399 ] } },
{ "type": "Feature", "properties": { "population": 1469.4420166015625 }, "geometry": { "type": "Point", "coordinates": [ -1.561316667220711, 53.801116667022399 ] } },
{ "type": "Feature", "properties": { "population": 728.85107421875 }, "geometry": { "type": "Point", "coordinates": [ -1.557150000570583, 53.801116667022399 ] } },
{ "type": "Feature", "properties": { "population": 221.51014709472656 }, "geometry": { "type": "Point", "coordinates": [ -1.552983333920455, 53.801116667022399 ] } },
{ "type": "Feature", "properties": { "population": 354.304931640625 }, "geometry": { "type": "Point", "coordinates": [ -1.548816667270327, 53.801116667022399 ] } },
{ "type": "Feature", "properties": { "population": 704.77777099609375 }, "geometry": { "type": "Point", "coordinates": [ -1.544650000620199, 53.801116667022399 ] } },
{ "type": "Feature", "properties": { "population": 668.72088623046875 }, "geometry": { "type": "Point", "coordinates": [ -1.540483333970071, 53.801116667022399 ] } },
{ "type": "Feature", "properties": { "population": 474.419189453125 }, "geometry": { "type": "Point", "coordinates": [ -1.536316667319943, 53.801116667022399 ] } },
{ "type": "Feature", "properties": { "population": 469.09811401367188 }, "geometry": { "type": "Point", "coordinates": [ -1.532150000669815, 53.801116667022399 ] } },
{ "type": "Feature", "properties": { "population": 709.1422119140625 }, "geometry": { "type": "Point", "coordinates": [ -1.527983334019687, 53.801116667022399 ] } },
{ "type": "Feature", "properties": { "population": 732.7977294921875 }, "geometry": { "type": "Point", "coordinates": [ -1.523816667369559, 53.801116667022399 ] } },
{ "type": "Feature", "properties": { "population": 989.73089599609375 }, "geometry": { "type": "Point", "coordinates": [ -1.519650000719431, 53.801116667022399 ] } },
{ "type": "Feature", "properties": { "population": 597.38330078125 }, "geometry": { "type": "Point", "coordinates": [ -1.515483334069303, 53.801116667022399 ] } },
{ "type": "Feature", "properties": { "population": 253.50765991210938 }, "geometry": { "type": "Point", "coordinates": [ -1.511316667419175, 53.801116667022399 ] } },
{ "type": "Feature", "properties": { "population": 821.52545166015625 }, "geometry": { "type": "Point", "coordinates": [ -1.507150000769047, 53.801116667022399 ] } },
{ "type": "Feature", "properties": { "population": 497.9298095703125 }, "geometry": { "type": "Point", "coordinates": [ -1.502983334118919, 53.801116667022399 ] } },
{ "type": "Feature", "properties": { "population": 540.23614501953125 }, "geometry": { "type": "Point", "coordinates": [ -1.498816667468791, 53.801116667022399 ] } },
{ "type": "Feature", "properties": { "population": 624.8447265625 }, "geometry": { "type": "Point", "coordinates": [ -1.494650000818663, 53.801116667022399 ] } },
{ "type": "Feature", "properties": { "population": 695.076904296875 }, "geometry": { "type": "Point", "coordinates": [ -1.490483334168535, 53.801116667022399 ] } },
{ "type": "Feature", "properties": { "population": 716.2115478515625 }, "geometry": { "type": "Point", "coordinates": [ -1.486316667518407, 53.801116667022399 ] } },
{ "type": "Feature", "properties": { "population": 647.3450927734375 }, "geometry": { "type": "Point", "coordinates": [ -1.482150000868279, 53.801116667022399 ] } },
{ "type": "Feature", "properties": { "population": 403.44192504882812 }, "geometry": { "type": "Point", "coordinates": [ -1.477983334218151, 53.801116667022399 ] } },
{ "type": "Feature", "properties": { "population": 49.086814880371094 }, "geometry": { "type": "Point", "coordinates": [ -1.473816667568022, 53.801116667022399 ] } },
{ "type": "Feature", "properties": { "population": 141.29428100585938 }, "geometry": { "type": "Point", "coordinates": [ -1.469650000917895, 53.801116667022399 ] } },
{ "type": "Feature", "properties": { "population": 646.937744140625 }, "geometry": { "type": "Point", "coordinates": [ -1.465483334267766, 53.801116667022399 ] } },
{ "type": "Feature", "properties": { "population": 843.18011474609375 }, "geometry": { "type": "Point", "coordinates": [ -1.461316667617638, 53.801116667022399 ] } },
{ "type": "Feature", "properties": { "population": 786.79248046875 }, "geometry": { "type": "Point", "coordinates": [ -1.45715000096751, 53.801116667022399 ] } },
{ "type": "Feature", "properties": { "population": 821.37109375 }, "geometry": { "type": "Point", "coordinates": [ -1.452983334317382, 53.801116667022399 ] } },
{ "type": "Feature", "properties": { "population": 643.435546875 }, "geometry": { "type": "Point", "coordinates": [ -1.448816667667254, 53.801116667022399 ] } },
{ "type": "Feature", "properties": { "population": 685.489501953125 }, "geometry": { "type": "Point", "coordinates": [ -1.444650001017126, 53.801116667022399 ] } },
{ "type": "Feature", "properties": { "population": 409.227783203125 }, "geometry": { "type": "Point", "coordinates": [ -1.440483334366998, 53.801116667022399 ] } },
{ "type": "Feature", "properties": { "population": 39.704002380371094 }, "geometry": { "type": "Point", "coordinates": [ -1.43631666771687, 53.801116667022399 ] } },
{ "type": "Feature", "properties": { "population": 29.660091400146484 }, "geometry": { "type": "Point", "coordinates": [ -1.432150001066742, 53.801116667022399 ] } },
{ "type": "Feature", "properties": { "population": 46.769290924072266 }, "geometry": { "type": "Point", "coordinates": [ -1.427983334416614, 53.801116667022399 ] } },
{ "type": "Feature", "properties": { "population": 19.828208923339844 }, "geometry": { "type": "Point", "coordinates": [ -1.423816667766486, 53.801116667022399 ] } },
{ "type": "Feature", "properties": { "population": 11.333766937255859 }, "geometry": { "type": "Point", "coordinates": [ -1.419650001116358, 53.801116667022399 ] } },
{ "type": "Feature", "properties": { "population": 5.0721225738525391 }, "geometry": { "type": "Point", "coordinates": [ -1.41548333446623, 53.801116667022399 ] } },
{ "type": "Feature", "properties": { "population": 4.7893891334533691 }, "geometry": { "type": "Point", "coordinates": [ -1.411316667816102, 53.801116667022399 ] } },
{ "type": "Feature", "properties": { "population": 5.2361979484558105 }, "geometry": { "type": "Point", "coordinates": [ -1.407150001165974, 53.801116667022399 ] } },
{ "type": "Feature", "properties": { "population": 7.9195127487182617 }, "geometry": { "type": "Point", "coordinates": [ -1.402983334515846, 53.801116667022399 ] } },
{ "type": "Feature", "properties": { "population": 13.23555850982666 }, "geometry": { "type": "Point", "coordinates": [ -1.398816667865718, 53.801116667022399 ] } },
{ "type": "Feature", "properties": { "population": 71.1199951171875 }, "geometry": { "type": "Point", "coordinates": [ -1.698816666674937, 53.796950000372277 ] } },
{ "type": "Feature", "properties": { "population": 332.51663208007812 }, "geometry": { "type": "Point", "coordinates": [ -1.694650000024809, 53.796950000372277 ] } },
{ "type": "Feature", "properties": { "population": 105.79526519775391 }, "geometry": { "type": "Point", "coordinates": [ -1.690483333374681, 53.796950000372277 ] } },
{ "type": "Feature", "properties": { "population": 351.6402587890625 }, "geometry": { "type": "Point", "coordinates": [ -1.686316666724553, 53.796950000372277 ] } },
{ "type": "Feature", "properties": { "population": 634.70953369140625 }, "geometry": { "type": "Point", "coordinates": [ -1.682150000074425, 53.796950000372277 ] } },
{ "type": "Feature", "properties": { "population": 735.9053955078125 }, "geometry": { "type": "Point", "coordinates": [ -1.677983333424297, 53.796950000372277 ] } },
{ "type": "Feature", "properties": { "population": 409.09576416015625 }, "geometry": { "type": "Point", "coordinates": [ -1.673816666774169, 53.796950000372277 ] } },
{ "type": "Feature", "properties": { "population": 341.86178588867188 }, "geometry": { "type": "Point", "coordinates": [ -1.66965000012404, 53.796950000372277 ] } },
{ "type": "Feature", "properties": { "population": 521.11663818359375 }, "geometry": { "type": "Point", "coordinates": [ -1.665483333473912, 53.796950000372277 ] } },
{ "type": "Feature", "properties": { "population": 677.99700927734375 }, "geometry": { "type": "Point", "coordinates": [ -1.661316666823784, 53.796950000372277 ] } },
{ "type": "Feature", "properties": { "population": 683.47406005859375 }, "geometry": { "type": "Point", "coordinates": [ -1.657150000173656, 53.796950000372277 ] } },
{ "type": "Feature", "properties": { "population": 721.02587890625 }, "geometry": { "type": "Point", "coordinates": [ -1.652983333523528, 53.796950000372277 ] } },
{ "type": "Feature", "properties": { "population": 582.45751953125 }, "geometry": { "type": "Point", "coordinates": [ -1.6488166668734, 53.796950000372277 ] } },
{ "type": "Feature", "properties": { "population": 264.63265991210938 }, "geometry": { "type": "Point", "coordinates": [ -1.644650000223272, 53.796950000372277 ] } },
{ "type": "Feature", "properties": { "population": 209.27230834960938 }, "geometry": { "type": "Point", "coordinates": [ -1.640483333573144, 53.796950000372277 ] } },
{ "type": "Feature", "properties": { "population": 160.22299194335938 }, "geometry": { "type": "Point", "coordinates": [ -1.636316666923016, 53.796950000372277 ] } },
{ "type": "Feature", "properties": { "population": 286.27169799804688 }, "geometry": { "type": "Point", "coordinates": [ -1.632150000272888, 53.796950000372277 ] } },
{ "type": "Feature", "properties": { "population": 619.1595458984375 }, "geometry": { "type": "Point", "coordinates": [ -1.62798333362276, 53.796950000372277 ] } },
{ "type": "Feature", "properties": { "population": 469.95578002929688 }, "geometry": { "type": "Point", "coordinates": [ -1.623816666972632, 53.796950000372277 ] } },
{ "type": "Feature", "properties": { "population": 586.29345703125 }, "geometry": { "type": "Point", "coordinates": [ -1.619650000322504, 53.796950000372277 ] } },
{ "type": "Feature", "properties": { "population": 817.20709228515625 }, "geometry": { "type": "Point", "coordinates": [ -1.615483333672376, 53.796950000372277 ] } },
{ "type": "Feature", "properties": { "population": 544.1051025390625 }, "geometry": { "type": "Point", "coordinates": [ -1.611316667022248, 53.796950000372277 ] } },
{ "type": "Feature", "properties": { "population": 644.1953125 }, "geometry": { "type": "Point", "coordinates": [ -1.60715000037212, 53.796950000372277 ] } },
{ "type": "Feature", "properties": { "population": 1200.564453125 }, "geometry": { "type": "Point", "coordinates": [ -1.602983333721992, 53.796950000372277 ] } },
{ "type": "Feature", "properties": { "population": 804.68310546875 }, "geometry": { "type": "Point", "coordinates": [ -1.598816667071864, 53.796950000372277 ] } },
{ "type": "Feature", "properties": { "population": 552.1802978515625 }, "geometry": { "type": "Point", "coordinates": [ -1.594650000421736, 53.796950000372277 ] } },
{ "type": "Feature", "properties": { "population": 821.68914794921875 }, "geometry": { "type": "Point", "coordinates": [ -1.590483333771608, 53.796950000372277 ] } },
{ "type": "Feature", "properties": { "population": 955.33245849609375 }, "geometry": { "type": "Point", "coordinates": [ -1.58631666712148, 53.796950000372277 ] } },
{ "type": "Feature", "properties": { "population": 952.3538818359375 }, "geometry": { "type": "Point", "coordinates": [ -1.582150000471352, 53.796950000372277 ] } },
{ "type": "Feature", "properties": { "population": 721.93896484375 }, "geometry": { "type": "Point", "coordinates": [ -1.577983333821223, 53.796950000372277 ] } },
{ "type": "Feature", "properties": { "population": 94.619972229003906 }, "geometry": { "type": "Point", "coordinates": [ -1.573816667171096, 53.796950000372277 ] } },
{ "type": "Feature", "properties": { "population": 54.328018188476562 }, "geometry": { "type": "Point", "coordinates": [ -1.569650000520967, 53.796950000372277 ] } },
{ "type": "Feature", "properties": { "population": 57.641639709472656 }, "geometry": { "type": "Point", "coordinates": [ -1.565483333870839, 53.796950000372277 ] } },
{ "type": "Feature", "properties": { "population": 1137.6741943359375 }, "geometry": { "type": "Point", "coordinates": [ -1.561316667220711, 53.796950000372277 ] } },
{ "type": "Feature", "properties": { "population": 209.65159606933594 }, "geometry": { "type": "Point", "coordinates": [ -1.557150000570583, 53.796950000372277 ] } },
{ "type": "Feature", "properties": { "population": 899.891357421875 }, "geometry": { "type": "Point", "coordinates": [ -1.552983333920455, 53.796950000372277 ] } },
{ "type": "Feature", "properties": { "population": 258.38525390625 }, "geometry": { "type": "Point", "coordinates": [ -1.548816667270327, 53.796950000372277 ] } },
{ "type": "Feature", "properties": { "population": 282.40496826171875 }, "geometry": { "type": "Point", "coordinates": [ -1.544650000620199, 53.796950000372277 ] } },
{ "type": "Feature", "properties": { "population": 373.478515625 }, "geometry": { "type": "Point", "coordinates": [ -1.540483333970071, 53.796950000372277 ] } },
{ "type": "Feature", "properties": { "population": 483.02627563476562 }, "geometry": { "type": "Point", "coordinates": [ -1.536316667319943, 53.796950000372277 ] } },
{ "type": "Feature", "properties": { "population": 954.91925048828125 }, "geometry": { "type": "Point", "coordinates": [ -1.532150000669815, 53.796950000372277 ] } },
{ "type": "Feature", "properties": { "population": 686.80853271484375 }, "geometry": { "type": "Point", "coordinates": [ -1.527983334019687, 53.796950000372277 ] } },
{ "type": "Feature", "properties": { "population": 467.3768310546875 }, "geometry": { "type": "Point", "coordinates": [ -1.523816667369559, 53.796950000372277 ] } },
{ "type": "Feature", "properties": { "population": 799.45416259765625 }, "geometry": { "type": "Point", "coordinates": [ -1.519650000719431, 53.796950000372277 ] } },
{ "type": "Feature", "properties": { "population": 974.0960693359375 }, "geometry": { "type": "Point", "coordinates": [ -1.515483334069303, 53.796950000372277 ] } },
{ "type": "Feature", "properties": { "population": 1176.8267822265625 }, "geometry": { "type": "Point", "coordinates": [ -1.511316667419175, 53.796950000372277 ] } },
{ "type": "Feature", "properties": { "population": 1212.88623046875 }, "geometry": { "type": "Point", "coordinates": [ -1.507150000769047, 53.796950000372277 ] } },
{ "type": "Feature", "properties": { "population": 578.466796875 }, "geometry": { "type": "Point", "coordinates": [ -1.502983334118919, 53.796950000372277 ] } },
{ "type": "Feature", "properties": { "population": 583.43914794921875 }, "geometry": { "type": "Point", "coordinates": [ -1.498816667468791, 53.796950000372277 ] } },
{ "type": "Feature", "properties": { "population": 466.52590942382812 }, "geometry": { "type": "Point", "coordinates": [ -1.494650000818663, 53.796950000372277 ] } },
{ "type": "Feature", "properties": { "population": 489.49176025390625 }, "geometry": { "type": "Point", "coordinates": [ -1.490483334168535, 53.796950000372277 ] } },
{ "type": "Feature", "properties": { "population": 475.18359375 }, "geometry": { "type": "Point", "coordinates": [ -1.486316667518407, 53.796950000372277 ] } },
{ "type": "Feature", "properties": { "population": 499.04067993164062 }, "geometry": { "type": "Point", "coordinates": [ -1.482150000868279, 53.796950000372277 ] } },
{ "type": "Feature", "properties": { "population": 669.05517578125 }, "geometry": { "type": "Point", "coordinates": [ -1.477983334218151, 53.796950000372277 ] } },
{ "type": "Feature", "properties": { "population": 394.4432373046875 }, "geometry": { "type": "Point", "coordinates": [ -1.473816667568022, 53.796950000372277 ] } },
{ "type": "Feature", "properties": { "population": 480.49038696289062 }, "geometry": { "type": "Point", "coordinates": [ -1.469650000917895, 53.796950000372277 ] } },
{ "type": "Feature", "properties": { "population": 593.32293701171875 }, "geometry": { "type": "Point", "coordinates": [ -1.465483334267766, 53.796950000372277 ] } },
{ "type": "Feature", "properties": { "population": 496.34716796875 }, "geometry": { "type": "Point", "coordinates": [ -1.461316667617638, 53.796950000372277 ] } },
{ "type": "Feature", "properties": { "population": 446.8330078125 }, "geometry": { "type": "Point", "coordinates": [ -1.45715000096751, 53.796950000372277 ] } },
{ "type": "Feature", "properties": { "population": 440.56512451171875 }, "geometry": { "type": "Point", "coordinates": [ -1.452983334317382, 53.796950000372277 ] } },
{ "type": "Feature", "properties": { "population": 581.4278564453125 }, "geometry": { "type": "Point", "coordinates": [ -1.448816667667254, 53.796950000372277 ] } },
{ "type": "Feature", "properties": { "population": 674.21905517578125 }, "geometry": { "type": "Point", "coordinates": [ -1.444650001017126, 53.796950000372277 ] } },
{ "type": "Feature", "properties": { "population": 465.6298828125 }, "geometry": { "type": "Point", "coordinates": [ -1.440483334366998, 53.796950000372277 ] } },
{ "type": "Feature", "properties": { "population": 339.09945678710938 }, "geometry": { "type": "Point", "coordinates": [ -1.43631666771687, 53.796950000372277 ] } },
{ "type": "Feature", "properties": { "population": 123.04962158203125 }, "geometry": { "type": "Point", "coordinates": [ -1.432150001066742, 53.796950000372277 ] } },
{ "type": "Feature", "properties": { "population": 80.078330993652344 }, "geometry": { "type": "Point", "coordinates": [ -1.427983334416614, 53.796950000372277 ] } },
{ "type": "Feature", "properties": { "population": 46.036228179931641 }, "geometry": { "type": "Point", "coordinates": [ -1.423816667766486, 53.796950000372277 ] } },
{ "type": "Feature", "properties": { "population": 18.380182266235352 }, "geometry": { "type": "Point", "coordinates": [ -1.419650001116358, 53.796950000372277 ] } },
{ "type": "Feature", "properties": { "population": 4.0394687652587891 }, "geometry": { "type": "Point", "coordinates": [ -1.41548333446623, 53.796950000372277 ] } },
{ "type": "Feature", "properties": { "population": 5.2368083000183105 }, "geometry": { "type": "Point", "coordinates": [ -1.411316667816102, 53.796950000372277 ] } },
{ "type": "Feature", "properties": { "population": 2.1910190582275391 }, "geometry": { "type": "Point", "coordinates": [ -1.407150001165974, 53.796950000372277 ] } },
{ "type": "Feature", "properties": { "population": 4.4448723793029785 }, "geometry": { "type": "Point", "coordinates": [ -1.402983334515846, 53.796950000372277 ] } },
{ "type": "Feature", "properties": { "population": 26.472030639648438 }, "geometry": { "type": "Point", "coordinates": [ -1.398816667865718, 53.796950000372277 ] } },
{ "type": "Feature", "properties": { "population": 305.77276611328125 }, "geometry": { "type": "Point", "coordinates": [ -1.698816666674937, 53.792783333722156 ] } },
{ "type": "Feature", "properties": { "population": 24.582414627075195 }, "geometry": { "type": "Point", "coordinates": [ -1.694650000024809, 53.792783333722156 ] } },
{ "type": "Feature", "properties": { "population": 7.6501469612121582 }, "geometry": { "type": "Point", "coordinates": [ -1.690483333374681, 53.792783333722156 ] } },
{ "type": "Feature", "properties": { "population": 39.939838409423828 }, "geometry": { "type": "Point", "coordinates": [ -1.686316666724553, 53.792783333722156 ] } },
{ "type": "Feature", "properties": { "population": 135.27069091796875 }, "geometry": { "type": "Point", "coordinates": [ -1.682150000074425, 53.792783333722156 ] } },
{ "type": "Feature", "properties": { "population": 464.3428955078125 }, "geometry": { "type": "Point", "coordinates": [ -1.677983333424297, 53.792783333722156 ] } },
{ "type": "Feature", "properties": { "population": 667.2080078125 }, "geometry": { "type": "Point", "coordinates": [ -1.673816666774169, 53.792783333722156 ] } },
{ "type": "Feature", "properties": { "population": 612.51654052734375 }, "geometry": { "type": "Point", "coordinates": [ -1.66965000012404, 53.792783333722156 ] } },
{ "type": "Feature", "properties": { "population": 607.75689697265625 }, "geometry": { "type": "Point", "coordinates": [ -1.665483333473912, 53.792783333722156 ] } },
{ "type": "Feature", "properties": { "population": 680.371337890625 }, "geometry": { "type": "Point", "coordinates": [ -1.661316666823784, 53.792783333722156 ] } },
{ "type": "Feature", "properties": { "population": 628.6434326171875 }, "geometry": { "type": "Point", "coordinates": [ -1.657150000173656, 53.792783333722156 ] } },
{ "type": "Feature", "properties": { "population": 564.2158203125 }, "geometry": { "type": "Point", "coordinates": [ -1.652983333523528, 53.792783333722156 ] } },
{ "type": "Feature", "properties": { "population": 601.1326904296875 }, "geometry": { "type": "Point", "coordinates": [ -1.6488166668734, 53.792783333722156 ] } },
{ "type": "Feature", "properties": { "population": 57.434371948242188 }, "geometry": { "type": "Point", "coordinates": [ -1.644650000223272, 53.792783333722156 ] } },
{ "type": "Feature", "properties": { "population": 28.780025482177734 }, "geometry": { "type": "Point", "coordinates": [ -1.640483333573144, 53.792783333722156 ] } },
{ "type": "Feature", "properties": { "population": 16.499900817871094 }, "geometry": { "type": "Point", "coordinates": [ -1.636316666923016, 53.792783333722156 ] } },
{ "type": "Feature", "properties": { "population": 28.922651290893555 }, "geometry": { "type": "Point", "coordinates": [ -1.632150000272888, 53.792783333722156 ] } },
{ "type": "Feature", "properties": { "population": 283.16329956054688 }, "geometry": { "type": "Point", "coordinates": [ -1.62798333362276, 53.792783333722156 ] } },
{ "type": "Feature", "properties": { "population": 494.53634643554688 }, "geometry": { "type": "Point", "coordinates": [ -1.623816666972632, 53.792783333722156 ] } },
{ "type": "Feature", "properties": { "population": 394.02487182617188 }, "geometry": { "type": "Point", "coordinates": [ -1.619650000322504, 53.792783333722156 ] } },
{ "type": "Feature", "properties": { "population": 460.048095703125 }, "geometry": { "type": "Point", "coordinates": [ -1.615483333672376, 53.792783333722156 ] } },
{ "type": "Feature", "properties": { "population": 436.18963623046875 }, "geometry": { "type": "Point", "coordinates": [ -1.611316667022248, 53.792783333722156 ] } },
{ "type": "Feature", "properties": { "population": 438.85189819335938 }, "geometry": { "type": "Point", "coordinates": [ -1.60715000037212, 53.792783333722156 ] } },
{ "type": "Feature", "properties": { "population": 424.48709106445312 }, "geometry": { "type": "Point", "coordinates": [ -1.602983333721992, 53.792783333722156 ] } },
{ "type": "Feature", "properties": { "population": 430.64157104492188 }, "geometry": { "type": "Point", "coordinates": [ -1.598816667071864, 53.792783333722156 ] } },
{ "type": "Feature", "properties": { "population": 716.21063232421875 }, "geometry": { "type": "Point", "coordinates": [ -1.594650000421736, 53.792783333722156 ] } },
{ "type": "Feature", "properties": { "population": 672.63037109375 }, "geometry": { "type": "Point", "coordinates": [ -1.590483333771608, 53.792783333722156 ] } },
{ "type": "Feature", "properties": { "population": 445.58773803710938 }, "geometry": { "type": "Point", "coordinates": [ -1.58631666712148, 53.792783333722156 ] } },
{ "type": "Feature", "properties": { "population": 600.70257568359375 }, "geometry": { "type": "Point", "coordinates": [ -1.582150000471352, 53.792783333722156 ] } },
{ "type": "Feature", "properties": { "population": 734.57305908203125 }, "geometry": { "type": "Point", "coordinates": [ -1.577983333821223, 53.792783333722156 ] } },
{ "type": "Feature", "properties": { "population": 817.8134765625 }, "geometry": { "type": "Point", "coordinates": [ -1.573816667171096, 53.792783333722156 ] } },
{ "type": "Feature", "properties": { "population": 126.35830688476562 }, "geometry": { "type": "Point", "coordinates": [ -1.569650000520967, 53.792783333722156 ] } },
{ "type": "Feature", "properties": { "population": 74.241554260253906 }, "geometry": { "type": "Point", "coordinates": [ -1.565483333870839, 53.792783333722156 ] } },
{ "type": "Feature", "properties": { "population": 80.264366149902344 }, "geometry": { "type": "Point", "coordinates": [ -1.561316667220711, 53.792783333722156 ] } },
{ "type": "Feature", "properties": { "population": 395.8328857421875 }, "geometry": { "type": "Point", "coordinates": [ -1.557150000570583, 53.792783333722156 ] } },
{ "type": "Feature", "properties": { "population": 293.2794189453125 }, "geometry": { "type": "Point", "coordinates": [ -1.552983333920455, 53.792783333722156 ] } },
{ "type": "Feature", "properties": { "population": 332.14862060546875 }, "geometry": { "type": "Point", "coordinates": [ -1.548816667270327, 53.792783333722156 ] } },
{ "type": "Feature", "properties": { "population": 162.41943359375 }, "geometry": { "type": "Point", "coordinates": [ -1.544650000620199, 53.792783333722156 ] } },
{ "type": "Feature", "properties": { "population": 521.454345703125 }, "geometry": { "type": "Point", "coordinates": [ -1.540483333970071, 53.792783333722156 ] } },
{ "type": "Feature", "properties": { "population": 1121.717041015625 }, "geometry": { "type": "Point", "coordinates": [ -1.536316667319943, 53.792783333722156 ] } },
{ "type": "Feature", "properties": { "population": 2144.336669921875 }, "geometry": { "type": "Point", "coordinates": [ -1.532150000669815, 53.792783333722156 ] } },
{ "type": "Feature", "properties": { "population": 743.63995361328125 }, "geometry": { "type": "Point", "coordinates": [ -1.527983334019687, 53.792783333722156 ] } },
{ "type": "Feature", "properties": { "population": 569.16693115234375 }, "geometry": { "type": "Point", "coordinates": [ -1.523816667369559, 53.792783333722156 ] } },
{ "type": "Feature", "properties": { "population": 847.5789794921875 }, "geometry": { "type": "Point", "coordinates": [ -1.519650000719431, 53.792783333722156 ] } },
{ "type": "Feature", "properties": { "population": 817.42828369140625 }, "geometry": { "type": "Point", "coordinates": [ -1.515483334069303, 53.792783333722156 ] } },
{ "type": "Feature", "properties": { "population": 530.17041015625 }, "geometry": { "type": "Point", "coordinates": [ -1.511316667419175, 53.792783333722156 ] } },
{ "type": "Feature", "properties": { "population": 37.1500244140625 }, "geometry": { "type": "Point", "coordinates": [ -1.507150000769047, 53.792783333722156 ] } },
{ "type": "Feature", "properties": { "population": 22.856767654418945 }, "geometry": { "type": "Point", "coordinates": [ -1.502983334118919, 53.792783333722156 ] } },
{ "type": "Feature", "properties": { "population": 159.10227966308594 }, "geometry": { "type": "Point", "coordinates": [ -1.498816667468791, 53.792783333722156 ] } },
{ "type": "Feature", "properties": { "population": 591.2847900390625 }, "geometry": { "type": "Point", "coordinates": [ -1.494650000818663, 53.792783333722156 ] } },
{ "type": "Feature", "properties": { "population": 103.84539794921875 }, "geometry": { "type": "Point", "coordinates": [ -1.490483334168535, 53.792783333722156 ] } },
{ "type": "Feature", "properties": { "population": 643.93939208984375 }, "geometry": { "type": "Point", "coordinates": [ -1.486316667518407, 53.792783333722156 ] } },
{ "type": "Feature", "properties": { "population": 870.606201171875 }, "geometry": { "type": "Point", "coordinates": [ -1.482150000868279, 53.792783333722156 ] } },
{ "type": "Feature", "properties": { "population": 701.5706787109375 }, "geometry": { "type": "Point", "coordinates": [ -1.477983334218151, 53.792783333722156 ] } },
{ "type": "Feature", "properties": { "population": 388.32852172851562 }, "geometry": { "type": "Point", "coordinates": [ -1.473816667568022, 53.792783333722156 ] } },
{ "type": "Feature", "properties": { "population": 457.68646240234375 }, "geometry": { "type": "Point", "coordinates": [ -1.469650000917895, 53.792783333722156 ] } },
{ "type": "Feature", "properties": { "population": 581.12640380859375 }, "geometry": { "type": "Point", "coordinates": [ -1.465483334267766, 53.792783333722156 ] } },
{ "type": "Feature", "properties": { "population": 440.12164306640625 }, "geometry": { "type": "Point", "coordinates": [ -1.461316667617638, 53.792783333722156 ] } },
{ "type": "Feature", "properties": { "population": 147.486328125 }, "geometry": { "type": "Point", "coordinates": [ -1.45715000096751, 53.792783333722156 ] } },
{ "type": "Feature", "properties": { "population": 86.538475036621094 }, "geometry": { "type": "Point", "coordinates": [ -1.452983334317382, 53.792783333722156 ] } },
{ "type": "Feature", "properties": { "population": 382.060302734375 }, "geometry": { "type": "Point", "coordinates": [ -1.448816667667254, 53.792783333722156 ] } },
{ "type": "Feature", "properties": { "population": 580.280517578125 }, "geometry": { "type": "Point", "coordinates": [ -1.444650001017126, 53.792783333722156 ] } },
{ "type": "Feature", "properties": { "population": 333.56292724609375 }, "geometry": { "type": "Point", "coordinates": [ -1.440483334366998, 53.792783333722156 ] } },
{ "type": "Feature", "properties": { "population": 331.6458740234375 }, "geometry": { "type": "Point", "coordinates": [ -1.43631666771687, 53.792783333722156 ] } },
{ "type": "Feature", "properties": { "population": 270.947265625 }, "geometry": { "type": "Point", "coordinates": [ -1.432150001066742, 53.792783333722156 ] } },
{ "type": "Feature", "properties": { "population": 54.009201049804688 }, "geometry": { "type": "Point", "coordinates": [ -1.427983334416614, 53.792783333722156 ] } },
{ "type": "Feature", "properties": { "population": 8.8638286590576172 }, "geometry": { "type": "Point", "coordinates": [ -1.423816667766486, 53.792783333722156 ] } },
{ "type": "Feature", "properties": { "population": 3.2128040790557861 }, "geometry": { "type": "Point", "coordinates": [ -1.419650001116358, 53.792783333722156 ] } },
{ "type": "Feature", "properties": { "population": 3.9596099853515625 }, "geometry": { "type": "Point", "coordinates": [ -1.41548333446623, 53.792783333722156 ] } },
{ "type": "Feature", "properties": { "population": 2.1215579509735107 }, "geometry": { "type": "Point", "coordinates": [ -1.411316667816102, 53.792783333722156 ] } },
{ "type": "Feature", "properties": { "population": 15.093181610107422 }, "geometry": { "type": "Point", "coordinates": [ -1.407150001165974, 53.792783333722156 ] } },
{ "type": "Feature", "properties": { "population": 197.67022705078125 }, "geometry": { "type": "Point", "coordinates": [ -1.402983334515846, 53.792783333722156 ] } },
{ "type": "Feature", "properties": { "population": 356.1556396484375 }, "geometry": { "type": "Point", "coordinates": [ -1.398816667865718, 53.792783333722156 ] } },
{ "type": "Feature", "properties": { "population": 103.41427612304688 }, "geometry": { "type": "Point", "coordinates": [ -1.698816666674937, 53.788616667072034 ] } },
{ "type": "Feature", "properties": { "population": 11.003063201904297 }, "geometry": { "type": "Point", "coordinates": [ -1.694650000024809, 53.788616667072034 ] } },
{ "type": "Feature", "properties": { "population": 3.9268436431884766 }, "geometry": { "type": "Point", "coordinates": [ -1.690483333374681, 53.788616667072034 ] } },
{ "type": "Feature", "properties": { "population": 6.4836363792419434 }, "geometry": { "type": "Point", "coordinates": [ -1.686316666724553, 53.788616667072034 ] } },
{ "type": "Feature", "properties": { "population": 58.470218658447266 }, "geometry": { "type": "Point", "coordinates": [ -1.682150000074425, 53.788616667072034 ] } },
{ "type": "Feature", "properties": { "population": 196.31570434570312 }, "geometry": { "type": "Point", "coordinates": [ -1.677983333424297, 53.788616667072034 ] } },
{ "type": "Feature", "properties": { "population": 205.7003173828125 }, "geometry": { "type": "Point", "coordinates": [ -1.673816666774169, 53.788616667072034 ] } },
{ "type": "Feature", "properties": { "population": 424.77450561523438 }, "geometry": { "type": "Point", "coordinates": [ -1.66965000012404, 53.788616667072034 ] } },
{ "type": "Feature", "properties": { "population": 705.29107666015625 }, "geometry": { "type": "Point", "coordinates": [ -1.665483333473912, 53.788616667072034 ] } },
{ "type": "Feature", "properties": { "population": 694.6424560546875 }, "geometry": { "type": "Point", "coordinates": [ -1.661316666823784, 53.788616667072034 ] } },
{ "type": "Feature", "properties": { "population": 853.244873046875 }, "geometry": { "type": "Point", "coordinates": [ -1.657150000173656, 53.788616667072034 ] } },
{ "type": "Feature", "properties": { "population": 616.23583984375 }, "geometry": { "type": "Point", "coordinates": [ -1.652983333523528, 53.788616667072034 ] } },
{ "type": "Feature", "properties": { "population": 206.49563598632812 }, "geometry": { "type": "Point", "coordinates": [ -1.6488166668734, 53.788616667072034 ] } },
{ "type": "Feature", "properties": { "population": 40.842147827148438 }, "geometry": { "type": "Point", "coordinates": [ -1.644650000223272, 53.788616667072034 ] } },
{ "type": "Feature", "properties": { "population": 150.31887817382812 }, "geometry": { "type": "Point", "coordinates": [ -1.640483333573144, 53.788616667072034 ] } },
{ "type": "Feature", "properties": { "population": 32.845539093017578 }, "geometry": { "type": "Point", "coordinates": [ -1.636316666923016, 53.788616667072034 ] } },
{ "type": "Feature", "properties": { "population": 16.142427444458008 }, "geometry": { "type": "Point", "coordinates": [ -1.632150000272888, 53.788616667072034 ] } },
{ "type": "Feature", "properties": { "population": 28.272022247314453 }, "geometry": { "type": "Point", "coordinates": [ -1.62798333362276, 53.788616667072034 ] } },
{ "type": "Feature", "properties": { "population": 106.03102874755859 }, "geometry": { "type": "Point", "coordinates": [ -1.623816666972632, 53.788616667072034 ] } },
{ "type": "Feature", "properties": { "population": 597.214599609375 }, "geometry": { "type": "Point", "coordinates": [ -1.619650000322504, 53.788616667072034 ] } },
{ "type": "Feature", "properties": { "population": 774.52587890625 }, "geometry": { "type": "Point", "coordinates": [ -1.615483333672376, 53.788616667072034 ] } },
{ "type": "Feature", "properties": { "population": 468.26507568359375 }, "geometry": { "type": "Point", "coordinates": [ -1.611316667022248, 53.788616667072034 ] } },
{ "type": "Feature", "properties": { "population": 420.42080688476562 }, "geometry": { "type": "Point", "coordinates": [ -1.60715000037212, 53.788616667072034 ] } },
{ "type": "Feature", "properties": { "population": 379.61627197265625 }, "geometry": { "type": "Point", "coordinates": [ -1.602983333721992, 53.788616667072034 ] } },
{ "type": "Feature", "properties": { "population": 582.2252197265625 }, "geometry": { "type": "Point", "coordinates": [ -1.598816667071864, 53.788616667072034 ] } },
{ "type": "Feature", "properties": { "population": 712.50640869140625 }, "geometry": { "type": "Point", "coordinates": [ -1.594650000421736, 53.788616667072034 ] } },
{ "type": "Feature", "properties": { "population": 854.114990234375 }, "geometry": { "type": "Point", "coordinates": [ -1.590483333771608, 53.788616667072034 ] } },
{ "type": "Feature", "properties": { "population": 622.33795166015625 }, "geometry": { "type": "Point", "coordinates": [ -1.58631666712148, 53.788616667072034 ] } },
{ "type": "Feature", "properties": { "population": 512.51531982421875 }, "geometry": { "type": "Point", "coordinates": [ -1.582150000471352, 53.788616667072034 ] } },
{ "type": "Feature", "properties": { "population": 329.1253662109375 }, "geometry": { "type": "Point", "coordinates": [ -1.577983333821223, 53.788616667072034 ] } },
{ "type": "Feature", "properties": { "population": 186.20805358886719 }, "geometry": { "type": "Point", "coordinates": [ -1.573816667171096, 53.788616667072034 ] } },
{ "type": "Feature", "properties": { "population": 165.60867309570312 }, "geometry": { "type": "Point", "coordinates": [ -1.569650000520967, 53.788616667072034 ] } },
{ "type": "Feature", "properties": { "population": 189.84642028808594 }, "geometry": { "type": "Point", "coordinates": [ -1.565483333870839, 53.788616667072034 ] } },
{ "type": "Feature", "properties": { "population": 218.78509521484375 }, "geometry": { "type": "Point", "coordinates": [ -1.561316667220711, 53.788616667072034 ] } },
{ "type": "Feature", "properties": { "population": 318.79150390625 }, "geometry": { "type": "Point", "coordinates": [ -1.557150000570583, 53.788616667072034 ] } },
{ "type": "Feature", "properties": { "population": 211.7899169921875 }, "geometry": { "type": "Point", "coordinates": [ -1.552983333920455, 53.788616667072034 ] } },
{ "type": "Feature", "properties": { "population": 647.548828125 }, "geometry": { "type": "Point", "coordinates": [ -1.548816667270327, 53.788616667072034 ] } },
{ "type": "Feature", "properties": { "population": 103.28877258300781 }, "geometry": { "type": "Point", "coordinates": [ -1.544650000620199, 53.788616667072034 ] } },
{ "type": "Feature", "properties": { "population": 39.114471435546875 }, "geometry": { "type": "Point", "coordinates": [ -1.540483333970071, 53.788616667072034 ] } },
{ "type": "Feature", "properties": { "population": 72.103302001953125 }, "geometry": { "type": "Point", "coordinates": [ -1.536316667319943, 53.788616667072034 ] } },
{ "type": "Feature", "properties": { "population": 615.6131591796875 }, "geometry": { "type": "Point", "coordinates": [ -1.532150000669815, 53.788616667072034 ] } },
{ "type": "Feature", "properties": { "population": 497.16220092773438 }, "geometry": { "type": "Point", "coordinates": [ -1.527983334019687, 53.788616667072034 ] } },
{ "type": "Feature", "properties": { "population": 453.10748291015625 }, "geometry": { "type": "Point", "coordinates": [ -1.523816667369559, 53.788616667072034 ] } },
{ "type": "Feature", "properties": { "population": 577.82391357421875 }, "geometry": { "type": "Point", "coordinates": [ -1.519650000719431, 53.788616667072034 ] } },
{ "type": "Feature", "properties": { "population": 116.69021606445312 }, "geometry": { "type": "Point", "coordinates": [ -1.515483334069303, 53.788616667072034 ] } },
{ "type": "Feature", "properties": { "population": 82.190948486328125 }, "geometry": { "type": "Point", "coordinates": [ -1.511316667419175, 53.788616667072034 ] } },
{ "type": "Feature", "properties": { "population": 66.515434265136719 }, "geometry": { "type": "Point", "coordinates": [ -1.507150000769047, 53.788616667072034 ] } },
{ "type": "Feature", "properties": { "population": 25.720640182495117 }, "geometry": { "type": "Point", "coordinates": [ -1.502983334118919, 53.788616667072034 ] } },
{ "type": "Feature", "properties": { "population": 23.023593902587891 }, "geometry": { "type": "Point", "coordinates": [ -1.498816667468791, 53.788616667072034 ] } },
{ "type": "Feature", "properties": { "population": 38.534706115722656 }, "geometry": { "type": "Point", "coordinates": [ -1.494650000818663, 53.788616667072034 ] } },
{ "type": "Feature", "properties": { "population": 33.827220916748047 }, "geometry": { "type": "Point", "coordinates": [ -1.490483334168535, 53.788616667072034 ] } },
{ "type": "Feature", "properties": { "population": 42.081378936767578 }, "geometry": { "type": "Point", "coordinates": [ -1.486316667518407, 53.788616667072034 ] } },
{ "type": "Feature", "properties": { "population": 248.00950622558594 }, "geometry": { "type": "Point", "coordinates": [ -1.482150000868279, 53.788616667072034 ] } },
{ "type": "Feature", "properties": { "population": 68.541954040527344 }, "geometry": { "type": "Point", "coordinates": [ -1.477983334218151, 53.788616667072034 ] } },
{ "type": "Feature", "properties": { "population": 12.236065864562988 }, "geometry": { "type": "Point", "coordinates": [ -1.473816667568022, 53.788616667072034 ] } },
{ "type": "Feature", "properties": { "population": 31.539688110351562 }, "geometry": { "type": "Point", "coordinates": [ -1.469650000917895, 53.788616667072034 ] } },
{ "type": "Feature", "properties": { "population": 28.641183853149414 }, "geometry": { "type": "Point", "coordinates": [ -1.465483334267766, 53.788616667072034 ] } },
{ "type": "Feature", "properties": { "population": 7.7962484359741211 }, "geometry": { "type": "Point", "coordinates": [ -1.461316667617638, 53.788616667072034 ] } },
{ "type": "Feature", "properties": { "population": 6.0708613395690918 }, "geometry": { "type": "Point", "coordinates": [ -1.45715000096751, 53.788616667072034 ] } },
{ "type": "Feature", "properties": { "population": 33.130203247070312 }, "geometry": { "type": "Point", "coordinates": [ -1.452983334317382, 53.788616667072034 ] } },
{ "type": "Feature", "properties": { "population": 90.27386474609375 }, "geometry": { "type": "Point", "coordinates": [ -1.448816667667254, 53.788616667072034 ] } },
{ "type": "Feature", "properties": { "population": 113.91975402832031 }, "geometry": { "type": "Point", "coordinates": [ -1.444650001017126, 53.788616667072034 ] } },
{ "type": "Feature", "properties": { "population": 101.5704345703125 }, "geometry": { "type": "Point", "coordinates": [ -1.440483334366998, 53.788616667072034 ] } },
{ "type": "Feature", "properties": { "population": 77.658187866210938 }, "geometry": { "type": "Point", "coordinates": [ -1.43631666771687, 53.788616667072034 ] } },
{ "type": "Feature", "properties": { "population": 113.01384735107422 }, "geometry": { "type": "Point", "coordinates": [ -1.432150001066742, 53.788616667072034 ] } },
{ "type": "Feature", "properties": { "population": 12.653518676757812 }, "geometry": { "type": "Point", "coordinates": [ -1.427983334416614, 53.788616667072034 ] } },
{ "type": "Feature", "properties": { "population": 2.2241580486297607 }, "geometry": { "type": "Point", "coordinates": [ -1.423816667766486, 53.788616667072034 ] } },
{ "type": "Feature", "properties": { "population": 9.4258689880371094 }, "geometry": { "type": "Point", "coordinates": [ -1.419650001116358, 53.788616667072034 ] } },
{ "type": "Feature", "properties": { "population": 4.9303326606750488 }, "geometry": { "type": "Point", "coordinates": [ -1.41548333446623, 53.788616667072034 ] } },
{ "type": "Feature", "properties": { "population": 3.1405858993530273 }, "geometry": { "type": "Point", "coordinates": [ -1.411316667816102, 53.788616667072034 ] } },
{ "type": "Feature", "properties": { "population": 15.505077362060547 }, "geometry": { "type": "Point", "coordinates": [ -1.407150001165974, 53.788616667072034 ] } },
{ "type": "Feature", "properties": { "population": 317.59463500976562 }, "geometry": { "type": "Point", "coordinates": [ -1.402983334515846, 53.788616667072034 ] } },
{ "type": "Feature", "properties": { "population": 429.0872802734375 }, "geometry": { "type": "Point", "coordinates": [ -1.398816667865718, 53.788616667072034 ] } },
{ "type": "Feature", "properties": { "population": 6.1048831939697266 }, "geometry": { "type": "Point", "coordinates": [ -1.698816666674937, 53.784450000421913 ] } },
{ "type": "Feature", "properties": { "population": 6.0613436698913574 }, "geometry": { "type": "Point", "coordinates": [ -1.694650000024809, 53.784450000421913 ] } },
{ "type": "Feature", "properties": { "population": 3.9276304244995117 }, "geometry": { "type": "Point", "coordinates": [ -1.690483333374681, 53.784450000421913 ] } },
{ "type": "Feature", "properties": { "population": 1.8596447706222534 }, "geometry": { "type": "Point", "coordinates": [ -1.686316666724553, 53.784450000421913 ] } },
{ "type": "Feature", "properties": { "population": 4.343043327331543 }, "geometry": { "type": "Point", "coordinates": [ -1.682150000074425, 53.784450000421913 ] } },
{ "type": "Feature", "properties": { "population": 21.388813018798828 }, "geometry": { "type": "Point", "coordinates": [ -1.677983333424297, 53.784450000421913 ] } },
{ "type": "Feature", "properties": { "population": 41.868350982666016 }, "geometry": { "type": "Point", "coordinates": [ -1.673816666774169, 53.784450000421913 ] } },
{ "type": "Feature", "properties": { "population": 43.609397888183594 }, "geometry": { "type": "Point", "coordinates": [ -1.66965000012404, 53.784450000421913 ] } },
{ "type": "Feature", "properties": { "population": 168.74447631835938 }, "geometry": { "type": "Point", "coordinates": [ -1.665483333473912, 53.784450000421913 ] } },
{ "type": "Feature", "properties": { "population": 257.65066528320312 }, "geometry": { "type": "Point", "coordinates": [ -1.661316666823784, 53.784450000421913 ] } },
{ "type": "Feature", "properties": { "population": 203.92716979980469 }, "geometry": { "type": "Point", "coordinates": [ -1.657150000173656, 53.784450000421913 ] } },
{ "type": "Feature", "properties": { "population": 53.218185424804688 }, "geometry": { "type": "Point", "coordinates": [ -1.652983333523528, 53.784450000421913 ] } },
{ "type": "Feature", "properties": { "population": 57.898048400878906 }, "geometry": { "type": "Point", "coordinates": [ -1.6488166668734, 53.784450000421913 ] } },
{ "type": "Feature", "properties": { "population": 39.617485046386719 }, "geometry": { "type": "Point", "coordinates": [ -1.644650000223272, 53.784450000421913 ] } },
{ "type": "Feature", "properties": { "population": 46.51763916015625 }, "geometry": { "type": "Point", "coordinates": [ -1.640483333573144, 53.784450000421913 ] } },
{ "type": "Feature", "properties": { "population": 30.762866973876953 }, "geometry": { "type": "Point", "coordinates": [ -1.636316666923016, 53.784450000421913 ] } },
{ "type": "Feature", "properties": { "population": 8.9623565673828125 }, "geometry": { "type": "Point", "coordinates": [ -1.632150000272888, 53.784450000421913 ] } },
{ "type": "Feature", "properties": { "population": 14.060808181762695 }, "geometry": { "type": "Point", "coordinates": [ -1.62798333362276, 53.784450000421913 ] } },
{ "type": "Feature", "properties": { "population": 161.79942321777344 }, "geometry": { "type": "Point", "coordinates": [ -1.623816666972632, 53.784450000421913 ] } },
{ "type": "Feature", "properties": { "population": 255.03651428222656 }, "geometry": { "type": "Point", "coordinates": [ -1.619650000322504, 53.784450000421913 ] } },
{ "type": "Feature", "properties": { "population": 434.85443115234375 }, "geometry": { "type": "Point", "coordinates": [ -1.615483333672376, 53.784450000421913 ] } },
{ "type": "Feature", "properties": { "population": 627.2550048828125 }, "geometry": { "type": "Point", "coordinates": [ -1.611316667022248, 53.784450000421913 ] } },
{ "type": "Feature", "properties": { "population": 669.7518310546875 }, "geometry": { "type": "Point", "coordinates": [ -1.60715000037212, 53.784450000421913 ] } },
{ "type": "Feature", "properties": { "population": 627.88519287109375 }, "geometry": { "type": "Point", "coordinates": [ -1.602983333721992, 53.784450000421913 ] } },
{ "type": "Feature", "properties": { "population": 290.3646240234375 }, "geometry": { "type": "Point", "coordinates": [ -1.598816667071864, 53.784450000421913 ] } },
{ "type": "Feature", "properties": { "population": 525.64581298828125 }, "geometry": { "type": "Point", "coordinates": [ -1.594650000421736, 53.784450000421913 ] } },
{ "type": "Feature", "properties": { "population": 708.2879638671875 }, "geometry": { "type": "Point", "coordinates": [ -1.590483333771608, 53.784450000421913 ] } },
{ "type": "Feature", "properties": { "population": 599.068603515625 }, "geometry": { "type": "Point", "coordinates": [ -1.58631666712148, 53.784450000421913 ] } },
{ "type": "Feature", "properties": { "population": 285.16452026367188 }, "geometry": { "type": "Point", "coordinates": [ -1.582150000471352, 53.784450000421913 ] } },
{ "type": "Feature", "properties": { "population": 94.187217712402344 }, "geometry": { "type": "Point", "coordinates": [ -1.577983333821223, 53.784450000421913 ] } },
{ "type": "Feature", "properties": { "population": 69.690017700195312 }, "geometry": { "type": "Point", "coordinates": [ -1.573816667171096, 53.784450000421913 ] } },
{ "type": "Feature", "properties": { "population": 166.81246948242188 }, "geometry": { "type": "Point", "coordinates": [ -1.569650000520967, 53.784450000421913 ] } },
{ "type": "Feature", "properties": { "population": 314.04974365234375 }, "geometry": { "type": "Point", "coordinates": [ -1.565483333870839, 53.784450000421913 ] } },
{ "type": "Feature", "properties": { "population": 1179.452392578125 }, "geometry": { "type": "Point", "coordinates": [ -1.561316667220711, 53.784450000421913 ] } },
{ "type": "Feature", "properties": { "population": 563.64215087890625 }, "geometry": { "type": "Point", "coordinates": [ -1.557150000570583, 53.784450000421913 ] } },
{ "type": "Feature", "properties": { "population": 309.49853515625 }, "geometry": { "type": "Point", "coordinates": [ -1.552983333920455, 53.784450000421913 ] } },
{ "type": "Feature", "properties": { "population": 238.75172424316406 }, "geometry": { "type": "Point", "coordinates": [ -1.548816667270327, 53.784450000421913 ] } },
{ "type": "Feature", "properties": { "population": 112.30747985839844 }, "geometry": { "type": "Point", "coordinates": [ -1.544650000620199, 53.784450000421913 ] } },
{ "type": "Feature", "properties": { "population": 136.26412963867188 }, "geometry": { "type": "Point", "coordinates": [ -1.540483333970071, 53.784450000421913 ] } },
{ "type": "Feature", "properties": { "population": 96.337188720703125 }, "geometry": { "type": "Point", "coordinates": [ -1.536316667319943, 53.784450000421913 ] } },
{ "type": "Feature", "properties": { "population": 230.11239624023438 }, "geometry": { "type": "Point", "coordinates": [ -1.532150000669815, 53.784450000421913 ] } },
{ "type": "Feature", "properties": { "population": 132.76509094238281 }, "geometry": { "type": "Point", "coordinates": [ -1.527983334019687, 53.784450000421913 ] } },
{ "type": "Feature", "properties": { "population": 88.861236572265625 }, "geometry": { "type": "Point", "coordinates": [ -1.523816667369559, 53.784450000421913 ] } },
{ "type": "Feature", "properties": { "population": 28.295875549316406 }, "geometry": { "type": "Point", "coordinates": [ -1.519650000719431, 53.784450000421913 ] } },
{ "type": "Feature", "properties": { "population": 23.593414306640625 }, "geometry": { "type": "Point", "coordinates": [ -1.515483334069303, 53.784450000421913 ] } },
{ "type": "Feature", "properties": { "population": 37.272254943847656 }, "geometry": { "type": "Point", "coordinates": [ -1.511316667419175, 53.784450000421913 ] } },
{ "type": "Feature", "properties": { "population": 30.177314758300781 }, "geometry": { "type": "Point", "coordinates": [ -1.507150000769047, 53.784450000421913 ] } },
{ "type": "Feature", "properties": { "population": 21.990615844726562 }, "geometry": { "type": "Point", "coordinates": [ -1.502983334118919, 53.784450000421913 ] } },
{ "type": "Feature", "properties": { "population": 18.3118896484375 }, "geometry": { "type": "Point", "coordinates": [ -1.498816667468791, 53.784450000421913 ] } },
{ "type": "Feature", "properties": { "population": 13.364112854003906 }, "geometry": { "type": "Point", "coordinates": [ -1.494650000818663, 53.784450000421913 ] } },
{ "type": "Feature", "properties": { "population": 26.281049728393555 }, "geometry": { "type": "Point", "coordinates": [ -1.490483334168535, 53.784450000421913 ] } },
{ "type": "Feature", "properties": { "population": 8.5973014831542969 }, "geometry": { "type": "Point", "coordinates": [ -1.486316667518407, 53.784450000421913 ] } },
{ "type": "Feature", "properties": { "population": 17.56768798828125 }, "geometry": { "type": "Point", "coordinates": [ -1.482150000868279, 53.784450000421913 ] } },
{ "type": "Feature", "properties": { "population": 7.5506587028503418 }, "geometry": { "type": "Point", "coordinates": [ -1.477983334218151, 53.784450000421913 ] } },
{ "type": "Feature", "properties": { "population": 3.4867947101593018 }, "geometry": { "type": "Point", "coordinates": [ -1.473816667568022, 53.784450000421913 ] } },
{ "type": "Feature", "properties": { "population": 0.95227289199829102 }, "geometry": { "type": "Point", "coordinates": [ -1.469650000917895, 53.784450000421913 ] } },
{ "type": "Feature", "properties": { "population": 1.3237390518188477 }, "geometry": { "type": "Point", "coordinates": [ -1.465483334267766, 53.784450000421913 ] } },
{ "type": "Feature", "properties": { "population": 4.9493956565856934 }, "geometry": { "type": "Point", "coordinates": [ -1.461316667617638, 53.784450000421913 ] } },
{ "type": "Feature", "properties": { "population": 4.0337929725646973 }, "geometry": { "type": "Point", "coordinates": [ -1.45715000096751, 53.784450000421913 ] } },
{ "type": "Feature", "properties": { "population": 6.7308363914489746 }, "geometry": { "type": "Point", "coordinates": [ -1.452983334317382, 53.784450000421913 ] } },
{ "type": "Feature", "properties": { "population": 8.1859140396118164 }, "geometry": { "type": "Point", "coordinates": [ -1.448816667667254, 53.784450000421913 ] } },
{ "type": "Feature", "properties": { "population": 13.163021087646484 }, "geometry": { "type": "Point", "coordinates": [ -1.444650001017126, 53.784450000421913 ] } },
{ "type": "Feature", "properties": { "population": 6.232020378112793 }, "geometry": { "type": "Point", "coordinates": [ -1.440483334366998, 53.784450000421913 ] } },
{ "type": "Feature", "properties": { "population": 8.1955709457397461 }, "geometry": { "type": "Point", "coordinates": [ -1.43631666771687, 53.784450000421913 ] } },
{ "type": "Feature", "properties": { "population": 12.328034400939941 }, "geometry": { "type": "Point", "coordinates": [ -1.432150001066742, 53.784450000421913 ] } },
{ "type": "Feature", "properties": { "population": 3.2318353652954102 }, "geometry": { "type": "Point", "coordinates": [ -1.427983334416614, 53.784450000421913 ] } },
{ "type": "Feature", "properties": { "population": 1.9285156726837158 }, "geometry": { "type": "Point", "coordinates": [ -1.423816667766486, 53.784450000421913 ] } },
{ "type": "Feature", "properties": { "population": 1.0179357528686523 }, "geometry": { "type": "Point", "coordinates": [ -1.419650001116358, 53.784450000421913 ] } },
{ "type": "Feature", "properties": { "population": 0.60405933856964111 }, "geometry": { "type": "Point", "coordinates": [ -1.41548333446623, 53.784450000421913 ] } },
{ "type": "Feature", "properties": { "population": 1.1687304973602295 }, "geometry": { "type": "Point", "coordinates": [ -1.411316667816102, 53.784450000421913 ] } },
{ "type": "Feature", "properties": { "population": 7.3524436950683594 }, "geometry": { "type": "Point", "coordinates": [ -1.407150001165974, 53.784450000421913 ] } },
{ "type": "Feature", "properties": { "population": 11.712766647338867 }, "geometry": { "type": "Point", "coordinates": [ -1.402983334515846, 53.784450000421913 ] } },
{ "type": "Feature", "properties": { "population": 17.635702133178711 }, "geometry": { "type": "Point", "coordinates": [ -1.398816667865718, 53.784450000421913 ] } },
{ "type": "Feature", "properties": { "population": 24.076141357421875 }, "geometry": { "type": "Point", "coordinates": [ -1.698816666674937, 53.780283333771791 ] } },
{ "type": "Feature", "properties": { "population": 2.5438117980957031 }, "geometry": { "type": "Point", "coordinates": [ -1.694650000024809, 53.780283333771791 ] } },
{ "type": "Feature", "properties": { "population": 2.2002856731414795 }, "geometry": { "type": "Point", "coordinates": [ -1.690483333374681, 53.780283333771791 ] } },
{ "type": "Feature", "properties": { "population": 1.8437955379486084 }, "geometry": { "type": "Point", "coordinates": [ -1.686316666724553, 53.780283333771791 ] } },
{ "type": "Feature", "properties": { "population": 5.7609529495239258 }, "geometry": { "type": "Point", "coordinates": [ -1.682150000074425, 53.780283333771791 ] } },
{ "type": "Feature", "properties": { "population": 3.2649414539337158 }, "geometry": { "type": "Point", "coordinates": [ -1.677983333424297, 53.780283333771791 ] } },
{ "type": "Feature", "properties": { "population": 6.7146763801574707 }, "geometry": { "type": "Point", "coordinates": [ -1.673816666774169, 53.780283333771791 ] } },
{ "type": "Feature", "properties": { "population": 7.062258243560791 }, "geometry": { "type": "Point", "coordinates": [ -1.66965000012404, 53.780283333771791 ] } },
{ "type": "Feature", "properties": { "population": 11.364580154418945 }, "geometry": { "type": "Point", "coordinates": [ -1.665483333473912, 53.780283333771791 ] } },
{ "type": "Feature", "properties": { "population": 50.104087829589844 }, "geometry": { "type": "Point", "coordinates": [ -1.661316666823784, 53.780283333771791 ] } },
{ "type": "Feature", "properties": { "population": 41.280166625976562 }, "geometry": { "type": "Point", "coordinates": [ -1.657150000173656, 53.780283333771791 ] } },
{ "type": "Feature", "properties": { "population": 5.6724114418029785 }, "geometry": { "type": "Point", "coordinates": [ -1.652983333523528, 53.780283333771791 ] } },
{ "type": "Feature", "properties": { "population": 8.6452045440673828 }, "geometry": { "type": "Point", "coordinates": [ -1.6488166668734, 53.780283333771791 ] } },
{ "type": "Feature", "properties": { "population": 56.721992492675781 }, "geometry": { "type": "Point", "coordinates": [ -1.644650000223272, 53.780283333771791 ] } },
{ "type": "Feature", "properties": { "population": 52.16131591796875 }, "geometry": { "type": "Point", "coordinates": [ -1.640483333573144, 53.780283333771791 ] } },
{ "type": "Feature", "properties": { "population": 14.077322006225586 }, "geometry": { "type": "Point", "coordinates": [ -1.636316666923016, 53.780283333771791 ] } },
{ "type": "Feature", "properties": { "population": 4.6352386474609375 }, "geometry": { "type": "Point", "coordinates": [ -1.632150000272888, 53.780283333771791 ] } },
{ "type": "Feature", "properties": { "population": 112.94039916992188 }, "geometry": { "type": "Point", "coordinates": [ -1.62798333362276, 53.780283333771791 ] } },
{ "type": "Feature", "properties": { "population": 304.81842041015625 }, "geometry": { "type": "Point", "coordinates": [ -1.623816666972632, 53.780283333771791 ] } },
{ "type": "Feature", "properties": { "population": 69.597564697265625 }, "geometry": { "type": "Point", "coordinates": [ -1.619650000322504, 53.780283333771791 ] } },
{ "type": "Feature", "properties": { "population": 116.13716888427734 }, "geometry": { "type": "Point", "coordinates": [ -1.615483333672376, 53.780283333771791 ] } },
{ "type": "Feature", "properties": { "population": 82.136581420898438 }, "geometry": { "type": "Point", "coordinates": [ -1.611316667022248, 53.780283333771791 ] } },
{ "type": "Feature", "properties": { "population": 86.32470703125 }, "geometry": { "type": "Point", "coordinates": [ -1.60715000037212, 53.780283333771791 ] } },
{ "type": "Feature", "properties": { "population": 669.364990234375 }, "geometry": { "type": "Point", "coordinates": [ -1.602983333721992, 53.780283333771791 ] } },
{ "type": "Feature", "properties": { "population": 790.02093505859375 }, "geometry": { "type": "Point", "coordinates": [ -1.598816667071864, 53.780283333771791 ] } },
{ "type": "Feature", "properties": { "population": 334.21356201171875 }, "geometry": { "type": "Point", "coordinates": [ -1.594650000421736, 53.780283333771791 ] } },
{ "type": "Feature", "properties": { "population": 249.8760986328125 }, "geometry": { "type": "Point", "coordinates": [ -1.590483333771608, 53.780283333771791 ] } },
{ "type": "Feature", "properties": { "population": 96.37115478515625 }, "geometry": { "type": "Point", "coordinates": [ -1.58631666712148, 53.780283333771791 ] } },
{ "type": "Feature", "properties": { "population": 45.023296356201172 }, "geometry": { "type": "Point", "coordinates": [ -1.582150000471352, 53.780283333771791 ] } },
{ "type": "Feature", "properties": { "population": 52.241523742675781 }, "geometry": { "type": "Point", "coordinates": [ -1.577983333821223, 53.780283333771791 ] } },
{ "type": "Feature", "properties": { "population": 106.82939147949219 }, "geometry": { "type": "Point", "coordinates": [ -1.573816667171096, 53.780283333771791 ] } },
{ "type": "Feature", "properties": { "population": 177.52774047851562 }, "geometry": { "type": "Point", "coordinates": [ -1.569650000520967, 53.780283333771791 ] } },
{ "type": "Feature", "properties": { "population": 366.42794799804688 }, "geometry": { "type": "Point", "coordinates": [ -1.565483333870839, 53.780283333771791 ] } },
{ "type": "Feature", "properties": { "population": 311.117919921875 }, "geometry": { "type": "Point", "coordinates": [ -1.561316667220711, 53.780283333771791 ] } },
{ "type": "Feature", "properties": { "population": 967.5682373046875 }, "geometry": { "type": "Point", "coordinates": [ -1.557150000570583, 53.780283333771791 ] } },
{ "type": "Feature", "properties": { "population": 897.76348876953125 }, "geometry": { "type": "Point", "coordinates": [ -1.552983333920455, 53.780283333771791 ] } },
{ "type": "Feature", "properties": { "population": 876.97021484375 }, "geometry": { "type": "Point", "coordinates": [ -1.548816667270327, 53.780283333771791 ] } },
{ "type": "Feature", "properties": { "population": 463.64508056640625 }, "geometry": { "type": "Point", "coordinates": [ -1.544650000620199, 53.780283333771791 ] } },
{ "type": "Feature", "properties": { "population": 552.69061279296875 }, "geometry": { "type": "Point", "coordinates": [ -1.540483333970071, 53.780283333771791 ] } },
{ "type": "Feature", "properties": { "population": 370.54641723632812 }, "geometry": { "type": "Point", "coordinates": [ -1.536316667319943, 53.780283333771791 ] } },
{ "type": "Feature", "properties": { "population": 366.55657958984375 }, "geometry": { "type": "Point", "coordinates": [ -1.532150000669815, 53.780283333771791 ] } },
{ "type": "Feature", "properties": { "population": 245.5970458984375 }, "geometry": { "type": "Point", "coordinates": [ -1.527983334019687, 53.780283333771791 ] } },
{ "type": "Feature", "properties": { "population": 252.5716552734375 }, "geometry": { "type": "Point", "coordinates": [ -1.523816667369559, 53.780283333771791 ] } },
{ "type": "Feature", "properties": { "population": 113.83612060546875 }, "geometry": { "type": "Point", "coordinates": [ -1.519650000719431, 53.780283333771791 ] } },
{ "type": "Feature", "properties": { "population": 41.540653228759766 }, "geometry": { "type": "Point", "coordinates": [ -1.515483334069303, 53.780283333771791 ] } },
{ "type": "Feature", "properties": { "population": 20.539146423339844 }, "geometry": { "type": "Point", "coordinates": [ -1.511316667419175, 53.780283333771791 ] } },
{ "type": "Feature", "properties": { "population": 20.256118774414062 }, "geometry": { "type": "Point", "coordinates": [ -1.507150000769047, 53.780283333771791 ] } },
{ "type": "Feature", "properties": { "population": 17.227550506591797 }, "geometry": { "type": "Point", "coordinates": [ -1.502983334118919, 53.780283333771791 ] } },
{ "type": "Feature", "properties": { "population": 17.643304824829102 }, "geometry": { "type": "Point", "coordinates": [ -1.498816667468791, 53.780283333771791 ] } },
{ "type": "Feature", "properties": { "population": 19.091915130615234 }, "geometry": { "type": "Point", "coordinates": [ -1.494650000818663, 53.780283333771791 ] } },
{ "type": "Feature", "properties": { "population": 31.021720886230469 }, "geometry": { "type": "Point", "coordinates": [ -1.490483334168535, 53.780283333771791 ] } },
{ "type": "Feature", "properties": { "population": 29.51658821105957 }, "geometry": { "type": "Point", "coordinates": [ -1.486316667518407, 53.780283333771791 ] } },
{ "type": "Feature", "properties": { "population": 41.970046997070312 }, "geometry": { "type": "Point", "coordinates": [ -1.482150000868279, 53.780283333771791 ] } },
{ "type": "Feature", "properties": { "population": 25.908306121826172 }, "geometry": { "type": "Point", "coordinates": [ -1.477983334218151, 53.780283333771791 ] } },
{ "type": "Feature", "properties": { "population": 29.167144775390625 }, "geometry": { "type": "Point", "coordinates": [ -1.473816667568022, 53.780283333771791 ] } },
{ "type": "Feature", "properties": { "population": 4.5189690589904785 }, "geometry": { "type": "Point", "coordinates": [ -1.469650000917895, 53.780283333771791 ] } },
{ "type": "Feature", "properties": { "population": 1.7590869665145874 }, "geometry": { "type": "Point", "coordinates": [ -1.465483334267766, 53.780283333771791 ] } },
{ "type": "Feature", "properties": { "population": 1.6154767274856567 }, "geometry": { "type": "Point", "coordinates": [ -1.461316667617638, 53.780283333771791 ] } },
{ "type": "Feature", "properties": { "population": 1.3760786056518555 }, "geometry": { "type": "Point", "coordinates": [ -1.45715000096751, 53.780283333771791 ] } },
{ "type": "Feature", "properties": { "population": 1.5998203754425049 }, "geometry": { "type": "Point", "coordinates": [ -1.452983334317382, 53.780283333771791 ] } },
{ "type": "Feature", "properties": { "population": 1.9793154001235962 }, "geometry": { "type": "Point", "coordinates": [ -1.448816667667254, 53.780283333771791 ] } },
{ "type": "Feature", "properties": { "population": 3.7774419784545898 }, "geometry": { "type": "Point", "coordinates": [ -1.444650001017126, 53.780283333771791 ] } },
{ "type": "Feature", "properties": { "population": 8.81549072265625 }, "geometry": { "type": "Point", "coordinates": [ -1.440483334366998, 53.780283333771791 ] } },
{ "type": "Feature", "properties": { "population": 5.3607883453369141 }, "geometry": { "type": "Point", "coordinates": [ -1.43631666771687, 53.780283333771791 ] } },
{ "type": "Feature", "properties": { "population": 5.4683332443237305 }, "geometry": { "type": "Point", "coordinates": [ -1.432150001066742, 53.780283333771791 ] } },
{ "type": "Feature", "properties": { "population": 2.1490926742553711 }, "geometry": { "type": "Point", "coordinates": [ -1.427983334416614, 53.780283333771791 ] } },
{ "type": "Feature", "properties": { "population": 3.6326210498809814 }, "geometry": { "type": "Point", "coordinates": [ -1.423816667766486, 53.780283333771791 ] } },
{ "type": "Feature", "properties": { "population": 4.0358757972717285 }, "geometry": { "type": "Point", "coordinates": [ -1.419650001116358, 53.780283333771791 ] } },
{ "type": "Feature", "properties": { "population": 4.6853480339050293 }, "geometry": { "type": "Point", "coordinates": [ -1.41548333446623, 53.780283333771791 ] } },
{ "type": "Feature", "properties": { "population": 3.7682657241821289 }, "geometry": { "type": "Point", "coordinates": [ -1.411316667816102, 53.780283333771791 ] } },
{ "type": "Feature", "properties": { "population": 1.2721922397613525 }, "geometry": { "type": "Point", "coordinates": [ -1.407150001165974, 53.780283333771791 ] } },
{ "type": "Feature", "properties": { "population": 1.0428907871246338 }, "geometry": { "type": "Point", "coordinates": [ -1.402983334515846, 53.780283333771791 ] } },
{ "type": "Feature", "properties": { "population": 0.55726426839828491 }, "geometry": { "type": "Point", "coordinates": [ -1.398816667865718, 53.780283333771791 ] } },
{ "type": "Feature", "properties": { "population": 363.10879516601562 }, "geometry": { "type": "Point", "coordinates": [ -1.698816666674937, 53.77611666712167 ] } },
{ "type": "Feature", "properties": { "population": 13.581220626831055 }, "geometry": { "type": "Point", "coordinates": [ -1.694650000024809, 53.77611666712167 ] } },
{ "type": "Feature", "properties": { "population": 5.4415683746337891 }, "geometry": { "type": "Point", "coordinates": [ -1.690483333374681, 53.77611666712167 ] } },
{ "type": "Feature", "properties": { "population": 7.5187840461730957 }, "geometry": { "type": "Point", "coordinates": [ -1.686316666724553, 53.77611666712167 ] } },
{ "type": "Feature", "properties": { "population": 4.6912994384765625 }, "geometry": { "type": "Point", "coordinates": [ -1.682150000074425, 53.77611666712167 ] } },
{ "type": "Feature", "properties": { "population": 6.8294801712036133 }, "geometry": { "type": "Point", "coordinates": [ -1.677983333424297, 53.77611666712167 ] } },
{ "type": "Feature", "properties": { "population": 5.9107675552368164 }, "geometry": { "type": "Point", "coordinates": [ -1.673816666774169, 53.77611666712167 ] } },
{ "type": "Feature", "properties": { "population": 7.0838971138000488 }, "geometry": { "type": "Point", "coordinates": [ -1.66965000012404, 53.77611666712167 ] } },
{ "type": "Feature", "properties": { "population": 8.4107131958007812 }, "geometry": { "type": "Point", "coordinates": [ -1.665483333473912, 53.77611666712167 ] } },
{ "type": "Feature", "properties": { "population": 3.084538459777832 }, "geometry": { "type": "Point", "coordinates": [ -1.661316666823784, 53.77611666712167 ] } },
{ "type": "Feature", "properties": { "population": 1.8274750709533691 }, "geometry": { "type": "Point", "coordinates": [ -1.657150000173656, 53.77611666712167 ] } },
{ "type": "Feature", "properties": { "population": 1.9531724452972412 }, "geometry": { "type": "Point", "coordinates": [ -1.652983333523528, 53.77611666712167 ] } },
{ "type": "Feature", "properties": { "population": 2.49908447265625 }, "geometry": { "type": "Point", "coordinates": [ -1.6488166668734, 53.77611666712167 ] } },
{ "type": "Feature", "properties": { "population": 3.9659373760223389 }, "geometry": { "type": "Point", "coordinates": [ -1.644650000223272, 53.77611666712167 ] } },
{ "type": "Feature", "properties": { "population": 7.3122739791870117 }, "geometry": { "type": "Point", "coordinates": [ -1.640483333573144, 53.77611666712167 ] } },
{ "type": "Feature", "properties": { "population": 18.401411056518555 }, "geometry": { "type": "Point", "coordinates": [ -1.636316666923016, 53.77611666712167 ] } },
{ "type": "Feature", "properties": { "population": 20.247892379760742 }, "geometry": { "type": "Point", "coordinates": [ -1.632150000272888, 53.77611666712167 ] } },
{ "type": "Feature", "properties": { "population": 366.9105224609375 }, "geometry": { "type": "Point", "coordinates": [ -1.62798333362276, 53.77611666712167 ] } },
{ "type": "Feature", "properties": { "population": 703.05279541015625 }, "geometry": { "type": "Point", "coordinates": [ -1.623816666972632, 53.77611666712167 ] } },
{ "type": "Feature", "properties": { "population": 182.6278076171875 }, "geometry": { "type": "Point", "coordinates": [ -1.619650000322504, 53.77611666712167 ] } },
{ "type": "Feature", "properties": { "population": 18.199832916259766 }, "geometry": { "type": "Point", "coordinates": [ -1.615483333672376, 53.77611666712167 ] } },
{ "type": "Feature", "properties": { "population": 6.5959081649780273 }, "geometry": { "type": "Point", "coordinates": [ -1.611316667022248, 53.77611666712167 ] } },
{ "type": "Feature", "properties": { "population": 8.9068880081176758 }, "geometry": { "type": "Point", "coordinates": [ -1.60715000037212, 53.77611666712167 ] } },
{ "type": "Feature", "properties": { "population": 70.117820739746094 }, "geometry": { "type": "Point", "coordinates": [ -1.602983333721992, 53.77611666712167 ] } },
{ "type": "Feature", "properties": { "population": 70.389358520507812 }, "geometry": { "type": "Point", "coordinates": [ -1.598816667071864, 53.77611666712167 ] } },
{ "type": "Feature", "properties": { "population": 29.197582244873047 }, "geometry": { "type": "Point", "coordinates": [ -1.594650000421736, 53.77611666712167 ] } },
{ "type": "Feature", "properties": { "population": 56.237525939941406 }, "geometry": { "type": "Point", "coordinates": [ -1.590483333771608, 53.77611666712167 ] } },
{ "type": "Feature", "properties": { "population": 70.548812866210938 }, "geometry": { "type": "Point", "coordinates": [ -1.58631666712148, 53.77611666712167 ] } },
{ "type": "Feature", "properties": { "population": 60.82672119140625 }, "geometry": { "type": "Point", "coordinates": [ -1.582150000471352, 53.77611666712167 ] } },
{ "type": "Feature", "properties": { "population": 85.38665771484375 }, "geometry": { "type": "Point", "coordinates": [ -1.577983333821223, 53.77611666712167 ] } },
{ "type": "Feature", "properties": { "population": 181.59053039550781 }, "geometry": { "type": "Point", "coordinates": [ -1.573816667171096, 53.77611666712167 ] } },
{ "type": "Feature", "properties": { "population": 582.83331298828125 }, "geometry": { "type": "Point", "coordinates": [ -1.569650000520967, 53.77611666712167 ] } },
{ "type": "Feature", "properties": { "population": 655.0689697265625 }, "geometry": { "type": "Point", "coordinates": [ -1.565483333870839, 53.77611666712167 ] } },
{ "type": "Feature", "properties": { "population": 1549.564208984375 }, "geometry": { "type": "Point", "coordinates": [ -1.561316667220711, 53.77611666712167 ] } },
{ "type": "Feature", "properties": { "population": 1142.78173828125 }, "geometry": { "type": "Point", "coordinates": [ -1.557150000570583, 53.77611666712167 ] } },
{ "type": "Feature", "properties": { "population": 2092.94384765625 }, "geometry": { "type": "Point", "coordinates": [ -1.552983333920455, 53.77611666712167 ] } },
{ "type": "Feature", "properties": { "population": 1944.2330322265625 }, "geometry": { "type": "Point", "coordinates": [ -1.548816667270327, 53.77611666712167 ] } },
{ "type": "Feature", "properties": { "population": 951.4537353515625 }, "geometry": { "type": "Point", "coordinates": [ -1.544650000620199, 53.77611666712167 ] } },
{ "type": "Feature", "properties": { "population": 764.5850830078125 }, "geometry": { "type": "Point", "coordinates": [ -1.540483333970071, 53.77611666712167 ] } },
{ "type": "Feature", "properties": { "population": 247.23388671875 }, "geometry": { "type": "Point", "coordinates": [ -1.536316667319943, 53.77611666712167 ] } },
{ "type": "Feature", "properties": { "population": 216.1199951171875 }, "geometry": { "type": "Point", "coordinates": [ -1.532150000669815, 53.77611666712167 ] } },
{ "type": "Feature", "properties": { "population": 306.1881103515625 }, "geometry": { "type": "Point", "coordinates": [ -1.527983334019687, 53.77611666712167 ] } },
{ "type": "Feature", "properties": { "population": 326.322265625 }, "geometry": { "type": "Point", "coordinates": [ -1.523816667369559, 53.77611666712167 ] } },
{ "type": "Feature", "properties": { "population": 51.182605743408203 }, "geometry": { "type": "Point", "coordinates": [ -1.519650000719431, 53.77611666712167 ] } },
{ "type": "Feature", "properties": { "population": 23.065101623535156 }, "geometry": { "type": "Point", "coordinates": [ -1.515483334069303, 53.77611666712167 ] } },
{ "type": "Feature", "properties": { "population": 25.151191711425781 }, "geometry": { "type": "Point", "coordinates": [ -1.511316667419175, 53.77611666712167 ] } },
{ "type": "Feature", "properties": { "population": 15.196104049682617 }, "geometry": { "type": "Point", "coordinates": [ -1.507150000769047, 53.77611666712167 ] } },
{ "type": "Feature", "properties": { "population": 12.176665306091309 }, "geometry": { "type": "Point", "coordinates": [ -1.502983334118919, 53.77611666712167 ] } },
{ "type": "Feature", "properties": { "population": 16.333778381347656 }, "geometry": { "type": "Point", "coordinates": [ -1.498816667468791, 53.77611666712167 ] } },
{ "type": "Feature", "properties": { "population": 12.986717224121094 }, "geometry": { "type": "Point", "coordinates": [ -1.494650000818663, 53.77611666712167 ] } },
{ "type": "Feature", "properties": { "population": 21.400962829589844 }, "geometry": { "type": "Point", "coordinates": [ -1.490483334168535, 53.77611666712167 ] } },
{ "type": "Feature", "properties": { "population": 13.26617431640625 }, "geometry": { "type": "Point", "coordinates": [ -1.486316667518407, 53.77611666712167 ] } },
{ "type": "Feature", "properties": { "population": 9.4670772552490234 }, "geometry": { "type": "Point", "coordinates": [ -1.482150000868279, 53.77611666712167 ] } },
{ "type": "Feature", "properties": { "population": 14.772688865661621 }, "geometry": { "type": "Point", "coordinates": [ -1.477983334218151, 53.77611666712167 ] } },
{ "type": "Feature", "properties": { "population": 31.265432357788086 }, "geometry": { "type": "Point", "coordinates": [ -1.473816667568022, 53.77611666712167 ] } },
{ "type": "Feature", "properties": { "population": 24.721128463745117 }, "geometry": { "type": "Point", "coordinates": [ -1.469650000917895, 53.77611666712167 ] } },
{ "type": "Feature", "properties": { "population": 11.32090950012207 }, "geometry": { "type": "Point", "coordinates": [ -1.465483334267766, 53.77611666712167 ] } },
{ "type": "Feature", "properties": { "population": 6.4754796028137207 }, "geometry": { "type": "Point", "coordinates": [ -1.461316667617638, 53.77611666712167 ] } },
{ "type": "Feature", "properties": { "population": 7.6604437828063965 }, "geometry": { "type": "Point", "coordinates": [ -1.45715000096751, 53.77611666712167 ] } },
{ "type": "Feature", "properties": { "population": 2.3323178291320801 }, "geometry": { "type": "Point", "coordinates": [ -1.452983334317382, 53.77611666712167 ] } },
{ "type": "Feature", "properties": { "population": 4.0682954788208008 }, "geometry": { "type": "Point", "coordinates": [ -1.448816667667254, 53.77611666712167 ] } },
{ "type": "Feature", "properties": { "population": 1.4452393054962158 }, "geometry": { "type": "Point", "coordinates": [ -1.444650001017126, 53.77611666712167 ] } },
{ "type": "Feature", "properties": { "population": 2.032496452331543 }, "geometry": { "type": "Point", "coordinates": [ -1.440483334366998, 53.77611666712167 ] } },
{ "type": "Feature", "properties": { "population": 2.7687177658081055 }, "geometry": { "type": "Point", "coordinates": [ -1.43631666771687, 53.77611666712167 ] } },
{ "type": "Feature", "properties": { "population": 3.5366520881652832 }, "geometry": { "type": "Point", "coordinates": [ -1.432150001066742, 53.77611666712167 ] } },
{ "type": "Feature", "properties": { "population": 1.7944281101226807 }, "geometry": { "type": "Point", "coordinates": [ -1.427983334416614, 53.77611666712167 ] } },
{ "type": "Feature", "properties": { "population": 2.6806333065032959 }, "geometry": { "type": "Point", "coordinates": [ -1.423816667766486, 53.77611666712167 ] } },
{ "type": "Feature", "properties": { "population": 4.3976221084594727 }, "geometry": { "type": "Point", "coordinates": [ -1.419650001116358, 53.77611666712167 ] } },
{ "type": "Feature", "properties": { "population": 11.145750045776367 }, "geometry": { "type": "Point", "coordinates": [ -1.41548333446623, 53.77611666712167 ] } },
{ "type": "Feature", "properties": { "population": 18.157260894775391 }, "geometry": { "type": "Point", "coordinates": [ -1.411316667816102, 53.77611666712167 ] } },
{ "type": "Feature", "properties": { "population": 3.6495122909545898 }, "geometry": { "type": "Point", "coordinates": [ -1.407150001165974, 53.77611666712167 ] } },
{ "type": "Feature", "properties": { "population": 0.72213315963745117 }, "geometry": { "type": "Point", "coordinates": [ -1.402983334515846, 53.77611666712167 ] } },
{ "type": "Feature", "properties": { "population": 0.54604095220565796 }, "geometry": { "type": "Point", "coordinates": [ -1.398816667865718, 53.77611666712167 ] } },
{ "type": "Feature", "properties": { "population": 582.2769775390625 }, "geometry": { "type": "Point", "coordinates": [ -1.698816666674937, 53.771950000471548 ] } },
{ "type": "Feature", "properties": { "population": 56.400928497314453 }, "geometry": { "type": "Point", "coordinates": [ -1.694650000024809, 53.771950000471548 ] } },
{ "type": "Feature", "properties": { "population": 3.7059638500213623 }, "geometry": { "type": "Point", "coordinates": [ -1.690483333374681, 53.771950000471548 ] } },
{ "type": "Feature", "properties": { "population": 3.3512282371520996 }, "geometry": { "type": "Point", "coordinates": [ -1.686316666724553, 53.771950000471548 ] } },
{ "type": "Feature", "properties": { "population": 5.1049284934997559 }, "geometry": { "type": "Point", "coordinates": [ -1.682150000074425, 53.771950000471548 ] } },
{ "type": "Feature", "properties": { "population": 3.8651950359344482 }, "geometry": { "type": "Point", "coordinates": [ -1.677983333424297, 53.771950000471548 ] } },
{ "type": "Feature", "properties": { "population": 5.1460838317871094 }, "geometry": { "type": "Point", "coordinates": [ -1.673816666774169, 53.771950000471548 ] } },
{ "type": "Feature", "properties": { "population": 16.759481430053711 }, "geometry": { "type": "Point", "coordinates": [ -1.66965000012404, 53.771950000471548 ] } },
{ "type": "Feature", "properties": { "population": 25.233306884765625 }, "geometry": { "type": "Point", "coordinates": [ -1.665483333473912, 53.771950000471548 ] } },
{ "type": "Feature", "properties": { "population": 12.007635116577148 }, "geometry": { "type": "Point", "coordinates": [ -1.661316666823784, 53.771950000471548 ] } },
{ "type": "Feature", "properties": { "population": 1.8304164409637451 }, "geometry": { "type": "Point", "coordinates": [ -1.657150000173656, 53.771950000471548 ] } },
{ "type": "Feature", "properties": { "population": 1.9838111400604248 }, "geometry": { "type": "Point", "coordinates": [ -1.652983333523528, 53.771950000471548 ] } },
{ "type": "Feature", "properties": { "population": 5.3103199005126953 }, "geometry": { "type": "Point", "coordinates": [ -1.6488166668734, 53.771950000471548 ] } },
{ "type": "Feature", "properties": { "population": 5.9920969009399414 }, "geometry": { "type": "Point", "coordinates": [ -1.644650000223272, 53.771950000471548 ] } },
{ "type": "Feature", "properties": { "population": 7.9548516273498535 }, "geometry": { "type": "Point", "coordinates": [ -1.640483333573144, 53.771950000471548 ] } },
{ "type": "Feature", "properties": { "population": 56.24285888671875 }, "geometry": { "type": "Point", "coordinates": [ -1.636316666923016, 53.771950000471548 ] } },
{ "type": "Feature", "properties": { "population": 56.023735046386719 }, "geometry": { "type": "Point", "coordinates": [ -1.632150000272888, 53.771950000471548 ] } },
{ "type": "Feature", "properties": { "population": 173.79188537597656 }, "geometry": { "type": "Point", "coordinates": [ -1.62798333362276, 53.771950000471548 ] } },
{ "type": "Feature", "properties": { "population": 72.595245361328125 }, "geometry": { "type": "Point", "coordinates": [ -1.623816666972632, 53.771950000471548 ] } },
{ "type": "Feature", "properties": { "population": 9.3955297470092773 }, "geometry": { "type": "Point", "coordinates": [ -1.619650000322504, 53.771950000471548 ] } },
{ "type": "Feature", "properties": { "population": 2.6718354225158691 }, "geometry": { "type": "Point", "coordinates": [ -1.615483333672376, 53.771950000471548 ] } },
{ "type": "Feature", "properties": { "population": 0.87056612968444824 }, "geometry": { "type": "Point", "coordinates": [ -1.611316667022248, 53.771950000471548 ] } },
{ "type": "Feature", "properties": { "population": 1.4853708744049072 }, "geometry": { "type": "Point", "coordinates": [ -1.60715000037212, 53.771950000471548 ] } },
{ "type": "Feature", "properties": { "population": 6.8673710823059082 }, "geometry": { "type": "Point", "coordinates": [ -1.602983333721992, 53.771950000471548 ] } },
{ "type": "Feature", "properties": { "population": 17.392704010009766 }, "geometry": { "type": "Point", "coordinates": [ -1.598816667071864, 53.771950000471548 ] } },
{ "type": "Feature", "properties": { "population": 16.579811096191406 }, "geometry": { "type": "Point", "coordinates": [ -1.594650000421736, 53.771950000471548 ] } },
{ "type": "Feature", "properties": { "population": 215.39031982421875 }, "geometry": { "type": "Point", "coordinates": [ -1.590483333771608, 53.771950000471548 ] } },
{ "type": "Feature", "properties": { "population": 444.7918701171875 }, "geometry": { "type": "Point", "coordinates": [ -1.58631666712148, 53.771950000471548 ] } },
{ "type": "Feature", "properties": { "population": 44.448936462402344 }, "geometry": { "type": "Point", "coordinates": [ -1.582150000471352, 53.771950000471548 ] } },
{ "type": "Feature", "properties": { "population": 88.280471801757812 }, "geometry": { "type": "Point", "coordinates": [ -1.577983333821223, 53.771950000471548 ] } },
{ "type": "Feature", "properties": { "population": 331.14389038085938 }, "geometry": { "type": "Point", "coordinates": [ -1.573816667171096, 53.771950000471548 ] } },
{ "type": "Feature", "properties": { "population": 562.21173095703125 }, "geometry": { "type": "Point", "coordinates": [ -1.569650000520967, 53.771950000471548 ] } },
{ "type": "Feature", "properties": { "population": 813.922607421875 }, "geometry": { "type": "Point", "coordinates": [ -1.565483333870839, 53.771950000471548 ] } },
{ "type": "Feature", "properties": { "population": 1211.4166259765625 }, "geometry": { "type": "Point", "coordinates": [ -1.561316667220711, 53.771950000471548 ] } },
{ "type": "Feature", "properties": { "population": 903.8853759765625 }, "geometry": { "type": "Point", "coordinates": [ -1.557150000570583, 53.771950000471548 ] } },
{ "type": "Feature", "properties": { "population": 1219.004638671875 }, "geometry": { "type": "Point", "coordinates": [ -1.552983333920455, 53.771950000471548 ] } },
{ "type": "Feature", "properties": { "population": 790.40362548828125 }, "geometry": { "type": "Point", "coordinates": [ -1.548816667270327, 53.771950000471548 ] } },
{ "type": "Feature", "properties": { "population": 52.711479187011719 }, "geometry": { "type": "Point", "coordinates": [ -1.544650000620199, 53.771950000471548 ] } },
{ "type": "Feature", "properties": { "population": 114.56637573242188 }, "geometry": { "type": "Point", "coordinates": [ -1.540483333970071, 53.771950000471548 ] } },
{ "type": "Feature", "properties": { "population": 310.40155029296875 }, "geometry": { "type": "Point", "coordinates": [ -1.536316667319943, 53.771950000471548 ] } },
{ "type": "Feature", "properties": { "population": 497.3162841796875 }, "geometry": { "type": "Point", "coordinates": [ -1.532150000669815, 53.771950000471548 ] } },
{ "type": "Feature", "properties": { "population": 614.58636474609375 }, "geometry": { "type": "Point", "coordinates": [ -1.527983334019687, 53.771950000471548 ] } },
{ "type": "Feature", "properties": { "population": 389.91107177734375 }, "geometry": { "type": "Point", "coordinates": [ -1.523816667369559, 53.771950000471548 ] } },
{ "type": "Feature", "properties": { "population": 26.463203430175781 }, "geometry": { "type": "Point", "coordinates": [ -1.519650000719431, 53.771950000471548 ] } },
{ "type": "Feature", "properties": { "population": 29.492330551147461 }, "geometry": { "type": "Point", "coordinates": [ -1.515483334069303, 53.771950000471548 ] } },
{ "type": "Feature", "properties": { "population": 41.281326293945312 }, "geometry": { "type": "Point", "coordinates": [ -1.511316667419175, 53.771950000471548 ] } },
{ "type": "Feature", "properties": { "population": 28.330018997192383 }, "geometry": { "type": "Point", "coordinates": [ -1.507150000769047, 53.771950000471548 ] } },
{ "type": "Feature", "properties": { "population": 18.409543991088867 }, "geometry": { "type": "Point", "coordinates": [ -1.502983334118919, 53.771950000471548 ] } },
{ "type": "Feature", "properties": { "population": 17.972335815429688 }, "geometry": { "type": "Point", "coordinates": [ -1.498816667468791, 53.771950000471548 ] } },
{ "type": "Feature", "properties": { "population": 14.340740203857422 }, "geometry": { "type": "Point", "coordinates": [ -1.494650000818663, 53.771950000471548 ] } },
{ "type": "Feature", "properties": { "population": 15.430824279785156 }, "geometry": { "type": "Point", "coordinates": [ -1.490483334168535, 53.771950000471548 ] } },
{ "type": "Feature", "properties": { "population": 6.1224803924560547 }, "geometry": { "type": "Point", "coordinates": [ -1.486316667518407, 53.771950000471548 ] } },
{ "type": "Feature", "properties": { "population": 11.040648460388184 }, "geometry": { "type": "Point", "coordinates": [ -1.482150000868279, 53.771950000471548 ] } },
{ "type": "Feature", "properties": { "population": 11.852485656738281 }, "geometry": { "type": "Point", "coordinates": [ -1.477983334218151, 53.771950000471548 ] } },
{ "type": "Feature", "properties": { "population": 7.6171669960021973 }, "geometry": { "type": "Point", "coordinates": [ -1.473816667568022, 53.771950000471548 ] } },
{ "type": "Feature", "properties": { "population": 7.3966193199157715 }, "geometry": { "type": "Point", "coordinates": [ -1.469650000917895, 53.771950000471548 ] } },
{ "type": "Feature", "properties": { "population": 4.5160694122314453 }, "geometry": { "type": "Point", "coordinates": [ -1.465483334267766, 53.771950000471548 ] } },
{ "type": "Feature", "properties": { "population": 9.5027389526367188 }, "geometry": { "type": "Point", "coordinates": [ -1.461316667617638, 53.771950000471548 ] } },
{ "type": "Feature", "properties": { "population": 11.001282691955566 }, "geometry": { "type": "Point", "coordinates": [ -1.45715000096751, 53.771950000471548 ] } },
{ "type": "Feature", "properties": { "population": 13.925271987915039 }, "geometry": { "type": "Point", "coordinates": [ -1.452983334317382, 53.771950000471548 ] } },
{ "type": "Feature", "properties": { "population": 5.8617830276489258 }, "geometry": { "type": "Point", "coordinates": [ -1.448816667667254, 53.771950000471548 ] } },
{ "type": "Feature", "properties": { "population": 5.0491147041320801 }, "geometry": { "type": "Point", "coordinates": [ -1.444650001017126, 53.771950000471548 ] } },
{ "type": "Feature", "properties": { "population": 2.1428251266479492 }, "geometry": { "type": "Point", "coordinates": [ -1.440483334366998, 53.771950000471548 ] } },
{ "type": "Feature", "properties": { "population": 0.98564690351486206 }, "geometry": { "type": "Point", "coordinates": [ -1.43631666771687, 53.771950000471548 ] } },
{ "type": "Feature", "properties": { "population": 4.7982850074768066 }, "geometry": { "type": "Point", "coordinates": [ -1.432150001066742, 53.771950000471548 ] } },
{ "type": "Feature", "properties": { "population": 75.316421508789062 }, "geometry": { "type": "Point", "coordinates": [ -1.427983334416614, 53.771950000471548 ] } },
{ "type": "Feature", "properties": { "population": 561.0985107421875 }, "geometry": { "type": "Point", "coordinates": [ -1.423816667766486, 53.771950000471548 ] } },
{ "type": "Feature", "properties": { "population": 207.32962036132812 }, "geometry": { "type": "Point", "coordinates": [ -1.419650001116358, 53.771950000471548 ] } },
{ "type": "Feature", "properties": { "population": 191.12510681152344 }, "geometry": { "type": "Point", "coordinates": [ -1.41548333446623, 53.771950000471548 ] } },
{ "type": "Feature", "properties": { "population": 41.899215698242188 }, "geometry": { "type": "Point", "coordinates": [ -1.411316667816102, 53.771950000471548 ] } },
{ "type": "Feature", "properties": { "population": 8.6361923217773438 }, "geometry": { "type": "Point", "coordinates": [ -1.407150001165974, 53.771950000471548 ] } },
{ "type": "Feature", "properties": { "population": 5.420555591583252 }, "geometry": { "type": "Point", "coordinates": [ -1.402983334515846, 53.771950000471548 ] } },
{ "type": "Feature", "properties": { "population": 3.109830379486084 }, "geometry": { "type": "Point", "coordinates": [ -1.398816667865718, 53.771950000471548 ] } },
{ "type": "Feature", "properties": { "population": 480.05209350585938 }, "geometry": { "type": "Point", "coordinates": [ -1.698816666674937, 53.767783333821427 ] } },
{ "type": "Feature", "properties": { "population": 78.574310302734375 }, "geometry": { "type": "Point", "coordinates": [ -1.694650000024809, 53.767783333821427 ] } },
{ "type": "Feature", "properties": { "population": 19.027032852172852 }, "geometry": { "type": "Point", "coordinates": [ -1.690483333374681, 53.767783333821427 ] } },
{ "type": "Feature", "properties": { "population": 2.8191297054290771 }, "geometry": { "type": "Point", "coordinates": [ -1.686316666724553, 53.767783333821427 ] } },
{ "type": "Feature", "properties": { "population": 15.872684478759766 }, "geometry": { "type": "Point", "coordinates": [ -1.682150000074425, 53.767783333821427 ] } },
{ "type": "Feature", "properties": { "population": 6.0253820419311523 }, "geometry": { "type": "Point", "coordinates": [ -1.677983333424297, 53.767783333821427 ] } },
{ "type": "Feature", "properties": { "population": 2.8203067779541016 }, "geometry": { "type": "Point", "coordinates": [ -1.673816666774169, 53.767783333821427 ] } },
{ "type": "Feature", "properties": { "population": 9.2316703796386719 }, "geometry": { "type": "Point", "coordinates": [ -1.66965000012404, 53.767783333821427 ] } },
{ "type": "Feature", "properties": { "population": 3.1487483978271484 }, "geometry": { "type": "Point", "coordinates": [ -1.665483333473912, 53.767783333821427 ] } },
{ "type": "Feature", "properties": { "population": 1.7766678333282471 }, "geometry": { "type": "Point", "coordinates": [ -1.661316666823784, 53.767783333821427 ] } },
{ "type": "Feature", "properties": { "population": 2.2058818340301514 }, "geometry": { "type": "Point", "coordinates": [ -1.657150000173656, 53.767783333821427 ] } },
{ "type": "Feature", "properties": { "population": 9.5299863815307617 }, "geometry": { "type": "Point", "coordinates": [ -1.652983333523528, 53.767783333821427 ] } },
{ "type": "Feature", "properties": { "population": 10.454070091247559 }, "geometry": { "type": "Point", "coordinates": [ -1.6488166668734, 53.767783333821427 ] } },
{ "type": "Feature", "properties": { "population": 12.938127517700195 }, "geometry": { "type": "Point", "coordinates": [ -1.644650000223272, 53.767783333821427 ] } },
{ "type": "Feature", "properties": { "population": 39.201126098632812 }, "geometry": { "type": "Point", "coordinates": [ -1.640483333573144, 53.767783333821427 ] } },
{ "type": "Feature", "properties": { "population": 39.550926208496094 }, "geometry": { "type": "Point", "coordinates": [ -1.636316666923016, 53.767783333821427 ] } },
{ "type": "Feature", "properties": { "population": 17.929416656494141 }, "geometry": { "type": "Point", "coordinates": [ -1.632150000272888, 53.767783333821427 ] } },
{ "type": "Feature", "properties": { "population": 14.796978950500488 }, "geometry": { "type": "Point", "coordinates": [ -1.62798333362276, 53.767783333821427 ] } },
{ "type": "Feature", "properties": { "population": 7.6050958633422852 }, "geometry": { "type": "Point", "coordinates": [ -1.623816666972632, 53.767783333821427 ] } },
{ "type": "Feature", "properties": { "population": 1.3345015048980713 }, "geometry": { "type": "Point", "coordinates": [ -1.619650000322504, 53.767783333821427 ] } },
{ "type": "Feature", "properties": { "population": 1.826387882232666 }, "geometry": { "type": "Point", "coordinates": [ -1.615483333672376, 53.767783333821427 ] } },
{ "type": "Feature", "properties": { "population": 2.4936208724975586 }, "geometry": { "type": "Point", "coordinates": [ -1.611316667022248, 53.767783333821427 ] } },
{ "type": "Feature", "properties": { "population": 9.6728343963623047 }, "geometry": { "type": "Point", "coordinates": [ -1.60715000037212, 53.767783333821427 ] } },
{ "type": "Feature", "properties": { "population": 28.256807327270508 }, "geometry": { "type": "Point", "coordinates": [ -1.602983333721992, 53.767783333821427 ] } },
{ "type": "Feature", "properties": { "population": 43.059951782226562 }, "geometry": { "type": "Point", "coordinates": [ -1.598816667071864, 53.767783333821427 ] } },
{ "type": "Feature", "properties": { "population": 42.632209777832031 }, "geometry": { "type": "Point", "coordinates": [ -1.594650000421736, 53.767783333821427 ] } },
{ "type": "Feature", "properties": { "population": 221.7589111328125 }, "geometry": { "type": "Point", "coordinates": [ -1.590483333771608, 53.767783333821427 ] } },
{ "type": "Feature", "properties": { "population": 737.99810791015625 }, "geometry": { "type": "Point", "coordinates": [ -1.58631666712148, 53.767783333821427 ] } },
{ "type": "Feature", "properties": { "population": 556.2493896484375 }, "geometry": { "type": "Point", "coordinates": [ -1.582150000471352, 53.767783333821427 ] } },
{ "type": "Feature", "properties": { "population": 516.3740234375 }, "geometry": { "type": "Point", "coordinates": [ -1.577983333821223, 53.767783333821427 ] } },
{ "type": "Feature", "properties": { "population": 249.2579345703125 }, "geometry": { "type": "Point", "coordinates": [ -1.573816667171096, 53.767783333821427 ] } },
{ "type": "Feature", "properties": { "population": 495.78268432617188 }, "geometry": { "type": "Point", "coordinates": [ -1.569650000520967, 53.767783333821427 ] } },
{ "type": "Feature", "properties": { "population": 532.92291259765625 }, "geometry": { "type": "Point", "coordinates": [ -1.565483333870839, 53.767783333821427 ] } },
{ "type": "Feature", "properties": { "population": 1062.84228515625 }, "geometry": { "type": "Point", "coordinates": [ -1.561316667220711, 53.767783333821427 ] } },
{ "type": "Feature", "properties": { "population": 888.7506103515625 }, "geometry": { "type": "Point", "coordinates": [ -1.557150000570583, 53.767783333821427 ] } },
{ "type": "Feature", "properties": { "population": 458.165283203125 }, "geometry": { "type": "Point", "coordinates": [ -1.552983333920455, 53.767783333821427 ] } },
{ "type": "Feature", "properties": { "population": 241.70834350585938 }, "geometry": { "type": "Point", "coordinates": [ -1.548816667270327, 53.767783333821427 ] } },
{ "type": "Feature", "properties": { "population": 47.230976104736328 }, "geometry": { "type": "Point", "coordinates": [ -1.544650000620199, 53.767783333821427 ] } },
{ "type": "Feature", "properties": { "population": 90.068634033203125 }, "geometry": { "type": "Point", "coordinates": [ -1.540483333970071, 53.767783333821427 ] } },
{ "type": "Feature", "properties": { "population": 472.11868286132812 }, "geometry": { "type": "Point", "coordinates": [ -1.536316667319943, 53.767783333821427 ] } },
{ "type": "Feature", "properties": { "population": 931.759521484375 }, "geometry": { "type": "Point", "coordinates": [ -1.532150000669815, 53.767783333821427 ] } },
{ "type": "Feature", "properties": { "population": 661.9056396484375 }, "geometry": { "type": "Point", "coordinates": [ -1.527983334019687, 53.767783333821427 ] } },
{ "type": "Feature", "properties": { "population": 492.440185546875 }, "geometry": { "type": "Point", "coordinates": [ -1.523816667369559, 53.767783333821427 ] } },
{ "type": "Feature", "properties": { "population": 96.984359741210938 }, "geometry": { "type": "Point", "coordinates": [ -1.519650000719431, 53.767783333821427 ] } },
{ "type": "Feature", "properties": { "population": 85.080879211425781 }, "geometry": { "type": "Point", "coordinates": [ -1.515483334069303, 53.767783333821427 ] } },
{ "type": "Feature", "properties": { "population": 32.519424438476562 }, "geometry": { "type": "Point", "coordinates": [ -1.511316667419175, 53.767783333821427 ] } },
{ "type": "Feature", "properties": { "population": 35.246173858642578 }, "geometry": { "type": "Point", "coordinates": [ -1.507150000769047, 53.767783333821427 ] } },
{ "type": "Feature", "properties": { "population": 29.383373260498047 }, "geometry": { "type": "Point", "coordinates": [ -1.502983334118919, 53.767783333821427 ] } },
{ "type": "Feature", "properties": { "population": 16.433071136474609 }, "geometry": { "type": "Point", "coordinates": [ -1.498816667468791, 53.767783333821427 ] } },
{ "type": "Feature", "properties": { "population": 13.45048999786377 }, "geometry": { "type": "Point", "coordinates": [ -1.494650000818663, 53.767783333821427 ] } },
{ "type": "Feature", "properties": { "population": 13.886067390441895 }, "geometry": { "type": "Point", "coordinates": [ -1.490483334168535, 53.767783333821427 ] } },
{ "type": "Feature", "properties": { "population": 8.1970739364624023 }, "geometry": { "type": "Point", "coordinates": [ -1.486316667518407, 53.767783333821427 ] } },
{ "type": "Feature", "properties": { "population": 10.995595932006836 }, "geometry": { "type": "Point", "coordinates": [ -1.482150000868279, 53.767783333821427 ] } },
{ "type": "Feature", "properties": { "population": 5.2315778732299805 }, "geometry": { "type": "Point", "coordinates": [ -1.477983334218151, 53.767783333821427 ] } },
{ "type": "Feature", "properties": { "population": 4.0509157180786133 }, "geometry": { "type": "Point", "coordinates": [ -1.473816667568022, 53.767783333821427 ] } },
{ "type": "Feature", "properties": { "population": 4.6676449775695801 }, "geometry": { "type": "Point", "coordinates": [ -1.469650000917895, 53.767783333821427 ] } },
{ "type": "Feature", "properties": { "population": 6.4750466346740723 }, "geometry": { "type": "Point", "coordinates": [ -1.465483334267766, 53.767783333821427 ] } },
{ "type": "Feature", "properties": { "population": 13.666643142700195 }, "geometry": { "type": "Point", "coordinates": [ -1.461316667617638, 53.767783333821427 ] } },
{ "type": "Feature", "properties": { "population": 26.655284881591797 }, "geometry": { "type": "Point", "coordinates": [ -1.45715000096751, 53.767783333821427 ] } },
{ "type": "Feature", "properties": { "population": 14.012248039245605 }, "geometry": { "type": "Point", "coordinates": [ -1.452983334317382, 53.767783333821427 ] } },
{ "type": "Feature", "properties": { "population": 3.1700639724731445 }, "geometry": { "type": "Point", "coordinates": [ -1.448816667667254, 53.767783333821427 ] } },
{ "type": "Feature", "properties": { "population": 3.3796060085296631 }, "geometry": { "type": "Point", "coordinates": [ -1.444650001017126, 53.767783333821427 ] } },
{ "type": "Feature", "properties": { "population": 3.527778148651123 }, "geometry": { "type": "Point", "coordinates": [ -1.440483334366998, 53.767783333821427 ] } },
{ "type": "Feature", "properties": { "population": 2.0190162658691406 }, "geometry": { "type": "Point", "coordinates": [ -1.43631666771687, 53.767783333821427 ] } },
{ "type": "Feature", "properties": { "population": 3.1561133861541748 }, "geometry": { "type": "Point", "coordinates": [ -1.432150001066742, 53.767783333821427 ] } },
{ "type": "Feature", "properties": { "population": 138.72830200195312 }, "geometry": { "type": "Point", "coordinates": [ -1.427983334416614, 53.767783333821427 ] } },
{ "type": "Feature", "properties": { "population": 700.33935546875 }, "geometry": { "type": "Point", "coordinates": [ -1.423816667766486, 53.767783333821427 ] } },
{ "type": "Feature", "properties": { "population": 446.86538696289062 }, "geometry": { "type": "Point", "coordinates": [ -1.419650001116358, 53.767783333821427 ] } },
{ "type": "Feature", "properties": { "population": 312.17227172851562 }, "geometry": { "type": "Point", "coordinates": [ -1.41548333446623, 53.767783333821427 ] } },
{ "type": "Feature", "properties": { "population": 37.718101501464844 }, "geometry": { "type": "Point", "coordinates": [ -1.411316667816102, 53.767783333821427 ] } },
{ "type": "Feature", "properties": { "population": 8.4372177124023438 }, "geometry": { "type": "Point", "coordinates": [ -1.407150001165974, 53.767783333821427 ] } },
{ "type": "Feature", "properties": { "population": 7.9380102157592773 }, "geometry": { "type": "Point", "coordinates": [ -1.402983334515846, 53.767783333821427 ] } },
{ "type": "Feature", "properties": { "population": 8.8204822540283203 }, "geometry": { "type": "Point", "coordinates": [ -1.398816667865718, 53.767783333821427 ] } },
{ "type": "Feature", "properties": { "population": 102.27928161621094 }, "geometry": { "type": "Point", "coordinates": [ -1.698816666674937, 53.763616667171306 ] } },
{ "type": "Feature", "properties": { "population": 50.790676116943359 }, "geometry": { "type": "Point", "coordinates": [ -1.694650000024809, 53.763616667171306 ] } },
{ "type": "Feature", "properties": { "population": 22.209697723388672 }, "geometry": { "type": "Point", "coordinates": [ -1.690483333374681, 53.763616667171306 ] } },
{ "type": "Feature", "properties": { "population": 17.642002105712891 }, "geometry": { "type": "Point", "coordinates": [ -1.686316666724553, 53.763616667171306 ] } },
{ "type": "Feature", "properties": { "population": 18.333847045898438 }, "geometry": { "type": "Point", "coordinates": [ -1.682150000074425, 53.763616667171306 ] } },
{ "type": "Feature", "properties": { "population": 11.770750045776367 }, "geometry": { "type": "Point", "coordinates": [ -1.677983333424297, 53.763616667171306 ] } },
{ "type": "Feature", "properties": { "population": 4.6289911270141602 }, "geometry": { "type": "Point", "coordinates": [ -1.673816666774169, 53.763616667171306 ] } },
{ "type": "Feature", "properties": { "population": 3.1117663383483887 }, "geometry": { "type": "Point", "coordinates": [ -1.66965000012404, 53.763616667171306 ] } },
{ "type": "Feature", "properties": { "population": 8.8149805068969727 }, "geometry": { "type": "Point", "coordinates": [ -1.665483333473912, 53.763616667171306 ] } },
{ "type": "Feature", "properties": { "population": 7.4273691177368164 }, "geometry": { "type": "Point", "coordinates": [ -1.661316666823784, 53.763616667171306 ] } },
{ "type": "Feature", "properties": { "population": 12.902288436889648 }, "geometry": { "type": "Point", "coordinates": [ -1.657150000173656, 53.763616667171306 ] } },
{ "type": "Feature", "properties": { "population": 43.091976165771484 }, "geometry": { "type": "Point", "coordinates": [ -1.652983333523528, 53.763616667171306 ] } },
{ "type": "Feature", "properties": { "population": 95.815780639648438 }, "geometry": { "type": "Point", "coordinates": [ -1.6488166668734, 53.763616667171306 ] } },
{ "type": "Feature", "properties": { "population": 94.473953247070312 }, "geometry": { "type": "Point", "coordinates": [ -1.644650000223272, 53.763616667171306 ] } },
{ "type": "Feature", "properties": { "population": 209.498046875 }, "geometry": { "type": "Point", "coordinates": [ -1.640483333573144, 53.763616667171306 ] } },
{ "type": "Feature", "properties": { "population": 507.66445922851562 }, "geometry": { "type": "Point", "coordinates": [ -1.636316666923016, 53.763616667171306 ] } },
{ "type": "Feature", "properties": { "population": 438.787353515625 }, "geometry": { "type": "Point", "coordinates": [ -1.632150000272888, 53.763616667171306 ] } },
{ "type": "Feature", "properties": { "population": 95.3028564453125 }, "geometry": { "type": "Point", "coordinates": [ -1.62798333362276, 53.763616667171306 ] } },
{ "type": "Feature", "properties": { "population": 30.761604309082031 }, "geometry": { "type": "Point", "coordinates": [ -1.623816666972632, 53.763616667171306 ] } },
{ "type": "Feature", "properties": { "population": 3.791567325592041 }, "geometry": { "type": "Point", "coordinates": [ -1.619650000322504, 53.763616667171306 ] } },
{ "type": "Feature", "properties": { "population": 2.1533632278442383 }, "geometry": { "type": "Point", "coordinates": [ -1.615483333672376, 53.763616667171306 ] } },
{ "type": "Feature", "properties": { "population": 12.103775024414062 }, "geometry": { "type": "Point", "coordinates": [ -1.611316667022248, 53.763616667171306 ] } },
{ "type": "Feature", "properties": { "population": 11.051780700683594 }, "geometry": { "type": "Point", "coordinates": [ -1.60715000037212, 53.763616667171306 ] } },
{ "type": "Feature", "properties": { "population": 13.302600860595703 }, "geometry": { "type": "Point", "coordinates": [ -1.602983333721992, 53.763616667171306 ] } },
{ "type": "Feature", "properties": { "population": 39.882225036621094 }, "geometry": { "type": "Point", "coordinates": [ -1.598816667071864, 53.763616667171306 ] } },
{ "type": "Feature", "properties": { "population": 207.5635986328125 }, "geometry": { "type": "Point", "coordinates": [ -1.594650000421736, 53.763616667171306 ] } },
{ "type": "Feature", "properties": { "population": 760.1104736328125 }, "geometry": { "type": "Point", "coordinates": [ -1.590483333771608, 53.763616667171306 ] } },
{ "type": "Feature", "properties": { "population": 590.7489013671875 }, "geometry": { "type": "Point", "coordinates": [ -1.58631666712148, 53.763616667171306 ] } },
{ "type": "Feature", "properties": { "population": 270.33407592773438 }, "geometry": { "type": "Point", "coordinates": [ -1.582150000471352, 53.763616667171306 ] } },
{ "type": "Feature", "properties": { "population": 173.66926574707031 }, "geometry": { "type": "Point", "coordinates": [ -1.577983333821223, 53.763616667171306 ] } },
{ "type": "Feature", "properties": { "population": 235.00738525390625 }, "geometry": { "type": "Point", "coordinates": [ -1.573816667171096, 53.763616667171306 ] } },
{ "type": "Feature", "properties": { "population": 672.63800048828125 }, "geometry": { "type": "Point", "coordinates": [ -1.569650000520967, 53.763616667171306 ] } },
{ "type": "Feature", "properties": { "population": 754.13031005859375 }, "geometry": { "type": "Point", "coordinates": [ -1.565483333870839, 53.763616667171306 ] } },
{ "type": "Feature", "properties": { "population": 704.24114990234375 }, "geometry": { "type": "Point", "coordinates": [ -1.561316667220711, 53.763616667171306 ] } },
{ "type": "Feature", "properties": { "population": 593.7315673828125 }, "geometry": { "type": "Point", "coordinates": [ -1.557150000570583, 53.763616667171306 ] } },
{ "type": "Feature", "properties": { "population": 198.35333251953125 }, "geometry": { "type": "Point", "coordinates": [ -1.552983333920455, 53.763616667171306 ] } },
{ "type": "Feature", "properties": { "population": 38.089000701904297 }, "geometry": { "type": "Point", "coordinates": [ -1.548816667270327, 53.763616667171306 ] } },
{ "type": "Feature", "properties": { "population": 59.557861328125 }, "geometry": { "type": "Point", "coordinates": [ -1.544650000620199, 53.763616667171306 ] } },
{ "type": "Feature", "properties": { "population": 109.36585998535156 }, "geometry": { "type": "Point", "coordinates": [ -1.540483333970071, 53.763616667171306 ] } },
{ "type": "Feature", "properties": { "population": 355.48171997070312 }, "geometry": { "type": "Point", "coordinates": [ -1.536316667319943, 53.763616667171306 ] } },
{ "type": "Feature", "properties": { "population": 760.82965087890625 }, "geometry": { "type": "Point", "coordinates": [ -1.532150000669815, 53.763616667171306 ] } },
{ "type": "Feature", "properties": { "population": 629.8277587890625 }, "geometry": { "type": "Point", "coordinates": [ -1.527983334019687, 53.763616667171306 ] } },
{ "type": "Feature", "properties": { "population": 377.95449829101562 }, "geometry": { "type": "Point", "coordinates": [ -1.523816667369559, 53.763616667171306 ] } },
{ "type": "Feature", "properties": { "population": 133.23875427246094 }, "geometry": { "type": "Point", "coordinates": [ -1.519650000719431, 53.763616667171306 ] } },
{ "type": "Feature", "properties": { "population": 64.399887084960938 }, "geometry": { "type": "Point", "coordinates": [ -1.515483334069303, 53.763616667171306 ] } },
{ "type": "Feature", "properties": { "population": 44.465682983398438 }, "geometry": { "type": "Point", "coordinates": [ -1.511316667419175, 53.763616667171306 ] } },
{ "type": "Feature", "properties": { "population": 33.059925079345703 }, "geometry": { "type": "Point", "coordinates": [ -1.507150000769047, 53.763616667171306 ] } },
{ "type": "Feature", "properties": { "population": 33.296127319335938 }, "geometry": { "type": "Point", "coordinates": [ -1.502983334118919, 53.763616667171306 ] } },
{ "type": "Feature", "properties": { "population": 33.8470458984375 }, "geometry": { "type": "Point", "coordinates": [ -1.498816667468791, 53.763616667171306 ] } },
{ "type": "Feature", "properties": { "population": 38.797981262207031 }, "geometry": { "type": "Point", "coordinates": [ -1.494650000818663, 53.763616667171306 ] } },
{ "type": "Feature", "properties": { "population": 20.822427749633789 }, "geometry": { "type": "Point", "coordinates": [ -1.490483334168535, 53.763616667171306 ] } },
{ "type": "Feature", "properties": { "population": 12.431767463684082 }, "geometry": { "type": "Point", "coordinates": [ -1.486316667518407, 53.763616667171306 ] } },
{ "type": "Feature", "properties": { "population": 5.3399319648742676 }, "geometry": { "type": "Point", "coordinates": [ -1.482150000868279, 53.763616667171306 ] } },
{ "type": "Feature", "properties": { "population": 7.7417888641357422 }, "geometry": { "type": "Point", "coordinates": [ -1.477983334218151, 53.763616667171306 ] } },
{ "type": "Feature", "properties": { "population": 9.2955102920532227 }, "geometry": { "type": "Point", "coordinates": [ -1.473816667568022, 53.763616667171306 ] } },
{ "type": "Feature", "properties": { "population": 14.251065254211426 }, "geometry": { "type": "Point", "coordinates": [ -1.469650000917895, 53.763616667171306 ] } },
{ "type": "Feature", "properties": { "population": 10.948155403137207 }, "geometry": { "type": "Point", "coordinates": [ -1.465483334267766, 53.763616667171306 ] } },
{ "type": "Feature", "properties": { "population": 10.990288734436035 }, "geometry": { "type": "Point", "coordinates": [ -1.461316667617638, 53.763616667171306 ] } },
{ "type": "Feature", "properties": { "population": 11.973278045654297 }, "geometry": { "type": "Point", "coordinates": [ -1.45715000096751, 53.763616667171306 ] } },
{ "type": "Feature", "properties": { "population": 13.346263885498047 }, "geometry": { "type": "Point", "coordinates": [ -1.452983334317382, 53.763616667171306 ] } },
{ "type": "Feature", "properties": { "population": 6.9258661270141602 }, "geometry": { "type": "Point", "coordinates": [ -1.448816667667254, 53.763616667171306 ] } },
{ "type": "Feature", "properties": { "population": 1.8487787246704102 }, "geometry": { "type": "Point", "coordinates": [ -1.444650001017126, 53.763616667171306 ] } },
{ "type": "Feature", "properties": { "population": 1.3796205520629883 }, "geometry": { "type": "Point", "coordinates": [ -1.440483334366998, 53.763616667171306 ] } },
{ "type": "Feature", "properties": { "population": 2.198969841003418 }, "geometry": { "type": "Point", "coordinates": [ -1.43631666771687, 53.763616667171306 ] } },
{ "type": "Feature", "properties": { "population": 3.6783199310302734 }, "geometry": { "type": "Point", "coordinates": [ -1.432150001066742, 53.763616667171306 ] } },
{ "type": "Feature", "properties": { "population": 40.347000122070312 }, "geometry": { "type": "Point", "coordinates": [ -1.427983334416614, 53.763616667171306 ] } },
{ "type": "Feature", "properties": { "population": 219.71925354003906 }, "geometry": { "type": "Point", "coordinates": [ -1.423816667766486, 53.763616667171306 ] } },
{ "type": "Feature", "properties": { "population": 150.06724548339844 }, "geometry": { "type": "Point", "coordinates": [ -1.419650001116358, 53.763616667171306 ] } },
{ "type": "Feature", "properties": { "population": 427.02548217773438 }, "geometry": { "type": "Point", "coordinates": [ -1.41548333446623, 53.763616667171306 ] } },
{ "type": "Feature", "properties": { "population": 23.858989715576172 }, "geometry": { "type": "Point", "coordinates": [ -1.411316667816102, 53.763616667171306 ] } },
{ "type": "Feature", "properties": { "population": 1.9518517255783081 }, "geometry": { "type": "Point", "coordinates": [ -1.407150001165974, 53.763616667171306 ] } },
{ "type": "Feature", "properties": { "population": 2.8889331817626953 }, "geometry": { "type": "Point", "coordinates": [ -1.402983334515846, 53.763616667171306 ] } },
{ "type": "Feature", "properties": { "population": 31.032234191894531 }, "geometry": { "type": "Point", "coordinates": [ -1.398816667865718, 53.763616667171306 ] } },
{ "type": "Feature", "properties": { "population": 308.11227416992188 }, "geometry": { "type": "Point", "coordinates": [ -1.698816666674937, 53.759450000521184 ] } },
{ "type": "Feature", "properties": { "population": 451.56658935546875 }, "geometry": { "type": "Point", "coordinates": [ -1.694650000024809, 53.759450000521184 ] } },
{ "type": "Feature", "properties": { "population": 259.356201171875 }, "geometry": { "type": "Point", "coordinates": [ -1.690483333374681, 53.759450000521184 ] } },
{ "type": "Feature", "properties": { "population": 67.279716491699219 }, "geometry": { "type": "Point", "coordinates": [ -1.686316666724553, 53.759450000521184 ] } },
{ "type": "Feature", "properties": { "population": 36.499687194824219 }, "geometry": { "type": "Point", "coordinates": [ -1.682150000074425, 53.759450000521184 ] } },
{ "type": "Feature", "properties": { "population": 23.35877799987793 }, "geometry": { "type": "Point", "coordinates": [ -1.677983333424297, 53.759450000521184 ] } },
{ "type": "Feature", "properties": { "population": 41.129776000976562 }, "geometry": { "type": "Point", "coordinates": [ -1.673816666774169, 53.759450000521184 ] } },
{ "type": "Feature", "properties": { "population": 147.57943725585938 }, "geometry": { "type": "Point", "coordinates": [ -1.66965000012404, 53.759450000521184 ] } },
{ "type": "Feature", "properties": { "population": 139.03150939941406 }, "geometry": { "type": "Point", "coordinates": [ -1.665483333473912, 53.759450000521184 ] } },
{ "type": "Feature", "properties": { "population": 88.294082641601562 }, "geometry": { "type": "Point", "coordinates": [ -1.661316666823784, 53.759450000521184 ] } },
{ "type": "Feature", "properties": { "population": 142.67559814453125 }, "geometry": { "type": "Point", "coordinates": [ -1.657150000173656, 53.759450000521184 ] } },
{ "type": "Feature", "properties": { "population": 119.13015747070312 }, "geometry": { "type": "Point", "coordinates": [ -1.652983333523528, 53.759450000521184 ] } },
{ "type": "Feature", "properties": { "population": 43.602119445800781 }, "geometry": { "type": "Point", "coordinates": [ -1.6488166668734, 53.759450000521184 ] } },
{ "type": "Feature", "properties": { "population": 36.940967559814453 }, "geometry": { "type": "Point", "coordinates": [ -1.644650000223272, 53.759450000521184 ] } },
{ "type": "Feature", "properties": { "population": 206.08084106445312 }, "geometry": { "type": "Point", "coordinates": [ -1.640483333573144, 53.759450000521184 ] } },
{ "type": "Feature", "properties": { "population": 679.1463623046875 }, "geometry": { "type": "Point", "coordinates": [ -1.636316666923016, 53.759450000521184 ] } },
{ "type": "Feature", "properties": { "population": 608.842041015625 }, "geometry": { "type": "Point", "coordinates": [ -1.632150000272888, 53.759450000521184 ] } },
{ "type": "Feature", "properties": { "population": 382.81967163085938 }, "geometry": { "type": "Point", "coordinates": [ -1.62798333362276, 53.759450000521184 ] } },
{ "type": "Feature", "properties": { "population": 334.74346923828125 }, "geometry": { "type": "Point", "coordinates": [ -1.623816666972632, 53.759450000521184 ] } },
{ "type": "Feature", "properties": { "population": 96.1383056640625 }, "geometry": { "type": "Point", "coordinates": [ -1.619650000322504, 53.759450000521184 ] } },
{ "type": "Feature", "properties": { "population": 9.0264110565185547 }, "geometry": { "type": "Point", "coordinates": [ -1.615483333672376, 53.759450000521184 ] } },
{ "type": "Feature", "properties": { "population": 27.62103271484375 }, "geometry": { "type": "Point", "coordinates": [ -1.611316667022248, 53.759450000521184 ] } },
{ "type": "Feature", "properties": { "population": 185.83448791503906 }, "geometry": { "type": "Point", "coordinates": [ -1.60715000037212, 53.759450000521184 ] } },
{ "type": "Feature", "properties": { "population": 507.06463623046875 }, "geometry": { "type": "Point", "coordinates": [ -1.602983333721992, 53.759450000521184 ] } },
{ "type": "Feature", "properties": { "population": 360.41912841796875 }, "geometry": { "type": "Point", "coordinates": [ -1.598816667071864, 53.759450000521184 ] } },
{ "type": "Feature", "properties": { "population": 449.909912109375 }, "geometry": { "type": "Point", "coordinates": [ -1.594650000421736, 53.759450000521184 ] } },
{ "type": "Feature", "properties": { "population": 561.168701171875 }, "geometry": { "type": "Point", "coordinates": [ -1.590483333771608, 53.759450000521184 ] } },
{ "type": "Feature", "properties": { "population": 307.42794799804688 }, "geometry": { "type": "Point", "coordinates": [ -1.58631666712148, 53.759450000521184 ] } },
{ "type": "Feature", "properties": { "population": 80.744987487792969 }, "geometry": { "type": "Point", "coordinates": [ -1.582150000471352, 53.759450000521184 ] } },
{ "type": "Feature", "properties": { "population": 136.56639099121094 }, "geometry": { "type": "Point", "coordinates": [ -1.577983333821223, 53.759450000521184 ] } },
{ "type": "Feature", "properties": { "population": 108.2904052734375 }, "geometry": { "type": "Point", "coordinates": [ -1.573816667171096, 53.759450000521184 ] } },
{ "type": "Feature", "properties": { "population": 450.3988037109375 }, "geometry": { "type": "Point", "coordinates": [ -1.569650000520967, 53.759450000521184 ] } },
{ "type": "Feature", "properties": { "population": 333.7027587890625 }, "geometry": { "type": "Point", "coordinates": [ -1.565483333870839, 53.759450000521184 ] } },
{ "type": "Feature", "properties": { "population": 289.02191162109375 }, "geometry": { "type": "Point", "coordinates": [ -1.561316667220711, 53.759450000521184 ] } },
{ "type": "Feature", "properties": { "population": 145.18730163574219 }, "geometry": { "type": "Point", "coordinates": [ -1.557150000570583, 53.759450000521184 ] } },
{ "type": "Feature", "properties": { "population": 34.916007995605469 }, "geometry": { "type": "Point", "coordinates": [ -1.552983333920455, 53.759450000521184 ] } },
{ "type": "Feature", "properties": { "population": 11.928277969360352 }, "geometry": { "type": "Point", "coordinates": [ -1.548816667270327, 53.759450000521184 ] } },
{ "type": "Feature", "properties": { "population": 4.8152651786804199 }, "geometry": { "type": "Point", "coordinates": [ -1.544650000620199, 53.759450000521184 ] } },
{ "type": "Feature", "properties": { "population": 7.847775936126709 }, "geometry": { "type": "Point", "coordinates": [ -1.540483333970071, 53.759450000521184 ] } },
{ "type": "Feature", "properties": { "population": 62.111820220947266 }, "geometry": { "type": "Point", "coordinates": [ -1.536316667319943, 53.759450000521184 ] } },
{ "type": "Feature", "properties": { "population": 537.82366943359375 }, "geometry": { "type": "Point", "coordinates": [ -1.532150000669815, 53.759450000521184 ] } },
{ "type": "Feature", "properties": { "population": 700.7760009765625 }, "geometry": { "type": "Point", "coordinates": [ -1.527983334019687, 53.759450000521184 ] } },
{ "type": "Feature", "properties": { "population": 641.4794921875 }, "geometry": { "type": "Point", "coordinates": [ -1.523816667369559, 53.759450000521184 ] } },
{ "type": "Feature", "properties": { "population": 719.0047607421875 }, "geometry": { "type": "Point", "coordinates": [ -1.519650000719431, 53.759450000521184 ] } },
{ "type": "Feature", "properties": { "population": 139.60997009277344 }, "geometry": { "type": "Point", "coordinates": [ -1.515483334069303, 53.759450000521184 ] } },
{ "type": "Feature", "properties": { "population": 21.770229339599609 }, "geometry": { "type": "Point", "coordinates": [ -1.511316667419175, 53.759450000521184 ] } },
{ "type": "Feature", "properties": { "population": 69.599662780761719 }, "geometry": { "type": "Point", "coordinates": [ -1.507150000769047, 53.759450000521184 ] } },
{ "type": "Feature", "properties": { "population": 28.448602676391602 }, "geometry": { "type": "Point", "coordinates": [ -1.502983334118919, 53.759450000521184 ] } },
{ "type": "Feature", "properties": { "population": 52.468681335449219 }, "geometry": { "type": "Point", "coordinates": [ -1.498816667468791, 53.759450000521184 ] } },
{ "type": "Feature", "properties": { "population": 26.652629852294922 }, "geometry": { "type": "Point", "coordinates": [ -1.494650000818663, 53.759450000521184 ] } },
{ "type": "Feature", "properties": { "population": 21.926357269287109 }, "geometry": { "type": "Point", "coordinates": [ -1.490483334168535, 53.759450000521184 ] } },
{ "type": "Feature", "properties": { "population": 19.186187744140625 }, "geometry": { "type": "Point", "coordinates": [ -1.486316667518407, 53.759450000521184 ] } },
{ "type": "Feature", "properties": { "population": 80.830436706542969 }, "geometry": { "type": "Point", "coordinates": [ -1.482150000868279, 53.759450000521184 ] } },
{ "type": "Feature", "properties": { "population": 76.070365905761719 }, "geometry": { "type": "Point", "coordinates": [ -1.477983334218151, 53.759450000521184 ] } },
{ "type": "Feature", "properties": { "population": 181.27183532714844 }, "geometry": { "type": "Point", "coordinates": [ -1.473816667568022, 53.759450000521184 ] } },
{ "type": "Feature", "properties": { "population": 190.35476684570312 }, "geometry": { "type": "Point", "coordinates": [ -1.469650000917895, 53.759450000521184 ] } },
{ "type": "Feature", "properties": { "population": 162.40898132324219 }, "geometry": { "type": "Point", "coordinates": [ -1.465483334267766, 53.759450000521184 ] } },
{ "type": "Feature", "properties": { "population": 102.31687927246094 }, "geometry": { "type": "Point", "coordinates": [ -1.461316667617638, 53.759450000521184 ] } },
{ "type": "Feature", "properties": { "population": 50.077713012695312 }, "geometry": { "type": "Point", "coordinates": [ -1.45715000096751, 53.759450000521184 ] } },
{ "type": "Feature", "properties": { "population": 224.27012634277344 }, "geometry": { "type": "Point", "coordinates": [ -1.452983334317382, 53.759450000521184 ] } },
{ "type": "Feature", "properties": { "population": 212.60980224609375 }, "geometry": { "type": "Point", "coordinates": [ -1.448816667667254, 53.759450000521184 ] } },
{ "type": "Feature", "properties": { "population": 92.202041625976562 }, "geometry": { "type": "Point", "coordinates": [ -1.444650001017126, 53.759450000521184 ] } },
{ "type": "Feature", "properties": { "population": 72.683265686035156 }, "geometry": { "type": "Point", "coordinates": [ -1.440483334366998, 53.759450000521184 ] } },
{ "type": "Feature", "properties": { "population": 34.631847381591797 }, "geometry": { "type": "Point", "coordinates": [ -1.43631666771687, 53.759450000521184 ] } },
{ "type": "Feature", "properties": { "population": 11.38750171661377 }, "geometry": { "type": "Point", "coordinates": [ -1.432150001066742, 53.759450000521184 ] } },
{ "type": "Feature", "properties": { "population": 3.1080353260040283 }, "geometry": { "type": "Point", "coordinates": [ -1.427983334416614, 53.759450000521184 ] } },
{ "type": "Feature", "properties": { "population": 1.3923896551132202 }, "geometry": { "type": "Point", "coordinates": [ -1.423816667766486, 53.759450000521184 ] } },
{ "type": "Feature", "properties": { "population": 2.98209547996521 }, "geometry": { "type": "Point", "coordinates": [ -1.419650001116358, 53.759450000521184 ] } },
{ "type": "Feature", "properties": { "population": 40.863483428955078 }, "geometry": { "type": "Point", "coordinates": [ -1.41548333446623, 53.759450000521184 ] } },
{ "type": "Feature", "properties": { "population": 15.64223575592041 }, "geometry": { "type": "Point", "coordinates": [ -1.411316667816102, 53.759450000521184 ] } },
{ "type": "Feature", "properties": { "population": 1.7333883047103882 }, "geometry": { "type": "Point", "coordinates": [ -1.407150001165974, 53.759450000521184 ] } },
{ "type": "Feature", "properties": { "population": 2.5050997734069824 }, "geometry": { "type": "Point", "coordinates": [ -1.402983334515846, 53.759450000521184 ] } },
{ "type": "Feature", "properties": { "population": 5.5945196151733398 }, "geometry": { "type": "Point", "coordinates": [ -1.398816667865718, 53.759450000521184 ] } },
{ "type": "Feature", "properties": { "population": 79.970222473144531 }, "geometry": { "type": "Point", "coordinates": [ -1.698816666674937, 53.755283333871063 ] } },
{ "type": "Feature", "properties": { "population": 469.70513916015625 }, "geometry": { "type": "Point", "coordinates": [ -1.694650000024809, 53.755283333871063 ] } },
{ "type": "Feature", "properties": { "population": 446.43975830078125 }, "geometry": { "type": "Point", "coordinates": [ -1.690483333374681, 53.755283333871063 ] } },
{ "type": "Feature", "properties": { "population": 115.69967651367188 }, "geometry": { "type": "Point", "coordinates": [ -1.686316666724553, 53.755283333871063 ] } },
{ "type": "Feature", "properties": { "population": 56.590431213378906 }, "geometry": { "type": "Point", "coordinates": [ -1.682150000074425, 53.755283333871063 ] } },
{ "type": "Feature", "properties": { "population": 42.905742645263672 }, "geometry": { "type": "Point", "coordinates": [ -1.677983333424297, 53.755283333871063 ] } },
{ "type": "Feature", "properties": { "population": 76.331787109375 }, "geometry": { "type": "Point", "coordinates": [ -1.673816666774169, 53.755283333871063 ] } },
{ "type": "Feature", "properties": { "population": 282.83621215820312 }, "geometry": { "type": "Point", "coordinates": [ -1.66965000012404, 53.755283333871063 ] } },
{ "type": "Feature", "properties": { "population": 387.14144897460938 }, "geometry": { "type": "Point", "coordinates": [ -1.665483333473912, 53.755283333871063 ] } },
{ "type": "Feature", "properties": { "population": 364.86080932617188 }, "geometry": { "type": "Point", "coordinates": [ -1.661316666823784, 53.755283333871063 ] } },
{ "type": "Feature", "properties": { "population": 188.80743408203125 }, "geometry": { "type": "Point", "coordinates": [ -1.657150000173656, 53.755283333871063 ] } },
{ "type": "Feature", "properties": { "population": 99.501930236816406 }, "geometry": { "type": "Point", "coordinates": [ -1.652983333523528, 53.755283333871063 ] } },
{ "type": "Feature", "properties": { "population": 35.023422241210938 }, "geometry": { "type": "Point", "coordinates": [ -1.6488166668734, 53.755283333871063 ] } },
{ "type": "Feature", "properties": { "population": 23.422548294067383 }, "geometry": { "type": "Point", "coordinates": [ -1.644650000223272, 53.755283333871063 ] } },
{ "type": "Feature", "properties": { "population": 14.914758682250977 }, "geometry": { "type": "Point", "coordinates": [ -1.640483333573144, 53.755283333871063 ] } },
{ "type": "Feature", "properties": { "population": 196.24093627929688 }, "geometry": { "type": "Point", "coordinates": [ -1.636316666923016, 53.755283333871063 ] } },
{ "type": "Feature", "properties": { "population": 561.1356201171875 }, "geometry": { "type": "Point", "coordinates": [ -1.632150000272888, 53.755283333871063 ] } },
{ "type": "Feature", "properties": { "population": 464.15359497070312 }, "geometry": { "type": "Point", "coordinates": [ -1.62798333362276, 53.755283333871063 ] } },
{ "type": "Feature", "properties": { "population": 204.59381103515625 }, "geometry": { "type": "Point", "coordinates": [ -1.623816666972632, 53.755283333871063 ] } },
{ "type": "Feature", "properties": { "population": 53.877861022949219 }, "geometry": { "type": "Point", "coordinates": [ -1.619650000322504, 53.755283333871063 ] } },
{ "type": "Feature", "properties": { "population": 87.631324768066406 }, "geometry": { "type": "Point", "coordinates": [ -1.615483333672376, 53.755283333871063 ] } },
{ "type": "Feature", "properties": { "population": 302.16903686523438 }, "geometry": { "type": "Point", "coordinates": [ -1.611316667022248, 53.755283333871063 ] } },
{ "type": "Feature", "properties": { "population": 677.34381103515625 }, "geometry": { "type": "Point", "coordinates": [ -1.60715000037212, 53.755283333871063 ] } },
{ "type": "Feature", "properties": { "population": 821.3521728515625 }, "geometry": { "type": "Point", "coordinates": [ -1.602983333721992, 53.755283333871063 ] } },
{ "type": "Feature", "properties": { "population": 638.90289306640625 }, "geometry": { "type": "Point", "coordinates": [ -1.598816667071864, 53.755283333871063 ] } },
{ "type": "Feature", "properties": { "population": 121.6812744140625 }, "geometry": { "type": "Point", "coordinates": [ -1.594650000421736, 53.755283333871063 ] } },
{ "type": "Feature", "properties": { "population": 97.781570434570312 }, "geometry": { "type": "Point", "coordinates": [ -1.590483333771608, 53.755283333871063 ] } },
{ "type": "Feature", "properties": { "population": 15.338817596435547 }, "geometry": { "type": "Point", "coordinates": [ -1.58631666712148, 53.755283333871063 ] } },
{ "type": "Feature", "properties": { "population": 14.806181907653809 }, "geometry": { "type": "Point", "coordinates": [ -1.582150000471352, 53.755283333871063 ] } },
{ "type": "Feature", "properties": { "population": 36.945178985595703 }, "geometry": { "type": "Point", "coordinates": [ -1.577983333821223, 53.755283333871063 ] } },
{ "type": "Feature", "properties": { "population": 71.564926147460938 }, "geometry": { "type": "Point", "coordinates": [ -1.573816667171096, 53.755283333871063 ] } },
{ "type": "Feature", "properties": { "population": 66.453041076660156 }, "geometry": { "type": "Point", "coordinates": [ -1.569650000520967, 53.755283333871063 ] } },
{ "type": "Feature", "properties": { "population": 31.527650833129883 }, "geometry": { "type": "Point", "coordinates": [ -1.565483333870839, 53.755283333871063 ] } },
{ "type": "Feature", "properties": { "population": 55.2020263671875 }, "geometry": { "type": "Point", "coordinates": [ -1.561316667220711, 53.755283333871063 ] } },
{ "type": "Feature", "properties": { "population": 22.852588653564453 }, "geometry": { "type": "Point", "coordinates": [ -1.557150000570583, 53.755283333871063 ] } },
{ "type": "Feature", "properties": { "population": 9.2866764068603516 }, "geometry": { "type": "Point", "coordinates": [ -1.552983333920455, 53.755283333871063 ] } },
{ "type": "Feature", "properties": { "population": 4.5189447402954102 }, "geometry": { "type": "Point", "coordinates": [ -1.548816667270327, 53.755283333871063 ] } },
{ "type": "Feature", "properties": { "population": 6.8623156547546387 }, "geometry": { "type": "Point", "coordinates": [ -1.544650000620199, 53.755283333871063 ] } },
{ "type": "Feature", "properties": { "population": 25.497419357299805 }, "geometry": { "type": "Point", "coordinates": [ -1.540483333970071, 53.755283333871063 ] } },
{ "type": "Feature", "properties": { "population": 29.116060256958008 }, "geometry": { "type": "Point", "coordinates": [ -1.536316667319943, 53.755283333871063 ] } },
{ "type": "Feature", "properties": { "population": 482.04681396484375 }, "geometry": { "type": "Point", "coordinates": [ -1.532150000669815, 53.755283333871063 ] } },
{ "type": "Feature", "properties": { "population": 747.3079833984375 }, "geometry": { "type": "Point", "coordinates": [ -1.527983334019687, 53.755283333871063 ] } },
{ "type": "Feature", "properties": { "population": 888.45751953125 }, "geometry": { "type": "Point", "coordinates": [ -1.523816667369559, 53.755283333871063 ] } },
{ "type": "Feature", "properties": { "population": 769.00970458984375 }, "geometry": { "type": "Point", "coordinates": [ -1.519650000719431, 53.755283333871063 ] } },
{ "type": "Feature", "properties": { "population": 225.59906005859375 }, "geometry": { "type": "Point", "coordinates": [ -1.515483334069303, 53.755283333871063 ] } },
{ "type": "Feature", "properties": { "population": 16.802345275878906 }, "geometry": { "type": "Point", "coordinates": [ -1.511316667419175, 53.755283333871063 ] } },
{ "type": "Feature", "properties": { "population": 29.895923614501953 }, "geometry": { "type": "Point", "coordinates": [ -1.507150000769047, 53.755283333871063 ] } },
{ "type": "Feature", "properties": { "population": 412.88607788085938 }, "geometry": { "type": "Point", "coordinates": [ -1.502983334118919, 53.755283333871063 ] } },
{ "type": "Feature", "properties": { "population": 529.3392333984375 }, "geometry": { "type": "Point", "coordinates": [ -1.498816667468791, 53.755283333871063 ] } },
{ "type": "Feature", "properties": { "population": 696.7474365234375 }, "geometry": { "type": "Point", "coordinates": [ -1.494650000818663, 53.755283333871063 ] } },
{ "type": "Feature", "properties": { "population": 632.5111083984375 }, "geometry": { "type": "Point", "coordinates": [ -1.490483334168535, 53.755283333871063 ] } },
{ "type": "Feature", "properties": { "population": 677.70941162109375 }, "geometry": { "type": "Point", "coordinates": [ -1.486316667518407, 53.755283333871063 ] } },
{ "type": "Feature", "properties": { "population": 501.83245849609375 }, "geometry": { "type": "Point", "coordinates": [ -1.482150000868279, 53.755283333871063 ] } },
{ "type": "Feature", "properties": { "population": 424.55694580078125 }, "geometry": { "type": "Point", "coordinates": [ -1.477983334218151, 53.755283333871063 ] } },
{ "type": "Feature", "properties": { "population": 435.2430419921875 }, "geometry": { "type": "Point", "coordinates": [ -1.473816667568022, 53.755283333871063 ] } },
{ "type": "Feature", "properties": { "population": 563.9534912109375 }, "geometry": { "type": "Point", "coordinates": [ -1.469650000917895, 53.755283333871063 ] } },
{ "type": "Feature", "properties": { "population": 529.843017578125 }, "geometry": { "type": "Point", "coordinates": [ -1.465483334267766, 53.755283333871063 ] } },
{ "type": "Feature", "properties": { "population": 546.72393798828125 }, "geometry": { "type": "Point", "coordinates": [ -1.461316667617638, 53.755283333871063 ] } },
{ "type": "Feature", "properties": { "population": 592.23858642578125 }, "geometry": { "type": "Point", "coordinates": [ -1.45715000096751, 53.755283333871063 ] } },
{ "type": "Feature", "properties": { "population": 816.1724853515625 }, "geometry": { "type": "Point", "coordinates": [ -1.452983334317382, 53.755283333871063 ] } },
{ "type": "Feature", "properties": { "population": 526.97601318359375 }, "geometry": { "type": "Point", "coordinates": [ -1.448816667667254, 53.755283333871063 ] } },
{ "type": "Feature", "properties": { "population": 664.74609375 }, "geometry": { "type": "Point", "coordinates": [ -1.444650001017126, 53.755283333871063 ] } },
{ "type": "Feature", "properties": { "population": 349.09628295898438 }, "geometry": { "type": "Point", "coordinates": [ -1.440483334366998, 53.755283333871063 ] } },
{ "type": "Feature", "properties": { "population": 128.43392944335938 }, "geometry": { "type": "Point", "coordinates": [ -1.43631666771687, 53.755283333871063 ] } },
{ "type": "Feature", "properties": { "population": 22.389434814453125 }, "geometry": { "type": "Point", "coordinates": [ -1.432150001066742, 53.755283333871063 ] } },
{ "type": "Feature", "properties": { "population": 4.1700539588928223 }, "geometry": { "type": "Point", "coordinates": [ -1.427983334416614, 53.755283333871063 ] } },
{ "type": "Feature", "properties": { "population": 0.67971998453140259 }, "geometry": { "type": "Point", "coordinates": [ -1.423816667766486, 53.755283333871063 ] } },
{ "type": "Feature", "properties": { "population": 2.8774845600128174 }, "geometry": { "type": "Point", "coordinates": [ -1.419650001116358, 53.755283333871063 ] } },
{ "type": "Feature", "properties": { "population": 2.1255636215209961 }, "geometry": { "type": "Point", "coordinates": [ -1.41548333446623, 53.755283333871063 ] } },
{ "type": "Feature", "properties": { "population": 2.1243093013763428 }, "geometry": { "type": "Point", "coordinates": [ -1.411316667816102, 53.755283333871063 ] } },
{ "type": "Feature", "properties": { "population": 5.9132547378540039 }, "geometry": { "type": "Point", "coordinates": [ -1.407150001165974, 53.755283333871063 ] } },
{ "type": "Feature", "properties": { "population": 19.264305114746094 }, "geometry": { "type": "Point", "coordinates": [ -1.402983334515846, 53.755283333871063 ] } },
{ "type": "Feature", "properties": { "population": 12.841043472290039 }, "geometry": { "type": "Point", "coordinates": [ -1.398816667865718, 53.755283333871063 ] } },
{ "type": "Feature", "properties": { "population": 27.535221099853516 }, "geometry": { "type": "Point", "coordinates": [ -1.698816666674937, 53.751116667220941 ] } },
{ "type": "Feature", "properties": { "population": 301.96054077148438 }, "geometry": { "type": "Point", "coordinates": [ -1.694650000024809, 53.751116667220941 ] } },
{ "type": "Feature", "properties": { "population": 502.46951293945312 }, "geometry": { "type": "Point", "coordinates": [ -1.690483333374681, 53.751116667220941 ] } },
{ "type": "Feature", "properties": { "population": 266.69293212890625 }, "geometry": { "type": "Point", "coordinates": [ -1.686316666724553, 53.751116667220941 ] } },
{ "type": "Feature", "properties": { "population": 106.34288787841797 }, "geometry": { "type": "Point", "coordinates": [ -1.682150000074425, 53.751116667220941 ] } },
{ "type": "Feature", "properties": { "population": 33.055324554443359 }, "geometry": { "type": "Point", "coordinates": [ -1.677983333424297, 53.751116667220941 ] } },
{ "type": "Feature", "properties": { "population": 107.24631500244141 }, "geometry": { "type": "Point", "coordinates": [ -1.673816666774169, 53.751116667220941 ] } },
{ "type": "Feature", "properties": { "population": 414.70196533203125 }, "geometry": { "type": "Point", "coordinates": [ -1.66965000012404, 53.751116667220941 ] } },
{ "type": "Feature", "properties": { "population": 179.24908447265625 }, "geometry": { "type": "Point", "coordinates": [ -1.665483333473912, 53.751116667220941 ] } },
{ "type": "Feature", "properties": { "population": 349.4635009765625 }, "geometry": { "type": "Point", "coordinates": [ -1.661316666823784, 53.751116667220941 ] } },
{ "type": "Feature", "properties": { "population": 696.24993896484375 }, "geometry": { "type": "Point", "coordinates": [ -1.657150000173656, 53.751116667220941 ] } },
{ "type": "Feature", "properties": { "population": 609.447021484375 }, "geometry": { "type": "Point", "coordinates": [ -1.652983333523528, 53.751116667220941 ] } },
{ "type": "Feature", "properties": { "population": 86.95941162109375 }, "geometry": { "type": "Point", "coordinates": [ -1.6488166668734, 53.751116667220941 ] } },
{ "type": "Feature", "properties": { "population": 58.187393188476562 }, "geometry": { "type": "Point", "coordinates": [ -1.644650000223272, 53.751116667220941 ] } },
{ "type": "Feature", "properties": { "population": 69.638687133789062 }, "geometry": { "type": "Point", "coordinates": [ -1.640483333573144, 53.751116667220941 ] } },
{ "type": "Feature", "properties": { "population": 111.37070465087891 }, "geometry": { "type": "Point", "coordinates": [ -1.636316666923016, 53.751116667220941 ] } },
{ "type": "Feature", "properties": { "population": 155.32460021972656 }, "geometry": { "type": "Point", "coordinates": [ -1.632150000272888, 53.751116667220941 ] } },
{ "type": "Feature", "properties": { "population": 71.642189025878906 }, "geometry": { "type": "Point", "coordinates": [ -1.62798333362276, 53.751116667220941 ] } },
{ "type": "Feature", "properties": { "population": 34.402786254882812 }, "geometry": { "type": "Point", "coordinates": [ -1.623816666972632, 53.751116667220941 ] } },
{ "type": "Feature", "properties": { "population": 61.760498046875 }, "geometry": { "type": "Point", "coordinates": [ -1.619650000322504, 53.751116667220941 ] } },
{ "type": "Feature", "properties": { "population": 164.032958984375 }, "geometry": { "type": "Point", "coordinates": [ -1.615483333672376, 53.751116667220941 ] } },
{ "type": "Feature", "properties": { "population": 670.57366943359375 }, "geometry": { "type": "Point", "coordinates": [ -1.611316667022248, 53.751116667220941 ] } },
{ "type": "Feature", "properties": { "population": 1059.4688720703125 }, "geometry": { "type": "Point", "coordinates": [ -1.60715000037212, 53.751116667220941 ] } },
{ "type": "Feature", "properties": { "population": 920.48321533203125 }, "geometry": { "type": "Point", "coordinates": [ -1.602983333721992, 53.751116667220941 ] } },
{ "type": "Feature", "properties": { "population": 695.25421142578125 }, "geometry": { "type": "Point", "coordinates": [ -1.598816667071864, 53.751116667220941 ] } },
{ "type": "Feature", "properties": { "population": 574.2332763671875 }, "geometry": { "type": "Point", "coordinates": [ -1.594650000421736, 53.751116667220941 ] } },
{ "type": "Feature", "properties": { "population": 117.48746490478516 }, "geometry": { "type": "Point", "coordinates": [ -1.590483333771608, 53.751116667220941 ] } },
{ "type": "Feature", "properties": { "population": 94.071434020996094 }, "geometry": { "type": "Point", "coordinates": [ -1.58631666712148, 53.751116667220941 ] } },
{ "type": "Feature", "properties": { "population": 22.544273376464844 }, "geometry": { "type": "Point", "coordinates": [ -1.582150000471352, 53.751116667220941 ] } },
{ "type": "Feature", "properties": { "population": 12.810413360595703 }, "geometry": { "type": "Point", "coordinates": [ -1.577983333821223, 53.751116667220941 ] } },
{ "type": "Feature", "properties": { "population": 19.018476486206055 }, "geometry": { "type": "Point", "coordinates": [ -1.573816667171096, 53.751116667220941 ] } },
{ "type": "Feature", "properties": { "population": 40.880393981933594 }, "geometry": { "type": "Point", "coordinates": [ -1.569650000520967, 53.751116667220941 ] } },
{ "type": "Feature", "properties": { "population": 30.304681777954102 }, "geometry": { "type": "Point", "coordinates": [ -1.565483333870839, 53.751116667220941 ] } },
{ "type": "Feature", "properties": { "population": 329.60519409179688 }, "geometry": { "type": "Point", "coordinates": [ -1.561316667220711, 53.751116667220941 ] } },
{ "type": "Feature", "properties": { "population": 99.839088439941406 }, "geometry": { "type": "Point", "coordinates": [ -1.557150000570583, 53.751116667220941 ] } },
{ "type": "Feature", "properties": { "population": 73.838958740234375 }, "geometry": { "type": "Point", "coordinates": [ -1.552983333920455, 53.751116667220941 ] } },
{ "type": "Feature", "properties": { "population": 116.36122131347656 }, "geometry": { "type": "Point", "coordinates": [ -1.548816667270327, 53.751116667220941 ] } },
{ "type": "Feature", "properties": { "population": 231.2467041015625 }, "geometry": { "type": "Point", "coordinates": [ -1.544650000620199, 53.751116667220941 ] } },
{ "type": "Feature", "properties": { "population": 766.21136474609375 }, "geometry": { "type": "Point", "coordinates": [ -1.540483333970071, 53.751116667220941 ] } },
{ "type": "Feature", "properties": { "population": 735.74005126953125 }, "geometry": { "type": "Point", "coordinates": [ -1.536316667319943, 53.751116667220941 ] } },
{ "type": "Feature", "properties": { "population": 773.17767333984375 }, "geometry": { "type": "Point", "coordinates": [ -1.532150000669815, 53.751116667220941 ] } },
{ "type": "Feature", "properties": { "population": 420.36001586914062 }, "geometry": { "type": "Point", "coordinates": [ -1.527983334019687, 53.751116667220941 ] } },
{ "type": "Feature", "properties": { "population": 650.3536376953125 }, "geometry": { "type": "Point", "coordinates": [ -1.523816667369559, 53.751116667220941 ] } },
{ "type": "Feature", "properties": { "population": 327.7413330078125 }, "geometry": { "type": "Point", "coordinates": [ -1.519650000719431, 53.751116667220941 ] } },
{ "type": "Feature", "properties": { "population": 68.639396667480469 }, "geometry": { "type": "Point", "coordinates": [ -1.515483334069303, 53.751116667220941 ] } },
{ "type": "Feature", "properties": { "population": 38.337570190429688 }, "geometry": { "type": "Point", "coordinates": [ -1.511316667419175, 53.751116667220941 ] } },
{ "type": "Feature", "properties": { "population": 61.302589416503906 }, "geometry": { "type": "Point", "coordinates": [ -1.507150000769047, 53.751116667220941 ] } },
{ "type": "Feature", "properties": { "population": 100.68113708496094 }, "geometry": { "type": "Point", "coordinates": [ -1.502983334118919, 53.751116667220941 ] } },
{ "type": "Feature", "properties": { "population": 98.620262145996094 }, "geometry": { "type": "Point", "coordinates": [ -1.498816667468791, 53.751116667220941 ] } },
{ "type": "Feature", "properties": { "population": 78.503005981445312 }, "geometry": { "type": "Point", "coordinates": [ -1.494650000818663, 53.751116667220941 ] } },
{ "type": "Feature", "properties": { "population": 368.36407470703125 }, "geometry": { "type": "Point", "coordinates": [ -1.490483334168535, 53.751116667220941 ] } },
{ "type": "Feature", "properties": { "population": 533.3450927734375 }, "geometry": { "type": "Point", "coordinates": [ -1.486316667518407, 53.751116667220941 ] } },
{ "type": "Feature", "properties": { "population": 740.71136474609375 }, "geometry": { "type": "Point", "coordinates": [ -1.482150000868279, 53.751116667220941 ] } },
{ "type": "Feature", "properties": { "population": 622.40911865234375 }, "geometry": { "type": "Point", "coordinates": [ -1.477983334218151, 53.751116667220941 ] } },
{ "type": "Feature", "properties": { "population": 520.2772216796875 }, "geometry": { "type": "Point", "coordinates": [ -1.473816667568022, 53.751116667220941 ] } },
{ "type": "Feature", "properties": { "population": 214.95259094238281 }, "geometry": { "type": "Point", "coordinates": [ -1.469650000917895, 53.751116667220941 ] } },
{ "type": "Feature", "properties": { "population": 17.544700622558594 }, "geometry": { "type": "Point", "coordinates": [ -1.465483334267766, 53.751116667220941 ] } },
{ "type": "Feature", "properties": { "population": 213.00495910644531 }, "geometry": { "type": "Point", "coordinates": [ -1.461316667617638, 53.751116667220941 ] } },
{ "type": "Feature", "properties": { "population": 607.23394775390625 }, "geometry": { "type": "Point", "coordinates": [ -1.45715000096751, 53.751116667220941 ] } },
{ "type": "Feature", "properties": { "population": 609.89984130859375 }, "geometry": { "type": "Point", "coordinates": [ -1.452983334317382, 53.751116667220941 ] } },
{ "type": "Feature", "properties": { "population": 496.4840087890625 }, "geometry": { "type": "Point", "coordinates": [ -1.448816667667254, 53.751116667220941 ] } },
{ "type": "Feature", "properties": { "population": 282.52310180664062 }, "geometry": { "type": "Point", "coordinates": [ -1.444650001017126, 53.751116667220941 ] } },
{ "type": "Feature", "properties": { "population": 11.985203742980957 }, "geometry": { "type": "Point", "coordinates": [ -1.440483334366998, 53.751116667220941 ] } },
{ "type": "Feature", "properties": { "population": 8.3430099487304688 }, "geometry": { "type": "Point", "coordinates": [ -1.43631666771687, 53.751116667220941 ] } },
{ "type": "Feature", "properties": { "population": 11.689364433288574 }, "geometry": { "type": "Point", "coordinates": [ -1.432150001066742, 53.751116667220941 ] } },
{ "type": "Feature", "properties": { "population": 28.438570022583008 }, "geometry": { "type": "Point", "coordinates": [ -1.427983334416614, 53.751116667220941 ] } },
{ "type": "Feature", "properties": { "population": 4.4537410736083984 }, "geometry": { "type": "Point", "coordinates": [ -1.423816667766486, 53.751116667220941 ] } },
{ "type": "Feature", "properties": { "population": 5.8228201866149902 }, "geometry": { "type": "Point", "coordinates": [ -1.419650001116358, 53.751116667220941 ] } },
{ "type": "Feature", "properties": { "population": 5.8594121932983398 }, "geometry": { "type": "Point", "coordinates": [ -1.41548333446623, 53.751116667220941 ] } },
{ "type": "Feature", "properties": { "population": 4.5494027137756348 }, "geometry": { "type": "Point", "coordinates": [ -1.411316667816102, 53.751116667220941 ] } },
{ "type": "Feature", "properties": { "population": 5.5403237342834473 }, "geometry": { "type": "Point", "coordinates": [ -1.407150001165974, 53.751116667220941 ] } },
{ "type": "Feature", "properties": { "population": 40.285491943359375 }, "geometry": { "type": "Point", "coordinates": [ -1.402983334515846, 53.751116667220941 ] } },
{ "type": "Feature", "properties": { "population": 51.669425964355469 }, "geometry": { "type": "Point", "coordinates": [ -1.398816667865718, 53.751116667220941 ] } },
{ "type": "Feature", "properties": { "population": 30.388496398925781 }, "geometry": { "type": "Point", "coordinates": [ -1.698816666674937, 53.74695000057082 ] } },
{ "type": "Feature", "properties": { "population": 165.52772521972656 }, "geometry": { "type": "Point", "coordinates": [ -1.694650000024809, 53.74695000057082 ] } },
{ "type": "Feature", "properties": { "population": 363.2869873046875 }, "geometry": { "type": "Point", "coordinates": [ -1.690483333374681, 53.74695000057082 ] } },
{ "type": "Feature", "properties": { "population": 768.4677734375 }, "geometry": { "type": "Point", "coordinates": [ -1.686316666724553, 53.74695000057082 ] } },
{ "type": "Feature", "properties": { "population": 384.40927124023438 }, "geometry": { "type": "Point", "coordinates": [ -1.682150000074425, 53.74695000057082 ] } },
{ "type": "Feature", "properties": { "population": 23.192567825317383 }, "geometry": { "type": "Point", "coordinates": [ -1.677983333424297, 53.74695000057082 ] } },
{ "type": "Feature", "properties": { "population": 5.1973080635070801 }, "geometry": { "type": "Point", "coordinates": [ -1.673816666774169, 53.74695000057082 ] } },
{ "type": "Feature", "properties": { "population": 12.804631233215332 }, "geometry": { "type": "Point", "coordinates": [ -1.66965000012404, 53.74695000057082 ] } },
{ "type": "Feature", "properties": { "population": 56.658748626708984 }, "geometry": { "type": "Point", "coordinates": [ -1.665483333473912, 53.74695000057082 ] } },
{ "type": "Feature", "properties": { "population": 135.62345886230469 }, "geometry": { "type": "Point", "coordinates": [ -1.661316666823784, 53.74695000057082 ] } },
{ "type": "Feature", "properties": { "population": 146.5242919921875 }, "geometry": { "type": "Point", "coordinates": [ -1.657150000173656, 53.74695000057082 ] } },
{ "type": "Feature", "properties": { "population": 124.77278137207031 }, "geometry": { "type": "Point", "coordinates": [ -1.652983333523528, 53.74695000057082 ] } },
{ "type": "Feature", "properties": { "population": 75.909805297851562 }, "geometry": { "type": "Point", "coordinates": [ -1.6488166668734, 53.74695000057082 ] } },
{ "type": "Feature", "properties": { "population": 120.4420166015625 }, "geometry": { "type": "Point", "coordinates": [ -1.644650000223272, 53.74695000057082 ] } },
{ "type": "Feature", "properties": { "population": 104.46249389648438 }, "geometry": { "type": "Point", "coordinates": [ -1.640483333573144, 53.74695000057082 ] } },
{ "type": "Feature", "properties": { "population": 122.56388092041016 }, "geometry": { "type": "Point", "coordinates": [ -1.636316666923016, 53.74695000057082 ] } },
{ "type": "Feature", "properties": { "population": 79.138351440429688 }, "geometry": { "type": "Point", "coordinates": [ -1.632150000272888, 53.74695000057082 ] } },
{ "type": "Feature", "properties": { "population": 88.342941284179688 }, "geometry": { "type": "Point", "coordinates": [ -1.62798333362276, 53.74695000057082 ] } },
{ "type": "Feature", "properties": { "population": 71.683059692382812 }, "geometry": { "type": "Point", "coordinates": [ -1.623816666972632, 53.74695000057082 ] } },
{ "type": "Feature", "properties": { "population": 82.161163330078125 }, "geometry": { "type": "Point", "coordinates": [ -1.619650000322504, 53.74695000057082 ] } },
{ "type": "Feature", "properties": { "population": 182.65032958984375 }, "geometry": { "type": "Point", "coordinates": [ -1.615483333672376, 53.74695000057082 ] } },
{ "type": "Feature", "properties": { "population": 534.8463134765625 }, "geometry": { "type": "Point", "coordinates": [ -1.611316667022248, 53.74695000057082 ] } },
{ "type": "Feature", "properties": { "population": 635.1768798828125 }, "geometry": { "type": "Point", "coordinates": [ -1.60715000037212, 53.74695000057082 ] } },
{ "type": "Feature", "properties": { "population": 521.56585693359375 }, "geometry": { "type": "Point", "coordinates": [ -1.602983333721992, 53.74695000057082 ] } },
{ "type": "Feature", "properties": { "population": 885.05316162109375 }, "geometry": { "type": "Point", "coordinates": [ -1.598816667071864, 53.74695000057082 ] } },
{ "type": "Feature", "properties": { "population": 860.61456298828125 }, "geometry": { "type": "Point", "coordinates": [ -1.594650000421736, 53.74695000057082 ] } },
{ "type": "Feature", "properties": { "population": 588.2889404296875 }, "geometry": { "type": "Point", "coordinates": [ -1.590483333771608, 53.74695000057082 ] } },
{ "type": "Feature", "properties": { "population": 622.52166748046875 }, "geometry": { "type": "Point", "coordinates": [ -1.58631666712148, 53.74695000057082 ] } },
{ "type": "Feature", "properties": { "population": 597.3951416015625 }, "geometry": { "type": "Point", "coordinates": [ -1.582150000471352, 53.74695000057082 ] } },
{ "type": "Feature", "properties": { "population": 524.21234130859375 }, "geometry": { "type": "Point", "coordinates": [ -1.577983333821223, 53.74695000057082 ] } },
{ "type": "Feature", "properties": { "population": 97.942176818847656 }, "geometry": { "type": "Point", "coordinates": [ -1.573816667171096, 53.74695000057082 ] } },
{ "type": "Feature", "properties": { "population": 34.480079650878906 }, "geometry": { "type": "Point", "coordinates": [ -1.569650000520967, 53.74695000057082 ] } },
{ "type": "Feature", "properties": { "population": 22.589710235595703 }, "geometry": { "type": "Point", "coordinates": [ -1.565483333870839, 53.74695000057082 ] } },
{ "type": "Feature", "properties": { "population": 290.4163818359375 }, "geometry": { "type": "Point", "coordinates": [ -1.561316667220711, 53.74695000057082 ] } },
{ "type": "Feature", "properties": { "population": 698.423583984375 }, "geometry": { "type": "Point", "coordinates": [ -1.557150000570583, 53.74695000057082 ] } },
{ "type": "Feature", "properties": { "population": 692.4034423828125 }, "geometry": { "type": "Point", "coordinates": [ -1.552983333920455, 53.74695000057082 ] } },
{ "type": "Feature", "properties": { "population": 632.27667236328125 }, "geometry": { "type": "Point", "coordinates": [ -1.548816667270327, 53.74695000057082 ] } },
{ "type": "Feature", "properties": { "population": 620.6495361328125 }, "geometry": { "type": "Point", "coordinates": [ -1.544650000620199, 53.74695000057082 ] } },
{ "type": "Feature", "properties": { "population": 524.37176513671875 }, "geometry": { "type": "Point", "coordinates": [ -1.540483333970071, 53.74695000057082 ] } },
{ "type": "Feature", "properties": { "population": 287.78823852539062 }, "geometry": { "type": "Point", "coordinates": [ -1.536316667319943, 53.74695000057082 ] } },
{ "type": "Feature", "properties": { "population": 305.97494506835938 }, "geometry": { "type": "Point", "coordinates": [ -1.532150000669815, 53.74695000057082 ] } },
{ "type": "Feature", "properties": { "population": 399.97915649414062 }, "geometry": { "type": "Point", "coordinates": [ -1.527983334019687, 53.74695000057082 ] } },
{ "type": "Feature", "properties": { "population": 606.8094482421875 }, "geometry": { "type": "Point", "coordinates": [ -1.523816667369559, 53.74695000057082 ] } },
{ "type": "Feature", "properties": { "population": 212.57650756835938 }, "geometry": { "type": "Point", "coordinates": [ -1.519650000719431, 53.74695000057082 ] } },
{ "type": "Feature", "properties": { "population": 44.926219940185547 }, "geometry": { "type": "Point", "coordinates": [ -1.515483334069303, 53.74695000057082 ] } },
{ "type": "Feature", "properties": { "population": 138.83282470703125 }, "geometry": { "type": "Point", "coordinates": [ -1.511316667419175, 53.74695000057082 ] } },
{ "type": "Feature", "properties": { "population": 534.015625 }, "geometry": { "type": "Point", "coordinates": [ -1.507150000769047, 53.74695000057082 ] } },
{ "type": "Feature", "properties": { "population": 397.00579833984375 }, "geometry": { "type": "Point", "coordinates": [ -1.502983334118919, 53.74695000057082 ] } },
{ "type": "Feature", "properties": { "population": 88.381813049316406 }, "geometry": { "type": "Point", "coordinates": [ -1.498816667468791, 53.74695000057082 ] } },
{ "type": "Feature", "properties": { "population": 20.166269302368164 }, "geometry": { "type": "Point", "coordinates": [ -1.494650000818663, 53.74695000057082 ] } },
{ "type": "Feature", "properties": { "population": 94.560440063476562 }, "geometry": { "type": "Point", "coordinates": [ -1.490483334168535, 53.74695000057082 ] } },
{ "type": "Feature", "properties": { "population": 510.42599487304688 }, "geometry": { "type": "Point", "coordinates": [ -1.486316667518407, 53.74695000057082 ] } },
{ "type": "Feature", "properties": { "population": 457.523193359375 }, "geometry": { "type": "Point", "coordinates": [ -1.482150000868279, 53.74695000057082 ] } },
{ "type": "Feature", "properties": { "population": 505.10116577148438 }, "geometry": { "type": "Point", "coordinates": [ -1.477983334218151, 53.74695000057082 ] } },
{ "type": "Feature", "properties": { "population": 572.3125 }, "geometry": { "type": "Point", "coordinates": [ -1.473816667568022, 53.74695000057082 ] } },
{ "type": "Feature", "properties": { "population": 122.35899353027344 }, "geometry": { "type": "Point", "coordinates": [ -1.469650000917895, 53.74695000057082 ] } },
{ "type": "Feature", "properties": { "population": 3.4667367935180664 }, "geometry": { "type": "Point", "coordinates": [ -1.465483334267766, 53.74695000057082 ] } },
{ "type": "Feature", "properties": { "population": 20.726932525634766 }, "geometry": { "type": "Point", "coordinates": [ -1.461316667617638, 53.74695000057082 ] } },
{ "type": "Feature", "properties": { "population": 67.912239074707031 }, "geometry": { "type": "Point", "coordinates": [ -1.45715000096751, 53.74695000057082 ] } },
{ "type": "Feature", "properties": { "population": 209.853271484375 }, "geometry": { "type": "Point", "coordinates": [ -1.452983334317382, 53.74695000057082 ] } },
{ "type": "Feature", "properties": { "population": 93.9530029296875 }, "geometry": { "type": "Point", "coordinates": [ -1.448816667667254, 53.74695000057082 ] } },
{ "type": "Feature", "properties": { "population": 19.941160202026367 }, "geometry": { "type": "Point", "coordinates": [ -1.444650001017126, 53.74695000057082 ] } },
{ "type": "Feature", "properties": { "population": 1.7549428939819336 }, "geometry": { "type": "Point", "coordinates": [ -1.440483334366998, 53.74695000057082 ] } },
{ "type": "Feature", "properties": { "population": 1.6139678955078125 }, "geometry": { "type": "Point", "coordinates": [ -1.43631666771687, 53.74695000057082 ] } },
{ "type": "Feature", "properties": { "population": 9.4957361221313477 }, "geometry": { "type": "Point", "coordinates": [ -1.432150001066742, 53.74695000057082 ] } },
{ "type": "Feature", "properties": { "population": 22.087806701660156 }, "geometry": { "type": "Point", "coordinates": [ -1.427983334416614, 53.74695000057082 ] } },
{ "type": "Feature", "properties": { "population": 12.882004737854004 }, "geometry": { "type": "Point", "coordinates": [ -1.423816667766486, 53.74695000057082 ] } },
{ "type": "Feature", "properties": { "population": 7.1890764236450195 }, "geometry": { "type": "Point", "coordinates": [ -1.419650001116358, 53.74695000057082 ] } },
{ "type": "Feature", "properties": { "population": 4.3921895027160645 }, "geometry": { "type": "Point", "coordinates": [ -1.41548333446623, 53.74695000057082 ] } },
{ "type": "Feature", "properties": { "population": 4.3771963119506836 }, "geometry": { "type": "Point", "coordinates": [ -1.411316667816102, 53.74695000057082 ] } },
{ "type": "Feature", "properties": { "population": 15.114294052124023 }, "geometry": { "type": "Point", "coordinates": [ -1.407150001165974, 53.74695000057082 ] } },
{ "type": "Feature", "properties": { "population": 46.319942474365234 }, "geometry": { "type": "Point", "coordinates": [ -1.402983334515846, 53.74695000057082 ] } },
{ "type": "Feature", "properties": { "population": 68.788261413574219 }, "geometry": { "type": "Point", "coordinates": [ -1.398816667865718, 53.74695000057082 ] } },
{ "type": "Feature", "properties": { "population": 48.552494049072266 }, "geometry": { "type": "Point", "coordinates": [ -1.698816666674937, 53.742783333920698 ] } },
{ "type": "Feature", "properties": { "population": 106.07537078857422 }, "geometry": { "type": "Point", "coordinates": [ -1.694650000024809, 53.742783333920698 ] } },
{ "type": "Feature", "properties": { "population": 307.73504638671875 }, "geometry": { "type": "Point", "coordinates": [ -1.690483333374681, 53.742783333920698 ] } },
{ "type": "Feature", "properties": { "population": 402.56951904296875 }, "geometry": { "type": "Point", "coordinates": [ -1.686316666724553, 53.742783333920698 ] } },
{ "type": "Feature", "properties": { "population": 271.7752685546875 }, "geometry": { "type": "Point", "coordinates": [ -1.682150000074425, 53.742783333920698 ] } },
{ "type": "Feature", "properties": { "population": 34.946571350097656 }, "geometry": { "type": "Point", "coordinates": [ -1.677983333424297, 53.742783333920698 ] } },
{ "type": "Feature", "properties": { "population": 37.456790924072266 }, "geometry": { "type": "Point", "coordinates": [ -1.673816666774169, 53.742783333920698 ] } },
{ "type": "Feature", "properties": { "population": 11.22711181640625 }, "geometry": { "type": "Point", "coordinates": [ -1.66965000012404, 53.742783333920698 ] } },
{ "type": "Feature", "properties": { "population": 44.770977020263672 }, "geometry": { "type": "Point", "coordinates": [ -1.665483333473912, 53.742783333920698 ] } },
{ "type": "Feature", "properties": { "population": 156.12295532226562 }, "geometry": { "type": "Point", "coordinates": [ -1.661316666823784, 53.742783333920698 ] } },
{ "type": "Feature", "properties": { "population": 188.50874328613281 }, "geometry": { "type": "Point", "coordinates": [ -1.657150000173656, 53.742783333920698 ] } },
{ "type": "Feature", "properties": { "population": 40.378013610839844 }, "geometry": { "type": "Point", "coordinates": [ -1.652983333523528, 53.742783333920698 ] } },
{ "type": "Feature", "properties": { "population": 42.333461761474609 }, "geometry": { "type": "Point", "coordinates": [ -1.6488166668734, 53.742783333920698 ] } },
{ "type": "Feature", "properties": { "population": 50.57421875 }, "geometry": { "type": "Point", "coordinates": [ -1.644650000223272, 53.742783333920698 ] } },
{ "type": "Feature", "properties": { "population": 73.266357421875 }, "geometry": { "type": "Point", "coordinates": [ -1.640483333573144, 53.742783333920698 ] } },
{ "type": "Feature", "properties": { "population": 11.574838638305664 }, "geometry": { "type": "Point", "coordinates": [ -1.636316666923016, 53.742783333920698 ] } },
{ "type": "Feature", "properties": { "population": 14.269430160522461 }, "geometry": { "type": "Point", "coordinates": [ -1.632150000272888, 53.742783333920698 ] } },
{ "type": "Feature", "properties": { "population": 48.625255584716797 }, "geometry": { "type": "Point", "coordinates": [ -1.62798333362276, 53.742783333920698 ] } },
{ "type": "Feature", "properties": { "population": 67.73681640625 }, "geometry": { "type": "Point", "coordinates": [ -1.623816666972632, 53.742783333920698 ] } },
{ "type": "Feature", "properties": { "population": 130.23086547851562 }, "geometry": { "type": "Point", "coordinates": [ -1.619650000322504, 53.742783333920698 ] } },
{ "type": "Feature", "properties": { "population": 226.23709106445312 }, "geometry": { "type": "Point", "coordinates": [ -1.615483333672376, 53.742783333920698 ] } },
{ "type": "Feature", "properties": { "population": 439.47125244140625 }, "geometry": { "type": "Point", "coordinates": [ -1.611316667022248, 53.742783333920698 ] } },
{ "type": "Feature", "properties": { "population": 546.81103515625 }, "geometry": { "type": "Point", "coordinates": [ -1.60715000037212, 53.742783333920698 ] } },
{ "type": "Feature", "properties": { "population": 497.09878540039062 }, "geometry": { "type": "Point", "coordinates": [ -1.602983333721992, 53.742783333920698 ] } },
{ "type": "Feature", "properties": { "population": 703.02935791015625 }, "geometry": { "type": "Point", "coordinates": [ -1.598816667071864, 53.742783333920698 ] } },
{ "type": "Feature", "properties": { "population": 687.67083740234375 }, "geometry": { "type": "Point", "coordinates": [ -1.594650000421736, 53.742783333920698 ] } },
{ "type": "Feature", "properties": { "population": 822.58062744140625 }, "geometry": { "type": "Point", "coordinates": [ -1.590483333771608, 53.742783333920698 ] } },
{ "type": "Feature", "properties": { "population": 643.2955322265625 }, "geometry": { "type": "Point", "coordinates": [ -1.58631666712148, 53.742783333920698 ] } },
{ "type": "Feature", "properties": { "population": 493.840087890625 }, "geometry": { "type": "Point", "coordinates": [ -1.582150000471352, 53.742783333920698 ] } },
{ "type": "Feature", "properties": { "population": 266.46600341796875 }, "geometry": { "type": "Point", "coordinates": [ -1.577983333821223, 53.742783333920698 ] } },
{ "type": "Feature", "properties": { "population": 47.061687469482422 }, "geometry": { "type": "Point", "coordinates": [ -1.573816667171096, 53.742783333920698 ] } },
{ "type": "Feature", "properties": { "population": 15.618812561035156 }, "geometry": { "type": "Point", "coordinates": [ -1.569650000520967, 53.742783333920698 ] } },
{ "type": "Feature", "properties": { "population": 7.8954958915710449 }, "geometry": { "type": "Point", "coordinates": [ -1.565483333870839, 53.742783333920698 ] } },
{ "type": "Feature", "properties": { "population": 59.533668518066406 }, "geometry": { "type": "Point", "coordinates": [ -1.561316667220711, 53.742783333920698 ] } },
{ "type": "Feature", "properties": { "population": 399.37890625 }, "geometry": { "type": "Point", "coordinates": [ -1.557150000570583, 53.742783333920698 ] } },
{ "type": "Feature", "properties": { "population": 693.725830078125 }, "geometry": { "type": "Point", "coordinates": [ -1.552983333920455, 53.742783333920698 ] } },
{ "type": "Feature", "properties": { "population": 634.6920166015625 }, "geometry": { "type": "Point", "coordinates": [ -1.548816667270327, 53.742783333920698 ] } },
{ "type": "Feature", "properties": { "population": 768.3446044921875 }, "geometry": { "type": "Point", "coordinates": [ -1.544650000620199, 53.742783333920698 ] } },
{ "type": "Feature", "properties": { "population": 674.38519287109375 }, "geometry": { "type": "Point", "coordinates": [ -1.540483333970071, 53.742783333920698 ] } },
{ "type": "Feature", "properties": { "population": 469.72265625 }, "geometry": { "type": "Point", "coordinates": [ -1.536316667319943, 53.742783333920698 ] } },
{ "type": "Feature", "properties": { "population": 169.85160827636719 }, "geometry": { "type": "Point", "coordinates": [ -1.532150000669815, 53.742783333920698 ] } },
{ "type": "Feature", "properties": { "population": 218.30227661132812 }, "geometry": { "type": "Point", "coordinates": [ -1.527983334019687, 53.742783333920698 ] } },
{ "type": "Feature", "properties": { "population": 235.75236511230469 }, "geometry": { "type": "Point", "coordinates": [ -1.523816667369559, 53.742783333920698 ] } },
{ "type": "Feature", "properties": { "population": 89.236763000488281 }, "geometry": { "type": "Point", "coordinates": [ -1.519650000719431, 53.742783333920698 ] } },
{ "type": "Feature", "properties": { "population": 108.78715515136719 }, "geometry": { "type": "Point", "coordinates": [ -1.515483334069303, 53.742783333920698 ] } },
{ "type": "Feature", "properties": { "population": 379.612060546875 }, "geometry": { "type": "Point", "coordinates": [ -1.511316667419175, 53.742783333920698 ] } },
{ "type": "Feature", "properties": { "population": 556.6568603515625 }, "geometry": { "type": "Point", "coordinates": [ -1.507150000769047, 53.742783333920698 ] } },
{ "type": "Feature", "properties": { "population": 341.367431640625 }, "geometry": { "type": "Point", "coordinates": [ -1.502983334118919, 53.742783333920698 ] } },
{ "type": "Feature", "properties": { "population": 152.4801025390625 }, "geometry": { "type": "Point", "coordinates": [ -1.498816667468791, 53.742783333920698 ] } },
{ "type": "Feature", "properties": { "population": 50.532211303710938 }, "geometry": { "type": "Point", "coordinates": [ -1.494650000818663, 53.742783333920698 ] } },
{ "type": "Feature", "properties": { "population": 70.439476013183594 }, "geometry": { "type": "Point", "coordinates": [ -1.490483334168535, 53.742783333920698 ] } },
{ "type": "Feature", "properties": { "population": 182.75602722167969 }, "geometry": { "type": "Point", "coordinates": [ -1.486316667518407, 53.742783333920698 ] } },
{ "type": "Feature", "properties": { "population": 200.88717651367188 }, "geometry": { "type": "Point", "coordinates": [ -1.482150000868279, 53.742783333920698 ] } },
{ "type": "Feature", "properties": { "population": 180.19779968261719 }, "geometry": { "type": "Point", "coordinates": [ -1.477983334218151, 53.742783333920698 ] } },
{ "type": "Feature", "properties": { "population": 193.09278869628906 }, "geometry": { "type": "Point", "coordinates": [ -1.473816667568022, 53.742783333920698 ] } },
{ "type": "Feature", "properties": { "population": 56.569168090820312 }, "geometry": { "type": "Point", "coordinates": [ -1.469650000917895, 53.742783333920698 ] } },
{ "type": "Feature", "properties": { "population": 3.4079148769378662 }, "geometry": { "type": "Point", "coordinates": [ -1.465483334267766, 53.742783333920698 ] } },
{ "type": "Feature", "properties": { "population": 15.339864730834961 }, "geometry": { "type": "Point", "coordinates": [ -1.461316667617638, 53.742783333920698 ] } },
{ "type": "Feature", "properties": { "population": 26.76896858215332 }, "geometry": { "type": "Point", "coordinates": [ -1.45715000096751, 53.742783333920698 ] } },
{ "type": "Feature", "properties": { "population": 143.64785766601562 }, "geometry": { "type": "Point", "coordinates": [ -1.452983334317382, 53.742783333920698 ] } },
{ "type": "Feature", "properties": { "population": 38.285507202148438 }, "geometry": { "type": "Point", "coordinates": [ -1.448816667667254, 53.742783333920698 ] } },
{ "type": "Feature", "properties": { "population": 4.5904030799865723 }, "geometry": { "type": "Point", "coordinates": [ -1.444650001017126, 53.742783333920698 ] } },
{ "type": "Feature", "properties": { "population": 7.0462417602539062 }, "geometry": { "type": "Point", "coordinates": [ -1.440483334366998, 53.742783333920698 ] } },
{ "type": "Feature", "properties": { "population": 6.3087139129638672 }, "geometry": { "type": "Point", "coordinates": [ -1.43631666771687, 53.742783333920698 ] } },
{ "type": "Feature", "properties": { "population": 7.8720130920410156 }, "geometry": { "type": "Point", "coordinates": [ -1.432150001066742, 53.742783333920698 ] } },
{ "type": "Feature", "properties": { "population": 14.101778030395508 }, "geometry": { "type": "Point", "coordinates": [ -1.427983334416614, 53.742783333920698 ] } },
{ "type": "Feature", "properties": { "population": 5.0754265785217285 }, "geometry": { "type": "Point", "coordinates": [ -1.423816667766486, 53.742783333920698 ] } },
{ "type": "Feature", "properties": { "population": 20.914224624633789 }, "geometry": { "type": "Point", "coordinates": [ -1.419650001116358, 53.742783333920698 ] } },
{ "type": "Feature", "properties": { "population": 38.833518981933594 }, "geometry": { "type": "Point", "coordinates": [ -1.41548333446623, 53.742783333920698 ] } },
{ "type": "Feature", "properties": { "population": 40.669898986816406 }, "geometry": { "type": "Point", "coordinates": [ -1.411316667816102, 53.742783333920698 ] } },
{ "type": "Feature", "properties": { "population": 52.479927062988281 }, "geometry": { "type": "Point", "coordinates": [ -1.407150001165974, 53.742783333920698 ] } },
{ "type": "Feature", "properties": { "population": 64.981689453125 }, "geometry": { "type": "Point", "coordinates": [ -1.402983334515846, 53.742783333920698 ] } },
{ "type": "Feature", "properties": { "population": 83.534378051757812 }, "geometry": { "type": "Point", "coordinates": [ -1.398816667865718, 53.742783333920698 ] } },
{ "type": "Feature", "properties": { "population": 15.388387680053711 }, "geometry": { "type": "Point", "coordinates": [ -1.698816666674937, 53.738616667270577 ] } },
{ "type": "Feature", "properties": { "population": 49.732154846191406 }, "geometry": { "type": "Point", "coordinates": [ -1.694650000024809, 53.738616667270577 ] } },
{ "type": "Feature", "properties": { "population": 301.16937255859375 }, "geometry": { "type": "Point", "coordinates": [ -1.690483333374681, 53.738616667270577 ] } },
{ "type": "Feature", "properties": { "population": 382.0799560546875 }, "geometry": { "type": "Point", "coordinates": [ -1.686316666724553, 53.738616667270577 ] } },
{ "type": "Feature", "properties": { "population": 193.3287353515625 }, "geometry": { "type": "Point", "coordinates": [ -1.682150000074425, 53.738616667270577 ] } },
{ "type": "Feature", "properties": { "population": 36.469718933105469 }, "geometry": { "type": "Point", "coordinates": [ -1.677983333424297, 53.738616667270577 ] } },
{ "type": "Feature", "properties": { "population": 41.941776275634766 }, "geometry": { "type": "Point", "coordinates": [ -1.673816666774169, 53.738616667270577 ] } },
{ "type": "Feature", "properties": { "population": 101.17335510253906 }, "geometry": { "type": "Point", "coordinates": [ -1.66965000012404, 53.738616667270577 ] } },
{ "type": "Feature", "properties": { "population": 78.75146484375 }, "geometry": { "type": "Point", "coordinates": [ -1.665483333473912, 53.738616667270577 ] } },
{ "type": "Feature", "properties": { "population": 561.91180419921875 }, "geometry": { "type": "Point", "coordinates": [ -1.661316666823784, 53.738616667270577 ] } },
{ "type": "Feature", "properties": { "population": 806.536376953125 }, "geometry": { "type": "Point", "coordinates": [ -1.657150000173656, 53.738616667270577 ] } },
{ "type": "Feature", "properties": { "population": 344.912109375 }, "geometry": { "type": "Point", "coordinates": [ -1.652983333523528, 53.738616667270577 ] } },
{ "type": "Feature", "properties": { "population": 97.905029296875 }, "geometry": { "type": "Point", "coordinates": [ -1.6488166668734, 53.738616667270577 ] } },
{ "type": "Feature", "properties": { "population": 110.02724456787109 }, "geometry": { "type": "Point", "coordinates": [ -1.644650000223272, 53.738616667270577 ] } },
{ "type": "Feature", "properties": { "population": 55.180252075195312 }, "geometry": { "type": "Point", "coordinates": [ -1.640483333573144, 53.738616667270577 ] } },
{ "type": "Feature", "properties": { "population": 45.790874481201172 }, "geometry": { "type": "Point", "coordinates": [ -1.636316666923016, 53.738616667270577 ] } },
{ "type": "Feature", "properties": { "population": 8.0329570770263672 }, "geometry": { "type": "Point", "coordinates": [ -1.632150000272888, 53.738616667270577 ] } },
{ "type": "Feature", "properties": { "population": 7.1440267562866211 }, "geometry": { "type": "Point", "coordinates": [ -1.62798333362276, 53.738616667270577 ] } },
{ "type": "Feature", "properties": { "population": 46.357917785644531 }, "geometry": { "type": "Point", "coordinates": [ -1.623816666972632, 53.738616667270577 ] } },
{ "type": "Feature", "properties": { "population": 106.50228118896484 }, "geometry": { "type": "Point", "coordinates": [ -1.619650000322504, 53.738616667270577 ] } },
{ "type": "Feature", "properties": { "population": 290.9215087890625 }, "geometry": { "type": "Point", "coordinates": [ -1.615483333672376, 53.738616667270577 ] } },
{ "type": "Feature", "properties": { "population": 901.91143798828125 }, "geometry": { "type": "Point", "coordinates": [ -1.611316667022248, 53.738616667270577 ] } },
{ "type": "Feature", "properties": { "population": 681.44476318359375 }, "geometry": { "type": "Point", "coordinates": [ -1.60715000037212, 53.738616667270577 ] } },
{ "type": "Feature", "properties": { "population": 628.16766357421875 }, "geometry": { "type": "Point", "coordinates": [ -1.602983333721992, 53.738616667270577 ] } },
{ "type": "Feature", "properties": { "population": 461.129150390625 }, "geometry": { "type": "Point", "coordinates": [ -1.598816667071864, 53.738616667270577 ] } },
{ "type": "Feature", "properties": { "population": 491.7725830078125 }, "geometry": { "type": "Point", "coordinates": [ -1.594650000421736, 53.738616667270577 ] } },
{ "type": "Feature", "properties": { "population": 450.7620849609375 }, "geometry": { "type": "Point", "coordinates": [ -1.590483333771608, 53.738616667270577 ] } },
{ "type": "Feature", "properties": { "population": 235.85691833496094 }, "geometry": { "type": "Point", "coordinates": [ -1.58631666712148, 53.738616667270577 ] } },
{ "type": "Feature", "properties": { "population": 47.427223205566406 }, "geometry": { "type": "Point", "coordinates": [ -1.582150000471352, 53.738616667270577 ] } },
{ "type": "Feature", "properties": { "population": 23.917488098144531 }, "geometry": { "type": "Point", "coordinates": [ -1.577983333821223, 53.738616667270577 ] } },
{ "type": "Feature", "properties": { "population": 20.459873199462891 }, "geometry": { "type": "Point", "coordinates": [ -1.573816667171096, 53.738616667270577 ] } },
{ "type": "Feature", "properties": { "population": 16.066253662109375 }, "geometry": { "type": "Point", "coordinates": [ -1.569650000520967, 53.738616667270577 ] } },
{ "type": "Feature", "properties": { "population": 9.0189657211303711 }, "geometry": { "type": "Point", "coordinates": [ -1.565483333870839, 53.738616667270577 ] } },
{ "type": "Feature", "properties": { "population": 9.145085334777832 }, "geometry": { "type": "Point", "coordinates": [ -1.561316667220711, 53.738616667270577 ] } },
{ "type": "Feature", "properties": { "population": 109.55926513671875 }, "geometry": { "type": "Point", "coordinates": [ -1.557150000570583, 53.738616667270577 ] } },
{ "type": "Feature", "properties": { "population": 565.6976318359375 }, "geometry": { "type": "Point", "coordinates": [ -1.552983333920455, 53.738616667270577 ] } },
{ "type": "Feature", "properties": { "population": 380.1966552734375 }, "geometry": { "type": "Point", "coordinates": [ -1.548816667270327, 53.738616667270577 ] } },
{ "type": "Feature", "properties": { "population": 260.32022094726562 }, "geometry": { "type": "Point", "coordinates": [ -1.544650000620199, 53.738616667270577 ] } },
{ "type": "Feature", "properties": { "population": 558.69464111328125 }, "geometry": { "type": "Point", "coordinates": [ -1.540483333970071, 53.738616667270577 ] } },
{ "type": "Feature", "properties": { "population": 386.88223266601562 }, "geometry": { "type": "Point", "coordinates": [ -1.536316667319943, 53.738616667270577 ] } },
{ "type": "Feature", "properties": { "population": 112.23580932617188 }, "geometry": { "type": "Point", "coordinates": [ -1.532150000669815, 53.738616667270577 ] } },
{ "type": "Feature", "properties": { "population": 36.781993865966797 }, "geometry": { "type": "Point", "coordinates": [ -1.527983334019687, 53.738616667270577 ] } },
{ "type": "Feature", "properties": { "population": 85.67388916015625 }, "geometry": { "type": "Point", "coordinates": [ -1.523816667369559, 53.738616667270577 ] } },
{ "type": "Feature", "properties": { "population": 67.76214599609375 }, "geometry": { "type": "Point", "coordinates": [ -1.519650000719431, 53.738616667270577 ] } },
{ "type": "Feature", "properties": { "population": 94.899673461914062 }, "geometry": { "type": "Point", "coordinates": [ -1.515483334069303, 53.738616667270577 ] } },
{ "type": "Feature", "properties": { "population": 338.3193359375 }, "geometry": { "type": "Point", "coordinates": [ -1.511316667419175, 53.738616667270577 ] } },
{ "type": "Feature", "properties": { "population": 575.3184814453125 }, "geometry": { "type": "Point", "coordinates": [ -1.507150000769047, 53.738616667270577 ] } },
{ "type": "Feature", "properties": { "population": 71.475799560546875 }, "geometry": { "type": "Point", "coordinates": [ -1.502983334118919, 53.738616667270577 ] } },
{ "type": "Feature", "properties": { "population": 28.273056030273438 }, "geometry": { "type": "Point", "coordinates": [ -1.498816667468791, 53.738616667270577 ] } },
{ "type": "Feature", "properties": { "population": 135.83572387695312 }, "geometry": { "type": "Point", "coordinates": [ -1.494650000818663, 53.738616667270577 ] } },
{ "type": "Feature", "properties": { "population": 108.08695220947266 }, "geometry": { "type": "Point", "coordinates": [ -1.490483334168535, 53.738616667270577 ] } },
{ "type": "Feature", "properties": { "population": 39.264869689941406 }, "geometry": { "type": "Point", "coordinates": [ -1.486316667518407, 53.738616667270577 ] } },
{ "type": "Feature", "properties": { "population": 9.9530048370361328 }, "geometry": { "type": "Point", "coordinates": [ -1.482150000868279, 53.738616667270577 ] } },
{ "type": "Feature", "properties": { "population": 15.791547775268555 }, "geometry": { "type": "Point", "coordinates": [ -1.477983334218151, 53.738616667270577 ] } },
{ "type": "Feature", "properties": { "population": 6.1241259574890137 }, "geometry": { "type": "Point", "coordinates": [ -1.473816667568022, 53.738616667270577 ] } },
{ "type": "Feature", "properties": { "population": 1.143047571182251 }, "geometry": { "type": "Point", "coordinates": [ -1.469650000917895, 53.738616667270577 ] } },
{ "type": "Feature", "properties": { "population": 1.4496530294418335 }, "geometry": { "type": "Point", "coordinates": [ -1.465483334267766, 53.738616667270577 ] } },
{ "type": "Feature", "properties": { "population": 6.9211034774780273 }, "geometry": { "type": "Point", "coordinates": [ -1.461316667617638, 53.738616667270577 ] } },
{ "type": "Feature", "properties": { "population": 13.079721450805664 }, "geometry": { "type": "Point", "coordinates": [ -1.45715000096751, 53.738616667270577 ] } },
{ "type": "Feature", "properties": { "population": 153.56893920898438 }, "geometry": { "type": "Point", "coordinates": [ -1.452983334317382, 53.738616667270577 ] } },
{ "type": "Feature", "properties": { "population": 90.318130493164062 }, "geometry": { "type": "Point", "coordinates": [ -1.448816667667254, 53.738616667270577 ] } },
{ "type": "Feature", "properties": { "population": 2.3143086433410645 }, "geometry": { "type": "Point", "coordinates": [ -1.444650001017126, 53.738616667270577 ] } },
{ "type": "Feature", "properties": { "population": 3.8610200881958008 }, "geometry": { "type": "Point", "coordinates": [ -1.440483334366998, 53.738616667270577 ] } },
{ "type": "Feature", "properties": { "population": 1.1731376647949219 }, "geometry": { "type": "Point", "coordinates": [ -1.43631666771687, 53.738616667270577 ] } },
{ "type": "Feature", "properties": { "population": 1.7819546461105347 }, "geometry": { "type": "Point", "coordinates": [ -1.432150001066742, 53.738616667270577 ] } },
{ "type": "Feature", "properties": { "population": 3.288588285446167 }, "geometry": { "type": "Point", "coordinates": [ -1.427983334416614, 53.738616667270577 ] } },
{ "type": "Feature", "properties": { "population": 2.7840614318847656 }, "geometry": { "type": "Point", "coordinates": [ -1.423816667766486, 53.738616667270577 ] } },
{ "type": "Feature", "properties": { "population": 19.187067031860352 }, "geometry": { "type": "Point", "coordinates": [ -1.419650001116358, 53.738616667270577 ] } },
{ "type": "Feature", "properties": { "population": 260.50048828125 }, "geometry": { "type": "Point", "coordinates": [ -1.41548333446623, 53.738616667270577 ] } },
{ "type": "Feature", "properties": { "population": 210.59907531738281 }, "geometry": { "type": "Point", "coordinates": [ -1.411316667816102, 53.738616667270577 ] } },
{ "type": "Feature", "properties": { "population": 154.23526000976562 }, "geometry": { "type": "Point", "coordinates": [ -1.407150001165974, 53.738616667270577 ] } },
{ "type": "Feature", "properties": { "population": 309.43841552734375 }, "geometry": { "type": "Point", "coordinates": [ -1.402983334515846, 53.738616667270577 ] } },
{ "type": "Feature", "properties": { "population": 315.34423828125 }, "geometry": { "type": "Point", "coordinates": [ -1.398816667865718, 53.738616667270577 ] } },
{ "type": "Feature", "properties": { "population": 66.746734619140625 }, "geometry": { "type": "Point", "coordinates": [ -1.698816666674937, 53.734450000620456 ] } },
{ "type": "Feature", "properties": { "population": 130.825439453125 }, "geometry": { "type": "Point", "coordinates": [ -1.694650000024809, 53.734450000620456 ] } },
{ "type": "Feature", "properties": { "population": 275.03598022460938 }, "geometry": { "type": "Point", "coordinates": [ -1.690483333374681, 53.734450000620456 ] } },
{ "type": "Feature", "properties": { "population": 477.44784545898438 }, "geometry": { "type": "Point", "coordinates": [ -1.686316666724553, 53.734450000620456 ] } },
{ "type": "Feature", "properties": { "population": 151.7994384765625 }, "geometry": { "type": "Point", "coordinates": [ -1.682150000074425, 53.734450000620456 ] } },
{ "type": "Feature", "properties": { "population": 274.59063720703125 }, "geometry": { "type": "Point", "coordinates": [ -1.677983333424297, 53.734450000620456 ] } },
{ "type": "Feature", "properties": { "population": 230.78024291992188 }, "geometry": { "type": "Point", "coordinates": [ -1.673816666774169, 53.734450000620456 ] } },
{ "type": "Feature", "properties": { "population": 306.4141845703125 }, "geometry": { "type": "Point", "coordinates": [ -1.66965000012404, 53.734450000620456 ] } },
{ "type": "Feature", "properties": { "population": 552.64703369140625 }, "geometry": { "type": "Point", "coordinates": [ -1.665483333473912, 53.734450000620456 ] } },
{ "type": "Feature", "properties": { "population": 471.559814453125 }, "geometry": { "type": "Point", "coordinates": [ -1.661316666823784, 53.734450000620456 ] } },
{ "type": "Feature", "properties": { "population": 465.8115234375 }, "geometry": { "type": "Point", "coordinates": [ -1.657150000173656, 53.734450000620456 ] } },
{ "type": "Feature", "properties": { "population": 745.72332763671875 }, "geometry": { "type": "Point", "coordinates": [ -1.652983333523528, 53.734450000620456 ] } },
{ "type": "Feature", "properties": { "population": 426.6419677734375 }, "geometry": { "type": "Point", "coordinates": [ -1.6488166668734, 53.734450000620456 ] } },
{ "type": "Feature", "properties": { "population": 696.85919189453125 }, "geometry": { "type": "Point", "coordinates": [ -1.644650000223272, 53.734450000620456 ] } },
{ "type": "Feature", "properties": { "population": 419.19815063476562 }, "geometry": { "type": "Point", "coordinates": [ -1.640483333573144, 53.734450000620456 ] } },
{ "type": "Feature", "properties": { "population": 41.672607421875 }, "geometry": { "type": "Point", "coordinates": [ -1.636316666923016, 53.734450000620456 ] } },
{ "type": "Feature", "properties": { "population": 5.0897207260131836 }, "geometry": { "type": "Point", "coordinates": [ -1.632150000272888, 53.734450000620456 ] } },
{ "type": "Feature", "properties": { "population": 1.76837158203125 }, "geometry": { "type": "Point", "coordinates": [ -1.62798333362276, 53.734450000620456 ] } },
{ "type": "Feature", "properties": { "population": 4.8274860382080078 }, "geometry": { "type": "Point", "coordinates": [ -1.623816666972632, 53.734450000620456 ] } },
{ "type": "Feature", "properties": { "population": 30.090187072753906 }, "geometry": { "type": "Point", "coordinates": [ -1.619650000322504, 53.734450000620456 ] } },
{ "type": "Feature", "properties": { "population": 114.46488952636719 }, "geometry": { "type": "Point", "coordinates": [ -1.615483333672376, 53.734450000620456 ] } },
{ "type": "Feature", "properties": { "population": 203.32965087890625 }, "geometry": { "type": "Point", "coordinates": [ -1.611316667022248, 53.734450000620456 ] } },
{ "type": "Feature", "properties": { "population": 261.13470458984375 }, "geometry": { "type": "Point", "coordinates": [ -1.60715000037212, 53.734450000620456 ] } },
{ "type": "Feature", "properties": { "population": 190.53724670410156 }, "geometry": { "type": "Point", "coordinates": [ -1.602983333721992, 53.734450000620456 ] } },
{ "type": "Feature", "properties": { "population": 678.796142578125 }, "geometry": { "type": "Point", "coordinates": [ -1.598816667071864, 53.734450000620456 ] } },
{ "type": "Feature", "properties": { "population": 416.91555786132812 }, "geometry": { "type": "Point", "coordinates": [ -1.594650000421736, 53.734450000620456 ] } },
{ "type": "Feature", "properties": { "population": 235.90007019042969 }, "geometry": { "type": "Point", "coordinates": [ -1.590483333771608, 53.734450000620456 ] } },
{ "type": "Feature", "properties": { "population": 146.9849853515625 }, "geometry": { "type": "Point", "coordinates": [ -1.58631666712148, 53.734450000620456 ] } },
{ "type": "Feature", "properties": { "population": 65.951408386230469 }, "geometry": { "type": "Point", "coordinates": [ -1.582150000471352, 53.734450000620456 ] } },
{ "type": "Feature", "properties": { "population": 146.33355712890625 }, "geometry": { "type": "Point", "coordinates": [ -1.577983333821223, 53.734450000620456 ] } },
{ "type": "Feature", "properties": { "population": 118.05123901367188 }, "geometry": { "type": "Point", "coordinates": [ -1.573816667171096, 53.734450000620456 ] } },
{ "type": "Feature", "properties": { "population": 39.081409454345703 }, "geometry": { "type": "Point", "coordinates": [ -1.569650000520967, 53.734450000620456 ] } },
{ "type": "Feature", "properties": { "population": 12.755006790161133 }, "geometry": { "type": "Point", "coordinates": [ -1.565483333870839, 53.734450000620456 ] } },
{ "type": "Feature", "properties": { "population": 14.615381240844727 }, "geometry": { "type": "Point", "coordinates": [ -1.561316667220711, 53.734450000620456 ] } },
{ "type": "Feature", "properties": { "population": 14.046781539916992 }, "geometry": { "type": "Point", "coordinates": [ -1.557150000570583, 53.734450000620456 ] } },
{ "type": "Feature", "properties": { "population": 37.796627044677734 }, "geometry": { "type": "Point", "coordinates": [ -1.552983333920455, 53.734450000620456 ] } },
{ "type": "Feature", "properties": { "population": 85.8480224609375 }, "geometry": { "type": "Point", "coordinates": [ -1.548816667270327, 53.734450000620456 ] } },
{ "type": "Feature", "properties": { "population": 101.88528442382812 }, "geometry": { "type": "Point", "coordinates": [ -1.544650000620199, 53.734450000620456 ] } },
{ "type": "Feature", "properties": { "population": 162.61044311523438 }, "geometry": { "type": "Point", "coordinates": [ -1.540483333970071, 53.734450000620456 ] } },
{ "type": "Feature", "properties": { "population": 125.23345184326172 }, "geometry": { "type": "Point", "coordinates": [ -1.536316667319943, 53.734450000620456 ] } },
{ "type": "Feature", "properties": { "population": 169.012451171875 }, "geometry": { "type": "Point", "coordinates": [ -1.532150000669815, 53.734450000620456 ] } },
{ "type": "Feature", "properties": { "population": 128.00482177734375 }, "geometry": { "type": "Point", "coordinates": [ -1.527983334019687, 53.734450000620456 ] } },
{ "type": "Feature", "properties": { "population": 127.62909698486328 }, "geometry": { "type": "Point", "coordinates": [ -1.523816667369559, 53.734450000620456 ] } },
{ "type": "Feature", "properties": { "population": 79.839447021484375 }, "geometry": { "type": "Point", "coordinates": [ -1.519650000719431, 53.734450000620456 ] } },
{ "type": "Feature", "properties": { "population": 54.685218811035156 }, "geometry": { "type": "Point", "coordinates": [ -1.515483334069303, 53.734450000620456 ] } },
{ "type": "Feature", "properties": { "population": 114.62539672851562 }, "geometry": { "type": "Point", "coordinates": [ -1.511316667419175, 53.734450000620456 ] } },
{ "type": "Feature", "properties": { "population": 259.59548950195312 }, "geometry": { "type": "Point", "coordinates": [ -1.507150000769047, 53.734450000620456 ] } },
{ "type": "Feature", "properties": { "population": 365.29168701171875 }, "geometry": { "type": "Point", "coordinates": [ -1.502983334118919, 53.734450000620456 ] } },
{ "type": "Feature", "properties": { "population": 48.713211059570312 }, "geometry": { "type": "Point", "coordinates": [ -1.498816667468791, 53.734450000620456 ] } },
{ "type": "Feature", "properties": { "population": 83.24749755859375 }, "geometry": { "type": "Point", "coordinates": [ -1.494650000818663, 53.734450000620456 ] } },
{ "type": "Feature", "properties": { "population": 109.82306671142578 }, "geometry": { "type": "Point", "coordinates": [ -1.490483334168535, 53.734450000620456 ] } },
{ "type": "Feature", "properties": { "population": 17.055194854736328 }, "geometry": { "type": "Point", "coordinates": [ -1.486316667518407, 53.734450000620456 ] } },
{ "type": "Feature", "properties": { "population": 6.7484588623046875 }, "geometry": { "type": "Point", "coordinates": [ -1.482150000868279, 53.734450000620456 ] } },
{ "type": "Feature", "properties": { "population": 1.0864489078521729 }, "geometry": { "type": "Point", "coordinates": [ -1.477983334218151, 53.734450000620456 ] } },
{ "type": "Feature", "properties": { "population": 0.7421644926071167 }, "geometry": { "type": "Point", "coordinates": [ -1.473816667568022, 53.734450000620456 ] } },
{ "type": "Feature", "properties": { "population": 0.67786151170730591 }, "geometry": { "type": "Point", "coordinates": [ -1.469650000917895, 53.734450000620456 ] } },
{ "type": "Feature", "properties": { "population": 1.3731784820556641 }, "geometry": { "type": "Point", "coordinates": [ -1.465483334267766, 53.734450000620456 ] } },
{ "type": "Feature", "properties": { "population": 1.9817038774490356 }, "geometry": { "type": "Point", "coordinates": [ -1.461316667617638, 53.734450000620456 ] } },
{ "type": "Feature", "properties": { "population": 7.4547796249389648 }, "geometry": { "type": "Point", "coordinates": [ -1.45715000096751, 53.734450000620456 ] } },
{ "type": "Feature", "properties": { "population": 9.0406455993652344 }, "geometry": { "type": "Point", "coordinates": [ -1.452983334317382, 53.734450000620456 ] } },
{ "type": "Feature", "properties": { "population": 4.6846346855163574 }, "geometry": { "type": "Point", "coordinates": [ -1.448816667667254, 53.734450000620456 ] } },
{ "type": "Feature", "properties": { "population": 5.5798892974853516 }, "geometry": { "type": "Point", "coordinates": [ -1.444650001017126, 53.734450000620456 ] } },
{ "type": "Feature", "properties": { "population": 2.2102806568145752 }, "geometry": { "type": "Point", "coordinates": [ -1.440483334366998, 53.734450000620456 ] } },
{ "type": "Feature", "properties": { "population": 1.1282211542129517 }, "geometry": { "type": "Point", "coordinates": [ -1.43631666771687, 53.734450000620456 ] } },
{ "type": "Feature", "properties": { "population": 3.1925303936004639 }, "geometry": { "type": "Point", "coordinates": [ -1.432150001066742, 53.734450000620456 ] } },
{ "type": "Feature", "properties": { "population": 0.71449768543243408 }, "geometry": { "type": "Point", "coordinates": [ -1.427983334416614, 53.734450000620456 ] } },
{ "type": "Feature", "properties": { "population": 0.95981335639953613 }, "geometry": { "type": "Point", "coordinates": [ -1.423816667766486, 53.734450000620456 ] } },
{ "type": "Feature", "properties": { "population": 1.7365536689758301 }, "geometry": { "type": "Point", "coordinates": [ -1.419650001116358, 53.734450000620456 ] } },
{ "type": "Feature", "properties": { "population": 9.6986331939697266 }, "geometry": { "type": "Point", "coordinates": [ -1.41548333446623, 53.734450000620456 ] } },
{ "type": "Feature", "properties": { "population": 85.574821472167969 }, "geometry": { "type": "Point", "coordinates": [ -1.411316667816102, 53.734450000620456 ] } },
{ "type": "Feature", "properties": { "population": 60.262889862060547 }, "geometry": { "type": "Point", "coordinates": [ -1.407150001165974, 53.734450000620456 ] } },
{ "type": "Feature", "properties": { "population": 33.120876312255859 }, "geometry": { "type": "Point", "coordinates": [ -1.402983334515846, 53.734450000620456 ] } },
{ "type": "Feature", "properties": { "population": 70.254791259765625 }, "geometry": { "type": "Point", "coordinates": [ -1.398816667865718, 53.734450000620456 ] } },
{ "type": "Feature", "properties": { "population": 83.046676635742188 }, "geometry": { "type": "Point", "coordinates": [ -1.698816666674937, 53.730283333970334 ] } },
{ "type": "Feature", "properties": { "population": 615.36395263671875 }, "geometry": { "type": "Point", "coordinates": [ -1.694650000024809, 53.730283333970334 ] } },
{ "type": "Feature", "properties": { "population": 884.80810546875 }, "geometry": { "type": "Point", "coordinates": [ -1.690483333374681, 53.730283333970334 ] } },
{ "type": "Feature", "properties": { "population": 528.03155517578125 }, "geometry": { "type": "Point", "coordinates": [ -1.686316666724553, 53.730283333970334 ] } },
{ "type": "Feature", "properties": { "population": 251.34689331054688 }, "geometry": { "type": "Point", "coordinates": [ -1.682150000074425, 53.730283333970334 ] } },
{ "type": "Feature", "properties": { "population": 248.73934936523438 }, "geometry": { "type": "Point", "coordinates": [ -1.677983333424297, 53.730283333970334 ] } },
{ "type": "Feature", "properties": { "population": 149.1654052734375 }, "geometry": { "type": "Point", "coordinates": [ -1.673816666774169, 53.730283333970334 ] } },
{ "type": "Feature", "properties": { "population": 242.47193908691406 }, "geometry": { "type": "Point", "coordinates": [ -1.66965000012404, 53.730283333970334 ] } },
{ "type": "Feature", "properties": { "population": 428.309326171875 }, "geometry": { "type": "Point", "coordinates": [ -1.665483333473912, 53.730283333970334 ] } },
{ "type": "Feature", "properties": { "population": 456.06927490234375 }, "geometry": { "type": "Point", "coordinates": [ -1.661316666823784, 53.730283333970334 ] } },
{ "type": "Feature", "properties": { "population": 718.9200439453125 }, "geometry": { "type": "Point", "coordinates": [ -1.657150000173656, 53.730283333970334 ] } },
{ "type": "Feature", "properties": { "population": 680.550537109375 }, "geometry": { "type": "Point", "coordinates": [ -1.652983333523528, 53.730283333970334 ] } },
{ "type": "Feature", "properties": { "population": 475.59454345703125 }, "geometry": { "type": "Point", "coordinates": [ -1.6488166668734, 53.730283333970334 ] } },
{ "type": "Feature", "properties": { "population": 236.61614990234375 }, "geometry": { "type": "Point", "coordinates": [ -1.644650000223272, 53.730283333970334 ] } },
{ "type": "Feature", "properties": { "population": 144.91085815429688 }, "geometry": { "type": "Point", "coordinates": [ -1.640483333573144, 53.730283333970334 ] } },
{ "type": "Feature", "properties": { "population": 32.752986907958984 }, "geometry": { "type": "Point", "coordinates": [ -1.636316666923016, 53.730283333970334 ] } },
{ "type": "Feature", "properties": { "population": 7.8963022232055664 }, "geometry": { "type": "Point", "coordinates": [ -1.632150000272888, 53.730283333970334 ] } },
{ "type": "Feature", "properties": { "population": 3.5180673599243164 }, "geometry": { "type": "Point", "coordinates": [ -1.62798333362276, 53.730283333970334 ] } },
{ "type": "Feature", "properties": { "population": 13.808394432067871 }, "geometry": { "type": "Point", "coordinates": [ -1.623816666972632, 53.730283333970334 ] } },
{ "type": "Feature", "properties": { "population": 31.0843505859375 }, "geometry": { "type": "Point", "coordinates": [ -1.619650000322504, 53.730283333970334 ] } },
{ "type": "Feature", "properties": { "population": 9.6105537414550781 }, "geometry": { "type": "Point", "coordinates": [ -1.615483333672376, 53.730283333970334 ] } },
{ "type": "Feature", "properties": { "population": 45.781143188476562 }, "geometry": { "type": "Point", "coordinates": [ -1.611316667022248, 53.730283333970334 ] } },
{ "type": "Feature", "properties": { "population": 85.234779357910156 }, "geometry": { "type": "Point", "coordinates": [ -1.60715000037212, 53.730283333970334 ] } },
{ "type": "Feature", "properties": { "population": 102.48298645019531 }, "geometry": { "type": "Point", "coordinates": [ -1.602983333721992, 53.730283333970334 ] } },
{ "type": "Feature", "properties": { "population": 231.93203735351562 }, "geometry": { "type": "Point", "coordinates": [ -1.598816667071864, 53.730283333970334 ] } },
{ "type": "Feature", "properties": { "population": 111.99281311035156 }, "geometry": { "type": "Point", "coordinates": [ -1.594650000421736, 53.730283333970334 ] } },
{ "type": "Feature", "properties": { "population": 171.62298583984375 }, "geometry": { "type": "Point", "coordinates": [ -1.590483333771608, 53.730283333970334 ] } },
{ "type": "Feature", "properties": { "population": 143.34019470214844 }, "geometry": { "type": "Point", "coordinates": [ -1.58631666712148, 53.730283333970334 ] } },
{ "type": "Feature", "properties": { "population": 242.8638916015625 }, "geometry": { "type": "Point", "coordinates": [ -1.582150000471352, 53.730283333970334 ] } },
{ "type": "Feature", "properties": { "population": 492.7203369140625 }, "geometry": { "type": "Point", "coordinates": [ -1.577983333821223, 53.730283333970334 ] } },
{ "type": "Feature", "properties": { "population": 583.2369384765625 }, "geometry": { "type": "Point", "coordinates": [ -1.573816667171096, 53.730283333970334 ] } },
{ "type": "Feature", "properties": { "population": 469.89358520507812 }, "geometry": { "type": "Point", "coordinates": [ -1.569650000520967, 53.730283333970334 ] } },
{ "type": "Feature", "properties": { "population": 202.51385498046875 }, "geometry": { "type": "Point", "coordinates": [ -1.565483333870839, 53.730283333970334 ] } },
{ "type": "Feature", "properties": { "population": 39.084854125976562 }, "geometry": { "type": "Point", "coordinates": [ -1.561316667220711, 53.730283333970334 ] } },
{ "type": "Feature", "properties": { "population": 154.34001159667969 }, "geometry": { "type": "Point", "coordinates": [ -1.557150000570583, 53.730283333970334 ] } },
{ "type": "Feature", "properties": { "population": 267.8238525390625 }, "geometry": { "type": "Point", "coordinates": [ -1.552983333920455, 53.730283333970334 ] } },
{ "type": "Feature", "properties": { "population": 81.499061584472656 }, "geometry": { "type": "Point", "coordinates": [ -1.548816667270327, 53.730283333970334 ] } },
{ "type": "Feature", "properties": { "population": 233.73719787597656 }, "geometry": { "type": "Point", "coordinates": [ -1.544650000620199, 53.730283333970334 ] } },
{ "type": "Feature", "properties": { "population": 193.91047668457031 }, "geometry": { "type": "Point", "coordinates": [ -1.540483333970071, 53.730283333970334 ] } },
{ "type": "Feature", "properties": { "population": 114.05277252197266 }, "geometry": { "type": "Point", "coordinates": [ -1.536316667319943, 53.730283333970334 ] } },
{ "type": "Feature", "properties": { "population": 224.63323974609375 }, "geometry": { "type": "Point", "coordinates": [ -1.532150000669815, 53.730283333970334 ] } },
{ "type": "Feature", "properties": { "population": 496.49005126953125 }, "geometry": { "type": "Point", "coordinates": [ -1.527983334019687, 53.730283333970334 ] } },
{ "type": "Feature", "properties": { "population": 161.47161865234375 }, "geometry": { "type": "Point", "coordinates": [ -1.523816667369559, 53.730283333970334 ] } },
{ "type": "Feature", "properties": { "population": 92.459312438964844 }, "geometry": { "type": "Point", "coordinates": [ -1.519650000719431, 53.730283333970334 ] } },
{ "type": "Feature", "properties": { "population": 139.22052001953125 }, "geometry": { "type": "Point", "coordinates": [ -1.515483334069303, 53.730283333970334 ] } },
{ "type": "Feature", "properties": { "population": 144.36900329589844 }, "geometry": { "type": "Point", "coordinates": [ -1.511316667419175, 53.730283333970334 ] } },
{ "type": "Feature", "properties": { "population": 131.29533386230469 }, "geometry": { "type": "Point", "coordinates": [ -1.507150000769047, 53.730283333970334 ] } },
{ "type": "Feature", "properties": { "population": 396.5311279296875 }, "geometry": { "type": "Point", "coordinates": [ -1.502983334118919, 53.730283333970334 ] } },
{ "type": "Feature", "properties": { "population": 298.36505126953125 }, "geometry": { "type": "Point", "coordinates": [ -1.498816667468791, 53.730283333970334 ] } },
{ "type": "Feature", "properties": { "population": 222.83697509765625 }, "geometry": { "type": "Point", "coordinates": [ -1.494650000818663, 53.730283333970334 ] } },
{ "type": "Feature", "properties": { "population": 107.72114562988281 }, "geometry": { "type": "Point", "coordinates": [ -1.490483334168535, 53.730283333970334 ] } },
{ "type": "Feature", "properties": { "population": 63.736312866210938 }, "geometry": { "type": "Point", "coordinates": [ -1.486316667518407, 53.730283333970334 ] } },
{ "type": "Feature", "properties": { "population": 9.0192670822143555 }, "geometry": { "type": "Point", "coordinates": [ -1.482150000868279, 53.730283333970334 ] } },
{ "type": "Feature", "properties": { "population": 3.3419504165649414 }, "geometry": { "type": "Point", "coordinates": [ -1.477983334218151, 53.730283333970334 ] } },
{ "type": "Feature", "properties": { "population": 5.3582181930541992 }, "geometry": { "type": "Point", "coordinates": [ -1.473816667568022, 53.730283333970334 ] } },
{ "type": "Feature", "properties": { "population": 3.1237177848815918 }, "geometry": { "type": "Point", "coordinates": [ -1.469650000917895, 53.730283333970334 ] } },
{ "type": "Feature", "properties": { "population": 2.4403548240661621 }, "geometry": { "type": "Point", "coordinates": [ -1.465483334267766, 53.730283333970334 ] } },
{ "type": "Feature", "properties": { "population": 5.9170846939086914 }, "geometry": { "type": "Point", "coordinates": [ -1.461316667617638, 53.730283333970334 ] } },
{ "type": "Feature", "properties": { "population": 12.899629592895508 }, "geometry": { "type": "Point", "coordinates": [ -1.45715000096751, 53.730283333970334 ] } },
{ "type": "Feature", "properties": { "population": 4.1866836547851562 }, "geometry": { "type": "Point", "coordinates": [ -1.452983334317382, 53.730283333970334 ] } },
{ "type": "Feature", "properties": { "population": 2.835956335067749 }, "geometry": { "type": "Point", "coordinates": [ -1.448816667667254, 53.730283333970334 ] } },
{ "type": "Feature", "properties": { "population": 1.2390364408493042 }, "geometry": { "type": "Point", "coordinates": [ -1.444650001017126, 53.730283333970334 ] } },
{ "type": "Feature", "properties": { "population": 1.604799747467041 }, "geometry": { "type": "Point", "coordinates": [ -1.440483334366998, 53.730283333970334 ] } },
{ "type": "Feature", "properties": { "population": 0.83331131935119629 }, "geometry": { "type": "Point", "coordinates": [ -1.43631666771687, 53.730283333970334 ] } },
{ "type": "Feature", "properties": { "population": 3.362952709197998 }, "geometry": { "type": "Point", "coordinates": [ -1.432150001066742, 53.730283333970334 ] } },
{ "type": "Feature", "properties": { "population": 4.5266056060791016 }, "geometry": { "type": "Point", "coordinates": [ -1.427983334416614, 53.730283333970334 ] } },
{ "type": "Feature", "properties": { "population": 1.8962390422821045 }, "geometry": { "type": "Point", "coordinates": [ -1.423816667766486, 53.730283333970334 ] } },
{ "type": "Feature", "properties": { "population": 3.567880392074585 }, "geometry": { "type": "Point", "coordinates": [ -1.419650001116358, 53.730283333970334 ] } },
{ "type": "Feature", "properties": { "population": 6.1382379531860352 }, "geometry": { "type": "Point", "coordinates": [ -1.41548333446623, 53.730283333970334 ] } },
{ "type": "Feature", "properties": { "population": 26.126344680786133 }, "geometry": { "type": "Point", "coordinates": [ -1.411316667816102, 53.730283333970334 ] } },
{ "type": "Feature", "properties": { "population": 232.41140747070312 }, "geometry": { "type": "Point", "coordinates": [ -1.407150001165974, 53.730283333970334 ] } },
{ "type": "Feature", "properties": { "population": 256.94229125976562 }, "geometry": { "type": "Point", "coordinates": [ -1.402983334515846, 53.730283333970334 ] } },
{ "type": "Feature", "properties": { "population": 72.722900390625 }, "geometry": { "type": "Point", "coordinates": [ -1.398816667865718, 53.730283333970334 ] } },
{ "type": "Feature", "properties": { "population": 44.664863586425781 }, "geometry": { "type": "Point", "coordinates": [ -1.698816666674937, 53.726116667320213 ] } },
{ "type": "Feature", "properties": { "population": 160.90968322753906 }, "geometry": { "type": "Point", "coordinates": [ -1.694650000024809, 53.726116667320213 ] } },
{ "type": "Feature", "properties": { "population": 712.53753662109375 }, "geometry": { "type": "Point", "coordinates": [ -1.690483333374681, 53.726116667320213 ] } },
{ "type": "Feature", "properties": { "population": 725.99456787109375 }, "geometry": { "type": "Point", "coordinates": [ -1.686316666724553, 53.726116667320213 ] } },
{ "type": "Feature", "properties": { "population": 418.03616333007812 }, "geometry": { "type": "Point", "coordinates": [ -1.682150000074425, 53.726116667320213 ] } },
{ "type": "Feature", "properties": { "population": 112.23551940917969 }, "geometry": { "type": "Point", "coordinates": [ -1.677983333424297, 53.726116667320213 ] } },
{ "type": "Feature", "properties": { "population": 92.719779968261719 }, "geometry": { "type": "Point", "coordinates": [ -1.673816666774169, 53.726116667320213 ] } },
{ "type": "Feature", "properties": { "population": 26.671407699584961 }, "geometry": { "type": "Point", "coordinates": [ -1.66965000012404, 53.726116667320213 ] } },
{ "type": "Feature", "properties": { "population": 89.954132080078125 }, "geometry": { "type": "Point", "coordinates": [ -1.665483333473912, 53.726116667320213 ] } },
{ "type": "Feature", "properties": { "population": 180.42262268066406 }, "geometry": { "type": "Point", "coordinates": [ -1.661316666823784, 53.726116667320213 ] } },
{ "type": "Feature", "properties": { "population": 521.88287353515625 }, "geometry": { "type": "Point", "coordinates": [ -1.657150000173656, 53.726116667320213 ] } },
{ "type": "Feature", "properties": { "population": 640.98712158203125 }, "geometry": { "type": "Point", "coordinates": [ -1.652983333523528, 53.726116667320213 ] } },
{ "type": "Feature", "properties": { "population": 254.62533569335938 }, "geometry": { "type": "Point", "coordinates": [ -1.6488166668734, 53.726116667320213 ] } },
{ "type": "Feature", "properties": { "population": 92.525436401367188 }, "geometry": { "type": "Point", "coordinates": [ -1.644650000223272, 53.726116667320213 ] } },
{ "type": "Feature", "properties": { "population": 27.660638809204102 }, "geometry": { "type": "Point", "coordinates": [ -1.640483333573144, 53.726116667320213 ] } },
{ "type": "Feature", "properties": { "population": 68.951225280761719 }, "geometry": { "type": "Point", "coordinates": [ -1.636316666923016, 53.726116667320213 ] } },
{ "type": "Feature", "properties": { "population": 43.204059600830078 }, "geometry": { "type": "Point", "coordinates": [ -1.632150000272888, 53.726116667320213 ] } },
{ "type": "Feature", "properties": { "population": 31.6312255859375 }, "geometry": { "type": "Point", "coordinates": [ -1.62798333362276, 53.726116667320213 ] } },
{ "type": "Feature", "properties": { "population": 17.133565902709961 }, "geometry": { "type": "Point", "coordinates": [ -1.623816666972632, 53.726116667320213 ] } },
{ "type": "Feature", "properties": { "population": 20.35224723815918 }, "geometry": { "type": "Point", "coordinates": [ -1.619650000322504, 53.726116667320213 ] } },
{ "type": "Feature", "properties": { "population": 3.9242997169494629 }, "geometry": { "type": "Point", "coordinates": [ -1.615483333672376, 53.726116667320213 ] } },
{ "type": "Feature", "properties": { "population": 4.2757091522216797 }, "geometry": { "type": "Point", "coordinates": [ -1.611316667022248, 53.726116667320213 ] } },
{ "type": "Feature", "properties": { "population": 28.386287689208984 }, "geometry": { "type": "Point", "coordinates": [ -1.60715000037212, 53.726116667320213 ] } },
{ "type": "Feature", "properties": { "population": 36.443023681640625 }, "geometry": { "type": "Point", "coordinates": [ -1.602983333721992, 53.726116667320213 ] } },
{ "type": "Feature", "properties": { "population": 25.473310470581055 }, "geometry": { "type": "Point", "coordinates": [ -1.598816667071864, 53.726116667320213 ] } },
{ "type": "Feature", "properties": { "population": 8.8431425094604492 }, "geometry": { "type": "Point", "coordinates": [ -1.594650000421736, 53.726116667320213 ] } },
{ "type": "Feature", "properties": { "population": 8.9593744277954102 }, "geometry": { "type": "Point", "coordinates": [ -1.590483333771608, 53.726116667320213 ] } },
{ "type": "Feature", "properties": { "population": 252.48760986328125 }, "geometry": { "type": "Point", "coordinates": [ -1.58631666712148, 53.726116667320213 ] } },
{ "type": "Feature", "properties": { "population": 501.37667846679688 }, "geometry": { "type": "Point", "coordinates": [ -1.582150000471352, 53.726116667320213 ] } },
{ "type": "Feature", "properties": { "population": 495.48318481445312 }, "geometry": { "type": "Point", "coordinates": [ -1.577983333821223, 53.726116667320213 ] } },
{ "type": "Feature", "properties": { "population": 659.0255126953125 }, "geometry": { "type": "Point", "coordinates": [ -1.573816667171096, 53.726116667320213 ] } },
{ "type": "Feature", "properties": { "population": 717.55438232421875 }, "geometry": { "type": "Point", "coordinates": [ -1.569650000520967, 53.726116667320213 ] } },
{ "type": "Feature", "properties": { "population": 512.48126220703125 }, "geometry": { "type": "Point", "coordinates": [ -1.565483333870839, 53.726116667320213 ] } },
{ "type": "Feature", "properties": { "population": 609.579345703125 }, "geometry": { "type": "Point", "coordinates": [ -1.561316667220711, 53.726116667320213 ] } },
{ "type": "Feature", "properties": { "population": 495.42025756835938 }, "geometry": { "type": "Point", "coordinates": [ -1.557150000570583, 53.726116667320213 ] } },
{ "type": "Feature", "properties": { "population": 306.23733520507812 }, "geometry": { "type": "Point", "coordinates": [ -1.552983333920455, 53.726116667320213 ] } },
{ "type": "Feature", "properties": { "population": 49.042900085449219 }, "geometry": { "type": "Point", "coordinates": [ -1.548816667270327, 53.726116667320213 ] } },
{ "type": "Feature", "properties": { "population": 175.29472351074219 }, "geometry": { "type": "Point", "coordinates": [ -1.544650000620199, 53.726116667320213 ] } },
{ "type": "Feature", "properties": { "population": 306.39712524414062 }, "geometry": { "type": "Point", "coordinates": [ -1.540483333970071, 53.726116667320213 ] } },
{ "type": "Feature", "properties": { "population": 342.37310791015625 }, "geometry": { "type": "Point", "coordinates": [ -1.536316667319943, 53.726116667320213 ] } },
{ "type": "Feature", "properties": { "population": 356.02471923828125 }, "geometry": { "type": "Point", "coordinates": [ -1.532150000669815, 53.726116667320213 ] } },
{ "type": "Feature", "properties": { "population": 213.26750183105469 }, "geometry": { "type": "Point", "coordinates": [ -1.527983334019687, 53.726116667320213 ] } },
{ "type": "Feature", "properties": { "population": 109.51708984375 }, "geometry": { "type": "Point", "coordinates": [ -1.523816667369559, 53.726116667320213 ] } },
{ "type": "Feature", "properties": { "population": 81.350570678710938 }, "geometry": { "type": "Point", "coordinates": [ -1.519650000719431, 53.726116667320213 ] } },
{ "type": "Feature", "properties": { "population": 84.461051940917969 }, "geometry": { "type": "Point", "coordinates": [ -1.515483334069303, 53.726116667320213 ] } },
{ "type": "Feature", "properties": { "population": 57.921985626220703 }, "geometry": { "type": "Point", "coordinates": [ -1.511316667419175, 53.726116667320213 ] } },
{ "type": "Feature", "properties": { "population": 60.194450378417969 }, "geometry": { "type": "Point", "coordinates": [ -1.507150000769047, 53.726116667320213 ] } },
{ "type": "Feature", "properties": { "population": 137.14225769042969 }, "geometry": { "type": "Point", "coordinates": [ -1.502983334118919, 53.726116667320213 ] } },
{ "type": "Feature", "properties": { "population": 213.61209106445312 }, "geometry": { "type": "Point", "coordinates": [ -1.498816667468791, 53.726116667320213 ] } },
{ "type": "Feature", "properties": { "population": 92.414031982421875 }, "geometry": { "type": "Point", "coordinates": [ -1.494650000818663, 53.726116667320213 ] } },
{ "type": "Feature", "properties": { "population": 57.614753723144531 }, "geometry": { "type": "Point", "coordinates": [ -1.490483334168535, 53.726116667320213 ] } },
{ "type": "Feature", "properties": { "population": 34.862800598144531 }, "geometry": { "type": "Point", "coordinates": [ -1.486316667518407, 53.726116667320213 ] } },
{ "type": "Feature", "properties": { "population": 27.031032562255859 }, "geometry": { "type": "Point", "coordinates": [ -1.482150000868279, 53.726116667320213 ] } },
{ "type": "Feature", "properties": { "population": 25.750461578369141 }, "geometry": { "type": "Point", "coordinates": [ -1.477983334218151, 53.726116667320213 ] } },
{ "type": "Feature", "properties": { "population": 65.137649536132812 }, "geometry": { "type": "Point", "coordinates": [ -1.473816667568022, 53.726116667320213 ] } },
{ "type": "Feature", "properties": { "population": 15.224905967712402 }, "geometry": { "type": "Point", "coordinates": [ -1.469650000917895, 53.726116667320213 ] } },
{ "type": "Feature", "properties": { "population": 10.652219772338867 }, "geometry": { "type": "Point", "coordinates": [ -1.465483334267766, 53.726116667320213 ] } },
{ "type": "Feature", "properties": { "population": 22.366840362548828 }, "geometry": { "type": "Point", "coordinates": [ -1.461316667617638, 53.726116667320213 ] } },
{ "type": "Feature", "properties": { "population": 15.230396270751953 }, "geometry": { "type": "Point", "coordinates": [ -1.45715000096751, 53.726116667320213 ] } },
{ "type": "Feature", "properties": { "population": 23.22148323059082 }, "geometry": { "type": "Point", "coordinates": [ -1.452983334317382, 53.726116667320213 ] } },
{ "type": "Feature", "properties": { "population": 15.370292663574219 }, "geometry": { "type": "Point", "coordinates": [ -1.448816667667254, 53.726116667320213 ] } },
{ "type": "Feature", "properties": { "population": 3.9069399833679199 }, "geometry": { "type": "Point", "coordinates": [ -1.444650001017126, 53.726116667320213 ] } },
{ "type": "Feature", "properties": { "population": 8.4752731323242188 }, "geometry": { "type": "Point", "coordinates": [ -1.440483334366998, 53.726116667320213 ] } },
{ "type": "Feature", "properties": { "population": 14.360767364501953 }, "geometry": { "type": "Point", "coordinates": [ -1.43631666771687, 53.726116667320213 ] } },
{ "type": "Feature", "properties": { "population": 10.551708221435547 }, "geometry": { "type": "Point", "coordinates": [ -1.432150001066742, 53.726116667320213 ] } },
{ "type": "Feature", "properties": { "population": 5.2003936767578125 }, "geometry": { "type": "Point", "coordinates": [ -1.427983334416614, 53.726116667320213 ] } },
{ "type": "Feature", "properties": { "population": 8.856104850769043 }, "geometry": { "type": "Point", "coordinates": [ -1.423816667766486, 53.726116667320213 ] } },
{ "type": "Feature", "properties": { "population": 13.796302795410156 }, "geometry": { "type": "Point", "coordinates": [ -1.419650001116358, 53.726116667320213 ] } },
{ "type": "Feature", "properties": { "population": 24.948272705078125 }, "geometry": { "type": "Point", "coordinates": [ -1.41548333446623, 53.726116667320213 ] } },
{ "type": "Feature", "properties": { "population": 20.667713165283203 }, "geometry": { "type": "Point", "coordinates": [ -1.411316667816102, 53.726116667320213 ] } },
{ "type": "Feature", "properties": { "population": 66.61456298828125 }, "geometry": { "type": "Point", "coordinates": [ -1.407150001165974, 53.726116667320213 ] } },
{ "type": "Feature", "properties": { "population": 128.29499816894531 }, "geometry": { "type": "Point", "coordinates": [ -1.402983334515846, 53.726116667320213 ] } },
{ "type": "Feature", "properties": { "population": 42.352588653564453 }, "geometry": { "type": "Point", "coordinates": [ -1.398816667865718, 53.726116667320213 ] } },
{ "type": "Feature", "properties": { "population": 23.018077850341797 }, "geometry": { "type": "Point", "coordinates": [ -1.698816666674937, 53.721950000670091 ] } },
{ "type": "Feature", "properties": { "population": 31.116519927978516 }, "geometry": { "type": "Point", "coordinates": [ -1.694650000024809, 53.721950000670091 ] } },
{ "type": "Feature", "properties": { "population": 151.763916015625 }, "geometry": { "type": "Point", "coordinates": [ -1.690483333374681, 53.721950000670091 ] } },
{ "type": "Feature", "properties": { "population": 174.99176025390625 }, "geometry": { "type": "Point", "coordinates": [ -1.686316666724553, 53.721950000670091 ] } },
{ "type": "Feature", "properties": { "population": 211.49703979492188 }, "geometry": { "type": "Point", "coordinates": [ -1.682150000074425, 53.721950000670091 ] } },
{ "type": "Feature", "properties": { "population": 64.424949645996094 }, "geometry": { "type": "Point", "coordinates": [ -1.677983333424297, 53.721950000670091 ] } },
{ "type": "Feature", "properties": { "population": 17.847854614257812 }, "geometry": { "type": "Point", "coordinates": [ -1.673816666774169, 53.721950000670091 ] } },
{ "type": "Feature", "properties": { "population": 131.29859924316406 }, "geometry": { "type": "Point", "coordinates": [ -1.66965000012404, 53.721950000670091 ] } },
{ "type": "Feature", "properties": { "population": 250.09521484375 }, "geometry": { "type": "Point", "coordinates": [ -1.665483333473912, 53.721950000670091 ] } },
{ "type": "Feature", "properties": { "population": 189.30917358398438 }, "geometry": { "type": "Point", "coordinates": [ -1.661316666823784, 53.721950000670091 ] } },
{ "type": "Feature", "properties": { "population": 130.57357788085938 }, "geometry": { "type": "Point", "coordinates": [ -1.657150000173656, 53.721950000670091 ] } },
{ "type": "Feature", "properties": { "population": 443.91421508789062 }, "geometry": { "type": "Point", "coordinates": [ -1.652983333523528, 53.721950000670091 ] } },
{ "type": "Feature", "properties": { "population": 719.278564453125 }, "geometry": { "type": "Point", "coordinates": [ -1.6488166668734, 53.721950000670091 ] } },
{ "type": "Feature", "properties": { "population": 362.10528564453125 }, "geometry": { "type": "Point", "coordinates": [ -1.644650000223272, 53.721950000670091 ] } },
{ "type": "Feature", "properties": { "population": 157.11305236816406 }, "geometry": { "type": "Point", "coordinates": [ -1.640483333573144, 53.721950000670091 ] } },
{ "type": "Feature", "properties": { "population": 185.52825927734375 }, "geometry": { "type": "Point", "coordinates": [ -1.636316666923016, 53.721950000670091 ] } },
{ "type": "Feature", "properties": { "population": 229.84405517578125 }, "geometry": { "type": "Point", "coordinates": [ -1.632150000272888, 53.721950000670091 ] } },
{ "type": "Feature", "properties": { "population": 171.00572204589844 }, "geometry": { "type": "Point", "coordinates": [ -1.62798333362276, 53.721950000670091 ] } },
{ "type": "Feature", "properties": { "population": 30.62434196472168 }, "geometry": { "type": "Point", "coordinates": [ -1.623816666972632, 53.721950000670091 ] } },
{ "type": "Feature", "properties": { "population": 11.388484001159668 }, "geometry": { "type": "Point", "coordinates": [ -1.619650000322504, 53.721950000670091 ] } },
{ "type": "Feature", "properties": { "population": 3.9320187568664551 }, "geometry": { "type": "Point", "coordinates": [ -1.615483333672376, 53.721950000670091 ] } },
{ "type": "Feature", "properties": { "population": 3.9050371646881104 }, "geometry": { "type": "Point", "coordinates": [ -1.611316667022248, 53.721950000670091 ] } },
{ "type": "Feature", "properties": { "population": 9.1687583923339844 }, "geometry": { "type": "Point", "coordinates": [ -1.60715000037212, 53.721950000670091 ] } },
{ "type": "Feature", "properties": { "population": 30.951572418212891 }, "geometry": { "type": "Point", "coordinates": [ -1.602983333721992, 53.721950000670091 ] } },
{ "type": "Feature", "properties": { "population": 40.022636413574219 }, "geometry": { "type": "Point", "coordinates": [ -1.598816667071864, 53.721950000670091 ] } },
{ "type": "Feature", "properties": { "population": 26.041776657104492 }, "geometry": { "type": "Point", "coordinates": [ -1.594650000421736, 53.721950000670091 ] } },
{ "type": "Feature", "properties": { "population": 24.305070877075195 }, "geometry": { "type": "Point", "coordinates": [ -1.590483333771608, 53.721950000670091 ] } },
{ "type": "Feature", "properties": { "population": 244.30181884765625 }, "geometry": { "type": "Point", "coordinates": [ -1.58631666712148, 53.721950000670091 ] } },
{ "type": "Feature", "properties": { "population": 404.45413208007812 }, "geometry": { "type": "Point", "coordinates": [ -1.582150000471352, 53.721950000670091 ] } },
{ "type": "Feature", "properties": { "population": 302.57296752929688 }, "geometry": { "type": "Point", "coordinates": [ -1.577983333821223, 53.721950000670091 ] } },
{ "type": "Feature", "properties": { "population": 136.603759765625 }, "geometry": { "type": "Point", "coordinates": [ -1.573816667171096, 53.721950000670091 ] } },
{ "type": "Feature", "properties": { "population": 353.51626586914062 }, "geometry": { "type": "Point", "coordinates": [ -1.569650000520967, 53.721950000670091 ] } },
{ "type": "Feature", "properties": { "population": 243.44595336914062 }, "geometry": { "type": "Point", "coordinates": [ -1.565483333870839, 53.721950000670091 ] } },
{ "type": "Feature", "properties": { "population": 104.87423706054688 }, "geometry": { "type": "Point", "coordinates": [ -1.561316667220711, 53.721950000670091 ] } },
{ "type": "Feature", "properties": { "population": 76.77215576171875 }, "geometry": { "type": "Point", "coordinates": [ -1.557150000570583, 53.721950000670091 ] } },
{ "type": "Feature", "properties": { "population": 96.753227233886719 }, "geometry": { "type": "Point", "coordinates": [ -1.552983333920455, 53.721950000670091 ] } },
{ "type": "Feature", "properties": { "population": 229.48252868652344 }, "geometry": { "type": "Point", "coordinates": [ -1.548816667270327, 53.721950000670091 ] } },
{ "type": "Feature", "properties": { "population": 377.4215087890625 }, "geometry": { "type": "Point", "coordinates": [ -1.544650000620199, 53.721950000670091 ] } },
{ "type": "Feature", "properties": { "population": 529.23077392578125 }, "geometry": { "type": "Point", "coordinates": [ -1.540483333970071, 53.721950000670091 ] } },
{ "type": "Feature", "properties": { "population": 106.95372772216797 }, "geometry": { "type": "Point", "coordinates": [ -1.536316667319943, 53.721950000670091 ] } },
{ "type": "Feature", "properties": { "population": 21.577621459960938 }, "geometry": { "type": "Point", "coordinates": [ -1.532150000669815, 53.721950000670091 ] } },
{ "type": "Feature", "properties": { "population": 32.96075439453125 }, "geometry": { "type": "Point", "coordinates": [ -1.527983334019687, 53.721950000670091 ] } },
{ "type": "Feature", "properties": { "population": 70.20611572265625 }, "geometry": { "type": "Point", "coordinates": [ -1.523816667369559, 53.721950000670091 ] } },
{ "type": "Feature", "properties": { "population": 61.829605102539062 }, "geometry": { "type": "Point", "coordinates": [ -1.519650000719431, 53.721950000670091 ] } },
{ "type": "Feature", "properties": { "population": 12.387905120849609 }, "geometry": { "type": "Point", "coordinates": [ -1.515483334069303, 53.721950000670091 ] } },
{ "type": "Feature", "properties": { "population": 15.486862182617188 }, "geometry": { "type": "Point", "coordinates": [ -1.511316667419175, 53.721950000670091 ] } },
{ "type": "Feature", "properties": { "population": 11.81315803527832 }, "geometry": { "type": "Point", "coordinates": [ -1.507150000769047, 53.721950000670091 ] } },
{ "type": "Feature", "properties": { "population": 32.529087066650391 }, "geometry": { "type": "Point", "coordinates": [ -1.502983334118919, 53.721950000670091 ] } },
{ "type": "Feature", "properties": { "population": 181.40190124511719 }, "geometry": { "type": "Point", "coordinates": [ -1.498816667468791, 53.721950000670091 ] } },
{ "type": "Feature", "properties": { "population": 108.37528991699219 }, "geometry": { "type": "Point", "coordinates": [ -1.494650000818663, 53.721950000670091 ] } },
{ "type": "Feature", "properties": { "population": 35.421306610107422 }, "geometry": { "type": "Point", "coordinates": [ -1.490483334168535, 53.721950000670091 ] } },
{ "type": "Feature", "properties": { "population": 30.208328247070312 }, "geometry": { "type": "Point", "coordinates": [ -1.486316667518407, 53.721950000670091 ] } },
{ "type": "Feature", "properties": { "population": 56.260543823242188 }, "geometry": { "type": "Point", "coordinates": [ -1.482150000868279, 53.721950000670091 ] } },
{ "type": "Feature", "properties": { "population": 51.681106567382812 }, "geometry": { "type": "Point", "coordinates": [ -1.477983334218151, 53.721950000670091 ] } },
{ "type": "Feature", "properties": { "population": 14.307085037231445 }, "geometry": { "type": "Point", "coordinates": [ -1.473816667568022, 53.721950000670091 ] } },
{ "type": "Feature", "properties": { "population": 9.335723876953125 }, "geometry": { "type": "Point", "coordinates": [ -1.469650000917895, 53.721950000670091 ] } },
{ "type": "Feature", "properties": { "population": 58.075477600097656 }, "geometry": { "type": "Point", "coordinates": [ -1.465483334267766, 53.721950000670091 ] } },
{ "type": "Feature", "properties": { "population": 181.557861328125 }, "geometry": { "type": "Point", "coordinates": [ -1.461316667617638, 53.721950000670091 ] } },
{ "type": "Feature", "properties": { "population": 47.577610015869141 }, "geometry": { "type": "Point", "coordinates": [ -1.45715000096751, 53.721950000670091 ] } },
{ "type": "Feature", "properties": { "population": 6.9630413055419922 }, "geometry": { "type": "Point", "coordinates": [ -1.452983334317382, 53.721950000670091 ] } },
{ "type": "Feature", "properties": { "population": 24.142263412475586 }, "geometry": { "type": "Point", "coordinates": [ -1.448816667667254, 53.721950000670091 ] } },
{ "type": "Feature", "properties": { "population": 10.90569019317627 }, "geometry": { "type": "Point", "coordinates": [ -1.444650001017126, 53.721950000670091 ] } },
{ "type": "Feature", "properties": { "population": 27.301753997802734 }, "geometry": { "type": "Point", "coordinates": [ -1.440483334366998, 53.721950000670091 ] } },
{ "type": "Feature", "properties": { "population": 19.498367309570312 }, "geometry": { "type": "Point", "coordinates": [ -1.43631666771687, 53.721950000670091 ] } },
{ "type": "Feature", "properties": { "population": 21.600240707397461 }, "geometry": { "type": "Point", "coordinates": [ -1.432150001066742, 53.721950000670091 ] } },
{ "type": "Feature", "properties": { "population": 19.894001007080078 }, "geometry": { "type": "Point", "coordinates": [ -1.427983334416614, 53.721950000670091 ] } },
{ "type": "Feature", "properties": { "population": 6.9591550827026367 }, "geometry": { "type": "Point", "coordinates": [ -1.423816667766486, 53.721950000670091 ] } },
{ "type": "Feature", "properties": { "population": 32.520957946777344 }, "geometry": { "type": "Point", "coordinates": [ -1.419650001116358, 53.721950000670091 ] } },
{ "type": "Feature", "properties": { "population": 33.467323303222656 }, "geometry": { "type": "Point", "coordinates": [ -1.41548333446623, 53.721950000670091 ] } },
{ "type": "Feature", "properties": { "population": 21.263206481933594 }, "geometry": { "type": "Point", "coordinates": [ -1.411316667816102, 53.721950000670091 ] } },
{ "type": "Feature", "properties": { "population": 7.8980050086975098 }, "geometry": { "type": "Point", "coordinates": [ -1.407150001165974, 53.721950000670091 ] } },
{ "type": "Feature", "properties": { "population": 13.267419815063477 }, "geometry": { "type": "Point", "coordinates": [ -1.402983334515846, 53.721950000670091 ] } },
{ "type": "Feature", "properties": { "population": 6.7215824127197266 }, "geometry": { "type": "Point", "coordinates": [ -1.398816667865718, 53.721950000670091 ] } },
{ "type": "Feature", "properties": { "population": 174.99809265136719 }, "geometry": { "type": "Point", "coordinates": [ -1.698816666674937, 53.71778333401997 ] } },
{ "type": "Feature", "properties": { "population": 109.07667541503906 }, "geometry": { "type": "Point", "coordinates": [ -1.694650000024809, 53.71778333401997 ] } },
{ "type": "Feature", "properties": { "population": 35.093914031982422 }, "geometry": { "type": "Point", "coordinates": [ -1.690483333374681, 53.71778333401997 ] } },
{ "type": "Feature", "properties": { "population": 227.18405151367188 }, "geometry": { "type": "Point", "coordinates": [ -1.686316666724553, 53.71778333401997 ] } },
{ "type": "Feature", "properties": { "population": 327.6904296875 }, "geometry": { "type": "Point", "coordinates": [ -1.682150000074425, 53.71778333401997 ] } },
{ "type": "Feature", "properties": { "population": 320.15777587890625 }, "geometry": { "type": "Point", "coordinates": [ -1.677983333424297, 53.71778333401997 ] } },
{ "type": "Feature", "properties": { "population": 485.796875 }, "geometry": { "type": "Point", "coordinates": [ -1.673816666774169, 53.71778333401997 ] } },
{ "type": "Feature", "properties": { "population": 666.3963623046875 }, "geometry": { "type": "Point", "coordinates": [ -1.66965000012404, 53.71778333401997 ] } },
{ "type": "Feature", "properties": { "population": 587.6375732421875 }, "geometry": { "type": "Point", "coordinates": [ -1.665483333473912, 53.71778333401997 ] } },
{ "type": "Feature", "properties": { "population": 313.3414306640625 }, "geometry": { "type": "Point", "coordinates": [ -1.661316666823784, 53.71778333401997 ] } },
{ "type": "Feature", "properties": { "population": 576.51776123046875 }, "geometry": { "type": "Point", "coordinates": [ -1.657150000173656, 53.71778333401997 ] } },
{ "type": "Feature", "properties": { "population": 655.18621826171875 }, "geometry": { "type": "Point", "coordinates": [ -1.652983333523528, 53.71778333401997 ] } },
{ "type": "Feature", "properties": { "population": 526.16412353515625 }, "geometry": { "type": "Point", "coordinates": [ -1.6488166668734, 53.71778333401997 ] } },
{ "type": "Feature", "properties": { "population": 431.02777099609375 }, "geometry": { "type": "Point", "coordinates": [ -1.644650000223272, 53.71778333401997 ] } },
{ "type": "Feature", "properties": { "population": 291.5980224609375 }, "geometry": { "type": "Point", "coordinates": [ -1.640483333573144, 53.71778333401997 ] } },
{ "type": "Feature", "properties": { "population": 286.0902099609375 }, "geometry": { "type": "Point", "coordinates": [ -1.636316666923016, 53.71778333401997 ] } },
{ "type": "Feature", "properties": { "population": 488.17474365234375 }, "geometry": { "type": "Point", "coordinates": [ -1.632150000272888, 53.71778333401997 ] } },
{ "type": "Feature", "properties": { "population": 436.1287841796875 }, "geometry": { "type": "Point", "coordinates": [ -1.62798333362276, 53.71778333401997 ] } },
{ "type": "Feature", "properties": { "population": 265.65579223632812 }, "geometry": { "type": "Point", "coordinates": [ -1.623816666972632, 53.71778333401997 ] } },
{ "type": "Feature", "properties": { "population": 349.28829956054688 }, "geometry": { "type": "Point", "coordinates": [ -1.619650000322504, 53.71778333401997 ] } },
{ "type": "Feature", "properties": { "population": 152.55722045898438 }, "geometry": { "type": "Point", "coordinates": [ -1.615483333672376, 53.71778333401997 ] } },
{ "type": "Feature", "properties": { "population": 205.14779663085938 }, "geometry": { "type": "Point", "coordinates": [ -1.611316667022248, 53.71778333401997 ] } },
{ "type": "Feature", "properties": { "population": 32.884426116943359 }, "geometry": { "type": "Point", "coordinates": [ -1.60715000037212, 53.71778333401997 ] } },
{ "type": "Feature", "properties": { "population": 37.107868194580078 }, "geometry": { "type": "Point", "coordinates": [ -1.602983333721992, 53.71778333401997 ] } },
{ "type": "Feature", "properties": { "population": 109.73145294189453 }, "geometry": { "type": "Point", "coordinates": [ -1.598816667071864, 53.71778333401997 ] } },
{ "type": "Feature", "properties": { "population": 214.97250366210938 }, "geometry": { "type": "Point", "coordinates": [ -1.594650000421736, 53.71778333401997 ] } },
{ "type": "Feature", "properties": { "population": 73.123214721679688 }, "geometry": { "type": "Point", "coordinates": [ -1.590483333771608, 53.71778333401997 ] } },
{ "type": "Feature", "properties": { "population": 53.896430969238281 }, "geometry": { "type": "Point", "coordinates": [ -1.58631666712148, 53.71778333401997 ] } },
{ "type": "Feature", "properties": { "population": 181.17738342285156 }, "geometry": { "type": "Point", "coordinates": [ -1.582150000471352, 53.71778333401997 ] } },
{ "type": "Feature", "properties": { "population": 210.93447875976562 }, "geometry": { "type": "Point", "coordinates": [ -1.577983333821223, 53.71778333401997 ] } },
{ "type": "Feature", "properties": { "population": 547.10107421875 }, "geometry": { "type": "Point", "coordinates": [ -1.573816667171096, 53.71778333401997 ] } },
{ "type": "Feature", "properties": { "population": 183.36961364746094 }, "geometry": { "type": "Point", "coordinates": [ -1.569650000520967, 53.71778333401997 ] } },
{ "type": "Feature", "properties": { "population": 26.201745986938477 }, "geometry": { "type": "Point", "coordinates": [ -1.565483333870839, 53.71778333401997 ] } },
{ "type": "Feature", "properties": { "population": 7.9710578918457031 }, "geometry": { "type": "Point", "coordinates": [ -1.561316667220711, 53.71778333401997 ] } },
{ "type": "Feature", "properties": { "population": 14.829462051391602 }, "geometry": { "type": "Point", "coordinates": [ -1.557150000570583, 53.71778333401997 ] } },
{ "type": "Feature", "properties": { "population": 50.134429931640625 }, "geometry": { "type": "Point", "coordinates": [ -1.552983333920455, 53.71778333401997 ] } },
{ "type": "Feature", "properties": { "population": 117.10276031494141 }, "geometry": { "type": "Point", "coordinates": [ -1.548816667270327, 53.71778333401997 ] } },
{ "type": "Feature", "properties": { "population": 71.97509765625 }, "geometry": { "type": "Point", "coordinates": [ -1.544650000620199, 53.71778333401997 ] } },
{ "type": "Feature", "properties": { "population": 66.180755615234375 }, "geometry": { "type": "Point", "coordinates": [ -1.540483333970071, 53.71778333401997 ] } },
{ "type": "Feature", "properties": { "population": 80.861862182617188 }, "geometry": { "type": "Point", "coordinates": [ -1.536316667319943, 53.71778333401997 ] } },
{ "type": "Feature", "properties": { "population": 54.995193481445312 }, "geometry": { "type": "Point", "coordinates": [ -1.532150000669815, 53.71778333401997 ] } },
{ "type": "Feature", "properties": { "population": 68.499649047851562 }, "geometry": { "type": "Point", "coordinates": [ -1.527983334019687, 53.71778333401997 ] } },
{ "type": "Feature", "properties": { "population": 61.317398071289062 }, "geometry": { "type": "Point", "coordinates": [ -1.523816667369559, 53.71778333401997 ] } },
{ "type": "Feature", "properties": { "population": 113.42101287841797 }, "geometry": { "type": "Point", "coordinates": [ -1.519650000719431, 53.71778333401997 ] } },
{ "type": "Feature", "properties": { "population": 162.60200500488281 }, "geometry": { "type": "Point", "coordinates": [ -1.515483334069303, 53.71778333401997 ] } },
{ "type": "Feature", "properties": { "population": 158.21745300292969 }, "geometry": { "type": "Point", "coordinates": [ -1.511316667419175, 53.71778333401997 ] } },
{ "type": "Feature", "properties": { "population": 152.52696228027344 }, "geometry": { "type": "Point", "coordinates": [ -1.507150000769047, 53.71778333401997 ] } },
{ "type": "Feature", "properties": { "population": 322.97528076171875 }, "geometry": { "type": "Point", "coordinates": [ -1.502983334118919, 53.71778333401997 ] } },
{ "type": "Feature", "properties": { "population": 412.430419921875 }, "geometry": { "type": "Point", "coordinates": [ -1.498816667468791, 53.71778333401997 ] } },
{ "type": "Feature", "properties": { "population": 242.35610961914062 }, "geometry": { "type": "Point", "coordinates": [ -1.494650000818663, 53.71778333401997 ] } },
{ "type": "Feature", "properties": { "population": 138.96873474121094 }, "geometry": { "type": "Point", "coordinates": [ -1.490483334168535, 53.71778333401997 ] } },
{ "type": "Feature", "properties": { "population": 378.4544677734375 }, "geometry": { "type": "Point", "coordinates": [ -1.486316667518407, 53.71778333401997 ] } },
{ "type": "Feature", "properties": { "population": 330.91619873046875 }, "geometry": { "type": "Point", "coordinates": [ -1.482150000868279, 53.71778333401997 ] } },
{ "type": "Feature", "properties": { "population": 433.74981689453125 }, "geometry": { "type": "Point", "coordinates": [ -1.477983334218151, 53.71778333401997 ] } },
{ "type": "Feature", "properties": { "population": 90.611984252929688 }, "geometry": { "type": "Point", "coordinates": [ -1.473816667568022, 53.71778333401997 ] } },
{ "type": "Feature", "properties": { "population": 118.84656524658203 }, "geometry": { "type": "Point", "coordinates": [ -1.469650000917895, 53.71778333401997 ] } },
{ "type": "Feature", "properties": { "population": 110.74664306640625 }, "geometry": { "type": "Point", "coordinates": [ -1.465483334267766, 53.71778333401997 ] } },
{ "type": "Feature", "properties": { "population": 260.34817504882812 }, "geometry": { "type": "Point", "coordinates": [ -1.461316667617638, 53.71778333401997 ] } },
{ "type": "Feature", "properties": { "population": 155.587890625 }, "geometry": { "type": "Point", "coordinates": [ -1.45715000096751, 53.71778333401997 ] } },
{ "type": "Feature", "properties": { "population": 43.234294891357422 }, "geometry": { "type": "Point", "coordinates": [ -1.452983334317382, 53.71778333401997 ] } },
{ "type": "Feature", "properties": { "population": 40.550041198730469 }, "geometry": { "type": "Point", "coordinates": [ -1.448816667667254, 53.71778333401997 ] } },
{ "type": "Feature", "properties": { "population": 38.5655517578125 }, "geometry": { "type": "Point", "coordinates": [ -1.444650001017126, 53.71778333401997 ] } },
{ "type": "Feature", "properties": { "population": 26.823574066162109 }, "geometry": { "type": "Point", "coordinates": [ -1.440483334366998, 53.71778333401997 ] } },
{ "type": "Feature", "properties": { "population": 18.150421142578125 }, "geometry": { "type": "Point", "coordinates": [ -1.43631666771687, 53.71778333401997 ] } },
{ "type": "Feature", "properties": { "population": 35.203933715820312 }, "geometry": { "type": "Point", "coordinates": [ -1.432150001066742, 53.71778333401997 ] } },
{ "type": "Feature", "properties": { "population": 54.776271820068359 }, "geometry": { "type": "Point", "coordinates": [ -1.427983334416614, 53.71778333401997 ] } },
{ "type": "Feature", "properties": { "population": 84.116363525390625 }, "geometry": { "type": "Point", "coordinates": [ -1.423816667766486, 53.71778333401997 ] } },
{ "type": "Feature", "properties": { "population": 30.263254165649414 }, "geometry": { "type": "Point", "coordinates": [ -1.419650001116358, 53.71778333401997 ] } },
{ "type": "Feature", "properties": { "population": 34.869281768798828 }, "geometry": { "type": "Point", "coordinates": [ -1.41548333446623, 53.71778333401997 ] } },
{ "type": "Feature", "properties": { "population": 27.648496627807617 }, "geometry": { "type": "Point", "coordinates": [ -1.411316667816102, 53.71778333401997 ] } },
{ "type": "Feature", "properties": { "population": 14.145792007446289 }, "geometry": { "type": "Point", "coordinates": [ -1.407150001165974, 53.71778333401997 ] } },
{ "type": "Feature", "properties": { "population": 22.336711883544922 }, "geometry": { "type": "Point", "coordinates": [ -1.402983334515846, 53.71778333401997 ] } },
{ "type": "Feature", "properties": { "population": 13.057306289672852 }, "geometry": { "type": "Point", "coordinates": [ -1.398816667865718, 53.71778333401997 ] } },
{ "type": "Feature", "properties": { "population": 329.76437377929688 }, "geometry": { "type": "Point", "coordinates": [ -1.698816666674937, 53.713616667369848 ] } },
{ "type": "Feature", "properties": { "population": 471.39144897460938 }, "geometry": { "type": "Point", "coordinates": [ -1.694650000024809, 53.713616667369848 ] } },
{ "type": "Feature", "properties": { "population": 410.09014892578125 }, "geometry": { "type": "Point", "coordinates": [ -1.690483333374681, 53.713616667369848 ] } },
{ "type": "Feature", "properties": { "population": 620.33843994140625 }, "geometry": { "type": "Point", "coordinates": [ -1.686316666724553, 53.713616667369848 ] } },
{ "type": "Feature", "properties": { "population": 560.96002197265625 }, "geometry": { "type": "Point", "coordinates": [ -1.682150000074425, 53.713616667369848 ] } },
{ "type": "Feature", "properties": { "population": 767.691162109375 }, "geometry": { "type": "Point", "coordinates": [ -1.677983333424297, 53.713616667369848 ] } },
{ "type": "Feature", "properties": { "population": 678.701171875 }, "geometry": { "type": "Point", "coordinates": [ -1.673816666774169, 53.713616667369848 ] } },
{ "type": "Feature", "properties": { "population": 529.37322998046875 }, "geometry": { "type": "Point", "coordinates": [ -1.66965000012404, 53.713616667369848 ] } },
{ "type": "Feature", "properties": { "population": 834.6976318359375 }, "geometry": { "type": "Point", "coordinates": [ -1.665483333473912, 53.713616667369848 ] } },
{ "type": "Feature", "properties": { "population": 663.9156494140625 }, "geometry": { "type": "Point", "coordinates": [ -1.661316666823784, 53.713616667369848 ] } },
{ "type": "Feature", "properties": { "population": 687.5419921875 }, "geometry": { "type": "Point", "coordinates": [ -1.657150000173656, 53.713616667369848 ] } },
{ "type": "Feature", "properties": { "population": 521.967041015625 }, "geometry": { "type": "Point", "coordinates": [ -1.652983333523528, 53.713616667369848 ] } },
{ "type": "Feature", "properties": { "population": 600.532958984375 }, "geometry": { "type": "Point", "coordinates": [ -1.6488166668734, 53.713616667369848 ] } },
{ "type": "Feature", "properties": { "population": 629.6175537109375 }, "geometry": { "type": "Point", "coordinates": [ -1.644650000223272, 53.713616667369848 ] } },
{ "type": "Feature", "properties": { "population": 642.56097412109375 }, "geometry": { "type": "Point", "coordinates": [ -1.640483333573144, 53.713616667369848 ] } },
{ "type": "Feature", "properties": { "population": 385.81005859375 }, "geometry": { "type": "Point", "coordinates": [ -1.636316666923016, 53.713616667369848 ] } },
{ "type": "Feature", "properties": { "population": 355.30508422851562 }, "geometry": { "type": "Point", "coordinates": [ -1.632150000272888, 53.713616667369848 ] } },
{ "type": "Feature", "properties": { "population": 674.28997802734375 }, "geometry": { "type": "Point", "coordinates": [ -1.62798333362276, 53.713616667369848 ] } },
{ "type": "Feature", "properties": { "population": 610.4033203125 }, "geometry": { "type": "Point", "coordinates": [ -1.623816666972632, 53.713616667369848 ] } },
{ "type": "Feature", "properties": { "population": 855.17626953125 }, "geometry": { "type": "Point", "coordinates": [ -1.619650000322504, 53.713616667369848 ] } },
{ "type": "Feature", "properties": { "population": 417.1607666015625 }, "geometry": { "type": "Point", "coordinates": [ -1.615483333672376, 53.713616667369848 ] } },
{ "type": "Feature", "properties": { "population": 443.63980102539062 }, "geometry": { "type": "Point", "coordinates": [ -1.611316667022248, 53.713616667369848 ] } },
{ "type": "Feature", "properties": { "population": 71.357696533203125 }, "geometry": { "type": "Point", "coordinates": [ -1.60715000037212, 53.713616667369848 ] } },
{ "type": "Feature", "properties": { "population": 55.780075073242188 }, "geometry": { "type": "Point", "coordinates": [ -1.602983333721992, 53.713616667369848 ] } },
{ "type": "Feature", "properties": { "population": 74.679466247558594 }, "geometry": { "type": "Point", "coordinates": [ -1.598816667071864, 53.713616667369848 ] } },
{ "type": "Feature", "properties": { "population": 165.87980651855469 }, "geometry": { "type": "Point", "coordinates": [ -1.594650000421736, 53.713616667369848 ] } },
{ "type": "Feature", "properties": { "population": 61.132503509521484 }, "geometry": { "type": "Point", "coordinates": [ -1.590483333771608, 53.713616667369848 ] } },
{ "type": "Feature", "properties": { "population": 36.625503540039062 }, "geometry": { "type": "Point", "coordinates": [ -1.58631666712148, 53.713616667369848 ] } },
{ "type": "Feature", "properties": { "population": 128.59002685546875 }, "geometry": { "type": "Point", "coordinates": [ -1.582150000471352, 53.713616667369848 ] } },
{ "type": "Feature", "properties": { "population": 112.22408294677734 }, "geometry": { "type": "Point", "coordinates": [ -1.577983333821223, 53.713616667369848 ] } },
{ "type": "Feature", "properties": { "population": 292.34506225585938 }, "geometry": { "type": "Point", "coordinates": [ -1.573816667171096, 53.713616667369848 ] } },
{ "type": "Feature", "properties": { "population": 122.84619903564453 }, "geometry": { "type": "Point", "coordinates": [ -1.569650000520967, 53.713616667369848 ] } },
{ "type": "Feature", "properties": { "population": 31.76420783996582 }, "geometry": { "type": "Point", "coordinates": [ -1.565483333870839, 53.713616667369848 ] } },
{ "type": "Feature", "properties": { "population": 8.2186164855957031 }, "geometry": { "type": "Point", "coordinates": [ -1.561316667220711, 53.713616667369848 ] } },
{ "type": "Feature", "properties": { "population": 6.319178581237793 }, "geometry": { "type": "Point", "coordinates": [ -1.557150000570583, 53.713616667369848 ] } },
{ "type": "Feature", "properties": { "population": 6.2907276153564453 }, "geometry": { "type": "Point", "coordinates": [ -1.552983333920455, 53.713616667369848 ] } },
{ "type": "Feature", "properties": { "population": 11.264174461364746 }, "geometry": { "type": "Point", "coordinates": [ -1.548816667270327, 53.713616667369848 ] } },
{ "type": "Feature", "properties": { "population": 30.876705169677734 }, "geometry": { "type": "Point", "coordinates": [ -1.544650000620199, 53.713616667369848 ] } },
{ "type": "Feature", "properties": { "population": 68.620933532714844 }, "geometry": { "type": "Point", "coordinates": [ -1.540483333970071, 53.713616667369848 ] } },
{ "type": "Feature", "properties": { "population": 67.550209045410156 }, "geometry": { "type": "Point", "coordinates": [ -1.536316667319943, 53.713616667369848 ] } },
{ "type": "Feature", "properties": { "population": 69.024246215820312 }, "geometry": { "type": "Point", "coordinates": [ -1.532150000669815, 53.713616667369848 ] } },
{ "type": "Feature", "properties": { "population": 47.815090179443359 }, "geometry": { "type": "Point", "coordinates": [ -1.527983334019687, 53.713616667369848 ] } },
{ "type": "Feature", "properties": { "population": 72.537277221679688 }, "geometry": { "type": "Point", "coordinates": [ -1.523816667369559, 53.713616667369848 ] } },
{ "type": "Feature", "properties": { "population": 121.38127899169922 }, "geometry": { "type": "Point", "coordinates": [ -1.519650000719431, 53.713616667369848 ] } },
{ "type": "Feature", "properties": { "population": 150.72023010253906 }, "geometry": { "type": "Point", "coordinates": [ -1.515483334069303, 53.713616667369848 ] } },
{ "type": "Feature", "properties": { "population": 261.45166015625 }, "geometry": { "type": "Point", "coordinates": [ -1.511316667419175, 53.713616667369848 ] } },
{ "type": "Feature", "properties": { "population": 428.6348876953125 }, "geometry": { "type": "Point", "coordinates": [ -1.507150000769047, 53.713616667369848 ] } },
{ "type": "Feature", "properties": { "population": 677.513916015625 }, "geometry": { "type": "Point", "coordinates": [ -1.502983334118919, 53.713616667369848 ] } },
{ "type": "Feature", "properties": { "population": 573.19140625 }, "geometry": { "type": "Point", "coordinates": [ -1.498816667468791, 53.713616667369848 ] } },
{ "type": "Feature", "properties": { "population": 585.58837890625 }, "geometry": { "type": "Point", "coordinates": [ -1.494650000818663, 53.713616667369848 ] } },
{ "type": "Feature", "properties": { "population": 628.5201416015625 }, "geometry": { "type": "Point", "coordinates": [ -1.490483334168535, 53.713616667369848 ] } },
{ "type": "Feature", "properties": { "population": 572.880859375 }, "geometry": { "type": "Point", "coordinates": [ -1.486316667518407, 53.713616667369848 ] } },
{ "type": "Feature", "properties": { "population": 705.671142578125 }, "geometry": { "type": "Point", "coordinates": [ -1.482150000868279, 53.713616667369848 ] } },
{ "type": "Feature", "properties": { "population": 734.51025390625 }, "geometry": { "type": "Point", "coordinates": [ -1.477983334218151, 53.713616667369848 ] } },
{ "type": "Feature", "properties": { "population": 435.048583984375 }, "geometry": { "type": "Point", "coordinates": [ -1.473816667568022, 53.713616667369848 ] } },
{ "type": "Feature", "properties": { "population": 162.52412414550781 }, "geometry": { "type": "Point", "coordinates": [ -1.469650000917895, 53.713616667369848 ] } },
{ "type": "Feature", "properties": { "population": 26.794645309448242 }, "geometry": { "type": "Point", "coordinates": [ -1.465483334267766, 53.713616667369848 ] } },
{ "type": "Feature", "properties": { "population": 22.762454986572266 }, "geometry": { "type": "Point", "coordinates": [ -1.461316667617638, 53.713616667369848 ] } },
{ "type": "Feature", "properties": { "population": 23.35871696472168 }, "geometry": { "type": "Point", "coordinates": [ -1.45715000096751, 53.713616667369848 ] } },
{ "type": "Feature", "properties": { "population": 17.383121490478516 }, "geometry": { "type": "Point", "coordinates": [ -1.452983334317382, 53.713616667369848 ] } },
{ "type": "Feature", "properties": { "population": 11.315725326538086 }, "geometry": { "type": "Point", "coordinates": [ -1.448816667667254, 53.713616667369848 ] } },
{ "type": "Feature", "properties": { "population": 10.978981971740723 }, "geometry": { "type": "Point", "coordinates": [ -1.444650001017126, 53.713616667369848 ] } },
{ "type": "Feature", "properties": { "population": 9.0833492279052734 }, "geometry": { "type": "Point", "coordinates": [ -1.440483334366998, 53.713616667369848 ] } },
{ "type": "Feature", "properties": { "population": 13.023218154907227 }, "geometry": { "type": "Point", "coordinates": [ -1.43631666771687, 53.713616667369848 ] } },
{ "type": "Feature", "properties": { "population": 89.0301513671875 }, "geometry": { "type": "Point", "coordinates": [ -1.432150001066742, 53.713616667369848 ] } },
{ "type": "Feature", "properties": { "population": 225.82644653320312 }, "geometry": { "type": "Point", "coordinates": [ -1.427983334416614, 53.713616667369848 ] } },
{ "type": "Feature", "properties": { "population": 194.53778076171875 }, "geometry": { "type": "Point", "coordinates": [ -1.423816667766486, 53.713616667369848 ] } },
{ "type": "Feature", "properties": { "population": 56.954303741455078 }, "geometry": { "type": "Point", "coordinates": [ -1.419650001116358, 53.713616667369848 ] } },
{ "type": "Feature", "properties": { "population": 22.868064880371094 }, "geometry": { "type": "Point", "coordinates": [ -1.41548333446623, 53.713616667369848 ] } },
{ "type": "Feature", "properties": { "population": 35.84783935546875 }, "geometry": { "type": "Point", "coordinates": [ -1.411316667816102, 53.713616667369848 ] } },
{ "type": "Feature", "properties": { "population": 32.394702911376953 }, "geometry": { "type": "Point", "coordinates": [ -1.407150001165974, 53.713616667369848 ] } },
{ "type": "Feature", "properties": { "population": 27.4908447265625 }, "geometry": { "type": "Point", "coordinates": [ -1.402983334515846, 53.713616667369848 ] } },
{ "type": "Feature", "properties": { "population": 17.215879440307617 }, "geometry": { "type": "Point", "coordinates": [ -1.398816667865718, 53.713616667369848 ] } },
{ "type": "Feature", "properties": { "population": 210.02346801757812 }, "geometry": { "type": "Point", "coordinates": [ -1.698816666674937, 53.709450000719727 ] } },
{ "type": "Feature", "properties": { "population": 57.318347930908203 }, "geometry": { "type": "Point", "coordinates": [ -1.694650000024809, 53.709450000719727 ] } },
{ "type": "Feature", "properties": { "population": 111.90863800048828 }, "geometry": { "type": "Point", "coordinates": [ -1.690483333374681, 53.709450000719727 ] } },
{ "type": "Feature", "properties": { "population": 94.436859130859375 }, "geometry": { "type": "Point", "coordinates": [ -1.686316666724553, 53.709450000719727 ] } },
{ "type": "Feature", "properties": { "population": 40.429347991943359 }, "geometry": { "type": "Point", "coordinates": [ -1.682150000074425, 53.709450000719727 ] } },
{ "type": "Feature", "properties": { "population": 67.695831298828125 }, "geometry": { "type": "Point", "coordinates": [ -1.677983333424297, 53.709450000719727 ] } },
{ "type": "Feature", "properties": { "population": 134.85275268554688 }, "geometry": { "type": "Point", "coordinates": [ -1.673816666774169, 53.709450000719727 ] } },
{ "type": "Feature", "properties": { "population": 168.34097290039062 }, "geometry": { "type": "Point", "coordinates": [ -1.66965000012404, 53.709450000719727 ] } },
{ "type": "Feature", "properties": { "population": 224.64808654785156 }, "geometry": { "type": "Point", "coordinates": [ -1.665483333473912, 53.709450000719727 ] } },
{ "type": "Feature", "properties": { "population": 193.92440795898438 }, "geometry": { "type": "Point", "coordinates": [ -1.661316666823784, 53.709450000719727 ] } },
{ "type": "Feature", "properties": { "population": 118.01593017578125 }, "geometry": { "type": "Point", "coordinates": [ -1.657150000173656, 53.709450000719727 ] } },
{ "type": "Feature", "properties": { "population": 143.43865966796875 }, "geometry": { "type": "Point", "coordinates": [ -1.652983333523528, 53.709450000719727 ] } },
{ "type": "Feature", "properties": { "population": 183.31138610839844 }, "geometry": { "type": "Point", "coordinates": [ -1.6488166668734, 53.709450000719727 ] } },
{ "type": "Feature", "properties": { "population": 292.81478881835938 }, "geometry": { "type": "Point", "coordinates": [ -1.644650000223272, 53.709450000719727 ] } },
{ "type": "Feature", "properties": { "population": 228.7034912109375 }, "geometry": { "type": "Point", "coordinates": [ -1.640483333573144, 53.709450000719727 ] } },
{ "type": "Feature", "properties": { "population": 136.92747497558594 }, "geometry": { "type": "Point", "coordinates": [ -1.636316666923016, 53.709450000719727 ] } },
{ "type": "Feature", "properties": { "population": 104.78633117675781 }, "geometry": { "type": "Point", "coordinates": [ -1.632150000272888, 53.709450000719727 ] } },
{ "type": "Feature", "properties": { "population": 74.511703491210938 }, "geometry": { "type": "Point", "coordinates": [ -1.62798333362276, 53.709450000719727 ] } },
{ "type": "Feature", "properties": { "population": 84.378616333007812 }, "geometry": { "type": "Point", "coordinates": [ -1.623816666972632, 53.709450000719727 ] } },
{ "type": "Feature", "properties": { "population": 220.53134155273438 }, "geometry": { "type": "Point", "coordinates": [ -1.619650000322504, 53.709450000719727 ] } },
{ "type": "Feature", "properties": { "population": 117.76445770263672 }, "geometry": { "type": "Point", "coordinates": [ -1.615483333672376, 53.709450000719727 ] } },
{ "type": "Feature", "properties": { "population": 28.296689987182617 }, "geometry": { "type": "Point", "coordinates": [ -1.611316667022248, 53.709450000719727 ] } },
{ "type": "Feature", "properties": { "population": 3.9769580364227295 }, "geometry": { "type": "Point", "coordinates": [ -1.60715000037212, 53.709450000719727 ] } },
{ "type": "Feature", "properties": { "population": 2.4609339237213135 }, "geometry": { "type": "Point", "coordinates": [ -1.602983333721992, 53.709450000719727 ] } },
{ "type": "Feature", "properties": { "population": 15.281374931335449 }, "geometry": { "type": "Point", "coordinates": [ -1.598816667071864, 53.709450000719727 ] } },
{ "type": "Feature", "properties": { "population": 8.7248373031616211 }, "geometry": { "type": "Point", "coordinates": [ -1.594650000421736, 53.709450000719727 ] } },
{ "type": "Feature", "properties": { "population": 2.9352436065673828 }, "geometry": { "type": "Point", "coordinates": [ -1.590483333771608, 53.709450000719727 ] } },
{ "type": "Feature", "properties": { "population": 1.7062121629714966 }, "geometry": { "type": "Point", "coordinates": [ -1.58631666712148, 53.709450000719727 ] } },
{ "type": "Feature", "properties": { "population": 3.1592044830322266 }, "geometry": { "type": "Point", "coordinates": [ -1.582150000471352, 53.709450000719727 ] } },
{ "type": "Feature", "properties": { "population": 1.7488360404968262 }, "geometry": { "type": "Point", "coordinates": [ -1.577983333821223, 53.709450000719727 ] } },
{ "type": "Feature", "properties": { "population": 3.4584746360778809 }, "geometry": { "type": "Point", "coordinates": [ -1.573816667171096, 53.709450000719727 ] } },
{ "type": "Feature", "properties": { "population": 7.2659945487976074 }, "geometry": { "type": "Point", "coordinates": [ -1.569650000520967, 53.709450000719727 ] } },
{ "type": "Feature", "properties": { "population": 1.8595989942550659 }, "geometry": { "type": "Point", "coordinates": [ -1.565483333870839, 53.709450000719727 ] } },
{ "type": "Feature", "properties": { "population": 1.7562580108642578 }, "geometry": { "type": "Point", "coordinates": [ -1.561316667220711, 53.709450000719727 ] } },
{ "type": "Feature", "properties": { "population": 0.8289409875869751 }, "geometry": { "type": "Point", "coordinates": [ -1.557150000570583, 53.709450000719727 ] } },
{ "type": "Feature", "properties": { "population": 4.7612667083740234 }, "geometry": { "type": "Point", "coordinates": [ -1.552983333920455, 53.709450000719727 ] } },
{ "type": "Feature", "properties": { "population": 5.6214227676391602 }, "geometry": { "type": "Point", "coordinates": [ -1.548816667270327, 53.709450000719727 ] } },
{ "type": "Feature", "properties": { "population": 12.490169525146484 }, "geometry": { "type": "Point", "coordinates": [ -1.544650000620199, 53.709450000719727 ] } },
{ "type": "Feature", "properties": { "population": 18.976541519165039 }, "geometry": { "type": "Point", "coordinates": [ -1.540483333970071, 53.709450000719727 ] } },
{ "type": "Feature", "properties": { "population": 9.2601690292358398 }, "geometry": { "type": "Point", "coordinates": [ -1.536316667319943, 53.709450000719727 ] } },
{ "type": "Feature", "properties": { "population": 10.674026489257812 }, "geometry": { "type": "Point", "coordinates": [ -1.532150000669815, 53.709450000719727 ] } },
{ "type": "Feature", "properties": { "population": 12.862030029296875 }, "geometry": { "type": "Point", "coordinates": [ -1.527983334019687, 53.709450000719727 ] } },
{ "type": "Feature", "properties": { "population": 10.482634544372559 }, "geometry": { "type": "Point", "coordinates": [ -1.523816667369559, 53.709450000719727 ] } },
{ "type": "Feature", "properties": { "population": 10.818012237548828 }, "geometry": { "type": "Point", "coordinates": [ -1.519650000719431, 53.709450000719727 ] } },
{ "type": "Feature", "properties": { "population": 8.0493593215942383 }, "geometry": { "type": "Point", "coordinates": [ -1.515483334069303, 53.709450000719727 ] } },
{ "type": "Feature", "properties": { "population": 97.515457153320312 }, "geometry": { "type": "Point", "coordinates": [ -1.511316667419175, 53.709450000719727 ] } },
{ "type": "Feature", "properties": { "population": 105.68551635742188 }, "geometry": { "type": "Point", "coordinates": [ -1.507150000769047, 53.709450000719727 ] } },
{ "type": "Feature", "properties": { "population": 95.219352722167969 }, "geometry": { "type": "Point", "coordinates": [ -1.502983334118919, 53.709450000719727 ] } },
{ "type": "Feature", "properties": { "population": 164.86708068847656 }, "geometry": { "type": "Point", "coordinates": [ -1.498816667468791, 53.709450000719727 ] } },
{ "type": "Feature", "properties": { "population": 144.22410583496094 }, "geometry": { "type": "Point", "coordinates": [ -1.494650000818663, 53.709450000719727 ] } },
{ "type": "Feature", "properties": { "population": 155.71913146972656 }, "geometry": { "type": "Point", "coordinates": [ -1.490483334168535, 53.709450000719727 ] } },
{ "type": "Feature", "properties": { "population": 96.049636840820312 }, "geometry": { "type": "Point", "coordinates": [ -1.486316667518407, 53.709450000719727 ] } },
{ "type": "Feature", "properties": { "population": 70.252578735351562 }, "geometry": { "type": "Point", "coordinates": [ -1.482150000868279, 53.709450000719727 ] } },
{ "type": "Feature", "properties": { "population": 140.20137023925781 }, "geometry": { "type": "Point", "coordinates": [ -1.477983334218151, 53.709450000719727 ] } },
{ "type": "Feature", "properties": { "population": 41.983207702636719 }, "geometry": { "type": "Point", "coordinates": [ -1.473816667568022, 53.709450000719727 ] } },
{ "type": "Feature", "properties": { "population": 4.1941213607788086 }, "geometry": { "type": "Point", "coordinates": [ -1.469650000917895, 53.709450000719727 ] } },
{ "type": "Feature", "properties": { "population": 1.5920532941818237 }, "geometry": { "type": "Point", "coordinates": [ -1.465483334267766, 53.709450000719727 ] } },
{ "type": "Feature", "properties": { "population": 4.0035548210144043 }, "geometry": { "type": "Point", "coordinates": [ -1.461316667617638, 53.709450000719727 ] } },
{ "type": "Feature", "properties": { "population": 1.6382054090499878 }, "geometry": { "type": "Point", "coordinates": [ -1.45715000096751, 53.709450000719727 ] } },
{ "type": "Feature", "properties": { "population": 0.80188685655593872 }, "geometry": { "type": "Point", "coordinates": [ -1.452983334317382, 53.709450000719727 ] } },
{ "type": "Feature", "properties": { "population": 1.0487070083618164 }, "geometry": { "type": "Point", "coordinates": [ -1.448816667667254, 53.709450000719727 ] } },
{ "type": "Feature", "properties": { "population": 5.2994484901428223 }, "geometry": { "type": "Point", "coordinates": [ -1.444650001017126, 53.709450000719727 ] } },
{ "type": "Feature", "properties": { "population": 3.0048136711120605 }, "geometry": { "type": "Point", "coordinates": [ -1.440483334366998, 53.709450000719727 ] } },
{ "type": "Feature", "properties": { "population": 7.5323781967163086 }, "geometry": { "type": "Point", "coordinates": [ -1.43631666771687, 53.709450000719727 ] } },
{ "type": "Feature", "properties": { "population": 60.361846923828125 }, "geometry": { "type": "Point", "coordinates": [ -1.432150001066742, 53.709450000719727 ] } },
{ "type": "Feature", "properties": { "population": 123.16253662109375 }, "geometry": { "type": "Point", "coordinates": [ -1.427983334416614, 53.709450000719727 ] } },
{ "type": "Feature", "properties": { "population": 159.58184814453125 }, "geometry": { "type": "Point", "coordinates": [ -1.423816667766486, 53.709450000719727 ] } },
{ "type": "Feature", "properties": { "population": 4.066431999206543 }, "geometry": { "type": "Point", "coordinates": [ -1.419650001116358, 53.709450000719727 ] } },
{ "type": "Feature", "properties": { "population": 5.1270012855529785 }, "geometry": { "type": "Point", "coordinates": [ -1.41548333446623, 53.709450000719727 ] } },
{ "type": "Feature", "properties": { "population": 17.271724700927734 }, "geometry": { "type": "Point", "coordinates": [ -1.411316667816102, 53.709450000719727 ] } },
{ "type": "Feature", "properties": { "population": 5.1475090980529785 }, "geometry": { "type": "Point", "coordinates": [ -1.407150001165974, 53.709450000719727 ] } },
{ "type": "Feature", "properties": { "population": 11.656583786010742 }, "geometry": { "type": "Point", "coordinates": [ -1.402983334515846, 53.709450000719727 ] } },
{ "type": "Feature", "properties": { "population": 3.880486011505127 }, "geometry": { "type": "Point", "coordinates": [ -1.398816667865718, 53.709450000719727 ] } }
]
}
