{
"type": "FeatureCollection",
"name": "leeds_pct_zones_msoa",
"crs": { "type": "name", "properties": { "name": "urn:ogc:def:crs:OGC:1.3:CRS84" } },
"features": [
{ "type": "Feature", "properties": { "geo_code": "E02002239", "geo_name": "Bradford 057" }, "geometry": { "type": "Polygon", "coordinates": [ [ [ -1.67418438413573, 53.779985556637918 ], [ -1.658753403838251, 53.779814720607348 ], [ -1.640529966085674, 53.77993212084624 ], [ -1.641064968246204, 53.773394936081786 ], [ -1.651614375346484, 53.767358162389016 ], [ -1.66039903559457, 53.767181730014471 ], [ -1.679831664513344, 53.757839254843965 ], [ -1.681681389235304, 53.756494261185807 ], [ -1.693368416740024, 53.760821747388398 ], [ -1.704752276879412, 53.764850697639552 ], [ -1.712642511289498, 53.762552005107928 ], [ -1.720393796109693, 53.759513124794815 ], [ -1.72101861083727, 53.759233136157057 ], [ -1.729536989473891, 53.751328235971059 ], [ -1.736305218101698, 53.747170076353356 ], [ -1.743329475480673, 53.759069944194039 ], [ -1.74846306967908, 53.768565066393712 ], [ -1.741556678732543, 53.768890468823933 ], [ -1.738835069107391, 53.769189070771304 ], [ -1.723967107307184, 53.772743443787064 ], [ -1.720836434871597, 53.772958378962251 ], [ -1.717619902460712, 53.77017456885104 ], [ -1.710209171325381, 53.770795103065488 ], [ -1.708369587065425, 53.768701346990149 ], [ -1.703597773242154, 53.770687255981265 ], [ -1.700860877180021, 53.771554689043441 ], [ -1.699586491616788, 53.775672996655047 ], [ -1.70342188809909, 53.783407510347082 ], [ -1.682350389631753, 53.786422465936596 ], [ -1.681844041299915, 53.785165464628243 ], [ -1.67418438413573, 53.779985556637918 ] ] ] } },
{ "type": "Feature", "properties": { "geo_code": "E02002271", "geo_name": "Kirklees 001" }, "geometry": { "type": "Polygon", "coordinates": [ [ [ -1.678621682360134, 53.746716624241024 ], [ -1.667111436322775, 53.740614815925227 ], [ -1.672427013757048, 53.736573224325042 ], [ -1.680022851579916, 53.737447083001214 ], [ -1.690868542427884, 53.740696190316385 ], [ -1.692241613565149, 53.737196599927728 ], [ -1.702084235218788, 53.740483845400334 ], [ -1.700604957323242, 53.744718313748415 ], [ -1.715819540911748, 53.744608795489434 ], [ -1.719612930305009, 53.749527804528675 ], [ -1.729536989473891, 53.751328235971059 ], [ -1.72101861083727, 53.759233136157057 ], [ -1.720393796109693, 53.759513124794815 ], [ -1.712642511289498, 53.762552005107928 ], [ -1.704752276879412, 53.764850697639552 ], [ -1.693368416740024, 53.760821747388398 ], [ -1.681681389235304, 53.756494261185807 ], [ -1.67621876942109, 53.752158124386312 ], [ -1.675730960870188, 53.752130347572312 ], [ -1.678621682360134, 53.746716624241024 ] ] ] } },
{ "type": "Feature", "properties": { "geo_code": "E02002272", "geo_name": "Kirklees 002" }, "geometry": { "type": "Polygon", "coordinates": [ [ [ -1.658636503533491, 53.746731306320996 ], [ -1.658368008369595, 53.745488961364053 ], [ -1.651988596356578, 53.746240162290775 ], [ -1.645960767368797, 53.747071557591703 ], [ -1.637968054014199, 53.747668880364657 ], [ -1.638577373012233, 53.746194031768994 ], [ -1.638569872416813, 53.746188661120378 ], [ -1.631993900309578, 53.731593083449617 ], [ -1.639322330930731, 53.728734127755018 ], [ -1.647491288576351, 53.732480809013474 ], [ -1.650813042024683, 53.730559451329619 ], [ -1.657788970993505, 53.730121212678689 ], [ -1.65702593842206, 53.727936167833697 ], [ -1.658380850581627, 53.728618058700761 ], [ -1.666221641865388, 53.722382076336046 ], [ -1.667486264325447, 53.722665870007425 ], [ -1.671820336138552, 53.722250944109319 ], [ -1.672827913303444, 53.726176686980466 ], [ -1.668223141629099, 53.732086569500908 ], [ -1.675982724747266, 53.735019708811272 ], [ -1.680022851579916, 53.737447083001214 ], [ -1.672427013757048, 53.736573224325042 ], [ -1.667111436322775, 53.740614815925227 ], [ -1.678621682360134, 53.746716624241024 ], [ -1.675730960870188, 53.752130347572312 ], [ -1.663358385621779, 53.747349259567798 ], [ -1.658636503533491, 53.746731306320996 ] ] ] } },
{ "type": "Feature", "properties": { "geo_code": "E02002276", "geo_name": "Kirklees 006" }, "geometry": { "type": "Polygon", "coordinates": [ [ [ -1.647491288576351, 53.732480809013474 ], [ -1.639322330930731, 53.728734127755018 ], [ -1.631993900309578, 53.731593083449617 ], [ -1.632110486862117, 53.730350681009355 ], [ -1.626785874691237, 53.724012677405376 ], [ -1.630254776465141, 53.722627493440569 ], [ -1.633836484383652, 53.723109737069912 ], [ -1.637272107284005, 53.719491249017722 ], [ -1.644749746081275, 53.719117825945268 ], [ -1.649928305743144, 53.717732667384986 ], [ -1.650722160475191, 53.717449554995142 ], [ -1.652442663244505, 53.715843870399901 ], [ -1.658090730877834, 53.71613885006748 ], [ -1.6572751040911, 53.712458606156233 ], [ -1.659673946029696, 53.710657957659606 ], [ -1.661275842228451, 53.710662941826229 ], [ -1.662475400580021, 53.714937375220266 ], [ -1.665928350059011, 53.719876435848079 ], [ -1.666688682460473, 53.721779171732223 ], [ -1.666221641865388, 53.722382076336046 ], [ -1.658380850581627, 53.728618058700761 ], [ -1.65702593842206, 53.727936167833697 ], [ -1.657788970993505, 53.730121212678689 ], [ -1.650813042024683, 53.730559451329619 ], [ -1.647491288576351, 53.732480809013474 ] ] ] } },
{ "type": "Feature", "properties": { "geo_code": "E02002277", "geo_name": "Kirklees 007" }, "geometry": { "type": "Polygon", "coordinates": [ [ [ -1.623230118008727, 53.721121126571923 ], [ -1.62313128558979, 53.718467115469885 ], [ -1.615059310269773, 53.719707123035889 ], [ -1.609596272466646, 53.721102409093945 ], [ -1.58890755049071, 53.717355293087358 ], [ -1.582131312480698, 53.713901937110897 ], [ -1.571132526018948, 53.706431703396987 ], [ -1.580541781891527, 53.703789869875799 ], [ -1.584218911369268, 53.703108701880232 ], [ -1.58719833790093, 53.706884670177573 ], [ -1.601171631584507, 53.710143092723825 ], [ -1.6119339734915, 53.713416678654347 ], [ -1.613880451490505, 53.713154356668213 ], [ -1.611229362248337, 53.708335493928018 ], [ -1.620495984335282, 53.70888634364195 ], [ -1.627074290205062, 53.711219019742707 ], [ -1.62705482811395, 53.711627292815713 ], [ -1.626971159567011, 53.712638466305933 ], [ -1.634851140845628, 53.717034588777629 ], [ -1.630254776465141, 53.722627493440569 ], [ -1.626785874691237, 53.724012677405376 ], [ -1.623230118008727, 53.721121126571923 ] ] ] } },
{ "type": "Feature", "properties": { "geo_code": "E02002335", "geo_name": "Leeds 006" }, "geometry": { "type": "Polygon", "coordinates": [ [ [ -1.408356942276736, 53.927881306312223 ], [ -1.412073258856914, 53.919534070117024 ], [ -1.415028255789968, 53.921274315941126 ], [ -1.420581290187723, 53.919331386688519 ], [ -1.417763915822478, 53.915215187450421 ], [ -1.410522961816542, 53.917470693052508 ], [ -1.398988519040369, 53.915569264839064 ], [ -1.398210820121638, 53.914786463593103 ], [ -1.386553760370705, 53.91244409359367 ], [ -1.390462133356643, 53.908110173359582 ], [ -1.378173500046503, 53.906165452839808 ], [ -1.375764905483615, 53.903533028712978 ], [ -1.381126118162205, 53.898133757653078 ], [ -1.389055041753902, 53.892603527612934 ], [ -1.390131165064348, 53.884428281724283 ], [ -1.395422206550315, 53.889601386463866 ], [ -1.401044022232956, 53.88898147150929 ], [ -1.397450959630671, 53.885537507076371 ], [ -1.402110489760078, 53.883882559803389 ], [ -1.412178611373255, 53.888538467852207 ], [ -1.41492950285863, 53.875213801877315 ], [ -1.430218763121275, 53.875450415837243 ], [ -1.43369167598329, 53.870994763028428 ], [ -1.446167005944825, 53.873304009058366 ], [ -1.452408191033699, 53.868476048120669 ], [ -1.468405726218475, 53.868802825850004 ], [ -1.474606015509602, 53.862205162220825 ], [ -1.470955646462693, 53.85938604325105 ], [ -1.490479273045911, 53.856421835139002 ], [ -1.500754409718426, 53.856454630169615 ], [ -1.501805828358918, 53.856554907742975 ], [ -1.500265565931937, 53.858157470589767 ], [ -1.509520713367379, 53.858825796329974 ], [ -1.50633128303056, 53.860324719022721 ], [ -1.516780515072893, 53.858669790637286 ], [ -1.515012106069575, 53.865375876211075 ], [ -1.533796725062415, 53.871727403051423 ], [ -1.526049018687173, 53.874517249190347 ], [ -1.531440517926605, 53.879738115971875 ], [ -1.560624530559697, 53.888936547120217 ], [ -1.557891685609353, 53.903138001539006 ], [ -1.55257753229885, 53.903007983138941 ], [ -1.548500598365336, 53.910949519358446 ], [ -1.528596464376119, 53.908699008906225 ], [ -1.494672242144139, 53.915337659656991 ], [ -1.486026705565799, 53.910912195776035 ], [ -1.472135078532006, 53.91126608433909 ], [ -1.470978019562259, 53.91134919240892 ], [ -1.470661662887847, 53.911312413879898 ], [ -1.46664347946663, 53.910427879108184 ], [ -1.462968309261391, 53.905999960401765 ], [ -1.4503026925745, 53.907314550693549 ], [ -1.439989386099762, 53.913982869356346 ], [ -1.434407783569815, 53.910179077156471 ], [ -1.430135414159763, 53.913820582310883 ], [ -1.432344286965826, 53.927451244997734 ], [ -1.428114415631171, 53.929439699903625 ], [ -1.408356942276736, 53.927881306312223 ] ] ] } },
{ "type": "Feature", "properties": { "geo_code": "E02002336", "geo_name": "Leeds 007" }, "geometry": { "type": "Polygon", "coordinates": [ [ [ -1.567943461298, 53.910837737019193 ], [ -1.562883146092931, 53.903930022708195 ], [ -1.557211174740213, 53.90488531144684 ], [ -1.557047211731733, 53.904872071419703 ], [ -1.55257753229885, 53.903007983138941 ], [ -1.557891685609353, 53.903138001539006 ], [ -1.560624530559697, 53.888936547120217 ], [ -1.573230115165636, 53.889522028247093 ], [ -1.571239348806564, 53.884260729788437 ], [ -1.580371703616536, 53.888044479615154 ], [ -1.589383123072028, 53.885101400352525 ], [ -1.581500742695826, 53.870363702732476 ], [ -1.588312468638715, 53.868760396364557 ], [ -1.612025037569887, 53.872693398042074 ], [ -1.61465316729297, 53.872087878665866 ], [ -1.635363196673644, 53.87205332971407 ], [ -1.630923210936379, 53.858636446729335 ], [ -1.630676882202779, 53.856878571295596 ], [ -1.641256790808816, 53.858271357438191 ], [ -1.656329478318955, 53.854854110734578 ], [ -1.662382365271237, 53.860828183595032 ], [ -1.672202866263911, 53.863716448064856 ], [ -1.663816705436728, 53.87307375570176 ], [ -1.671803935067895, 53.875008581105334 ], [ -1.673495272397049, 53.875302394623631 ], [ -1.689437010228947, 53.875620755610036 ], [ -1.690575434030042, 53.87801500398632 ], [ -1.686287768498442, 53.8919074936965 ], [ -1.66080361860277, 53.889051124829926 ], [ -1.652029873634523, 53.905722424693373 ], [ -1.642259833523917, 53.907363780754913 ], [ -1.621316567447396, 53.903376696943447 ], [ -1.612821298683446, 53.905937843656716 ], [ -1.599993289023218, 53.909776394630185 ], [ -1.599248175291155, 53.903982130537749 ], [ -1.586366188024038, 53.901298951341509 ], [ -1.582899699852436, 53.909359749087031 ], [ -1.567943461298, 53.910837737019193 ] ] ] } },
{ "type": "Feature", "properties": { "geo_code": "E02002341", "geo_name": "Leeds 012" }, "geometry": { "type": "Polygon", "coordinates": [ [ [ -1.560624530559697, 53.888936547120217 ], [ -1.531440517926605, 53.879738115971875 ], [ -1.526049018687173, 53.874517249190347 ], [ -1.533796725062415, 53.871727403051423 ], [ -1.515012106069575, 53.865375876211075 ], [ -1.516780515072893, 53.858669790637286 ], [ -1.50633128303056, 53.860324719022721 ], [ -1.509520713367379, 53.858825796329974 ], [ -1.500265565931937, 53.858157470589767 ], [ -1.501805828358918, 53.856554907742975 ], [ -1.510012324017751, 53.856802535534051 ], [ -1.522366473334681, 53.855806292121351 ], [ -1.522609635653185, 53.855868378098251 ], [ -1.525897772188452, 53.857760292355088 ], [ -1.530361430615622, 53.856664610344936 ], [ -1.535272644133723, 53.862103345787276 ], [ -1.540362292540653, 53.856918922106367 ], [ -1.545255685429419, 53.857042094432941 ], [ -1.551230792649724, 53.85708577824235 ], [ -1.552646922036786, 53.851527414207339 ], [ -1.555854132485586, 53.851383736445804 ], [ -1.561189376413932, 53.851062512910403 ], [ -1.565571115328818, 53.849838935441134 ], [ -1.574930669899244, 53.855327233400978 ], [ -1.579732644485438, 53.860125447382671 ], [ -1.588312468638715, 53.868760396364557 ], [ -1.581500742695826, 53.870363702732476 ], [ -1.589383123072028, 53.885101400352525 ], [ -1.580371703616536, 53.888044479615154 ], [ -1.571239348806564, 53.884260729788437 ], [ -1.573230115165636, 53.889522028247093 ], [ -1.560624530559697, 53.888936547120217 ] ] ] } },
{ "type": "Feature", "properties": { "geo_code": "E02002342", "geo_name": "Leeds 013" }, "geometry": { "type": "Polygon", "coordinates": [ [ [ -1.605734455972828, 53.858187742395558 ], [ -1.613161590236601, 53.855441323848112 ], [ -1.613660384337976, 53.853203935266507 ], [ -1.615409152584302, 53.856366978292009 ], [ -1.625741752442062, 53.855363218516402 ], [ -1.621624380389969, 53.855566502160272 ], [ -1.622828585727329, 53.853026288300832 ], [ -1.630022992183957, 53.85023821653936 ], [ -1.629848478932985, 53.853737519411752 ], [ -1.630660594463232, 53.856852438809156 ], [ -1.630676882202779, 53.856878571295596 ], [ -1.630923210936379, 53.858636446729335 ], [ -1.635363196673644, 53.87205332971407 ], [ -1.61465316729297, 53.872087878665866 ], [ -1.613644176285987, 53.865009467628681 ], [ -1.608238824268983, 53.863914490438717 ], [ -1.605734455972828, 53.858187742395558 ] ] ] } },
{ "type": "Feature", "properties": { "geo_code": "E02002343", "geo_name": "Leeds 014" }, "geometry": { "type": "Polygon", "coordinates": [ [ [ -1.662382365271237, 53.860828183595032 ], [ -1.656329478318955, 53.854854110734578 ], [ -1.660446690614445, 53.849657249942254 ], [ -1.669475379885508, 53.850346772482254 ], [ -1.676623218780214, 53.849043887368502 ], [ -1.685443312725508, 53.851989155612728 ], [ -1.693991468828654, 53.851282368635516 ], [ -1.693827997906127, 53.851908952834101 ], [ -1.695092125640125, 53.857537874603373 ], [ -1.702064716125437, 53.857854745265364 ], [ -1.703375869240988, 53.860393938306018 ], [ -1.702639747287864, 53.861820767569341 ], [ -1.693296213435388, 53.860907484201043 ], [ -1.689085183647226, 53.861585907058199 ], [ -1.688620007772407, 53.861411335717087 ], [ -1.687229677404587, 53.858244000206348 ], [ -1.679240882154582, 53.857855868621613 ], [ -1.676541142363733, 53.859985853115433 ], [ -1.676510215014787, 53.860033029969706 ], [ -1.672202866263911, 53.863716448064856 ], [ -1.662382365271237, 53.860828183595032 ] ] ] } },
{ "type": "Feature", "properties": { "geo_code": "E02002344", "geo_name": "Leeds 015" }, "geometry": { "type": "Polygon", "coordinates": [ [ [ -1.535272644133723, 53.862103345787276 ], [ -1.530361430615622, 53.856664610344936 ], [ -1.525897772188452, 53.857760292355088 ], [ -1.522609635653185, 53.855868378098251 ], [ -1.522366473334681, 53.855806292121351 ], [ -1.510012324017751, 53.856802535534051 ], [ -1.501805828358918, 53.856554907742975 ], [ -1.500754409718426, 53.856454630169615 ], [ -1.5102885413, 53.853627914560541 ], [ -1.510910470860419, 53.853517001522114 ], [ -1.517677747671758, 53.852275554985567 ], [ -1.516266970271379, 53.849633341885507 ], [ -1.521008860046528, 53.849735131069522 ], [ -1.521824909486085, 53.849594395901995 ], [ -1.532772806584913, 53.848114934664331 ], [ -1.534837654490466, 53.848276655609695 ], [ -1.534839952060822, 53.851722853497414 ], [ -1.540808003499205, 53.852116957370306 ], [ -1.540362292540653, 53.856918922106367 ], [ -1.535272644133723, 53.862103345787276 ] ] ] } },
{ "type": "Feature", "properties": { "geo_code": "E02002345", "geo_name": "Leeds 016" }, "geometry": { "type": "Polygon", "coordinates": [ [ [ -1.570836877444598, 53.842940252734934 ], [ -1.576799016952135, 53.842202985618734 ], [ -1.586367671003815, 53.846058106601205 ], [ -1.592783734548745, 53.847742398646595 ], [ -1.598250412306717, 53.856279539010501 ], [ -1.603609563621367, 53.857622453283447 ], [ -1.605734455972828, 53.858187742395558 ], [ -1.608238824268983, 53.863914490438717 ], [ -1.613644176285987, 53.865009467628681 ], [ -1.61465316729297, 53.872087878665866 ], [ -1.612025037569887, 53.872693398042074 ], [ -1.588312468638715, 53.868760396364557 ], [ -1.579732644485438, 53.860125447382671 ], [ -1.574930669899244, 53.855327233400978 ], [ -1.565571115328818, 53.849838935441134 ], [ -1.563707481681968, 53.847208261468047 ], [ -1.570836877444598, 53.842940252734934 ] ] ] } },
{ "type": "Feature", "properties": { "geo_code": "E02002346", "geo_name": "Leeds 017" }, "geometry": { "type": "Polygon", "coordinates": [ [ [ -1.603609563621367, 53.857622453283447 ], [ -1.606509159570404, 53.851610295927109 ], [ -1.616935690313921, 53.850702232464364 ], [ -1.619388353154765, 53.848860249253015 ], [ -1.616368927024846, 53.845543839717685 ], [ -1.622562586864011, 53.841293101554669 ], [ -1.62299170969144, 53.841633457275279 ], [ -1.629184179894695, 53.844659162920465 ], [ -1.629970815002168, 53.847245480810919 ], [ -1.630022992183957, 53.85023821653936 ], [ -1.622828585727329, 53.853026288300832 ], [ -1.621624380389969, 53.855566502160272 ], [ -1.625741752442062, 53.855363218516402 ], [ -1.615409152584302, 53.856366978292009 ], [ -1.613660384337976, 53.853203935266507 ], [ -1.613161590236601, 53.855441323848112 ], [ -1.605734455972828, 53.858187742395558 ], [ -1.603609563621367, 53.857622453283447 ] ] ] } },
{ "type": "Feature", "properties": { "geo_code": "E02002347", "geo_name": "Leeds 018" }, "geometry": { "type": "Polygon", "coordinates": [ [ [ -1.534839952060822, 53.851722853497414 ], [ -1.534837654490466, 53.848276655609695 ], [ -1.540368191059555, 53.848340488538909 ], [ -1.549557037908417, 53.844996715345154 ], [ -1.553929942853074, 53.843459373619083 ], [ -1.561881921586385, 53.842280456194594 ], [ -1.563738871906726, 53.84243090284285 ], [ -1.570836877444598, 53.842940252734934 ], [ -1.563707481681968, 53.847208261468047 ], [ -1.565571115328818, 53.849838935441134 ], [ -1.561189376413932, 53.851062512910403 ], [ -1.555854132485586, 53.851383736445804 ], [ -1.552646922036786, 53.851527414207339 ], [ -1.551230792649724, 53.85708577824235 ], [ -1.545255685429419, 53.857042094432941 ], [ -1.540362292540653, 53.856918922106367 ], [ -1.540808003499205, 53.852116957370306 ], [ -1.534839952060822, 53.851722853497414 ] ] ] } },
{ "type": "Feature", "properties": { "geo_code": "E02002348", "geo_name": "Leeds 019" }, "geometry": { "type": "Polygon", "coordinates": [ [ [ -1.592783734548745, 53.847742398646595 ], [ -1.593694243226689, 53.843915876719059 ], [ -1.594065761107049, 53.840410618837488 ], [ -1.586019814488172, 53.842365003035269 ], [ -1.589666310832732, 53.839804259915311 ], [ -1.593697088024744, 53.838077874476269 ], [ -1.599920051082192, 53.841607674945841 ], [ -1.604628737906018, 53.838794135501601 ], [ -1.608993586009015, 53.838412931148291 ], [ -1.608873887461954, 53.843354059375194 ], [ -1.611385451513683, 53.844381823793618 ], [ -1.61979990403581, 53.838899750764725 ], [ -1.622562586864011, 53.841293101554669 ], [ -1.616368927024846, 53.845543839717685 ], [ -1.619388353154765, 53.848860249253015 ], [ -1.616935690313921, 53.850702232464364 ], [ -1.606509159570404, 53.851610295927109 ], [ -1.603609563621367, 53.857622453283447 ], [ -1.598250412306717, 53.856279539010501 ], [ -1.592783734548745, 53.847742398646595 ] ] ] } },
{ "type": "Feature", "properties": { "geo_code": "E02002349", "geo_name": "Leeds 020" }, "geometry": { "type": "Polygon", "coordinates": [ [ [ -1.497963614282309, 53.848063502766806 ], [ -1.479382322479522, 53.84326982685279 ], [ -1.479999600408815, 53.84222941970927 ], [ -1.47278422434472, 53.837194168981952 ], [ -1.472522609522577, 53.83704690292835 ], [ -1.474129813038379, 53.834621696832194 ], [ -1.480622173893109, 53.836542869656654 ], [ -1.485910284794026, 53.830165686764545 ], [ -1.491238624972927, 53.835250581787555 ], [ -1.497055754295845, 53.834698258318795 ], [ -1.494009905954408, 53.832297438241071 ], [ -1.499429758215592, 53.83144547476423 ], [ -1.49970910955014, 53.834052110685413 ], [ -1.509315813117991, 53.833607421237204 ], [ -1.511834836689035, 53.84018567352112 ], [ -1.512725939644139, 53.84092856994512 ], [ -1.513606969543279, 53.845241794065934 ], [ -1.510246597449015, 53.8450259924278 ], [ -1.515709936580421, 53.848778054752671 ], [ -1.516266970271379, 53.849633341885507 ], [ -1.517677747671758, 53.852275554985567 ], [ -1.510910470860419, 53.853517001522114 ], [ -1.5102885413, 53.853627914560541 ], [ -1.500754409718426, 53.856454630169615 ], [ -1.490479273045911, 53.856421835139002 ], [ -1.4895065887181, 53.851017722643576 ], [ -1.497963614282309, 53.848063502766806 ] ] ] } },
{ "type": "Feature", "properties": { "geo_code": "E02002350", "geo_name": "Leeds 021" }, "geometry": { "type": "Polygon", "coordinates": [ [ [ -1.629970815002168, 53.847245480810919 ], [ -1.629184179894695, 53.844659162920465 ], [ -1.633192140945189, 53.845299682566186 ], [ -1.637437617305365, 53.838864238398592 ], [ -1.641411776287692, 53.836275282213528 ], [ -1.643223890164125, 53.836902785135358 ], [ -1.650577856496303, 53.836255934918789 ], [ -1.652509911255482, 53.836936300827972 ], [ -1.663745520445675, 53.84237030831342 ], [ -1.661526715911932, 53.845858649105118 ], [ -1.660446690614445, 53.849657249942254 ], [ -1.656329478318955, 53.854854110734578 ], [ -1.641256790808816, 53.858271357438191 ], [ -1.630676882202779, 53.856878571295596 ], [ -1.630660594463232, 53.856852438809156 ], [ -1.629848478932985, 53.853737519411752 ], [ -1.630022992183957, 53.85023821653936 ], [ -1.629970815002168, 53.847245480810919 ] ] ] } },
{ "type": "Feature", "properties": { "geo_code": "E02002351", "geo_name": "Leeds 022" }, "geometry": { "type": "Polygon", "coordinates": [ [ [ -1.446167005944825, 53.873304009058366 ], [ -1.447270035174807, 53.870452264264379 ], [ -1.440109294106982, 53.871040569027151 ], [ -1.444185270504736, 53.863523552387072 ], [ -1.433289257861227, 53.861811559223668 ], [ -1.43446656181267, 53.855887019539075 ], [ -1.424476283038071, 53.849551769677412 ], [ -1.423836745619702, 53.843145918671908 ], [ -1.406158095719526, 53.848110131759405 ], [ -1.396677183162949, 53.834590572334726 ], [ -1.404704208720298, 53.831836979696888 ], [ -1.404089283155346, 53.829187018803097 ], [ -1.403031799609197, 53.82699783942833 ], [ -1.400239052189493, 53.819673651357952 ], [ -1.414030061602684, 53.816956249780979 ], [ -1.425152765405659, 53.819974128993202 ], [ -1.431854695477126, 53.82513162023659 ], [ -1.43618551815619, 53.824759814766317 ], [ -1.442867577430183, 53.831221979007445 ], [ -1.4441970278705, 53.834754617108779 ], [ -1.451304155452915, 53.834580091592343 ], [ -1.44930082151645, 53.843487785086374 ], [ -1.47368281365725, 53.844520187527401 ], [ -1.479382322479522, 53.84326982685279 ], [ -1.497963614282309, 53.848063502766806 ], [ -1.4895065887181, 53.851017722643576 ], [ -1.490479273045911, 53.856421835139002 ], [ -1.470955646462693, 53.85938604325105 ], [ -1.474606015509602, 53.862205162220825 ], [ -1.468405726218475, 53.868802825850004 ], [ -1.452408191033699, 53.868476048120669 ], [ -1.446167005944825, 53.873304009058366 ] ] ] } },
{ "type": "Feature", "properties": { "geo_code": "E02002352", "geo_name": "Leeds 023" }, "geometry": { "type": "Polygon", "coordinates": [ [ [ -1.521824909486085, 53.849594395901995 ], [ -1.518339677439139, 53.845632572005478 ], [ -1.522624965447503, 53.845741543409012 ], [ -1.521336391405151, 53.839998009197025 ], [ -1.528355780132052, 53.838354280046666 ], [ -1.529655103138156, 53.836147944856293 ], [ -1.53352394526772, 53.833899503622547 ], [ -1.539097000734227, 53.835360939609423 ], [ -1.539271114415071, 53.835689885925483 ], [ -1.543445339629753, 53.833321351013176 ], [ -1.543494777250496, 53.833338031933103 ], [ -1.541570167074631, 53.84120612303807 ], [ -1.534173273544464, 53.840591105914449 ], [ -1.537466527708824, 53.844472548053297 ], [ -1.540368191059555, 53.848340488538909 ], [ -1.534837654490466, 53.848276655609695 ], [ -1.532772806584913, 53.848114934664331 ], [ -1.521824909486085, 53.849594395901995 ] ] ] } },
{ "type": "Feature", "properties": { "geo_code": "E02002353", "geo_name": "Leeds 024" }, "geometry": { "type": "Polygon", "coordinates": [ [ [ -1.515709936580421, 53.848778054752671 ], [ -1.510246597449015, 53.8450259924278 ], [ -1.513606969543279, 53.845241794065934 ], [ -1.512725939644139, 53.84092856994512 ], [ -1.511834836689035, 53.84018567352112 ], [ -1.509315813117991, 53.833607421237204 ], [ -1.520272995060848, 53.833603119353839 ], [ -1.52018017417976, 53.834556048363225 ], [ -1.527288592647197, 53.835199864663572 ], [ -1.523950511993403, 53.83847580148641 ], [ -1.529655103138156, 53.836147944856293 ], [ -1.528355780132052, 53.838354280046666 ], [ -1.521336391405151, 53.839998009197025 ], [ -1.522624965447503, 53.845741543409012 ], [ -1.518339677439139, 53.845632572005478 ], [ -1.521824909486085, 53.849594395901995 ], [ -1.521008860046528, 53.849735131069522 ], [ -1.516266970271379, 53.849633341885507 ], [ -1.515709936580421, 53.848778054752671 ] ] ] } },
{ "type": "Feature", "properties": { "geo_code": "E02002354", "geo_name": "Leeds 025" }, "geometry": { "type": "Polygon", "coordinates": [ [ [ -1.537466527708824, 53.844472548053297 ], [ -1.534173273544464, 53.840591105914449 ], [ -1.541570167074631, 53.84120612303807 ], [ -1.543494777250496, 53.833338031933103 ], [ -1.543445339629753, 53.833321351013176 ], [ -1.546909954342411, 53.828658748585667 ], [ -1.552529126454484, 53.829443124040225 ], [ -1.553591317117672, 53.830813923442136 ], [ -1.554132604298052, 53.831252807859812 ], [ -1.555639339857063, 53.831679602227148 ], [ -1.558936885529361, 53.835003670204749 ], [ -1.554712955636826, 53.83839718018514 ], [ -1.561867882426331, 53.836559034568623 ], [ -1.563738871906726, 53.84243090284285 ], [ -1.561881921586385, 53.842280456194594 ], [ -1.553929942853074, 53.843459373619083 ], [ -1.549557037908417, 53.844996715345154 ], [ -1.540368191059555, 53.848340488538909 ], [ -1.537466527708824, 53.844472548053297 ] ] ] } },
{ "type": "Feature", "properties": { "geo_code": "E02002356", "geo_name": "Leeds 027" }, "geometry": { "type": "Polygon", "coordinates": [ [ [ -1.685443312725508, 53.851989155612728 ], [ -1.676623218780214, 53.849043887368502 ], [ -1.669475379885508, 53.850346772482254 ], [ -1.660446690614445, 53.849657249942254 ], [ -1.661526715911932, 53.845858649105118 ], [ -1.663745520445675, 53.84237030831342 ], [ -1.652509911255482, 53.836936300827972 ], [ -1.650577856496303, 53.836255934918789 ], [ -1.643223890164125, 53.836902785135358 ], [ -1.641411777807335, 53.83627528221804 ], [ -1.635246369838532, 53.833661326555898 ], [ -1.634972516550428, 53.831316055882716 ], [ -1.638606576740673, 53.828268414798075 ], [ -1.639377310546736, 53.826859781152201 ], [ -1.644638787560986, 53.826424390724739 ], [ -1.650857384568955, 53.827613433725169 ], [ -1.65434445084315, 53.828574199654653 ], [ -1.659763917460712, 53.829242100439288 ], [ -1.661792540328183, 53.827895183391746 ], [ -1.668550507564193, 53.830593907236 ], [ -1.676040525725516, 53.835973319606978 ], [ -1.688342051157066, 53.842219080716532 ], [ -1.703143406949439, 53.836354040792152 ], [ -1.702317743568974, 53.84368607307227 ], [ -1.702272109338358, 53.843889864369295 ], [ -1.694562830802973, 53.849888272311595 ], [ -1.693991468828654, 53.851282368635516 ], [ -1.685443312725508, 53.851989155612728 ] ] ] } },
{ "type": "Feature", "properties": { "geo_code": "E02002357", "geo_name": "Leeds 028" }, "geometry": { "type": "Polygon", "coordinates": [ [ [ -1.623950483804932, 53.831059715339606 ], [ -1.629982095719777, 53.827227326110091 ], [ -1.638606576740673, 53.828268414798075 ], [ -1.634972516550428, 53.831316055882716 ], [ -1.635246369838532, 53.833661326555898 ], [ -1.641411776287692, 53.836275282213528 ], [ -1.637437617305365, 53.838864238398592 ], [ -1.633192140945189, 53.845299682566186 ], [ -1.629184179894695, 53.844659162920465 ], [ -1.62299170969144, 53.841633457275279 ], [ -1.622562586864011, 53.841293101554669 ], [ -1.61979990403581, 53.838899750764725 ], [ -1.617761691295996, 53.834215144841032 ], [ -1.623950483804932, 53.831059715339606 ] ] ] } },
{ "type": "Feature", "properties": { "geo_code": "E02002358", "geo_name": "Leeds 029" }, "geometry": { "type": "Polygon", "coordinates": [ [ [ -1.44930082151645, 53.843487785086374 ], [ -1.451304155452915, 53.834580091592343 ], [ -1.4441970278705, 53.834754617108779 ], [ -1.442867577430183, 53.831221979007445 ], [ -1.447815893688913, 53.8288503505498 ], [ -1.451362841542002, 53.826615875358655 ], [ -1.450022698517087, 53.822214539434157 ], [ -1.455030119182287, 53.81970670311447 ], [ -1.460267610499529, 53.828782343187008 ], [ -1.462318442390447, 53.830426277517027 ], [ -1.472522609522577, 53.83704690292835 ], [ -1.47278422434472, 53.837194168981952 ], [ -1.479999600408815, 53.84222941970927 ], [ -1.479382322479522, 53.84326982685279 ], [ -1.47368281365725, 53.844520187527401 ], [ -1.44930082151645, 53.843487785086374 ] ] ] } },
{ "type": "Feature", "properties": { "geo_code": "E02002359", "geo_name": "Leeds 030" }, "geometry": { "type": "Polygon", "coordinates": [ [ [ -1.385205014441263, 53.876112687040276 ], [ -1.386962333948318, 53.867130074581702 ], [ -1.368182462812945, 53.862801529731065 ], [ -1.363011238143989, 53.86000679957484 ], [ -1.36780289114735, 53.857716816988955 ], [ -1.360239881129018, 53.861058009733661 ], [ -1.352970308769265, 53.856750367846345 ], [ -1.338429154241668, 53.851744346581832 ], [ -1.34213759799866, 53.845172721290432 ], [ -1.334805748849416, 53.842301919263683 ], [ -1.334420780240928, 53.842138847138884 ], [ -1.331412816056719, 53.840982609086126 ], [ -1.330697779718087, 53.841030593156269 ], [ -1.326557085923919, 53.840423492966124 ], [ -1.325208615057992, 53.835346314851293 ], [ -1.331050717829069, 53.835534585926645 ], [ -1.331251536246772, 53.835478115517788 ], [ -1.334280498043828, 53.834473088741881 ], [ -1.331543313456969, 53.832172795060586 ], [ -1.330995410243627, 53.831904939388593 ], [ -1.329109402463204, 53.830568726976757 ], [ -1.328344170254294, 53.830153726512471 ], [ -1.309673307003693, 53.822895076483391 ], [ -1.310389379595225, 53.81990993949821 ], [ -1.303623514068603, 53.816535876419195 ], [ -1.312435554183327, 53.814375662406107 ], [ -1.313941344832857, 53.806827251354505 ], [ -1.313810387765957, 53.781555853053661 ], [ -1.320855281168585, 53.783671971138382 ], [ -1.323719233872944, 53.793337983259107 ], [ -1.32904219255938, 53.792974376846537 ], [ -1.331277237833659, 53.797379443072572 ], [ -1.340079954197932, 53.799259196908871 ], [ -1.344463221940562, 53.810021631467599 ], [ -1.34889587045091, 53.783216126488867 ], [ -1.348951638799007, 53.782768738076932 ], [ -1.354033465261209, 53.782422301086036 ], [ -1.364776902863814, 53.790789147752207 ], [ -1.362491220615742, 53.799760791696691 ], [ -1.373720299955915, 53.799859572090341 ], [ -1.378875962245882, 53.801645184390026 ], [ -1.38316194239049, 53.80479509661771 ], [ -1.388573429014545, 53.802303602382601 ], [ -1.394284740463548, 53.798854062675176 ], [ -1.403064746605621, 53.800378287911627 ], [ -1.402606897083958, 53.808133679198107 ], [ -1.406919824788045, 53.809098816912346 ], [ -1.397377390037485, 53.813826013203112 ], [ -1.400239052189493, 53.819673651357952 ], [ -1.403031799609197, 53.82699783942833 ], [ -1.404089283155346, 53.829187018803097 ], [ -1.404704208720298, 53.831836979696888 ], [ -1.396677183162949, 53.834590572334726 ], [ -1.406158095719526, 53.848110131759405 ], [ -1.423836745619702, 53.843145918671908 ], [ -1.424476283038071, 53.849551769677412 ], [ -1.43446656181267, 53.855887019539075 ], [ -1.433289257861227, 53.861811559223668 ], [ -1.444185270504736, 53.863523552387072 ], [ -1.440109294106982, 53.871040569027151 ], [ -1.447270035174807, 53.870452264264379 ], [ -1.446167005944825, 53.873304009058366 ], [ -1.43369167598329, 53.870994763028428 ], [ -1.430218763121275, 53.875450415837243 ], [ -1.41492950285863, 53.875213801877315 ], [ -1.408470869932833, 53.871359843017061 ], [ -1.402739121853724, 53.872291273398623 ], [ -1.400869519562761, 53.868911516086037 ], [ -1.395360713454618, 53.870975603113997 ], [ -1.385205014441263, 53.876112687040276 ] ] ] } },
{ "type": "Feature", "properties": { "geo_code": "E02002360", "geo_name": "Leeds 031" }, "geometry": { "type": "Polygon", "coordinates": [ [ [ -1.563738871906726, 53.84243090284285 ], [ -1.561867882426331, 53.836559034568623 ], [ -1.554712955636826, 53.83839718018514 ], [ -1.558936885529361, 53.835003670204749 ], [ -1.555639339857063, 53.831679602227148 ], [ -1.554132604298052, 53.831252807859812 ], [ -1.553591317117672, 53.830813923442136 ], [ -1.560376545800758, 53.826912057015171 ], [ -1.560904965976098, 53.827062070315641 ], [ -1.567196501271273, 53.823899644270377 ], [ -1.566721993958702, 53.828345172994389 ], [ -1.568008984965226, 53.828605646935358 ], [ -1.575951607422075, 53.832681556645319 ], [ -1.563878244332836, 53.835411984133216 ], [ -1.570126750738432, 53.836289498410245 ], [ -1.576799016952135, 53.842202985618734 ], [ -1.570836877444598, 53.842940252734934 ], [ -1.563738871906726, 53.84243090284285 ] ] ] } },
{ "type": "Feature", "properties": { "geo_code": "E02002361", "geo_name": "Leeds 032" }, "geometry": { "type": "Polygon", "coordinates": [ [ [ -1.52018017417976, 53.834556048363225 ], [ -1.520272995060848, 53.833603119353839 ], [ -1.509315813117991, 53.833607421237204 ], [ -1.49970910955014, 53.834052110685413 ], [ -1.499429758215592, 53.83144547476423 ], [ -1.505238177644523, 53.827591152784429 ], [ -1.504695228414162, 53.827251825677315 ], [ -1.501090607184783, 53.826061082413311 ], [ -1.503216294779165, 53.823499772815126 ], [ -1.506260777957253, 53.822111832527554 ], [ -1.507610791420632, 53.822032951014954 ], [ -1.511192064351511, 53.824337632201598 ], [ -1.514515352325843, 53.824341908885643 ], [ -1.514407869039555, 53.820061423694455 ], [ -1.516001165149243, 53.821723511726709 ], [ -1.52004095327224, 53.824872921314658 ], [ -1.521494192565585, 53.825881540569974 ], [ -1.526048370481312, 53.829534645601754 ], [ -1.527587895776532, 53.83116550443529 ], [ -1.53352394526772, 53.833899503622547 ], [ -1.529655103138156, 53.836147944856293 ], [ -1.523950511993403, 53.83847580148641 ], [ -1.527288592647197, 53.835199864663572 ], [ -1.52018017417976, 53.834556048363225 ] ] ] } },
{ "type": "Feature", "properties": { "geo_code": "E02002362", "geo_name": "Leeds 033" }, "geometry": { "type": "Polygon", "coordinates": [ [ [ -1.608873887461954, 53.843354059375194 ], [ -1.608993586009015, 53.838412931148291 ], [ -1.604628737906018, 53.838794135501601 ], [ -1.604664581382672, 53.833085516521486 ], [ -1.60349157844681, 53.833097137476486 ], [ -1.60418321041324, 53.831186236191044 ], [ -1.598923774396472, 53.823168689111469 ], [ -1.599204896500843, 53.822633991857948 ], [ -1.60796161929055, 53.821871943671418 ], [ -1.617079532809515, 53.823877035211183 ], [ -1.617516348588953, 53.8232734652346 ], [ -1.629982095719777, 53.827227326110091 ], [ -1.623950483804932, 53.831059715339606 ], [ -1.617761691295996, 53.834215144841032 ], [ -1.61979990403581, 53.838899750764725 ], [ -1.611385451513683, 53.844381823793618 ], [ -1.608873887461954, 53.843354059375194 ] ] ] } },
{ "type": "Feature", "properties": { "geo_code": "E02002363", "geo_name": "Leeds 034" }, "geometry": { "type": "Polygon", "coordinates": [ [ [ -1.526048370481312, 53.829534645601754 ], [ -1.521494192565585, 53.825881540569974 ], [ -1.52004095327224, 53.824872921314658 ], [ -1.52210453114193, 53.821851981736074 ], [ -1.52837862065545, 53.824155806401905 ], [ -1.533247783919261, 53.82831876907418 ], [ -1.534567980046524, 53.828157446275121 ], [ -1.532305005928977, 53.824886701534567 ], [ -1.536344686618848, 53.823549806183102 ], [ -1.539206148150895, 53.825336444020429 ], [ -1.545998474594942, 53.824934253749483 ], [ -1.546909954342411, 53.828658748585667 ], [ -1.543445339629753, 53.833321351013176 ], [ -1.539271114415071, 53.835689885925483 ], [ -1.539097000734227, 53.835360939609423 ], [ -1.53352394526772, 53.833899503622547 ], [ -1.527587895776532, 53.83116550443529 ], [ -1.526048370481312, 53.829534645601754 ] ] ] } },
{ "type": "Feature", "properties": { "geo_code": "E02002364", "geo_name": "Leeds 035" }, "geometry": { "type": "Polygon", "coordinates": [ [ [ -1.460267610499529, 53.828782343187008 ], [ -1.455030119182287, 53.81970670311447 ], [ -1.453917537819131, 53.81715946941916 ], [ -1.458757863692328, 53.818006550401023 ], [ -1.458784360507056, 53.81808809621149 ], [ -1.464657901153467, 53.820329961462733 ], [ -1.464676193259898, 53.82083433355141 ], [ -1.471156542427339, 53.821337151369299 ], [ -1.469728788337788, 53.825659455300261 ], [ -1.469836622603619, 53.827001342215581 ], [ -1.474194406065849, 53.826789779461357 ], [ -1.479582634558209, 53.82719970656111 ], [ -1.477220195576693, 53.829726457588649 ], [ -1.475137191320915, 53.832671784953867 ], [ -1.474129813038379, 53.834621696832194 ], [ -1.472522609522577, 53.83704690292835 ], [ -1.462318442390447, 53.830426277517027 ], [ -1.460267610499529, 53.828782343187008 ] ] ] } },
{ "type": "Feature", "properties": { "geo_code": "E02002366", "geo_name": "Leeds 037" }, "geometry": { "type": "Polygon", "coordinates": [ [ [ -1.475137191320915, 53.832671784953867 ], [ -1.477220195576693, 53.829726457588649 ], [ -1.485133568966895, 53.824477708822513 ], [ -1.485443944550512, 53.82437824577223 ], [ -1.495632232845828, 53.821195541079788 ], [ -1.498469233841491, 53.820299674004978 ], [ -1.501343422854952, 53.819371367057016 ], [ -1.505617927268272, 53.818065936612136 ], [ -1.505933275334085, 53.81798140692954 ], [ -1.515006348918845, 53.818147926151411 ], [ -1.514407869039555, 53.820061423694455 ], [ -1.514515352325843, 53.824341908885643 ], [ -1.511192064351511, 53.824337632201598 ], [ -1.507610791420632, 53.822032951014954 ], [ -1.506260777957253, 53.822111832527554 ], [ -1.503216294779165, 53.823499772815126 ], [ -1.501090607184783, 53.826061082413311 ], [ -1.504695228414162, 53.827251825677315 ], [ -1.505238177644523, 53.827591152784429 ], [ -1.499429758215592, 53.83144547476423 ], [ -1.494009905954408, 53.832297438241071 ], [ -1.497055754295845, 53.834698258318795 ], [ -1.491238624972927, 53.835250581787555 ], [ -1.485910284794026, 53.830165686764545 ], [ -1.480622173893109, 53.836542869656654 ], [ -1.474129813038379, 53.834621696832194 ], [ -1.475137191320915, 53.832671784953867 ] ] ] } },
{ "type": "Feature", "properties": { "geo_code": "E02002367", "geo_name": "Leeds 038" }, "geometry": { "type": "Polygon", "coordinates": [ [ [ -1.546909954342411, 53.828658748585667 ], [ -1.545998474594942, 53.824934253749483 ], [ -1.544174865125972, 53.822186006994023 ], [ -1.540521937188818, 53.818706198844829 ], [ -1.537120455116311, 53.820027916895867 ], [ -1.53215738049355, 53.820953333556204 ], [ -1.531248022203047, 53.818037636379195 ], [ -1.535958025255879, 53.818462955662717 ], [ -1.532792995113905, 53.817041402963817 ], [ -1.536246394342962, 53.81733230199341 ], [ -1.537814902890642, 53.812896591806087 ], [ -1.537802111060398, 53.811716548625483 ], [ -1.542654488631981, 53.813798829095084 ], [ -1.546026319660373, 53.817095265296139 ], [ -1.549540600572925, 53.818629947292656 ], [ -1.555726624308158, 53.820952146617429 ], [ -1.556248764971913, 53.820269596800763 ], [ -1.565412187817046, 53.820567559290183 ], [ -1.568908562519295, 53.823872174774571 ], [ -1.567196501271273, 53.823899644270377 ], [ -1.560904965976098, 53.827062070315641 ], [ -1.560376545800758, 53.826912057015171 ], [ -1.553591317117672, 53.830813923442136 ], [ -1.552529126454484, 53.829443124040225 ], [ -1.546909954342411, 53.828658748585667 ] ] ] } },
{ "type": "Feature", "properties": { "geo_code": "E02002368", "geo_name": "Leeds 039" }, "geometry": { "type": "Polygon", "coordinates": [ [ [ -1.668550507564193, 53.830593907236 ], [ -1.661792540328183, 53.827895183391746 ], [ -1.65470453469044, 53.828227339342291 ], [ -1.655456969958879, 53.827732062523474 ], [ -1.661416280191014, 53.823808827896073 ], [ -1.660836413079434, 53.826386410478889 ], [ -1.668444498861231, 53.824767945782106 ], [ -1.665321369888058, 53.822062910923009 ], [ -1.661332953535156, 53.822720118735106 ], [ -1.659244807469852, 53.817165028089015 ], [ -1.659929053000148, 53.817018711058815 ], [ -1.661373580935765, 53.812879839893441 ], [ -1.664166096375324, 53.814297944130978 ], [ -1.664142424185716, 53.8114254554974 ], [ -1.668450088128543, 53.811550456064957 ], [ -1.669081064018446, 53.811262248790449 ], [ -1.674156232599271, 53.812093685800356 ], [ -1.680065996605752, 53.81454405880794 ], [ -1.68239889756117, 53.81242540235381 ], [ -1.691701486729525, 53.814432579940814 ], [ -1.695070904945652, 53.80956266773093 ], [ -1.707537809285216, 53.81128410976585 ], [ -1.708089704357046, 53.814419300526936 ], [ -1.705771100253542, 53.820985468956785 ], [ -1.706296139325071, 53.829227613061008 ], [ -1.703850918754203, 53.83268228832376 ], [ -1.703655388636265, 53.835735186052219 ], [ -1.703143406949439, 53.836354040792152 ], [ -1.688342051157066, 53.842219080716532 ], [ -1.676040525725516, 53.835973319606978 ], [ -1.668550507564193, 53.830593907236 ] ] ] } },
{ "type": "Feature", "properties": { "geo_code": "E02002369", "geo_name": "Leeds 040" }, "geometry": { "type": "Polygon", "coordinates": [ [ [ -1.479582634558209, 53.82719970656111 ], [ -1.474194406065849, 53.826789779461357 ], [ -1.469836622592321, 53.82700134311434 ], [ -1.469728788337788, 53.825659455300261 ], [ -1.471156542427339, 53.821337151369299 ], [ -1.464676193259898, 53.82083433355141 ], [ -1.464657901153467, 53.820329961462733 ], [ -1.474824265194129, 53.816474108112246 ], [ -1.477994145377805, 53.814384660657836 ], [ -1.471181907361496, 53.814879229123328 ], [ -1.472653205733498, 53.812532741422743 ], [ -1.479818560036685, 53.812919159038685 ], [ -1.48090025725632, 53.815693220985096 ], [ -1.480321177738374, 53.817522581995945 ], [ -1.488657060041287, 53.818892183573709 ], [ -1.4964685104627, 53.817836882011449 ], [ -1.498469233841491, 53.820299674004978 ], [ -1.495632232845828, 53.821195541079788 ], [ -1.485443944550512, 53.82437824577223 ], [ -1.485133568966895, 53.824477708822513 ], [ -1.477220195576693, 53.829726457588649 ], [ -1.479582634558209, 53.82719970656111 ] ] ] } },
{ "type": "Feature", "properties": { "geo_code": "E02002370", "geo_name": "Leeds 041" }, "geometry": { "type": "Polygon", "coordinates": [ [ [ -1.442867577430183, 53.831221979007445 ], [ -1.43618551815619, 53.824759814766317 ], [ -1.431854695477126, 53.82513162023659 ], [ -1.425152765405659, 53.819974128993202 ], [ -1.437040903375228, 53.816415266106581 ], [ -1.444664014465257, 53.815316725393508 ], [ -1.446137701718359, 53.81527666772854 ], [ -1.453252425758001, 53.815173560571822 ], [ -1.453917537819131, 53.81715946941916 ], [ -1.455030119182287, 53.81970670311447 ], [ -1.450022698517087, 53.822214539434157 ], [ -1.451362841542002, 53.826615875358655 ], [ -1.447815893688913, 53.8288503505498 ], [ -1.442867577430183, 53.831221979007445 ] ] ] } },
{ "type": "Feature", "properties": { "geo_code": "E02002371", "geo_name": "Leeds 042" }, "geometry": { "type": "Polygon", "coordinates": [ [ [ -1.52837862065545, 53.824155806401905 ], [ -1.52210453114193, 53.821851981736074 ], [ -1.52004095327224, 53.824872921314658 ], [ -1.516001165149243, 53.821723511726709 ], [ -1.517391485303989, 53.818819273420289 ], [ -1.524094387220696, 53.816432352476973 ], [ -1.524547240914726, 53.81470110389909 ], [ -1.525668556764459, 53.810806452722233 ], [ -1.527949310006898, 53.810205110740498 ], [ -1.530428566081171, 53.810920107171917 ], [ -1.537802111060398, 53.811716548625483 ], [ -1.537814902890642, 53.812896591806087 ], [ -1.536246394342962, 53.81733230199341 ], [ -1.532792995113905, 53.817041402963817 ], [ -1.535958025255879, 53.818462955662717 ], [ -1.531248022203047, 53.818037636379195 ], [ -1.53215738049355, 53.820953333556204 ], [ -1.537120455116311, 53.820027916895867 ], [ -1.540521937188818, 53.818706198844829 ], [ -1.544174865125972, 53.822186006994023 ], [ -1.545998474594942, 53.824934253749483 ], [ -1.539206148150895, 53.825336444020429 ], [ -1.536344686618848, 53.823549806183102 ], [ -1.532305005928977, 53.824886701534567 ], [ -1.534567980046524, 53.828157446275121 ], [ -1.533247783919261, 53.82831876907418 ], [ -1.52837862065545, 53.824155806401905 ] ] ] } },
{ "type": "Feature", "properties": { "geo_code": "E02002373", "geo_name": "Leeds 044" }, "geometry": { "type": "Polygon", "coordinates": [ [ [ -1.575576806652708, 53.810584791660631 ], [ -1.576406457057677, 53.810334923103547 ], [ -1.57921901034816, 53.813053162310055 ], [ -1.583559893672879, 53.814858132994715 ], [ -1.589498334343419, 53.816942846550944 ], [ -1.589930874286116, 53.818376054101293 ], [ -1.588514575716695, 53.822260795691093 ], [ -1.58442132609772, 53.822252481807396 ], [ -1.580022156606892, 53.823571223657204 ], [ -1.572528267466237, 53.824207727471389 ], [ -1.57845801934688, 53.822035245986193 ], [ -1.574962748561199, 53.820158818272532 ], [ -1.576458857661919, 53.817061171536203 ], [ -1.577053738109951, 53.816958493901424 ], [ -1.576159245933543, 53.814250508717038 ], [ -1.575576806652708, 53.810584791660631 ] ] ] } },
{ "type": "Feature", "properties": { "geo_code": "E02002374", "geo_name": "Leeds 045" }, "geometry": { "type": "Polygon", "coordinates": [ [ [ -1.617079532809515, 53.823877035211183 ], [ -1.60796161929055, 53.821871943671418 ], [ -1.599204896500843, 53.822633991857948 ], [ -1.598923774396472, 53.823168689111469 ], [ -1.589703077047687, 53.823714600679693 ], [ -1.588514575716695, 53.822260795691093 ], [ -1.589930874286116, 53.818376054101293 ], [ -1.589498334343419, 53.816942846550944 ], [ -1.583559893672879, 53.814858132994715 ], [ -1.583904384316243, 53.814516625955484 ], [ -1.589323028431161, 53.8141249294546 ], [ -1.585505376393373, 53.810683193793693 ], [ -1.594214700945735, 53.810826212920276 ], [ -1.598569169856219, 53.811026788609404 ], [ -1.607191861989503, 53.815789928932162 ], [ -1.605611603364365, 53.817611581851217 ], [ -1.615242332359921, 53.822484998220638 ], [ -1.617516348588953, 53.8232734652346 ], [ -1.617079532809515, 53.823877035211183 ] ] ] } },
{ "type": "Feature", "properties": { "geo_code": "E02002375", "geo_name": "Leeds 046" }, "geometry": { "type": "Polygon", "coordinates": [ [ [ -1.629982095719777, 53.827227326110091 ], [ -1.617516348588953, 53.8232734652346 ], [ -1.615242332359921, 53.822484998220638 ], [ -1.605611603364365, 53.817611581851217 ], [ -1.607191861989503, 53.815789928932162 ], [ -1.613678257545019, 53.814061434067689 ], [ -1.616444889439601, 53.813453146872462 ], [ -1.622300878642017, 53.811968334470485 ], [ -1.622748413502073, 53.811864055764666 ], [ -1.626001532564879, 53.813477037387692 ], [ -1.626234215521339, 53.814210640424548 ], [ -1.625004812206882, 53.81632372144653 ], [ -1.630958629793517, 53.817220365433208 ], [ -1.633885410892463, 53.816310538728615 ], [ -1.637129676158437, 53.818260271621575 ], [ -1.634856211674879, 53.822086227276955 ], [ -1.640206096747316, 53.820566747943069 ], [ -1.6462790810096, 53.823051073433682 ], [ -1.650857384568955, 53.827613433725169 ], [ -1.644638787560986, 53.826424390724739 ], [ -1.639377310546736, 53.826859781152201 ], [ -1.638606576740673, 53.828268414798075 ], [ -1.629982095719777, 53.827227326110091 ] ] ] } },
{ "type": "Feature", "properties": { "geo_code": "E02002376", "geo_name": "Leeds 047" }, "geometry": { "type": "Polygon", "coordinates": [ [ [ -1.498469233841491, 53.820299674004978 ], [ -1.4964685104627, 53.817836882011449 ], [ -1.488657060041287, 53.818892183573709 ], [ -1.480321177738374, 53.817522581995945 ], [ -1.48090025725632, 53.815693220985096 ], [ -1.491258023555677, 53.81568850708782 ], [ -1.501226236037069, 53.810579629511871 ], [ -1.505783402741641, 53.809616351171158 ], [ -1.506781870285983, 53.810529098286139 ], [ -1.507749873493613, 53.812620578905594 ], [ -1.509601060862473, 53.813397573726697 ], [ -1.507507788065682, 53.81615302097682 ], [ -1.513592583738988, 53.815792196343843 ], [ -1.515552035270616, 53.817345074244749 ], [ -1.515006348918845, 53.818147926151411 ], [ -1.505933275334085, 53.81798140692954 ], [ -1.505617927268272, 53.818065936612136 ], [ -1.501343422854952, 53.819371367057016 ], [ -1.498469233841491, 53.820299674004978 ] ] ] } },
{ "type": "Feature", "properties": { "geo_code": "E02002377", "geo_name": "Leeds 048" }, "geometry": { "type": "Polygon", "coordinates": [ [ [ -1.517365850934951, 53.811619749407335 ], [ -1.525668556764459, 53.810806452722233 ], [ -1.524547240914726, 53.81470110389909 ], [ -1.524094387220696, 53.816432352476973 ], [ -1.517391485303989, 53.818819273420289 ], [ -1.516001165149243, 53.821723511726709 ], [ -1.514407869039555, 53.820061423694455 ], [ -1.515006348918845, 53.818147926151411 ], [ -1.515552035270616, 53.817345074244749 ], [ -1.513592583738988, 53.815792196343843 ], [ -1.514284000387876, 53.814258525291073 ], [ -1.517274630417527, 53.812655041493116 ], [ -1.517365850934951, 53.811619749407335 ] ] ] } },
{ "type": "Feature", "properties": { "geo_code": "E02002379", "geo_name": "Leeds 050" }, "geometry": { "type": "Polygon", "coordinates": [ [ [ -1.453252425758001, 53.815173560571822 ], [ -1.45250399215873, 53.810765353855409 ], [ -1.452485078425922, 53.810257543945127 ], [ -1.455668835047181, 53.814357606402218 ], [ -1.463523092414977, 53.809479504299233 ], [ -1.466476052703977, 53.80874896418532 ], [ -1.478916906600722, 53.812281604431355 ], [ -1.479818560036685, 53.812919159038685 ], [ -1.472653205733498, 53.812532741422743 ], [ -1.471181907361496, 53.814879229123328 ], [ -1.477994145377805, 53.814384660657836 ], [ -1.474824265194129, 53.816474108112246 ], [ -1.464657901153467, 53.820329961462733 ], [ -1.458784360507056, 53.81808809621149 ], [ -1.458757863692328, 53.818006550401023 ], [ -1.453917537819131, 53.81715946941916 ], [ -1.453252425758001, 53.815173560571822 ] ] ] } },
{ "type": "Feature", "properties": { "geo_code": "E02002380", "geo_name": "Leeds 051" }, "geometry": { "type": "Polygon", "coordinates": [ [ [ -1.646279081002016, 53.823051074332461 ], [ -1.640206096747316, 53.820566747943069 ], [ -1.634856211674879, 53.822086227276955 ], [ -1.637129676158437, 53.818260271621575 ], [ -1.633885410892463, 53.816310538728615 ], [ -1.630958629793517, 53.817220365433208 ], [ -1.625004812206882, 53.81632372144653 ], [ -1.626234215521339, 53.814210640424548 ], [ -1.632096236295815, 53.81368812100628 ], [ -1.635294141580688, 53.8110014188645 ], [ -1.635685260317104, 53.811147966684558 ], [ -1.641856186982215, 53.812368692891447 ], [ -1.646344625396322, 53.80857724028909 ], [ -1.652507369108763, 53.811684798394516 ], [ -1.653085285082591, 53.814478145961424 ], [ -1.651440907640644, 53.812310491920023 ], [ -1.647706056246622, 53.814720040002634 ], [ -1.650230172555444, 53.818416663218315 ], [ -1.646279081002016, 53.823051074332461 ] ] ] } },
{ "type": "Feature", "properties": { "geo_code": "E02002381", "geo_name": "Leeds 052" }, "geometry": { "type": "Polygon", "coordinates": [ [ [ -1.65434445084315, 53.828574199654653 ], [ -1.650857384568955, 53.827613433725169 ], [ -1.6462790810096, 53.823051073433682 ], [ -1.650230172555444, 53.818416663218315 ], [ -1.647706056246622, 53.814720040002634 ], [ -1.651440907640644, 53.812310491920023 ], [ -1.653085285082591, 53.814478145961424 ], [ -1.652507369108763, 53.811684798394516 ], [ -1.646344625396322, 53.80857724028909 ], [ -1.648708526246298, 53.806898519980891 ], [ -1.66472050114747, 53.806061280256053 ], [ -1.661996812153287, 53.810748905145559 ], [ -1.661373580935765, 53.812879839893441 ], [ -1.659929053000148, 53.817018711058815 ], [ -1.659244807469852, 53.817165028089015 ], [ -1.661332953535156, 53.822720118735106 ], [ -1.665321369888058, 53.822062910923009 ], [ -1.668444498861231, 53.824767945782106 ], [ -1.660836413079434, 53.826386410478889 ], [ -1.661416280191014, 53.823808827896073 ], [ -1.655456969958879, 53.827732062523474 ], [ -1.65470453469044, 53.828227339342291 ], [ -1.661792540328183, 53.827895183391746 ], [ -1.659763917460712, 53.829242100439288 ], [ -1.65434445084315, 53.828574199654653 ] ] ] } },
{ "type": "Feature", "properties": { "geo_code": "E02002382", "geo_name": "Leeds 053" }, "geometry": { "type": "Polygon", "coordinates": [ [ [ -1.512324781767997, 53.80718460030625 ], [ -1.512872824045249, 53.80693077589261 ], [ -1.517117236269006, 53.809734159095356 ], [ -1.517245494044575, 53.810564020958907 ], [ -1.517365850934951, 53.811619749407335 ], [ -1.517274630417527, 53.812655041493116 ], [ -1.514284000387876, 53.814258525291073 ], [ -1.513592583738988, 53.815792196343843 ], [ -1.507507788065682, 53.81615302097682 ], [ -1.509601060862473, 53.813397573726697 ], [ -1.507749873493613, 53.812620578905594 ], [ -1.506781870285983, 53.810529098286139 ], [ -1.505783402741641, 53.809616351171158 ], [ -1.506167385119725, 53.809511275661698 ], [ -1.512324781767997, 53.80718460030625 ] ] ] } },
{ "type": "Feature", "properties": { "geo_code": "E02002383", "geo_name": "Leeds 054" }, "geometry": { "type": "Polygon", "coordinates": [ [ [ -1.567797681106794, 53.814060631060322 ], [ -1.569238775039344, 53.811825501756516 ], [ -1.565861366814281, 53.810027915849453 ], [ -1.568630057760167, 53.806481618343867 ], [ -1.570244413199688, 53.807329238328698 ], [ -1.570467606656111, 53.807446464622856 ], [ -1.570674840967257, 53.807540118023638 ], [ -1.576406457057677, 53.810334923103547 ], [ -1.575576806652708, 53.810584791660631 ], [ -1.576159245933543, 53.814250508717038 ], [ -1.571761901983889, 53.813115284918439 ], [ -1.568980003352036, 53.81464979803242 ], [ -1.56878495048907, 53.81466051947401 ], [ -1.567797681106794, 53.814060631060322 ] ] ] } },
{ "type": "Feature", "properties": { "geo_code": "E02002384", "geo_name": "Leeds 055" }, "geometry": { "type": "Polygon", "coordinates": [ [ [ -1.546026319660373, 53.817095265296139 ], [ -1.542654488631981, 53.813798829095084 ], [ -1.537802111060398, 53.811716548625483 ], [ -1.530428566081171, 53.810920107171917 ], [ -1.530185479976661, 53.807854054293806 ], [ -1.534275849037257, 53.802482147666147 ], [ -1.536174462819143, 53.800286189239607 ], [ -1.545549047218554, 53.805190335232055 ], [ -1.547228897043141, 53.805178483327467 ], [ -1.551397049249837, 53.804248992081959 ], [ -1.554223550300965, 53.805144023777856 ], [ -1.551269669514747, 53.809296938396841 ], [ -1.564130163300774, 53.812083556065687 ], [ -1.561688360117791, 53.814735592802052 ], [ -1.560219421206775, 53.814915352566288 ], [ -1.55748650838181, 53.814515105193607 ], [ -1.554132394756908, 53.814175231010914 ], [ -1.546026319660373, 53.817095265296139 ] ] ] } },
{ "type": "Feature", "properties": { "geo_code": "E02002385", "geo_name": "Leeds 056" }, "geometry": { "type": "Polygon", "coordinates": [ [ [ -1.57921901034816, 53.813053162310055 ], [ -1.576406457057677, 53.810334923103547 ], [ -1.570674840967257, 53.807540118023638 ], [ -1.570467606656111, 53.807446464622856 ], [ -1.570244413199688, 53.807329238328698 ], [ -1.568630057760167, 53.806481618343867 ], [ -1.573148446197532, 53.803195528237097 ], [ -1.577883045782901, 53.802414287241774 ], [ -1.579047971233446, 53.802382501347701 ], [ -1.586740464725195, 53.803228742350385 ], [ -1.590840183525665, 53.807405019242346 ], [ -1.598569169856219, 53.811026788609404 ], [ -1.594214700945735, 53.810826212920276 ], [ -1.585505376393373, 53.810683193793693 ], [ -1.589323028431161, 53.8141249294546 ], [ -1.583904384316243, 53.814516625955484 ], [ -1.583559895191564, 53.814858132999987 ], [ -1.57921901034816, 53.813053162310055 ] ] ] } },
{ "type": "Feature", "properties": { "geo_code": "E02002386", "geo_name": "Leeds 057" }, "geometry": { "type": "Polygon", "coordinates": [ [ [ -1.425152765405659, 53.819974128993202 ], [ -1.414030061602684, 53.816956249780979 ], [ -1.400239052189493, 53.819673651357952 ], [ -1.397377390037485, 53.813826013203112 ], [ -1.406919824788045, 53.809098816912346 ], [ -1.402606897083958, 53.808133679198107 ], [ -1.403064746605621, 53.800378287911627 ], [ -1.394284740463548, 53.798854062675176 ], [ -1.400104576118816, 53.798451584728667 ], [ -1.408002415074791, 53.79084629921072 ], [ -1.424717945797286, 53.794606158750831 ], [ -1.414089462058213, 53.797236281789381 ], [ -1.414275160604852, 53.800678525960556 ], [ -1.415805590309651, 53.803216047750695 ], [ -1.425578019383496, 53.804186673214346 ], [ -1.430762820947946, 53.80460416441062 ], [ -1.435164344381366, 53.799981711861449 ], [ -1.443414033659876, 53.798324490858839 ], [ -1.449009041992964, 53.798672818220751 ], [ -1.444736621244675, 53.799124146863782 ], [ -1.446858423393978, 53.801104978490301 ], [ -1.451175782312587, 53.803686179348226 ], [ -1.452060734250158, 53.800904669787208 ], [ -1.452704177468052, 53.800601891412505 ], [ -1.453798627221931, 53.804609970621918 ], [ -1.452897082408753, 53.808296823653215 ], [ -1.452485078425922, 53.810257543945127 ], [ -1.45250399215873, 53.810765353855409 ], [ -1.453252425758001, 53.815173560571822 ], [ -1.446137701718359, 53.81527666772854 ], [ -1.444664014465257, 53.815316725393508 ], [ -1.437040903375228, 53.816415266106581 ], [ -1.425152765405659, 53.819974128993202 ] ] ] } },
{ "type": "Feature", "properties": { "geo_code": "E02002387", "geo_name": "Leeds 058" }, "geometry": { "type": "Polygon", "coordinates": [ [ [ -1.622748413502073, 53.811864055764666 ], [ -1.626655609532449, 53.810592167734356 ], [ -1.624144962772614, 53.807508207542277 ], [ -1.622662691704756, 53.80566227348946 ], [ -1.627102964824599, 53.805711198606552 ], [ -1.628822849693883, 53.805695696555333 ], [ -1.639151541536952, 53.804261358867635 ], [ -1.640889682817504, 53.80483292638749 ], [ -1.643244101470074, 53.804963386297821 ], [ -1.646686399724967, 53.804236808477143 ], [ -1.648708526246298, 53.806898519980891 ], [ -1.646344625396322, 53.80857724028909 ], [ -1.641856186982215, 53.812368692891447 ], [ -1.635685260317104, 53.811147966684558 ], [ -1.635294141580688, 53.8110014188645 ], [ -1.632096236295815, 53.81368812100628 ], [ -1.626234215521339, 53.814210640424548 ], [ -1.626001532564879, 53.813477037387692 ], [ -1.622748413502073, 53.811864055764666 ] ] ] } },
{ "type": "Feature", "properties": { "geo_code": "E02002388", "geo_name": "Leeds 059" }, "geometry": { "type": "Polygon", "coordinates": [ [ [ -1.611306116462575, 53.80368781332286 ], [ -1.614101025398554, 53.803385537516839 ], [ -1.622662691704756, 53.80566227348946 ], [ -1.624144962772614, 53.807508207542277 ], [ -1.626655609532449, 53.810592167734356 ], [ -1.622748413502073, 53.811864055764666 ], [ -1.622300878642017, 53.811968334470485 ], [ -1.616444889439601, 53.813453146872462 ], [ -1.613678257545019, 53.814061434067689 ], [ -1.607191861989503, 53.815789928932162 ], [ -1.598569169856219, 53.811026788609404 ], [ -1.590840183525665, 53.807405019242346 ], [ -1.595839398156372, 53.804795258484084 ], [ -1.604795679063584, 53.804408881585822 ], [ -1.611306116462575, 53.80368781332286 ] ] ] } },
{ "type": "Feature", "properties": { "geo_code": "E02002389", "geo_name": "Leeds 060" }, "geometry": { "type": "Polygon", "coordinates": [ [ [ -1.478861021908243, 53.804465464139142 ], [ -1.486788921890103, 53.801488521925144 ], [ -1.487594070187805, 53.801700592125172 ], [ -1.494537549534302, 53.801632322747409 ], [ -1.499557305345803, 53.801259685644062 ], [ -1.497942554112936, 53.804082283018111 ], [ -1.502039803933096, 53.803808721920461 ], [ -1.504455148305319, 53.806161311306376 ], [ -1.506167385119725, 53.809511275661698 ], [ -1.505783402741641, 53.809616351171158 ], [ -1.501226236037069, 53.810579629511871 ], [ -1.491258023555677, 53.81568850708782 ], [ -1.48090025725632, 53.815693220985096 ], [ -1.479818560036685, 53.812919159038685 ], [ -1.478916906600722, 53.812281604431355 ], [ -1.479280560616232, 53.811350851892826 ], [ -1.478820216358923, 53.807763955873163 ], [ -1.483013081204327, 53.805669644543144 ], [ -1.478861021908243, 53.804465464139142 ] ] ] } },
{ "type": "Feature", "properties": { "geo_code": "E02002390", "geo_name": "Leeds 061" }, "geometry": { "type": "Polygon", "coordinates": [ [ [ -1.452485078425922, 53.810257543945127 ], [ -1.452897082408753, 53.808296823653215 ], [ -1.453798627221931, 53.804609970621918 ], [ -1.466155709476669, 53.802957331825262 ], [ -1.467552608640782, 53.802897135591508 ], [ -1.473565889144321, 53.802697852418049 ], [ -1.478006544784516, 53.798451524631886 ], [ -1.483803181324143, 53.800447447970278 ], [ -1.486788921890103, 53.801488521925144 ], [ -1.478861021908243, 53.804465464139142 ], [ -1.483013081204327, 53.805669644543144 ], [ -1.478820216358923, 53.807763955873163 ], [ -1.479280560616232, 53.811350851892826 ], [ -1.478916906600722, 53.812281604431355 ], [ -1.466476052703977, 53.80874896418532 ], [ -1.463523092414977, 53.809479504299233 ], [ -1.455668835047181, 53.814357606402218 ], [ -1.452485078425922, 53.810257543945127 ] ] ] } },
{ "type": "Feature", "properties": { "geo_code": "E02002391", "geo_name": "Leeds 062" }, "geometry": { "type": "Polygon", "coordinates": [ [ [ -1.674156232599271, 53.812093685800356 ], [ -1.669081064018446, 53.811262248790449 ], [ -1.668450088128543, 53.811550456064957 ], [ -1.664142424185716, 53.8114254554974 ], [ -1.664166096375324, 53.814297944130978 ], [ -1.661373580935765, 53.812879839893441 ], [ -1.661996812153287, 53.810748905145559 ], [ -1.66472050114747, 53.806061280256053 ], [ -1.648708526246298, 53.806898519980891 ], [ -1.646686399724967, 53.804236808477143 ], [ -1.649499956851458, 53.803603517099738 ], [ -1.651989345798388, 53.803087453906805 ], [ -1.664624052208695, 53.801462264184465 ], [ -1.664042007010236, 53.798649580518436 ], [ -1.666897048187726, 53.797866799093789 ], [ -1.667613255824996, 53.797935828911477 ], [ -1.676042537919371, 53.79827199746434 ], [ -1.67822510512407, 53.802750721596382 ], [ -1.6800995323149, 53.805183578576091 ], [ -1.675022688756049, 53.808074617649432 ], [ -1.674976865442684, 53.808243942456265 ], [ -1.680540637534468, 53.807842757588062 ], [ -1.680981166452001, 53.810223372261923 ], [ -1.6848645484058, 53.809674146632432 ], [ -1.68239889756117, 53.81242540235381 ], [ -1.680065996605752, 53.81454405880794 ], [ -1.674156232599271, 53.812093685800356 ] ] ] } },
{ "type": "Feature", "properties": { "geo_code": "E02002392", "geo_name": "Leeds 063" }, "geometry": { "type": "Polygon", "coordinates": [ [ [ -1.551397049249837, 53.804248992081959 ], [ -1.560640000381126, 53.797321975877864 ], [ -1.561162806762076, 53.797638731644149 ], [ -1.570537716430074, 53.801973796562159 ], [ -1.573148446197532, 53.803195528237097 ], [ -1.568630057760167, 53.806481618343867 ], [ -1.565861366814281, 53.810027915849453 ], [ -1.564130163300774, 53.812083556065687 ], [ -1.551269669514747, 53.809296938396841 ], [ -1.554223550300965, 53.805144023777856 ], [ -1.551397049249837, 53.804248992081959 ] ] ] } },
{ "type": "Feature", "properties": { "geo_code": "E02002393", "geo_name": "Leeds 064" }, "geometry": { "type": "Polygon", "coordinates": [ [ [ -1.517245494044575, 53.810564020958907 ], [ -1.517117236269006, 53.809734159095356 ], [ -1.512872824045249, 53.80693077589261 ], [ -1.513883762023797, 53.806501716538058 ], [ -1.521436984841003, 53.801744107000658 ], [ -1.522862486957148, 53.801117147763961 ], [ -1.514400804874551, 53.79759934131323 ], [ -1.518384236475709, 53.797953262546045 ], [ -1.527877792115558, 53.798661603859912 ], [ -1.533705202155812, 53.799826284234896 ], [ -1.536174462819143, 53.800286189239607 ], [ -1.534275849037257, 53.802482147666147 ], [ -1.530185479976661, 53.807854054293806 ], [ -1.530428566081171, 53.810920107171917 ], [ -1.527949310006898, 53.810205110740498 ], [ -1.525668556764459, 53.810806452722233 ], [ -1.517365850934951, 53.811619749407335 ], [ -1.517245494044575, 53.810564020958907 ] ] ] } },
{ "type": "Feature", "properties": { "geo_code": "E02002394", "geo_name": "Leeds 065" }, "geometry": { "type": "Polygon", "coordinates": [ [ [ -1.504455148305319, 53.806161311306376 ], [ -1.502039803933096, 53.803808721920461 ], [ -1.497942554112936, 53.804082283018111 ], [ -1.499557305345803, 53.801259685644062 ], [ -1.500382294841334, 53.801126367903272 ], [ -1.508789903901582, 53.798953845712482 ], [ -1.510501378607634, 53.798423356062848 ], [ -1.511749349178141, 53.798001022547183 ], [ -1.514400804874551, 53.79759934131323 ], [ -1.522862486957148, 53.801117147763961 ], [ -1.521436984841003, 53.801744107000658 ], [ -1.513883762023797, 53.806501716538058 ], [ -1.512872824045249, 53.80693077589261 ], [ -1.512324781767997, 53.80718460030625 ], [ -1.506167385119725, 53.809511275661698 ], [ -1.504455148305319, 53.806161311306376 ] ] ] } },
{ "type": "Feature", "properties": { "geo_code": "E02002395", "geo_name": "Leeds 066" }, "geometry": { "type": "Polygon", "coordinates": [ [ [ -1.68239889756117, 53.81242540235381 ], [ -1.6848645484058, 53.809674146632432 ], [ -1.680981166452001, 53.810223372261923 ], [ -1.680540637534468, 53.807842757588062 ], [ -1.674976865442684, 53.808243942456265 ], [ -1.675022688756049, 53.808074617649432 ], [ -1.6800995323149, 53.805183578576091 ], [ -1.67822510512407, 53.802750721596382 ], [ -1.676042537919371, 53.79827199746434 ], [ -1.680660503588787, 53.798243953071399 ], [ -1.688563326924441, 53.799959080115933 ], [ -1.692906588911843, 53.797825511288018 ], [ -1.709912988854338, 53.792896697377508 ], [ -1.709688057337062, 53.793121681671664 ], [ -1.708471087720874, 53.794384378259167 ], [ -1.706489271452805, 53.797319608303809 ], [ -1.705096866270463, 53.799374058290034 ], [ -1.701292539369919, 53.802519711269973 ], [ -1.706531097809425, 53.804055022781654 ], [ -1.708317910357262, 53.809971946975139 ], [ -1.708297099718806, 53.810094075402212 ], [ -1.708077600872578, 53.81024971114082 ], [ -1.707537809285216, 53.81128410976585 ], [ -1.695070904945652, 53.80956266773093 ], [ -1.691701486729525, 53.814432579940814 ], [ -1.68239889756117, 53.81242540235381 ] ] ] } },
{ "type": "Feature", "properties": { "geo_code": "E02002396", "geo_name": "Leeds 067" }, "geometry": { "type": "Polygon", "coordinates": [ [ [ -1.622662691704756, 53.80566227348946 ], [ -1.614101025398554, 53.803385537516839 ], [ -1.611306116462575, 53.80368781332286 ], [ -1.604795679063584, 53.804408881585822 ], [ -1.595839398156372, 53.804795258484084 ], [ -1.592654262823696, 53.799467865631414 ], [ -1.592217332030217, 53.799368481618366 ], [ -1.595092976473905, 53.797572288981158 ], [ -1.592586815751945, 53.795467889198491 ], [ -1.596381331935451, 53.793337855747986 ], [ -1.608793984276472, 53.79590945496809 ], [ -1.610162947109042, 53.796075414298578 ], [ -1.614507495393488, 53.797358346324323 ], [ -1.615250331811736, 53.797697871731039 ], [ -1.626063211395797, 53.802295398092134 ], [ -1.630471086656196, 53.801432488652928 ], [ -1.639151541536952, 53.804261358867635 ], [ -1.628822849693883, 53.805695696555333 ], [ -1.627102964824599, 53.805711198606552 ], [ -1.622662691704756, 53.80566227348946 ] ] ] } },
{ "type": "Feature", "properties": { "geo_code": "E02002397", "geo_name": "Leeds 068" }, "geometry": { "type": "Polygon", "coordinates": [ [ [ -1.630471086656196, 53.801432488652928 ], [ -1.627860208806098, 53.798579563847063 ], [ -1.633870316654374, 53.797146593372595 ], [ -1.639366640064075, 53.79446488270942 ], [ -1.639967995805548, 53.79412933029441 ], [ -1.652728909649729, 53.792516561599534 ], [ -1.657729345709981, 53.795522419116722 ], [ -1.657210997268142, 53.797619785281867 ], [ -1.660791040827674, 53.798283458377483 ], [ -1.657617884576599, 53.800093556684551 ], [ -1.664042007010236, 53.798649580518436 ], [ -1.664624052208695, 53.801462264184465 ], [ -1.651989345798388, 53.803087453906805 ], [ -1.649499956851458, 53.803603517099738 ], [ -1.646686399724967, 53.804236808477143 ], [ -1.643244101470074, 53.804963386297821 ], [ -1.640889682817504, 53.80483292638749 ], [ -1.639151541536952, 53.804261358867635 ], [ -1.630471086656196, 53.801432488652928 ] ] ] } },
{ "type": "Feature", "properties": { "geo_code": "E02002398", "geo_name": "Leeds 069" }, "geometry": { "type": "Polygon", "coordinates": [ [ [ -1.453798627221931, 53.804609970621918 ], [ -1.452704177468052, 53.800601891412505 ], [ -1.452060734250158, 53.800904669787208 ], [ -1.451310554256677, 53.793862144589646 ], [ -1.450625607663924, 53.793767537456652 ], [ -1.45534488632289, 53.784218938976181 ], [ -1.450270085871415, 53.784119587215393 ], [ -1.447017152811744, 53.779438813800134 ], [ -1.4318535763995, 53.77856227191829 ], [ -1.449264348477842, 53.764864149214269 ], [ -1.447972910604796, 53.761540781532183 ], [ -1.455914679160456, 53.763288664323603 ], [ -1.469971842461393, 53.769777711702716 ], [ -1.475516770239186, 53.771866494758825 ], [ -1.467027141151858, 53.775245652120596 ], [ -1.48385291231818, 53.781348978133295 ], [ -1.482821945722771, 53.788944952217655 ], [ -1.479011175981546, 53.789505258102864 ], [ -1.471244422552201, 53.792584025669626 ], [ -1.47158480445818, 53.793810973121914 ], [ -1.478006544784516, 53.798451524631886 ], [ -1.473565889144321, 53.802697852418049 ], [ -1.467552608640782, 53.802897135591508 ], [ -1.466155709476669, 53.802957331825262 ], [ -1.453798627221931, 53.804609970621918 ] ] ] } },
{ "type": "Feature", "properties": { "geo_code": "E02002399", "geo_name": "Leeds 070" }, "geometry": { "type": "Polygon", "coordinates": [ [ [ -1.491298072886587, 53.793820069618405 ], [ -1.491662330178051, 53.77547104128837 ], [ -1.498897164393399, 53.775636276056581 ], [ -1.510930752854448, 53.776603596974986 ], [ -1.522764195567358, 53.784094858890434 ], [ -1.524873717914514, 53.786955701454488 ], [ -1.517581483495468, 53.788215859218603 ], [ -1.509513671144486, 53.784011985807091 ], [ -1.505595394540983, 53.786809137343774 ], [ -1.504670488723577, 53.79136941227879 ], [ -1.509466505693195, 53.791128139391397 ], [ -1.509983898671737, 53.794217623609455 ], [ -1.509801787476588, 53.794448187513034 ], [ -1.511749349178141, 53.798001022547183 ], [ -1.510501378607634, 53.798423356062848 ], [ -1.508789903901582, 53.798953845712482 ], [ -1.500382294841334, 53.801126367903272 ], [ -1.499557305345803, 53.801259685644062 ], [ -1.494537549534302, 53.801632322747409 ], [ -1.487594070187805, 53.801700592125172 ], [ -1.484797162565311, 53.800142478708295 ], [ -1.493887599264382, 53.798822962452839 ], [ -1.494806473500089, 53.79612872482646 ], [ -1.491298072886587, 53.793820069618405 ] ] ] } },
{ "type": "Feature", "properties": { "geo_code": "E02002400", "geo_name": "Leeds 071" }, "geometry": { "type": "Polygon", "coordinates": [ [ [ -1.586740464725195, 53.803228742350385 ], [ -1.579047971233446, 53.802382501347701 ], [ -1.577883045782901, 53.802414287241774 ], [ -1.573148446197532, 53.803195528237097 ], [ -1.570537716430074, 53.801973796562159 ], [ -1.561162806762076, 53.797638731644149 ], [ -1.56313998148154, 53.795937014536236 ], [ -1.566515263005213, 53.787260335305795 ], [ -1.570849586813029, 53.787896079188457 ], [ -1.577310351487787, 53.791958192069245 ], [ -1.582746514196243, 53.792668472096175 ], [ -1.59127854718708, 53.793555443194478 ], [ -1.596381331935451, 53.793337855747986 ], [ -1.592586815751945, 53.795467889198491 ], [ -1.595092976473905, 53.797572288981158 ], [ -1.592217332030217, 53.799368481618366 ], [ -1.592654262823696, 53.799467865631414 ], [ -1.595839398156372, 53.804795258484084 ], [ -1.590840183525665, 53.807405019242346 ], [ -1.586740464725195, 53.803228742350385 ] ] ] } },
{ "type": "Feature", "properties": { "geo_code": "E02002401", "geo_name": "Leeds 072" }, "geometry": { "type": "Polygon", "coordinates": [ [ [ -1.48385291231818, 53.781348978133295 ], [ -1.467027141151858, 53.775245652120596 ], [ -1.475516770239186, 53.771866494758825 ], [ -1.469971843978487, 53.769777711709416 ], [ -1.485756954728596, 53.765766680656611 ], [ -1.491663675956517, 53.767201270824017 ], [ -1.498897164393399, 53.775636276056581 ], [ -1.491662330178051, 53.77547104128837 ], [ -1.491298072886587, 53.793820069618405 ], [ -1.494806473500089, 53.79612872482646 ], [ -1.493887599264382, 53.798822962452839 ], [ -1.484797162565311, 53.800142478708295 ], [ -1.487594070187805, 53.801700592125172 ], [ -1.486788921890103, 53.801488521925144 ], [ -1.483803181324143, 53.800447447970278 ], [ -1.478006544784516, 53.798451524631886 ], [ -1.471584802940265, 53.793810973115242 ], [ -1.471244422552201, 53.792584025669626 ], [ -1.479011175981546, 53.789505258102864 ], [ -1.482821945722771, 53.788944952217655 ], [ -1.48385291231818, 53.781348978133295 ] ] ] } },
{ "type": "Feature", "properties": { "geo_code": "E02002402", "geo_name": "Leeds 073" }, "geometry": { "type": "Polygon", "coordinates": [ [ [ -1.414275160604852, 53.800678525960556 ], [ -1.414089462058213, 53.797236281789381 ], [ -1.424717945797286, 53.794606158750831 ], [ -1.43065781143747, 53.796374058085476 ], [ -1.4318535763995, 53.77856227191829 ], [ -1.447017152811744, 53.779438813800134 ], [ -1.450270085871415, 53.784119587215393 ], [ -1.45534488632289, 53.784218938976181 ], [ -1.450625607663924, 53.793767537456652 ], [ -1.451310554256677, 53.793862144589646 ], [ -1.452060734250158, 53.800904669787208 ], [ -1.451175782312587, 53.803686179348226 ], [ -1.446858423393978, 53.801104978490301 ], [ -1.444736621244675, 53.799124146863782 ], [ -1.449009041992964, 53.798672818220751 ], [ -1.443414033659876, 53.798324490858839 ], [ -1.435164344381366, 53.799981711861449 ], [ -1.430762820947946, 53.80460416441062 ], [ -1.425578019383496, 53.804186673214346 ], [ -1.415805590309651, 53.803216047750695 ], [ -1.414275160604852, 53.800678525960556 ] ] ] } },
{ "type": "Feature", "properties": { "geo_code": "E02002403", "geo_name": "Leeds 074" }, "geometry": { "type": "Polygon", "coordinates": [ [ [ -1.373448756161664, 53.792771454007237 ], [ -1.381340362559714, 53.787503701714613 ], [ -1.383257349705501, 53.789562719122344 ], [ -1.387705369981397, 53.787754593405324 ], [ -1.38821909971188, 53.790199409153587 ], [ -1.391749298958332, 53.790779058522901 ], [ -1.399563488449423, 53.78847377557485 ], [ -1.408002415074791, 53.79084629921072 ], [ -1.400104576118816, 53.798451584728667 ], [ -1.394284740463548, 53.798854062675176 ], [ -1.388573429014545, 53.802303602382601 ], [ -1.38316194239049, 53.80479509661771 ], [ -1.378875962245882, 53.801645184390026 ], [ -1.373720299955915, 53.799859572090341 ], [ -1.372795238689842, 53.797198610353654 ], [ -1.37561559386306, 53.79355718913402 ], [ -1.373448756161664, 53.792771454007237 ] ] ] } },
{ "type": "Feature", "properties": { "geo_code": "E02002404", "geo_name": "Leeds 075" }, "geometry": { "type": "Polygon", "coordinates": [ [ [ -1.518384236475709, 53.797953262546045 ], [ -1.514400804874551, 53.79759934131323 ], [ -1.511749349178141, 53.798001022547183 ], [ -1.509801787476588, 53.794448187513034 ], [ -1.509983898671737, 53.794217623609455 ], [ -1.509466505693195, 53.791128139391397 ], [ -1.504670488723577, 53.79136941227879 ], [ -1.505595394540983, 53.786809137343774 ], [ -1.509513671144486, 53.784011985807091 ], [ -1.517581483495468, 53.788215859218603 ], [ -1.524873717914514, 53.786955701454488 ], [ -1.524980983920601, 53.787094180983964 ], [ -1.528092966845439, 53.790663866633921 ], [ -1.534816427749674, 53.793781221118564 ], [ -1.533816231931454, 53.794608317127725 ], [ -1.529191744809476, 53.797527852016735 ], [ -1.527877792115558, 53.798661603859912 ], [ -1.518384236475709, 53.797953262546045 ] ] ] } },
{ "type": "Feature", "properties": { "geo_code": "E02002405", "geo_name": "Leeds 076" }, "geometry": { "type": "Polygon", "coordinates": [ [ [ -1.688563326924441, 53.799959080115933 ], [ -1.680660503588787, 53.798243953071399 ], [ -1.676042537919371, 53.79827199746434 ], [ -1.667613255824996, 53.797935828911477 ], [ -1.666897048187726, 53.797866799093789 ], [ -1.667454827615139, 53.792841910445169 ], [ -1.66868775878401, 53.792164807163829 ], [ -1.664740379232062, 53.787661795901855 ], [ -1.658470083828066, 53.786095910433573 ], [ -1.658566202376297, 53.782898072107521 ], [ -1.658753403838251, 53.779814720607348 ], [ -1.67418438413573, 53.779985556637918 ], [ -1.681844041299915, 53.785165464628243 ], [ -1.682350389631753, 53.786422465936596 ], [ -1.70342188809909, 53.783407510347082 ], [ -1.712015858378734, 53.78308272608804 ], [ -1.711734162479722, 53.783436992171019 ], [ -1.707333310211707, 53.787706323740018 ], [ -1.709912988854338, 53.792896697377508 ], [ -1.692906588911843, 53.797825511288018 ], [ -1.688563326924441, 53.799959080115933 ] ] ] } },
{ "type": "Feature", "properties": { "geo_code": "E02002407", "geo_name": "Leeds 078" }, "geometry": { "type": "Polygon", "coordinates": [ [ [ -1.608793984276472, 53.79590945496809 ], [ -1.596381331935451, 53.793337855747986 ], [ -1.59127854718708, 53.793555443194478 ], [ -1.590733041476115, 53.793372840917172 ], [ -1.59246071626747, 53.791252055877301 ], [ -1.604616873058563, 53.793117282416297 ], [ -1.604069768245238, 53.791770171891066 ], [ -1.605894191441163, 53.786498109768402 ], [ -1.608176729827686, 53.785785686849117 ], [ -1.606537508161858, 53.7841064394322 ], [ -1.615006504763203, 53.783367486601747 ], [ -1.617973465930062, 53.786644162533534 ], [ -1.617789421217163, 53.78970144305778 ], [ -1.618057238969655, 53.792450728810195 ], [ -1.615308939565265, 53.794304304943601 ], [ -1.616096226367102, 53.794544456234853 ], [ -1.619912256306717, 53.797178441371273 ], [ -1.614507495393488, 53.797358346324323 ], [ -1.610162947109042, 53.796075414298578 ], [ -1.608793984276472, 53.79590945496809 ] ] ] } },
{ "type": "Feature", "properties": { "geo_code": "E02002408", "geo_name": "Leeds 079" }, "geometry": { "type": "Polygon", "coordinates": [ [ [ -1.657729345709981, 53.795522419116722 ], [ -1.652728909649729, 53.792516561599534 ], [ -1.639967995805548, 53.79412933029441 ], [ -1.640529966085674, 53.77993212084624 ], [ -1.658753403838251, 53.779814720607348 ], [ -1.658566202376297, 53.782898072107521 ], [ -1.658470083828066, 53.786095910433573 ], [ -1.664740380749826, 53.787661795906068 ], [ -1.66868775878401, 53.792164807163829 ], [ -1.667454827615139, 53.792841910445169 ], [ -1.666897048187726, 53.797866799093789 ], [ -1.664042007010236, 53.798649580518436 ], [ -1.657617884576599, 53.800093556684551 ], [ -1.660791040827674, 53.798283458377483 ], [ -1.657210997268142, 53.797619785281867 ], [ -1.657729345709981, 53.795522419116722 ] ] ] } },
{ "type": "Feature", "properties": { "geo_code": "E02002409", "geo_name": "Leeds 080" }, "geometry": { "type": "Polygon", "coordinates": [ [ [ -1.624484854018565, 53.772225301336604 ], [ -1.620713067493546, 53.766504013930202 ], [ -1.621077479052666, 53.766611393596875 ], [ -1.638422998592289, 53.765380969584172 ], [ -1.651614375346484, 53.767358162389016 ], [ -1.641064968246204, 53.773394936081786 ], [ -1.640529966085674, 53.77993212084624 ], [ -1.639967995805548, 53.79412933029441 ], [ -1.639366640064075, 53.79446488270942 ], [ -1.633870316654374, 53.797146593372595 ], [ -1.627860208806098, 53.798579563847063 ], [ -1.630471086656196, 53.801432488652928 ], [ -1.626063211395797, 53.802295398092134 ], [ -1.615250331811736, 53.797697871731039 ], [ -1.614507495393488, 53.797358346324323 ], [ -1.619912256306717, 53.797178441371273 ], [ -1.616096226367102, 53.794544456234853 ], [ -1.615308939565265, 53.794304304943601 ], [ -1.618057238977839, 53.792450727911422 ], [ -1.617789421217163, 53.78970144305778 ], [ -1.617973465930062, 53.786644162533534 ], [ -1.62447879627458, 53.785657951189073 ], [ -1.626312052939944, 53.781893963225478 ], [ -1.626846751428867, 53.776657819068021 ], [ -1.621043508791995, 53.775597199652282 ], [ -1.624484854018565, 53.772225301336604 ] ] ] } },
{ "type": "Feature", "properties": { "geo_code": "E02002410", "geo_name": "Leeds 081" }, "geometry": { "type": "Polygon", "coordinates": [ [ [ -1.577310351487787, 53.791958192069245 ], [ -1.570849586813029, 53.787896079188457 ], [ -1.574815415587726, 53.781676501514262 ], [ -1.586896286073627, 53.780597595466865 ], [ -1.58305845210258, 53.783414156187106 ], [ -1.589102215435522, 53.784055754683386 ], [ -1.590774852899456, 53.787109113102488 ], [ -1.596860038782599, 53.787093089553494 ], [ -1.598654522481985, 53.783965868926586 ], [ -1.605894191441163, 53.786498109768402 ], [ -1.604069768245238, 53.791770171891066 ], [ -1.604616873058563, 53.793117282416297 ], [ -1.59246071626747, 53.791252055877301 ], [ -1.590733041476115, 53.793372840917172 ], [ -1.59127854718708, 53.793555443194478 ], [ -1.582746514196243, 53.792668472096175 ], [ -1.577310351487787, 53.791958192069245 ] ] ] } },
{ "type": "Feature", "properties": { "geo_code": "E02002411", "geo_name": "Leeds 082" }, "geometry": { "type": "Polygon", "coordinates": [ [ [ -1.56313998148154, 53.795937014536236 ], [ -1.557496328977191, 53.790544969393977 ], [ -1.551076396490971, 53.791823450015755 ], [ -1.545518304607931, 53.787820844452021 ], [ -1.553996455810456, 53.784131590341119 ], [ -1.559586443480764, 53.785104945738354 ], [ -1.559248871641868, 53.784007170464825 ], [ -1.556079730391673, 53.780085087579501 ], [ -1.558959979459092, 53.780338656034509 ], [ -1.558838096478421, 53.779754322552584 ], [ -1.555392578014755, 53.777622571382928 ], [ -1.556021646730713, 53.775786274981485 ], [ -1.562790852760102, 53.77495048323928 ], [ -1.563611537405734, 53.774292432717282 ], [ -1.56530203478137, 53.773296128251985 ], [ -1.567226186226366, 53.778643340074346 ], [ -1.574815415587726, 53.781676501514262 ], [ -1.570849586813029, 53.787896079188457 ], [ -1.566515263005213, 53.787260335305795 ], [ -1.56313998148154, 53.795937014536236 ] ] ] } },
{ "type": "Feature", "properties": { "geo_code": "E02002412", "geo_name": "Leeds 083" }, "geometry": { "type": "Polygon", "coordinates": [ [ [ -1.589102215435522, 53.784055754683386 ], [ -1.58305845210258, 53.783414156187106 ], [ -1.586896286073627, 53.780597595466865 ], [ -1.587952707361128, 53.779474054342792 ], [ -1.589924881612077, 53.772199619836478 ], [ -1.585392369759116, 53.765639481066685 ], [ -1.593242746200058, 53.767219687419015 ], [ -1.620713067493546, 53.766504013930202 ], [ -1.624484854018565, 53.772225301336604 ], [ -1.621043508791995, 53.775597199652282 ], [ -1.626846751428867, 53.776657819068021 ], [ -1.626312052939944, 53.781893963225478 ], [ -1.62447879627458, 53.785657951189073 ], [ -1.617973465930062, 53.786644162533534 ], [ -1.615006504763203, 53.783367486601747 ], [ -1.606537508161858, 53.7841064394322 ], [ -1.608176729827686, 53.785785686849117 ], [ -1.605894191441163, 53.786498109768402 ], [ -1.598654522481985, 53.783965868926586 ], [ -1.596860038782599, 53.787093089553494 ], [ -1.590774852899456, 53.787109113102488 ], [ -1.589102215435522, 53.784055754683386 ] ] ] } },
{ "type": "Feature", "properties": { "geo_code": "E02002414", "geo_name": "Leeds 085" }, "geometry": { "type": "Polygon", "coordinates": [ [ [ -1.545518304607931, 53.787820844452021 ], [ -1.544473340708814, 53.784796916348945 ], [ -1.538602167476184, 53.785980748499078 ], [ -1.534092382343075, 53.783229401351917 ], [ -1.539255419721282, 53.781084942383423 ], [ -1.538366364843813, 53.779825399921393 ], [ -1.537534285053026, 53.778117151419522 ], [ -1.538954684149993, 53.775815684249864 ], [ -1.543185638076014, 53.776119970523943 ], [ -1.545739403421435, 53.775129812823998 ], [ -1.548762748735602, 53.778747782111495 ], [ -1.552629904171118, 53.776013969515269 ], [ -1.555392578014755, 53.777622571382928 ], [ -1.558838096478421, 53.779754322552584 ], [ -1.558959979459092, 53.780338656034509 ], [ -1.556079730391673, 53.780085087579501 ], [ -1.559248871641868, 53.784007170464825 ], [ -1.559586443480764, 53.785104945738354 ], [ -1.553996455810456, 53.784131590341119 ], [ -1.545518304607931, 53.787820844452021 ] ] ] } },
{ "type": "Feature", "properties": { "geo_code": "E02002415", "geo_name": "Leeds 086" }, "geometry": { "type": "Polygon", "coordinates": [ [ [ -1.548762748735602, 53.778747782111495 ], [ -1.545739403421435, 53.775129812823998 ], [ -1.543185638076014, 53.776119970523943 ], [ -1.538954684149993, 53.775815684249864 ], [ -1.539623682815202, 53.770958136092048 ], [ -1.543064958656772, 53.774716018309753 ], [ -1.548287361379741, 53.77219305224471 ], [ -1.54542519762077, 53.76655501324403 ], [ -1.54883430211867, 53.767284792384913 ], [ -1.556043806030059, 53.770015735055829 ], [ -1.554620087716479, 53.774317150443999 ], [ -1.556021646730713, 53.775786274981485 ], [ -1.555392578014755, 53.777622571382928 ], [ -1.552629904171118, 53.776013969515269 ], [ -1.548762748735602, 53.778747782111495 ] ] ] } },
{ "type": "Feature", "properties": { "geo_code": "E02002416", "geo_name": "Leeds 087" }, "geometry": { "type": "Polygon", "coordinates": [ [ [ -1.408002413556929, 53.790846299203217 ], [ -1.399563488449423, 53.78847377557485 ], [ -1.391749298958332, 53.790779058522901 ], [ -1.38821909971188, 53.790199409153587 ], [ -1.387705369981397, 53.787754593405324 ], [ -1.390984396926164, 53.781238513088745 ], [ -1.390246344726105, 53.773485987727639 ], [ -1.390318985423692, 53.773180923273706 ], [ -1.383706183464108, 53.762204836332828 ], [ -1.382674092322186, 53.761311830167116 ], [ -1.388442661554461, 53.759669638771499 ], [ -1.38520676464363, 53.747218279931886 ], [ -1.388253984955221, 53.745078421934267 ], [ -1.392969401038061, 53.747629927041132 ], [ -1.396416906017617, 53.746097883721738 ], [ -1.400549145976736, 53.748420186079656 ], [ -1.409983139191952, 53.742768524357082 ], [ -1.417788938088199, 53.745503828639492 ], [ -1.420599477917897, 53.751251719482568 ], [ -1.42615567858323, 53.75262638386495 ], [ -1.430642076297841, 53.758911740951149 ], [ -1.434265465281679, 53.757100642607924 ], [ -1.437552787542447, 53.760952310362079 ], [ -1.447972910604796, 53.761540781532183 ], [ -1.449264348477842, 53.764864149214269 ], [ -1.4318535763995, 53.77856227191829 ], [ -1.43065781143747, 53.796374058085476 ], [ -1.424717945797286, 53.794606158750831 ], [ -1.408002413556929, 53.790846299203217 ] ] ] } },
{ "type": "Feature", "properties": { "geo_code": "E02002419", "geo_name": "Leeds 090" }, "geometry": { "type": "Polygon", "coordinates": [ [ [ -1.567226186226366, 53.778643340074346 ], [ -1.56530203478137, 53.773296128251985 ], [ -1.563611537405734, 53.774292432717282 ], [ -1.562831937310213, 53.770708964285255 ], [ -1.562845111481753, 53.770305850005222 ], [ -1.560630165165403, 53.766512504973193 ], [ -1.563759198574202, 53.768852100825896 ], [ -1.566002172303254, 53.766074033108197 ], [ -1.56465726430874, 53.763268960995624 ], [ -1.56870527747249, 53.760285571431609 ], [ -1.569995135393631, 53.75901513798086 ], [ -1.572336765853265, 53.762158429250903 ], [ -1.575399228512093, 53.765849976026594 ], [ -1.580994307844763, 53.765345975989121 ], [ -1.585392369759116, 53.765639481066685 ], [ -1.589924881612077, 53.772199619836478 ], [ -1.587952707361128, 53.779474054342792 ], [ -1.586896286073627, 53.780597595466865 ], [ -1.574815415587726, 53.781676501514262 ], [ -1.567226186226366, 53.778643340074346 ] ] ] } },
{ "type": "Feature", "properties": { "geo_code": "E02002420", "geo_name": "Leeds 091" }, "geometry": { "type": "Polygon", "coordinates": [ [ [ -1.54883430211867, 53.767284792384913 ], [ -1.54542519762077, 53.76655501324403 ], [ -1.548287361379741, 53.77219305224471 ], [ -1.543064958656772, 53.774716018309753 ], [ -1.539623682815202, 53.770958136092048 ], [ -1.539692911024316, 53.770566754333821 ], [ -1.539266729321927, 53.765870781856563 ], [ -1.552972860786081, 53.761077657080705 ], [ -1.566019119943403, 53.757472050844783 ], [ -1.56870527747249, 53.760285571431609 ], [ -1.56465726430874, 53.763268960995624 ], [ -1.566002172303254, 53.766074033108197 ], [ -1.563759198574202, 53.768852100825896 ], [ -1.560630165165403, 53.766512504973193 ], [ -1.562845111481753, 53.770305850005222 ], [ -1.562831937310213, 53.770708964285255 ], [ -1.563611537405734, 53.774292432717282 ], [ -1.562790852760102, 53.77495048323928 ], [ -1.556021646730713, 53.775786274981485 ], [ -1.554620087716479, 53.774317150443999 ], [ -1.556043806030059, 53.770015735055829 ], [ -1.54883430211867, 53.767284792384913 ] ] ] } },
{ "type": "Feature", "properties": { "geo_code": "E02002421", "geo_name": "Leeds 092" }, "geometry": { "type": "Polygon", "coordinates": [ [ [ -1.517822591443843, 53.762213896884113 ], [ -1.52442736400307, 53.760316787230131 ], [ -1.52953942932817, 53.760351584967758 ], [ -1.535835522606872, 53.760974693524709 ], [ -1.539045557321244, 53.764969109117416 ], [ -1.539266729321927, 53.765870781856563 ], [ -1.539692911024316, 53.770566754333821 ], [ -1.531799142389204, 53.770786079216087 ], [ -1.53844706621928, 53.773802114905962 ], [ -1.535887727136298, 53.775733784744723 ], [ -1.530645014140895, 53.77289262230812 ], [ -1.528763414095085, 53.772794862009768 ], [ -1.524172736426288, 53.768243210396008 ], [ -1.524250044253495, 53.767964884118584 ], [ -1.517822591443843, 53.762213896884113 ] ] ] } },
{ "type": "Feature", "properties": { "geo_code": "E02002422", "geo_name": "Leeds 093" }, "geometry": { "type": "Polygon", "coordinates": [ [ [ -1.585392369759116, 53.765639481066685 ], [ -1.580994307844763, 53.765345975989121 ], [ -1.575399228512093, 53.765849976026594 ], [ -1.572336765853265, 53.762158429250903 ], [ -1.569995135393631, 53.75901513798086 ], [ -1.570272677788532, 53.753554997318801 ], [ -1.578647093761422, 53.754781733705961 ], [ -1.584726030679434, 53.751421832515241 ], [ -1.593321326514693, 53.749418023693437 ], [ -1.599156149372891, 53.753203069684133 ], [ -1.599740892187841, 53.755740241325505 ], [ -1.605466127291854, 53.759403731896896 ], [ -1.604936707906041, 53.759625359368762 ], [ -1.593242746200058, 53.767219687419015 ], [ -1.585392369759116, 53.765639481066685 ] ] ] } },
{ "type": "Feature", "properties": { "geo_code": "E02002423", "geo_name": "Leeds 094" }, "geometry": { "type": "Polygon", "coordinates": [ [ [ -1.513617090143181, 53.763841728446508 ], [ -1.506543350501452, 53.760368645697021 ], [ -1.513896476379332, 53.760786942977973 ], [ -1.514874270451544, 53.75612153787452 ], [ -1.515451957840068, 53.754384678548995 ], [ -1.518389760345225, 53.756048103959976 ], [ -1.525963427134604, 53.75244447651442 ], [ -1.531347115118322, 53.750318028826193 ], [ -1.531720141056068, 53.756023495832537 ], [ -1.535835522606872, 53.760974693524709 ], [ -1.52953942932817, 53.760351584967758 ], [ -1.52442736400307, 53.760316787230131 ], [ -1.517822591443843, 53.762213896884113 ], [ -1.524250044253495, 53.767964884118584 ], [ -1.524172736426288, 53.768243210396008 ], [ -1.514946698444635, 53.769572457052064 ], [ -1.513617090143181, 53.763841728446508 ] ] ] } },
{ "type": "Feature", "properties": { "geo_code": "E02002424", "geo_name": "Leeds 095" }, "geometry": { "type": "Polygon", "coordinates": [ [ [ -1.593242746200058, 53.767219687419015 ], [ -1.604936707906041, 53.759625359368762 ], [ -1.605466127291854, 53.759403731896896 ], [ -1.599740892187841, 53.755740241325505 ], [ -1.599156149372891, 53.753203069684133 ], [ -1.601576339014423, 53.751950646990871 ], [ -1.607752397939302, 53.747089422292028 ], [ -1.612547040994902, 53.749655942446445 ], [ -1.616003122401152, 53.746460913616751 ], [ -1.619409933975918, 53.74910875096203 ], [ -1.626129070583766, 53.746964669418169 ], [ -1.632030204565633, 53.751733318733095 ], [ -1.625544121982043, 53.756336904988281 ], [ -1.631498345430497, 53.758940420999068 ], [ -1.633056572489559, 53.758865896107487 ], [ -1.633980125531808, 53.763070107336283 ], [ -1.640240440133235, 53.763248139667496 ], [ -1.638422998592289, 53.765380969584172 ], [ -1.621077479052666, 53.766611393596875 ], [ -1.620713067493546, 53.766504013930202 ], [ -1.593242746200058, 53.767219687419015 ] ] ] } },
{ "type": "Feature", "properties": { "geo_code": "E02002425", "geo_name": "Leeds 096" }, "geometry": { "type": "Polygon", "coordinates": [ [ [ -1.633980125531808, 53.763070107336283 ], [ -1.633056572489559, 53.758865896107487 ], [ -1.631498345430497, 53.758940420999068 ], [ -1.625544121982043, 53.756336904988281 ], [ -1.632030204565633, 53.751733318733095 ], [ -1.626129070583766, 53.746964669418169 ], [ -1.638577373012233, 53.746194031768994 ], [ -1.637968054014199, 53.747668880364657 ], [ -1.645960767368797, 53.747071557591703 ], [ -1.651988596356578, 53.746240162290775 ], [ -1.658368008369595, 53.745488961364053 ], [ -1.658636503533491, 53.746731306320996 ], [ -1.663358385621779, 53.747349259567798 ], [ -1.675730960870188, 53.752130347572312 ], [ -1.67621876942109, 53.752158124386312 ], [ -1.681681389235304, 53.756494261185807 ], [ -1.679831664513344, 53.757839254843965 ], [ -1.66039903559457, 53.767181730014471 ], [ -1.651614375346484, 53.767358162389016 ], [ -1.638422998592289, 53.765380969584172 ], [ -1.640240440133235, 53.763248139667496 ], [ -1.633980125531808, 53.763070107336283 ] ] ] } },
{ "type": "Feature", "properties": { "geo_code": "E02002426", "geo_name": "Leeds 097" }, "geometry": { "type": "Polygon", "coordinates": [ [ [ -1.437552787542447, 53.760952310362079 ], [ -1.434265465281679, 53.757100642607924 ], [ -1.430642076297841, 53.758911740951149 ], [ -1.42615567858323, 53.75262638386495 ], [ -1.432376221004173, 53.750769604948296 ], [ -1.440495462168346, 53.755299892902094 ], [ -1.44264018474262, 53.750970449598768 ], [ -1.44984272997242, 53.736017815463057 ], [ -1.456208551952633, 53.736819779800101 ], [ -1.461686381336295, 53.745718682769542 ], [ -1.46062172177409, 53.750734129681916 ], [ -1.457202416383929, 53.750042499648309 ], [ -1.45744641506085, 53.750316763548653 ], [ -1.465858606839486, 53.754269835449008 ], [ -1.46284043622479, 53.755796630397363 ], [ -1.466913530023928, 53.758726911323883 ], [ -1.458029040099859, 53.7574889391786 ], [ -1.456348357136102, 53.760824579963369 ], [ -1.456494238571344, 53.762823242683886 ], [ -1.455914679160456, 53.763288664323603 ], [ -1.447972910604796, 53.761540781532183 ], [ -1.437552787542447, 53.760952310362079 ] ] ] } },
{ "type": "Feature", "properties": { "geo_code": "E02002427", "geo_name": "Leeds 098" }, "geometry": { "type": "Polygon", "coordinates": [ [ [ -1.483615687010241, 53.75900769651038 ], [ -1.473705330869331, 53.75722173363458 ], [ -1.466913530023928, 53.758726911323883 ], [ -1.46284043622479, 53.755796630397363 ], [ -1.465858606839486, 53.754269835449008 ], [ -1.46562173886589, 53.751692669619374 ], [ -1.475668007743183, 53.748770780200729 ], [ -1.479091015033615, 53.746389339454446 ], [ -1.475042626166394, 53.740064746094497 ], [ -1.479912597651495, 53.739958014002696 ], [ -1.483134041254987, 53.744632681137873 ], [ -1.488085967906571, 53.743428613464253 ], [ -1.488362313973825, 53.747369499170297 ], [ -1.481553306299227, 53.749014752980507 ], [ -1.481827182159891, 53.751188097525564 ], [ -1.494967954875148, 53.750678048721326 ], [ -1.490822887185743, 53.75581976750361 ], [ -1.486954446696908, 53.75517426097543 ], [ -1.483117788358638, 53.753378023851447 ], [ -1.481160491956519, 53.754727763536437 ], [ -1.483615687010241, 53.75900769651038 ] ] ] } },
{ "type": "Feature", "properties": { "geo_code": "E02002428", "geo_name": "Leeds 099" }, "geometry": { "type": "Polygon", "coordinates": [ [ [ -1.531720141056068, 53.756023495832537 ], [ -1.531347115118322, 53.750318028826193 ], [ -1.525963427134604, 53.75244447651442 ], [ -1.518389760345225, 53.756048103959976 ], [ -1.515451957840068, 53.754384678548995 ], [ -1.511170573116138, 53.743650000002233 ], [ -1.515616759935938, 53.744282867657326 ], [ -1.516070692813632, 53.744365591478768 ], [ -1.527745615259119, 53.743036884426886 ], [ -1.536210716857074, 53.746459836450335 ], [ -1.541869509404914, 53.748130984446874 ], [ -1.543003840311276, 53.747751544294537 ], [ -1.549675924651456, 53.748262157730032 ], [ -1.553090538235412, 53.74811772911066 ], [ -1.558754117016088, 53.751169222495264 ], [ -1.560342204066897, 53.754844901097186 ], [ -1.549367382979291, 53.756751242891625 ], [ -1.552972860786081, 53.761077657080705 ], [ -1.539266729321927, 53.765870781856563 ], [ -1.539045557321244, 53.764969109117416 ], [ -1.535835522606872, 53.760974693524709 ], [ -1.531720141056068, 53.756023495832537 ] ] ] } },
{ "type": "Feature", "properties": { "geo_code": "E02002429", "geo_name": "Leeds 100" }, "geometry": { "type": "Polygon", "coordinates": [ [ [ -1.469971843978487, 53.769777711709416 ], [ -1.455914679160456, 53.763288664323603 ], [ -1.456494238571344, 53.762823242683886 ], [ -1.456348357136102, 53.760824579963369 ], [ -1.458029040099859, 53.7574889391786 ], [ -1.466913530023928, 53.758726911323883 ], [ -1.473705330869331, 53.75722173363458 ], [ -1.483615687010241, 53.75900769651038 ], [ -1.481160491956519, 53.754727763536437 ], [ -1.483117788358638, 53.753378023851447 ], [ -1.486954446696908, 53.75517426097543 ], [ -1.490822887185743, 53.75581976750361 ], [ -1.494967954875148, 53.750678048721326 ], [ -1.481827182159891, 53.751188097525564 ], [ -1.481553306299227, 53.749014752980507 ], [ -1.488362313973825, 53.747369499170297 ], [ -1.488085967906571, 53.743428613464253 ], [ -1.483134041254987, 53.744632681137873 ], [ -1.479912597651495, 53.739958014002696 ], [ -1.475042626166394, 53.740064746094497 ], [ -1.479091015033615, 53.746389339454446 ], [ -1.475668007743183, 53.748770780200729 ], [ -1.46562173886589, 53.751692669619374 ], [ -1.465858606839486, 53.754269835449008 ], [ -1.45744641506085, 53.750316763548653 ], [ -1.457202416383929, 53.750042499648309 ], [ -1.46062172177409, 53.750734129681916 ], [ -1.461686381336295, 53.745718682769542 ], [ -1.456208551952633, 53.736819779800101 ], [ -1.44984272997242, 53.736017815463057 ], [ -1.44264018474262, 53.750970449598768 ], [ -1.440495462168346, 53.755299892902094 ], [ -1.432376221004173, 53.750769604948296 ], [ -1.42615567858323, 53.75262638386495 ], [ -1.420599477917897, 53.751251719482568 ], [ -1.417788938088199, 53.745503828639492 ], [ -1.42209757250866, 53.744644915892465 ], [ -1.413743700496225, 53.735416792885538 ], [ -1.417886678090366, 53.73392176347128 ], [ -1.427100936585341, 53.726492169845052 ], [ -1.434117622513999, 53.725828745992672 ], [ -1.428080123047259, 53.721440143622132 ], [ -1.428196293990845, 53.721375798120313 ], [ -1.428257145723139, 53.721342114945351 ], [ -1.442832207795882, 53.728129886936721 ], [ -1.473025727823565, 53.727845065004963 ], [ -1.474134770552245, 53.727828036025983 ], [ -1.478135138523451, 53.727855042736415 ], [ -1.483069690516151, 53.727674060516044 ], [ -1.500873541181918, 53.73617372852695 ], [ -1.503653404914352, 53.743416792488674 ], [ -1.508251026522607, 53.741394680751185 ], [ -1.511170573116138, 53.743650000002233 ], [ -1.515451957840068, 53.754384678548995 ], [ -1.514874270451544, 53.75612153787452 ], [ -1.513896476379332, 53.760786942977973 ], [ -1.506543350501452, 53.760368645697021 ], [ -1.501743706137044, 53.75768645704256 ], [ -1.499159039219505, 53.7587521462506 ], [ -1.496251599127024, 53.765059094674058 ], [ -1.491663675956517, 53.767201270824017 ], [ -1.485756954728596, 53.765766680656611 ], [ -1.469971843978487, 53.769777711709416 ] ] ] } },
{ "type": "Feature", "properties": { "geo_code": "E02002430", "geo_name": "Leeds 101" }, "geometry": { "type": "Polygon", "coordinates": [ [ [ -1.552972860786081, 53.761077657080705 ], [ -1.549367382979291, 53.756751242891625 ], [ -1.560342204066897, 53.754844901097186 ], [ -1.558754117016088, 53.751169222495264 ], [ -1.553090538235412, 53.74811772911066 ], [ -1.549675924651456, 53.748262157730032 ], [ -1.543003840311276, 53.747751544294537 ], [ -1.541869509404914, 53.748130984446874 ], [ -1.536210716857074, 53.746459836450335 ], [ -1.540495214308073, 53.740407816053946 ], [ -1.548208919453633, 53.739446822194488 ], [ -1.555326745257159, 53.737448292716316 ], [ -1.560804409047522, 53.741002437985756 ], [ -1.563742004326084, 53.747259459530873 ], [ -1.567987938104503, 53.746363296991987 ], [ -1.570272677788532, 53.753554997318801 ], [ -1.569995135393631, 53.75901513798086 ], [ -1.56870527747249, 53.760285571431609 ], [ -1.566019119943403, 53.757472050844783 ], [ -1.552972860786081, 53.761077657080705 ] ] ] } },
{ "type": "Feature", "properties": { "geo_code": "E02002431", "geo_name": "Leeds 102" }, "geometry": { "type": "Polygon", "coordinates": [ [ [ -1.576413965833518, 53.734593780935462 ], [ -1.582142364532265, 53.733228645363859 ], [ -1.590134200777702, 53.733989648806578 ], [ -1.590208047967839, 53.741782395921 ], [ -1.593279663288138, 53.742638007965112 ], [ -1.597127436523764, 53.742992538601385 ], [ -1.598373185109967, 53.745809755688761 ], [ -1.600177872487494, 53.749076070369398 ], [ -1.593321326514693, 53.749418023693437 ], [ -1.584726030679434, 53.751421832515241 ], [ -1.578647093761422, 53.754781733705961 ], [ -1.570272677788532, 53.753554997318801 ], [ -1.567987938104503, 53.746363296991987 ], [ -1.576413965833518, 53.734593780935462 ] ] ] } },
{ "type": "Feature", "properties": { "geo_code": "E02002433", "geo_name": "Leeds 104" }, "geometry": { "type": "Polygon", "coordinates": [ [ [ -1.590134200777702, 53.733989648806578 ], [ -1.598782133903399, 53.730002489311325 ], [ -1.599544781274204, 53.737668986878163 ], [ -1.602254569605893, 53.738008780494837 ], [ -1.611541500894039, 53.738474366907738 ], [ -1.606509343407393, 53.742138199372363 ], [ -1.605436133929729, 53.742369665021918 ], [ -1.606279518393718, 53.745215668577849 ], [ -1.612515639979138, 53.746615769658945 ], [ -1.607752397939302, 53.747089422292028 ], [ -1.601576339014423, 53.751950646990871 ], [ -1.599156149372891, 53.753203069684133 ], [ -1.593321326514693, 53.749418023693437 ], [ -1.600177872487494, 53.749076070369398 ], [ -1.598373185109967, 53.745809755688761 ], [ -1.597127436523764, 53.742992538601385 ], [ -1.593279663288138, 53.742638007965112 ], [ -1.590208047967839, 53.741782395921 ], [ -1.590134200777702, 53.733989648806578 ] ] ] } },
{ "type": "Feature", "properties": { "geo_code": "E02002434", "geo_name": "Leeds 105" }, "geometry": { "type": "Polygon", "coordinates": [ [ [ -1.536210716857074, 53.746459836450335 ], [ -1.527745615259119, 53.743036884426886 ], [ -1.516070692813632, 53.744365591478768 ], [ -1.515616759935938, 53.744282867657326 ], [ -1.511170573116138, 53.743650000002233 ], [ -1.508251026522607, 53.741394680751185 ], [ -1.503653404914352, 53.743416792488674 ], [ -1.500873541181918, 53.73617372852695 ], [ -1.483069690516151, 53.727674060516044 ], [ -1.487963687898794, 53.72773396976644 ], [ -1.489132792024324, 53.723521441622076 ], [ -1.50132325714562, 53.723687194767507 ], [ -1.505578457209555, 53.729119369180246 ], [ -1.510790475038678, 53.729629767845779 ], [ -1.515260835216406, 53.726087555736932 ], [ -1.517183199876768, 53.724782196656214 ], [ -1.541164510076376, 53.733717554235476 ], [ -1.555326745257159, 53.737448292716316 ], [ -1.548208919453633, 53.739446822194488 ], [ -1.540495214308073, 53.740407816053946 ], [ -1.536210716857074, 53.746459836450335 ] ] ] } },
{ "type": "Feature", "properties": { "geo_code": "E02002435", "geo_name": "Leeds 106" }, "geometry": { "type": "Polygon", "coordinates": [ [ [ -1.612515639979138, 53.746615769658945 ], [ -1.606279518393718, 53.745215668577849 ], [ -1.605436133929729, 53.742369665021918 ], [ -1.606509343407393, 53.742138199372363 ], [ -1.611541500894039, 53.738474366907738 ], [ -1.602254569605893, 53.738008780494837 ], [ -1.599544781274204, 53.737668986878163 ], [ -1.598782133903399, 53.730002489311325 ], [ -1.590134200777702, 53.733989648806578 ], [ -1.582142364532265, 53.733228645363859 ], [ -1.576413965833518, 53.734593780935462 ], [ -1.575026876170616, 53.733388968922803 ], [ -1.569258368403477, 53.729785004747995 ], [ -1.578242101902722, 53.730973076140849 ], [ -1.575010913907195, 53.728185081208089 ], [ -1.579039451046122, 53.727321596110293 ], [ -1.577772547310892, 53.725386838642912 ], [ -1.58890755049071, 53.717355293087358 ], [ -1.609596272466646, 53.721102409093945 ], [ -1.615059310269773, 53.719707123035889 ], [ -1.62313128558979, 53.718467115469885 ], [ -1.623230118008727, 53.721121126571923 ], [ -1.626785874691237, 53.724012677405376 ], [ -1.632110486862117, 53.730350681009355 ], [ -1.631993900309578, 53.731593083449617 ], [ -1.638569872416813, 53.746188661120378 ], [ -1.638577373012233, 53.746194031768994 ], [ -1.626129070583766, 53.746964669418169 ], [ -1.619409933975918, 53.74910875096203 ], [ -1.616003122401152, 53.746460913616751 ], [ -1.612547040994902, 53.749655942446445 ], [ -1.607752397939302, 53.747089422292028 ], [ -1.612515639979138, 53.746615769658945 ] ] ] } },
{ "type": "Feature", "properties": { "geo_code": "E02002436", "geo_name": "Leeds 107" }, "geometry": { "type": "Polygon", "coordinates": [ [ [ -1.527947635621444, 53.718888859494292 ], [ -1.543425470183234, 53.711917969943137 ], [ -1.544890873091304, 53.715739658080295 ], [ -1.557597043461631, 53.72015873408035 ], [ -1.564533237866984, 53.724575994891467 ], [ -1.565182543012077, 53.729605828445337 ], [ -1.565741428203017, 53.732735689288631 ], [ -1.575026876170616, 53.733388968922803 ], [ -1.576413965833518, 53.734593780935462 ], [ -1.567987938104503, 53.746363296991987 ], [ -1.563742004326084, 53.747259459530873 ], [ -1.560804409047522, 53.741002437985756 ], [ -1.555326745257159, 53.737448292716316 ], [ -1.541164510076376, 53.733717554235476 ], [ -1.517183199876768, 53.724782196656214 ], [ -1.523164337613676, 53.721408309027076 ], [ -1.527947635621444, 53.718888859494292 ] ] ] } },
{ "type": "Feature", "properties": { "geo_code": "E02002437", "geo_name": "Leeds 108" }, "geometry": { "type": "Polygon", "coordinates": [ [ [ -1.565741428203017, 53.732735689288631 ], [ -1.565182543012077, 53.729605828445337 ], [ -1.564533237866984, 53.724575994891467 ], [ -1.557597043461631, 53.72015873408035 ], [ -1.544890873091304, 53.715739658080295 ], [ -1.543425470183234, 53.711917969943137 ], [ -1.553113533254958, 53.703584890313458 ], [ -1.559265161042967, 53.699000633665143 ], [ -1.571132526018948, 53.706431703396987 ], [ -1.582131312480698, 53.713901937110897 ], [ -1.58890755049071, 53.717355293087358 ], [ -1.577772547310892, 53.725386838642912 ], [ -1.579039451046122, 53.727321596110293 ], [ -1.575010913907195, 53.728185081208089 ], [ -1.578242101902722, 53.730973076140849 ], [ -1.569258368403477, 53.729785004747995 ], [ -1.575026876170616, 53.733388968922803 ], [ -1.565741428203017, 53.732735689288631 ] ] ] } },
{ "type": "Feature", "properties": { "geo_code": "E02002443", "geo_name": "Wakefield 006" }, "geometry": { "type": "Polygon", "coordinates": [ [ [ -1.480334418574998, 53.701851781378942 ], [ -1.487783187321029, 53.700725008848032 ], [ -1.489042639648551, 53.696157594186971 ], [ -1.498082562361259, 53.697914388635368 ], [ -1.496150144281563, 53.70186900055301 ], [ -1.501900954275525, 53.701705084479514 ], [ -1.498698374536428, 53.704237532530577 ], [ -1.501970915926685, 53.706370496742458 ], [ -1.493267378423271, 53.706920810250338 ], [ -1.495452837953394, 53.708935646629392 ], [ -1.491310389847545, 53.710528557096367 ], [ -1.499749120629489, 53.71204352469838 ], [ -1.494532394061069, 53.715036986399433 ], [ -1.501421290849596, 53.715072615651017 ], [ -1.498655036884867, 53.717958443265587 ], [ -1.515260835216406, 53.726087555736932 ], [ -1.510790475038678, 53.729629767845779 ], [ -1.505578457209555, 53.729119369180246 ], [ -1.50132325714562, 53.723687194767507 ], [ -1.489132792024324, 53.723521441622076 ], [ -1.474018374960632, 53.720740278890183 ], [ -1.47502489282601, 53.717219801304651 ], [ -1.482233314669275, 53.715595325964081 ], [ -1.481483630079345, 53.708396991456851 ], [ -1.480152745878171, 53.70665677328499 ], [ -1.480334418574998, 53.701851781378942 ] ] ] } },
{ "type": "Feature", "properties": { "geo_code": "E02002444", "geo_name": "Wakefield 007" }, "geometry": { "type": "Polygon", "coordinates": [ [ [ -1.442832207795882, 53.728129886936721 ], [ -1.428257145723139, 53.721342114945351 ], [ -1.434381836004495, 53.721731368401322 ], [ -1.432061842292714, 53.717219910040448 ], [ -1.446689759690141, 53.718426065815315 ], [ -1.437185937836146, 53.717139719777677 ], [ -1.440374791475407, 53.714590407611936 ], [ -1.461974689302629, 53.71533390206897 ], [ -1.469865419297618, 53.71173545223121 ], [ -1.461951047739195, 53.708008588619435 ], [ -1.470741542580482, 53.70555001005463 ], [ -1.450822649523525, 53.697957992741813 ], [ -1.448831434481929, 53.68884465918228 ], [ -1.457858745331154, 53.68914828138255 ], [ -1.459658453298968, 53.682580647617698 ], [ -1.46798957761107, 53.684673344594813 ], [ -1.473450005707641, 53.692451745362412 ], [ -1.476097266071995, 53.695339352819225 ], [ -1.484404323559108, 53.694983843302481 ], [ -1.484458379714789, 53.695760428380389 ], [ -1.489042639648551, 53.696157594186971 ], [ -1.487783187321029, 53.700725008848032 ], [ -1.480334418574998, 53.701851781378942 ], [ -1.480152745878171, 53.70665677328499 ], [ -1.481483630079345, 53.708396991456851 ], [ -1.482233314669275, 53.715595325964081 ], [ -1.47502489282601, 53.717219801304651 ], [ -1.474018374960632, 53.720740278890183 ], [ -1.489132792024324, 53.723521441622076 ], [ -1.487963687898794, 53.72773396976644 ], [ -1.483069690516151, 53.727674060516044 ], [ -1.478135140039041, 53.727855042742995 ], [ -1.474134770552245, 53.727828036025983 ], [ -1.473025727823565, 53.727845065004963 ], [ -1.442832207795882, 53.728129886936721 ] ] ] } },
{ "type": "Feature", "properties": { "geo_code": "E02002445", "geo_name": "Wakefield 008" }, "geometry": { "type": "Polygon", "coordinates": [ [ [ -1.501970915926685, 53.706370496742458 ], [ -1.498698374536428, 53.704237532530577 ], [ -1.504458949194335, 53.704568073853395 ], [ -1.503344253977449, 53.695143734395764 ], [ -1.510816985907416, 53.694203732649541 ], [ -1.519464825385281, 53.690697828235663 ], [ -1.520147079997823, 53.693098846041501 ], [ -1.513967583749484, 53.696056124933797 ], [ -1.516358194425885, 53.698701640477317 ], [ -1.508982685163212, 53.704671715820162 ], [ -1.514176970910773, 53.709851353453296 ], [ -1.512073250275141, 53.712575278901106 ], [ -1.519862020896142, 53.713641427531599 ], [ -1.517814718420379, 53.717785743597425 ], [ -1.523164337613676, 53.721408309027076 ], [ -1.517183199876768, 53.724782196656214 ], [ -1.515260835216406, 53.726087555736932 ], [ -1.498655036884867, 53.717958443265587 ], [ -1.501421290849596, 53.715072615651017 ], [ -1.494532394061069, 53.715036986399433 ], [ -1.499749120629489, 53.71204352469838 ], [ -1.491310389847545, 53.710528557096367 ], [ -1.495452837953394, 53.708935646629392 ], [ -1.493267378423271, 53.706920810250338 ], [ -1.501970915926685, 53.706370496742458 ] ] ] } },
{ "type": "Feature", "properties": { "geo_code": "E02002451", "geo_name": "Wakefield 014" }, "geometry": { "type": "Polygon", "coordinates": [ [ [ -1.520147079997823, 53.693098846041501 ], [ -1.530984908006168, 53.692071841628682 ], [ -1.536943735083835, 53.693865402190816 ], [ -1.542988913344716, 53.696829291030483 ], [ -1.553113533254958, 53.703584890313458 ], [ -1.543425470183234, 53.711917969943137 ], [ -1.527947635621444, 53.718888859494292 ], [ -1.523164337613676, 53.721408309027076 ], [ -1.517814718420379, 53.717785743597425 ], [ -1.519862020896142, 53.713641427531599 ], [ -1.512073250275141, 53.712575278901106 ], [ -1.514176970910773, 53.709851353453296 ], [ -1.508982685163212, 53.704671715820162 ], [ -1.516358194425885, 53.698701640477317 ], [ -1.513967583749484, 53.696056124933797 ], [ -1.520147079997823, 53.693098846041501 ] ] ] } },
{ "type": "Feature", "properties": { "geo_code": "E02006852", "geo_name": "Leeds 109" }, "geometry": { "type": "Polygon", "coordinates": [ [ [ -1.586367671003815, 53.846058106601205 ], [ -1.576799016952135, 53.842202985618734 ], [ -1.570126750738432, 53.836289498410245 ], [ -1.563878244332836, 53.835411984133216 ], [ -1.575951607422075, 53.832681556645319 ], [ -1.568008984965226, 53.828605646935358 ], [ -1.566721993958702, 53.828345172994389 ], [ -1.567196501271273, 53.823899644270377 ], [ -1.568908562519295, 53.823872174774571 ], [ -1.572528267466237, 53.824207727471389 ], [ -1.580022156606892, 53.823571223657204 ], [ -1.58442132609772, 53.822252481807396 ], [ -1.588514575716695, 53.822260795691093 ], [ -1.589703077047687, 53.823714600679693 ], [ -1.598923774396472, 53.823168689111469 ], [ -1.60418321041324, 53.831186236191044 ], [ -1.60349157844681, 53.833097137476486 ], [ -1.604664581382672, 53.833085516521486 ], [ -1.604628737906018, 53.838794135501601 ], [ -1.599920051082192, 53.841607674945841 ], [ -1.593697088024744, 53.838077874476269 ], [ -1.589666310832732, 53.839804259915311 ], [ -1.586019814488172, 53.842365003035269 ], [ -1.594065761107049, 53.840410618837488 ], [ -1.593694243226689, 53.843915876719059 ], [ -1.592783734548745, 53.847742398646595 ], [ -1.586367671003815, 53.846058106601205 ] ] ] } },
{ "type": "Feature", "properties": { "geo_code": "E02006861", "geo_name": "Leeds 110" }, "geometry": { "type": "Polygon", "coordinates": [ [ [ -1.565412187817046, 53.820567559290183 ], [ -1.556248764971913, 53.820269596800763 ], [ -1.555726624308158, 53.820952146617429 ], [ -1.549540600572925, 53.818629947292656 ], [ -1.546026319660373, 53.817095265296139 ], [ -1.554132394756908, 53.814175231010914 ], [ -1.55748650838181, 53.814515105193607 ], [ -1.560219421206775, 53.814915352566288 ], [ -1.561688360117791, 53.814735592802052 ], [ -1.564130163300774, 53.812083556065687 ], [ -1.565861366814281, 53.810027915849453 ], [ -1.569238775039344, 53.811825501756516 ], [ -1.567797681106794, 53.814060631060322 ], [ -1.56878495048907, 53.81466051947401 ], [ -1.568980003352036, 53.81464979803242 ], [ -1.571761901983889, 53.813115284918439 ], [ -1.576159245933543, 53.814250508717038 ], [ -1.577053738109951, 53.816958493901424 ], [ -1.576458857661919, 53.817061171536203 ], [ -1.574962748561199, 53.820158818272532 ], [ -1.57845801934688, 53.822035245986193 ], [ -1.572528267466237, 53.824207727471389 ], [ -1.568908562519295, 53.823872174774571 ], [ -1.565412187817046, 53.820567559290183 ] ] ] } },
{ "type": "Feature", "properties": { "geo_code": "E02006875", "geo_name": "Leeds 111" }, "geometry": { "type": "Polygon", "coordinates": [ [ [ -1.529191744809476, 53.797527852016735 ], [ -1.533816231931454, 53.794608317127725 ], [ -1.534816427749674, 53.793781221118564 ], [ -1.538583237210617, 53.793866645124375 ], [ -1.539523600189312, 53.793385725638394 ], [ -1.535481468837694, 53.788068864209023 ], [ -1.538602167486038, 53.78598074760032 ], [ -1.544473340708814, 53.784796916348945 ], [ -1.545518304607931, 53.787820844452021 ], [ -1.551076396490971, 53.791823450015755 ], [ -1.557496328977191, 53.790544969393977 ], [ -1.56313998148154, 53.795937014536236 ], [ -1.561162806762076, 53.797638731644149 ], [ -1.560640000381126, 53.797321975877864 ], [ -1.551397049249837, 53.804248992081959 ], [ -1.547228897043141, 53.805178483327467 ], [ -1.545549047218554, 53.805190335232055 ], [ -1.536174462819143, 53.800286189239607 ], [ -1.533705202155812, 53.799826284234896 ], [ -1.527877792115558, 53.798661603859912 ], [ -1.529191744809476, 53.797527852016735 ] ] ] } },
{ "type": "Feature", "properties": { "geo_code": "E02006876", "geo_name": "Leeds 112" }, "geometry": { "type": "Polygon", "coordinates": [ [ [ -1.498897164393399, 53.775636276056581 ], [ -1.491663675956517, 53.767201270824017 ], [ -1.496251599127024, 53.765059094674058 ], [ -1.499159039219505, 53.7587521462506 ], [ -1.501743706137044, 53.75768645704256 ], [ -1.506543350501452, 53.760368645697021 ], [ -1.513617090143181, 53.763841728446508 ], [ -1.514946698444635, 53.769572457052064 ], [ -1.524172736426288, 53.768243210396008 ], [ -1.528763414095085, 53.772794862009768 ], [ -1.530645014140895, 53.77289262230812 ], [ -1.535887727136298, 53.775733784744723 ], [ -1.53844706621928, 53.773802114905962 ], [ -1.531799142389204, 53.770786079216087 ], [ -1.539692911024316, 53.770566754333821 ], [ -1.539623682815202, 53.770958136092048 ], [ -1.538954684149993, 53.775815684249864 ], [ -1.537534285053026, 53.778117151419522 ], [ -1.538366364843813, 53.779825399921393 ], [ -1.539255419721282, 53.781084942383423 ], [ -1.534092382343075, 53.783229401351917 ], [ -1.538602167476184, 53.785980748499078 ], [ -1.535481468837694, 53.788068864209023 ], [ -1.539523600189312, 53.793385725638394 ], [ -1.538583237210617, 53.793866645124375 ], [ -1.534816427749674, 53.793781221118564 ], [ -1.528092966845439, 53.790663866633921 ], [ -1.524980983920601, 53.787094180983964 ], [ -1.524873717914514, 53.786955701454488 ], [ -1.522764195567358, 53.784094858890434 ], [ -1.510930752854448, 53.776603596974986 ], [ -1.498897164393399, 53.775636276056581 ] ] ] } }
]
}
