{
"type": "FeatureCollection",
"name": "leeds_attractors",
"crs": { "type": "name", "properties": { "name": "urn:ogc:def:crs:OGC:1.3:CRS84" } },
"features": [
{ "type": "Feature", "properties": { "name": "Burley Park", "category": "transit_hub", "attractor_weight": 100.0 }, "geometry": { "type": "Point", "coordinates": [ -1.577847, 53.8120604 ] } },
{ "type": "Feature", "properties": { "name": "Morley", "category": "transit_hub", "attractor_weight": 100.0 }, "geometry": { "type": "Point", "coordinates": [ -1.589163, 53.7505897 ] } },
{ "type": "Feature", "properties": { "name": "University of Leeds (West Campus)", "category": "university", "attractor_weight": 30.0 }, "geometry": { "type": "Point", "coordinates": [ -1.5617698, 53.8077071 ] } },
{ "type": "Feature", "properties": { "name": "No. 1 Grill", "category": "retail_dining", "attractor_weight": 5.0 }, "geometry": { "type": "Point", "coordinates": [ -1.5566071, 53.804622 ] } },
{ "type": "Feature", "properties": { "name": "Bombay Junction", "category": "retail_dining", "attractor_weight": 5.0 }, "geometry": { "type": "Point", "coordinates": [ -1.6313228, 53.813294 ] } },
{ "type": "Feature", "properties": { "name": "Aagrah", "category": "retail_dining", "attractor_weight": 5.0 }, "geometry": { "type": "Point", "coordinates": [ -1.53382, 53.7973127 ] } },
{ "type": "Feature", "properties": { "name": "Little Snack Bar", "category": "retail_dining", "attractor_weight": 5.0 }, "geometry": { "type": "Point", "coordinates": [ -1.5516693, 53.8076304 ] } },
{ "type": "Feature", "properties": { "name": "Playroom", "category": "retail_dining", "attractor_weight": 5.0 }, "geometry": { "type": "Point", "coordinates": [ -1.5477671, 53.8011864 ] } },
{ "type": "Feature", "properties": { "name": "Cottingley", "category": "transit_hub", "attractor_weight": 100.0 }, "geometry": { "type": "Point", "coordinates": [ -1.5877727, 53.7680337 ] } },
{ "type": "Feature", "properties": { "name": "AMT Auto Cafe Bar", "category": "retail_dining", "attractor_weight": 5.0 }, "geometry": { "type": "Point", "coordinates": [ -1.5805078, 53.816794 ] } },
{ "type": "Feature", "properties": { "name": "Sainsbury's", "category": "grocery_mall", "attractor_weight": 15.0 }, "geometry": { "type": "Point", "coordinates": [ -1.5780826, 53.8219643 ] } },
{ "type": "Feature", "properties": { "name": "CoffeeBoy", "category": "retail_dining", "attractor_weight": 5.0 }, "geometry": { "type": "Point", "coordinates": [ -1.5776449, 53.8215275 ] } },
{ "type": "Feature", "properties": { "name": "No 14 Restaurant & Bar", "category": "retail_dining", "attractor_weight": 5.0 }, "geometry": { "type": "Point", "coordinates": [ -1.5790287, 53.8212896 ] } },
{ "type": "Feature", "properties": { "name": "Sukhothai", "category": "retail_dining", "attractor_weight": 5.0 }, "geometry": { "type": "Point", "coordinates": [ -1.5476182, 53.7989288 ] } },
{ "type": "Feature", "properties": { "name": "Oriental City", "category": "retail_dining", "attractor_weight": 5.0 }, "geometry": { "type": "Point", "coordinates": [ -1.5306987, 53.8050306 ] } },
{ "type": "Feature", "properties": { "name": "Lincoln Wing - A Block Entrance", "category": "hospital", "attractor_weight": 50.0 }, "geometry": { "type": "Point", "coordinates": [ -1.5205128, 53.8067154 ] } },
{ "type": "Feature", "properties": { "name": "St James's Hospital A&E", "category": "hospital", "attractor_weight": 50.0 }, "geometry": { "type": "Point", "coordinates": [ -1.5213303, 53.806396 ] } },
{ "type": "Feature", "properties": { "name": "Cancer Genetics Building", "category": "hospital", "attractor_weight": 50.0 }, "geometry": { "type": "Point", "coordinates": [ -1.5188053, 53.8084347 ] } },
{ "type": "Feature", "properties": { "name": "Gzing Restaurant", "category": "retail_dining", "attractor_weight": 5.0 }, "geometry": { "type": "Point", "coordinates": [ -1.527937, 53.8044309 ] } },
{ "type": "Feature", "properties": { "name": "Polish Shop", "category": "grocery_mall", "attractor_weight": 15.0 }, "geometry": { "type": "Point", "coordinates": [ -1.5873538, 53.7978624 ] } },
{ "type": "Feature", "properties": { "name": "Branch Cafe", "category": "retail_dining", "attractor_weight": 5.0 }, "geometry": { "type": "Point", "coordinates": [ -1.5878765, 53.7978665 ] } },
{ "type": "Feature", "properties": { "name": "CULTO", "category": "retail_dining", "attractor_weight": 5.0 }, "geometry": { "type": "Point", "coordinates": [ -1.5553977, 53.831135 ] } },
{ "type": "Feature", "properties": { "name": "Caring For Life - Crag House Farm", "category": "retail_dining", "attractor_weight": 5.0 }, "geometry": { "type": "Point", "coordinates": [ -1.6282906, 53.8670781 ] } },
{ "type": "Feature", "properties": { "name": "Bridge Bar", "category": "retail_dining", "attractor_weight": 5.0 }, "geometry": { "type": "Point", "coordinates": [ -1.5420643, 53.7944327 ] } },
{ "type": "Feature", "properties": { "name": "Slip's Deli", "category": "retail_dining", "attractor_weight": 5.0 }, "geometry": { "type": "Point", "coordinates": [ -1.5758418, 53.8118527 ] } },
{ "type": "Feature", "properties": { "name": "Tesco", "category": "grocery_mall", "attractor_weight": 15.0 }, "geometry": { "type": "Point", "coordinates": [ -1.6261058, 53.8114117 ] } },
{ "type": "Feature", "properties": { "name": "Nosso Prego Cafe And Restaurant", "category": "retail_dining", "attractor_weight": 5.0 }, "geometry": { "type": "Point", "coordinates": [ -1.5445844, 53.7788885 ] } },
{ "type": "Feature", "properties": { "name": "Bramley Cafe", "category": "retail_dining", "attractor_weight": 5.0 }, "geometry": { "type": "Point", "coordinates": [ -1.6263443, 53.80577 ] } },
{ "type": "Feature", "properties": { "name": "Kirkstall Brewery Residences", "category": "university", "attractor_weight": 30.0 }, "geometry": { "type": "Point", "coordinates": [ -1.6092865, 53.8150011 ] } },
{ "type": "Feature", "properties": { "name": "Aldi", "category": "grocery_mall", "attractor_weight": 15.0 }, "geometry": { "type": "Point", "coordinates": [ -1.5646098, 53.8283746 ] } },
{ "type": "Feature", "properties": { "name": "Morrisons", "category": "grocery_mall", "attractor_weight": 15.0 }, "geometry": { "type": "Point", "coordinates": [ -1.5449586, 53.8021905 ] } },
{ "type": "Feature", "properties": { "name": "Continental Supermarket", "category": "grocery_mall", "attractor_weight": 15.0 }, "geometry": { "type": "Point", "coordinates": [ -1.567907, 53.8114554 ] } },
{ "type": "Feature", "properties": { "name": "TGI Fridays", "category": "retail_dining", "attractor_weight": 5.0 }, "geometry": { "type": "Point", "coordinates": [ -1.5617237, 53.7976531 ] } },
{ "type": "Feature", "properties": { "name": "Asda", "category": "grocery_mall", "attractor_weight": 15.0 }, "geometry": { "type": "Point", "coordinates": [ -1.5871044, 53.8072519 ] } },
{ "type": "Feature", "properties": { "name": "Electric Shuffle", "category": "retail_dining", "attractor_weight": 5.0 }, "geometry": { "type": "Point", "coordinates": [ -1.5472577, 53.7993858 ] } },
{ "type": "Feature", "properties": { "name": "Chichini", "category": "retail_dining", "attractor_weight": 5.0 }, "geometry": { "type": "Point", "coordinates": [ -1.5617076, 53.8146162 ] } },
{ "type": "Feature", "properties": { "name": "Oranaise Café", "category": "retail_dining", "attractor_weight": 5.0 }, "geometry": { "type": "Point", "coordinates": [ -1.5609884, 53.814439 ] } },
{ "type": "Feature", "properties": { "name": "Blue Pavilion", "category": "retail_dining", "attractor_weight": 5.0 }, "geometry": { "type": "Point", "coordinates": [ -1.544496, 53.8009516 ] } },
{ "type": "Feature", "properties": { "name": "TK Maxx", "category": "retail_dining", "attractor_weight": 5.0 }, "geometry": { "type": "Point", "coordinates": [ -1.5433352, 53.7994703 ] } },
{ "type": "Feature", "properties": { "name": "Unnamed Attractor", "category": "retail_dining", "attractor_weight": 5.0 }, "geometry": { "type": "Point", "coordinates": [ -1.6438658, 53.7433579 ] } },
{ "type": "Feature", "properties": { "name": "Unnamed Attractor", "category": "retail_dining", "attractor_weight": 5.0 }, "geometry": { "type": "Point", "coordinates": [ -1.6434134, 53.7434362 ] } },
{ "type": "Feature", "properties": { "name": "Hive", "category": "retail_dining", "attractor_weight": 5.0 }, "geometry": { "type": "Point", "coordinates": [ -1.5538378, 53.7945013 ] } },
{ "type": "Feature", "properties": { "name": "Noocafe Armley", "category": "retail_dining", "attractor_weight": 5.0 }, "geometry": { "type": "Point", "coordinates": [ -1.5879102, 53.7979643 ] } },
{ "type": "Feature", "properties": { "name": "Bruno Venezia", "category": "retail_dining", "attractor_weight": 5.0 }, "geometry": { "type": "Point", "coordinates": [ -1.6098804, 53.8031018 ] } },
{ "type": "Feature", "properties": { "name": "Helen Sykes", "category": "retail_dining", "attractor_weight": 5.0 }, "geometry": { "type": "Point", "coordinates": [ -1.6097039, 53.8030343 ] } },
{ "type": "Feature", "properties": { "name": "PizzaExpress", "category": "retail_dining", "attractor_weight": 5.0 }, "geometry": { "type": "Point", "coordinates": [ -1.5320397, 53.7911208 ] } },
{ "type": "Feature", "properties": { "name": "Fearns", "category": "retail_dining", "attractor_weight": 5.0 }, "geometry": { "type": "Point", "coordinates": [ -1.5317398, 53.7902359 ] } },
{ "type": "Feature", "properties": { "name": "Mumtaz", "category": "retail_dining", "attractor_weight": 5.0 }, "geometry": { "type": "Point", "coordinates": [ -1.5341242, 53.7916027 ] } },
{ "type": "Feature", "properties": { "name": "Bibis Italianissimo", "category": "retail_dining", "attractor_weight": 5.0 }, "geometry": { "type": "Point", "coordinates": [ -1.5446264, 53.7943229 ] } },
{ "type": "Feature", "properties": { "name": "Banyan", "category": "retail_dining", "attractor_weight": 5.0 }, "geometry": { "type": "Point", "coordinates": [ -1.5478087, 53.7968026 ] } },
{ "type": "Feature", "properties": { "name": "The Restaurant Bar & Grill", "category": "retail_dining", "attractor_weight": 5.0 }, "geometry": { "type": "Point", "coordinates": [ -1.5480667, 53.796645 ] } },
{ "type": "Feature", "properties": { "name": "Wen's", "category": "retail_dining", "attractor_weight": 5.0 }, "geometry": { "type": "Point", "coordinates": [ -1.5379448, 53.8016593 ] } },
{ "type": "Feature", "properties": { "name": "The New Conservatory", "category": "retail_dining", "attractor_weight": 5.0 }, "geometry": { "type": "Point", "coordinates": [ -1.544866, 53.7977403 ] } },
{ "type": "Feature", "properties": { "name": "Brasserie Blanc", "category": "retail_dining", "attractor_weight": 5.0 }, "geometry": { "type": "Point", "coordinates": [ -1.5443781, 53.7928229 ] } },
{ "type": "Feature", "properties": { "name": "Chaophraya", "category": "retail_dining", "attractor_weight": 5.0 }, "geometry": { "type": "Point", "coordinates": [ -1.5438601, 53.7943767 ] } },
{ "type": "Feature", "properties": { "name": "Revolución de Cuba", "category": "retail_dining", "attractor_weight": 5.0 }, "geometry": { "type": "Point", "coordinates": [ -1.5421673, 53.7946769 ] } },
{ "type": "Feature", "properties": { "name": "Abu Bakar", "category": "grocery_mall", "attractor_weight": 15.0 }, "geometry": { "type": "Point", "coordinates": [ -1.5700779, 53.8100019 ] } },
{ "type": "Feature", "properties": { "name": "The Indian Feast", "category": "retail_dining", "attractor_weight": 5.0 }, "geometry": { "type": "Point", "coordinates": [ -1.5686428, 53.8125727 ] } },
{ "type": "Feature", "properties": { "name": "Orchid Lounge", "category": "retail_dining", "attractor_weight": 5.0 }, "geometry": { "type": "Point", "coordinates": [ -1.5397991, 53.7954061 ] } },
{ "type": "Feature", "properties": { "name": "Livin'Italy Dough House", "category": "retail_dining", "attractor_weight": 5.0 }, "geometry": { "type": "Point", "coordinates": [ -1.5405087, 53.7956727 ] } },
{ "type": "Feature", "properties": { "name": "Las Iguanas", "category": "retail_dining", "attractor_weight": 5.0 }, "geometry": { "type": "Point", "coordinates": [ -1.5402484, 53.7955989 ] } },
{ "type": "Feature", "properties": { "name": "Ambiente Tapas Y Bebidas", "category": "retail_dining", "attractor_weight": 5.0 }, "geometry": { "type": "Point", "coordinates": [ -1.5383935, 53.794766 ] } },
{ "type": "Feature", "properties": { "name": "Wapentake", "category": "retail_dining", "attractor_weight": 5.0 }, "geometry": { "type": "Point", "coordinates": [ -1.5387167, 53.7960931 ] } },
{ "type": "Feature", "properties": { "name": "Albaba", "category": "retail_dining", "attractor_weight": 5.0 }, "geometry": { "type": "Point", "coordinates": [ -1.5385372, 53.7962255 ] } },
{ "type": "Feature", "properties": { "name": "Caffè Nero", "category": "retail_dining", "attractor_weight": 5.0 }, "geometry": { "type": "Point", "coordinates": [ -1.5389388, 53.8291233 ] } },
{ "type": "Feature", "properties": { "name": "Seven", "category": "retail_dining", "attractor_weight": 5.0 }, "geometry": { "type": "Point", "coordinates": [ -1.5375761, 53.8279052 ] } },
{ "type": "Feature", "properties": { "name": "Leon's Cafe", "category": "retail_dining", "attractor_weight": 5.0 }, "geometry": { "type": "Point", "coordinates": [ -1.5910683, 53.7966032 ] } },
{ "type": "Feature", "properties": { "name": "Point Break", "category": "retail_dining", "attractor_weight": 5.0 }, "geometry": { "type": "Point", "coordinates": [ -1.5933909, 53.79644 ] } },
{ "type": "Feature", "properties": { "name": "Armley Food Centre", "category": "grocery_mall", "attractor_weight": 15.0 }, "geometry": { "type": "Point", "coordinates": [ -1.5896398, 53.7973556 ] } },
{ "type": "Feature", "properties": { "name": "Nadia Bridal House", "category": "retail_dining", "attractor_weight": 5.0 }, "geometry": { "type": "Point", "coordinates": [ -1.5894269, 53.7971011 ] } },
{ "type": "Feature", "properties": { "name": "MOG's", "category": "retail_dining", "attractor_weight": 5.0 }, "geometry": { "type": "Point", "coordinates": [ -1.5992088, 53.8165861 ] } },
{ "type": "Feature", "properties": { "name": "Residence", "category": "retail_dining", "attractor_weight": 5.0 }, "geometry": { "type": "Point", "coordinates": [ -1.5780422, 53.8210899 ] } },
{ "type": "Feature", "properties": { "name": "Costa", "category": "retail_dining", "attractor_weight": 5.0 }, "geometry": { "type": "Point", "coordinates": [ -1.5412742, 53.7872134 ] } },
{ "type": "Feature", "properties": { "name": "Istanbul Kebab", "category": "retail_dining", "attractor_weight": 5.0 }, "geometry": { "type": "Point", "coordinates": [ -1.5398982, 53.7965135 ] } },
{ "type": "Feature", "properties": { "name": "The Underground Bakery", "category": "retail_dining", "attractor_weight": 5.0 }, "geometry": { "type": "Point", "coordinates": [ -1.5398603, 53.7963581 ] } },
{ "type": "Feature", "properties": { "name": "Fibre", "category": "retail_dining", "attractor_weight": 5.0 }, "geometry": { "type": "Point", "coordinates": [ -1.5423158, 53.7950442 ] } },
{ "type": "Feature", "properties": { "name": "Viet Bistro", "category": "retail_dining", "attractor_weight": 5.0 }, "geometry": { "type": "Point", "coordinates": [ -1.5423889, 53.7955758 ] } },
{ "type": "Feature", "properties": { "name": "Bella Italia", "category": "retail_dining", "attractor_weight": 5.0 }, "geometry": { "type": "Point", "coordinates": [ -1.5422874, 53.7963347 ] } },
{ "type": "Feature", "properties": { "name": "Flannels", "category": "retail_dining", "attractor_weight": 5.0 }, "geometry": { "type": "Point", "coordinates": [ -1.5419033, 53.797507 ] } },
{ "type": "Feature", "properties": { "name": "Harvey Nichols", "category": "retail_dining", "attractor_weight": 5.0 }, "geometry": { "type": "Point", "coordinates": [ -1.5415984, 53.7979836 ] } },
{ "type": "Feature", "properties": { "name": "Louis Vuitton", "category": "retail_dining", "attractor_weight": 5.0 }, "geometry": { "type": "Point", "coordinates": [ -1.5418889, 53.7985098 ] } },
{ "type": "Feature", "properties": { "name": "Black Sheep Coffee", "category": "retail_dining", "attractor_weight": 5.0 }, "geometry": { "type": "Point", "coordinates": [ -1.5418417, 53.7985909 ] } },
{ "type": "Feature", "properties": { "name": "Starbucks", "category": "retail_dining", "attractor_weight": 5.0 }, "geometry": { "type": "Point", "coordinates": [ -1.5422507, 53.7986835 ] } },
{ "type": "Feature", "properties": { "name": "Caffè Nero", "category": "retail_dining", "attractor_weight": 5.0 }, "geometry": { "type": "Point", "coordinates": [ -1.5431906, 53.7991152 ] } },
{ "type": "Feature", "properties": { "name": "Da Mario", "category": "retail_dining", "attractor_weight": 5.0 }, "geometry": { "type": "Point", "coordinates": [ -1.5455674, 53.7993619 ] } },
{ "type": "Feature", "properties": { "name": "Miller & Carter", "category": "retail_dining", "attractor_weight": 5.0 }, "geometry": { "type": "Point", "coordinates": [ -1.5459115, 53.799697 ] } },
{ "type": "Feature", "properties": { "name": "Fluffy Fluffy", "category": "retail_dining", "attractor_weight": 5.0 }, "geometry": { "type": "Point", "coordinates": [ -1.5462079, 53.7997115 ] } },
{ "type": "Feature", "properties": { "name": "Starbucks", "category": "retail_dining", "attractor_weight": 5.0 }, "geometry": { "type": "Point", "coordinates": [ -1.5463084, 53.7997128 ] } },
{ "type": "Feature", "properties": { "name": "Browns", "category": "retail_dining", "attractor_weight": 5.0 }, "geometry": { "type": "Point", "coordinates": [ -1.5468009, 53.7997521 ] } },
{ "type": "Feature", "properties": { "name": "Red Chilli", "category": "retail_dining", "attractor_weight": 5.0 }, "geometry": { "type": "Point", "coordinates": [ -1.5475949, 53.8009423 ] } },
{ "type": "Feature", "properties": { "name": "Revolution", "category": "retail_dining", "attractor_weight": 5.0 }, "geometry": { "type": "Point", "coordinates": [ -1.547575, 53.8011453 ] } },
{ "type": "Feature", "properties": { "name": "Be At One", "category": "retail_dining", "attractor_weight": 5.0 }, "geometry": { "type": "Point", "coordinates": [ -1.5483621, 53.8009215 ] } },
{ "type": "Feature", "properties": { "name": "Le Cafe", "category": "retail_dining", "attractor_weight": 5.0 }, "geometry": { "type": "Point", "coordinates": [ -1.5839293, 53.8068935 ] } },
{ "type": "Feature", "properties": { "name": "Kulture", "category": "retail_dining", "attractor_weight": 5.0 }, "geometry": { "type": "Point", "coordinates": [ -1.583378, 53.8067235 ] } },
{ "type": "Feature", "properties": { "name": "Sainsbury's", "category": "grocery_mall", "attractor_weight": 15.0 }, "geometry": { "type": "Point", "coordinates": [ -1.5435955, 53.7996179 ] } },
{ "type": "Feature", "properties": { "name": "The Grill On The Square - Blackhouse", "category": "retail_dining", "attractor_weight": 5.0 }, "geometry": { "type": "Point", "coordinates": [ -1.5488868, 53.797954 ] } },
{ "type": "Feature", "properties": { "name": "Le Chalet", "category": "retail_dining", "attractor_weight": 5.0 }, "geometry": { "type": "Point", "coordinates": [ -1.547274, 53.7981675 ] } },
{ "type": "Feature", "properties": { "name": "Indian Tiffin Room", "category": "retail_dining", "attractor_weight": 5.0 }, "geometry": { "type": "Point", "coordinates": [ -1.5472793, 53.7982864 ] } },
{ "type": "Feature", "properties": { "name": "The Slug & Lettuce", "category": "retail_dining", "attractor_weight": 5.0 }, "geometry": { "type": "Point", "coordinates": [ -1.546842, 53.7984781 ] } },
{ "type": "Feature", "properties": { "name": "Carol's", "category": "retail_dining", "attractor_weight": 5.0 }, "geometry": { "type": "Point", "coordinates": [ -1.6325625, 53.8140719 ] } },
{ "type": "Feature", "properties": { "name": "Sandinista", "category": "retail_dining", "attractor_weight": 5.0 }, "geometry": { "type": "Point", "coordinates": [ -1.5410355, 53.8010166 ] } },
{ "type": "Feature", "properties": { "name": "My Thai", "category": "retail_dining", "attractor_weight": 5.0 }, "geometry": { "type": "Point", "coordinates": [ -1.5433062, 53.8013904 ] } },
{ "type": "Feature", "properties": { "name": "Fuji Hiro", "category": "retail_dining", "attractor_weight": 5.0 }, "geometry": { "type": "Point", "coordinates": [ -1.5432606, 53.8014633 ] } },
{ "type": "Feature", "properties": { "name": "Kendells Bistro", "category": "retail_dining", "attractor_weight": 5.0 }, "geometry": { "type": "Point", "coordinates": [ -1.5331891, 53.7971349 ] } },
{ "type": "Feature", "properties": { "name": "Riveresque Cafe Bar", "category": "retail_dining", "attractor_weight": 5.0 }, "geometry": { "type": "Point", "coordinates": [ -1.5418616, 53.7942004 ] } },
{ "type": "Feature", "properties": { "name": "Viva", "category": "retail_dining", "attractor_weight": 5.0 }, "geometry": { "type": "Point", "coordinates": [ -1.5419426, 53.794313 ] } },
{ "type": "Feature", "properties": { "name": "Hygge Cafe", "category": "retail_dining", "attractor_weight": 5.0 }, "geometry": { "type": "Point", "coordinates": [ -1.5449938, 53.8016811 ] } },
{ "type": "Feature", "properties": { "name": "Phranakhon Tapas And Bar", "category": "retail_dining", "attractor_weight": 5.0 }, "geometry": { "type": "Point", "coordinates": [ -1.5521028, 53.7969419 ] } },
{ "type": "Feature", "properties": { "name": "Scufflers", "category": "retail_dining", "attractor_weight": 5.0 }, "geometry": { "type": "Point", "coordinates": [ -1.6365936, 53.8065234 ] } },
{ "type": "Feature", "properties": { "name": "The School Uniform Shop", "category": "retail_dining", "attractor_weight": 5.0 }, "geometry": { "type": "Point", "coordinates": [ -1.5667425, 53.8290983 ] } },
{ "type": "Feature", "properties": { "name": "Via Verde", "category": "retail_dining", "attractor_weight": 5.0 }, "geometry": { "type": "Point", "coordinates": [ -1.5674566, 53.8293589 ] } },
{ "type": "Feature", "properties": { "name": "Hu Nan Chinese Resturant", "category": "retail_dining", "attractor_weight": 5.0 }, "geometry": { "type": "Point", "coordinates": [ -1.5561074, 53.8111095 ] } },
{ "type": "Feature", "properties": { "name": "Nora Lounge", "category": "retail_dining", "attractor_weight": 5.0 }, "geometry": { "type": "Point", "coordinates": [ -1.5561388, 53.8112391 ] } },
{ "type": "Feature", "properties": { "name": "La Besi Restaurant", "category": "retail_dining", "attractor_weight": 5.0 }, "geometry": { "type": "Point", "coordinates": [ -1.557401, 53.8105147 ] } },
{ "type": "Feature", "properties": { "name": "RendezVu Cafe & Grill", "category": "retail_dining", "attractor_weight": 5.0 }, "geometry": { "type": "Point", "coordinates": [ -1.5577179, 53.8103631 ] } },
{ "type": "Feature", "properties": { "name": "Rumbles House Cafe", "category": "retail_dining", "attractor_weight": 5.0 }, "geometry": { "type": "Point", "coordinates": [ -1.6098329, 53.7854168 ] } },
{ "type": "Feature", "properties": { "name": "Tharavadu", "category": "retail_dining", "attractor_weight": 5.0 }, "geometry": { "type": "Point", "coordinates": [ -1.5455529, 53.7954449 ] } },
{ "type": "Feature", "properties": { "name": "Caffè Nero", "category": "retail_dining", "attractor_weight": 5.0 }, "geometry": { "type": "Point", "coordinates": [ -1.5448893, 53.7958921 ] } },
{ "type": "Feature", "properties": { "name": "Sous le Nez", "category": "retail_dining", "attractor_weight": 5.0 }, "geometry": { "type": "Point", "coordinates": [ -1.5490551, 53.796555 ] } },
{ "type": "Feature", "properties": { "name": "Leeds Law School", "category": "university", "attractor_weight": 30.0 }, "geometry": { "type": "Point", "coordinates": [ -1.5488161, 53.7967871 ] } },
{ "type": "Feature", "properties": { "name": "My Thai", "category": "retail_dining", "attractor_weight": 5.0 }, "geometry": { "type": "Point", "coordinates": [ -1.5540968, 53.7972798 ] } },
{ "type": "Feature", "properties": { "name": "Bagel Factory", "category": "retail_dining", "attractor_weight": 5.0 }, "geometry": { "type": "Point", "coordinates": [ -1.5541531, 53.7986302 ] } },
{ "type": "Feature", "properties": { "name": "Starbucks", "category": "retail_dining", "attractor_weight": 5.0 }, "geometry": { "type": "Point", "coordinates": [ -1.5564866, 53.7970754 ] } },
{ "type": "Feature", "properties": { "name": "Senbon Sakura", "category": "retail_dining", "attractor_weight": 5.0 }, "geometry": { "type": "Point", "coordinates": [ -1.5528632, 53.8010667 ] } },
{ "type": "Feature", "properties": { "name": "El's Gourmet", "category": "retail_dining", "attractor_weight": 5.0 }, "geometry": { "type": "Point", "coordinates": [ -1.551833, 53.8010138 ] } },
{ "type": "Feature", "properties": { "name": "Union Coffee House", "category": "retail_dining", "attractor_weight": 5.0 }, "geometry": { "type": "Point", "coordinates": [ -1.551406, 53.8009723 ] } },
{ "type": "Feature", "properties": { "name": "Stage Espresso & Brewbar", "category": "retail_dining", "attractor_weight": 5.0 }, "geometry": { "type": "Point", "coordinates": [ -1.5509139, 53.800817 ] } },
{ "type": "Feature", "properties": { "name": "Thai Edge", "category": "retail_dining", "attractor_weight": 5.0 }, "geometry": { "type": "Point", "coordinates": [ -1.5493497, 53.8010188 ] } },
{ "type": "Feature", "properties": { "name": "The Oak Tree", "category": "retail_dining", "attractor_weight": 5.0 }, "geometry": { "type": "Point", "coordinates": [ -1.6713823, 53.7400347 ] } },
{ "type": "Feature", "properties": { "name": "Cucina", "category": "retail_dining", "attractor_weight": 5.0 }, "geometry": { "type": "Point", "coordinates": [ -1.599995, 53.7435355 ] } },
{ "type": "Feature", "properties": { "name": "Rupyal Restaurant", "category": "retail_dining", "attractor_weight": 5.0 }, "geometry": { "type": "Point", "coordinates": [ -1.663873, 53.8062393 ] } },
{ "type": "Feature", "properties": { "name": "Garnet Fisheries", "category": "retail_dining", "attractor_weight": 5.0 }, "geometry": { "type": "Point", "coordinates": [ -1.5431006, 53.7753459 ] } },
{ "type": "Feature", "properties": { "name": "Park Halt", "category": "transit_hub", "attractor_weight": 100.0 }, "geometry": { "type": "Point", "coordinates": [ -1.5363956, 53.7614562 ] } },
{ "type": "Feature", "properties": { "name": "Pit Stop", "category": "retail_dining", "attractor_weight": 5.0 }, "geometry": { "type": "Point", "coordinates": [ -1.5361879, 53.7793977 ] } },
{ "type": "Feature", "properties": { "name": "Westwood Mini Market", "category": "grocery_mall", "attractor_weight": 15.0 }, "geometry": { "type": "Point", "coordinates": [ -1.5574751, 53.7475383 ] } },
{ "type": "Feature", "properties": { "name": "Sissons Stores", "category": "grocery_mall", "attractor_weight": 15.0 }, "geometry": { "type": "Point", "coordinates": [ -1.5506234, 53.7445699 ] } },
{ "type": "Feature", "properties": { "name": "Alishaan Indian Bistro", "category": "retail_dining", "attractor_weight": 5.0 }, "geometry": { "type": "Point", "coordinates": [ -1.627743, 53.7576951 ] } },
{ "type": "Feature", "properties": { "name": "Cottingley Children's Centre", "category": "school", "attractor_weight": 20.0 }, "geometry": { "type": "Point", "coordinates": [ -1.5820103, 53.7682376 ] } },
{ "type": "Feature", "properties": { "name": "Springfield Day Centre", "category": "school", "attractor_weight": 20.0 }, "geometry": { "type": "Point", "coordinates": [ -1.5820922, 53.7684645 ] } },
{ "type": "Feature", "properties": { "name": "Kings Cantonese Restaurant", "category": "retail_dining", "attractor_weight": 5.0 }, "geometry": { "type": "Point", "coordinates": [ -1.6609745, 53.7566791 ] } },
{ "type": "Feature", "properties": { "name": "Cafe Blanco", "category": "retail_dining", "attractor_weight": 5.0 }, "geometry": { "type": "Point", "coordinates": [ -1.600709, 53.7835908 ] } },
{ "type": "Feature", "properties": { "name": "Shezzaan's", "category": "retail_dining", "attractor_weight": 5.0 }, "geometry": { "type": "Point", "coordinates": [ -1.6899936, 53.8010082 ] } },
{ "type": "Feature", "properties": { "name": "Seven Steps", "category": "retail_dining", "attractor_weight": 5.0 }, "geometry": { "type": "Point", "coordinates": [ -1.6683669, 53.7927822 ] } },
{ "type": "Feature", "properties": { "name": "B.E.S.T.", "category": "retail_dining", "attractor_weight": 5.0 }, "geometry": { "type": "Point", "coordinates": [ -1.6263299, 53.8116869 ] } },
{ "type": "Feature", "properties": { "name": "Birkenshaw Liberal Club", "category": "retail_dining", "attractor_weight": 5.0 }, "geometry": { "type": "Point", "coordinates": [ -1.6926, 53.7522422 ] } },
{ "type": "Feature", "properties": { "name": "Desi Spice Restaurant", "category": "retail_dining", "attractor_weight": 5.0 }, "geometry": { "type": "Point", "coordinates": [ -1.693803, 53.7525117 ] } },
{ "type": "Feature", "properties": { "name": "Out of the Woods", "category": "retail_dining", "attractor_weight": 5.0 }, "geometry": { "type": "Point", "coordinates": [ -1.5535381, 53.791611 ] } },
{ "type": "Feature", "properties": { "name": "OWT", "category": "retail_dining", "attractor_weight": 5.0 }, "geometry": { "type": "Point", "coordinates": [ -1.5688225, 53.8045538 ] } },
{ "type": "Feature", "properties": { "name": "Paul Sykes Urology Centre", "category": "hospital", "attractor_weight": 50.0 }, "geometry": { "type": "Point", "coordinates": [ -1.5221743, 53.8076363 ] } },
{ "type": "Feature", "properties": { "name": "Caffè Nero", "category": "retail_dining", "attractor_weight": 5.0 }, "geometry": { "type": "Point", "coordinates": [ -1.5466713, 53.7978511 ] } },
{ "type": "Feature", "properties": { "name": "Gaucho", "category": "retail_dining", "attractor_weight": 5.0 }, "geometry": { "type": "Point", "coordinates": [ -1.5468666, 53.7992336 ] } },
{ "type": "Feature", "properties": { "name": "Black Cat Club", "category": "retail_dining", "attractor_weight": 5.0 }, "geometry": { "type": "Point", "coordinates": [ -1.5473541, 53.7975928 ] } },
{ "type": "Feature", "properties": { "name": "Student Union Bar", "category": "retail_dining", "attractor_weight": 5.0 }, "geometry": { "type": "Point", "coordinates": [ -1.5906174, 53.8275144 ] } },
{ "type": "Feature", "properties": { "name": "Cafe 53", "category": "retail_dining", "attractor_weight": 5.0 }, "geometry": { "type": "Point", "coordinates": [ -1.5953172, 53.7999691 ] } },
{ "type": "Feature", "properties": { "name": "Student Union Coffee Bar", "category": "retail_dining", "attractor_weight": 5.0 }, "geometry": { "type": "Point", "coordinates": [ -1.5912547, 53.827652 ] } },
{ "type": "Feature", "properties": { "name": "Reception/Helpzone", "category": "university", "attractor_weight": 30.0 }, "geometry": { "type": "Point", "coordinates": [ -1.5915056, 53.8275128 ] } },
{ "type": "Feature", "properties": { "name": "Ciao Bella", "category": "retail_dining", "attractor_weight": 5.0 }, "geometry": { "type": "Point", "coordinates": [ -1.5402244, 53.7935273 ] } },
{ "type": "Feature", "properties": { "name": "LUU Co-op", "category": "grocery_mall", "attractor_weight": 15.0 }, "geometry": { "type": "Point", "coordinates": [ -1.5560716, 53.8066245 ] } },
{ "type": "Feature", "properties": { "name": "Explorers Cafe", "category": "retail_dining", "attractor_weight": 5.0 }, "geometry": { "type": "Point", "coordinates": [ -1.5044202, 53.8401444 ] } },
{ "type": "Feature", "properties": { "name": "Kith & Kin", "category": "retail_dining", "attractor_weight": 5.0 }, "geometry": { "type": "Point", "coordinates": [ -1.539368, 53.829087 ] } },
{ "type": "Feature", "properties": { "name": "Lidl", "category": "grocery_mall", "attractor_weight": 15.0 }, "geometry": { "type": "Point", "coordinates": [ -1.5355109, 53.8255898 ] } },
{ "type": "Feature", "properties": { "name": "Shed", "category": "retail_dining", "attractor_weight": 5.0 }, "geometry": { "type": "Point", "coordinates": [ -1.543882, 53.794921 ] } },
{ "type": "Feature", "properties": { "name": "The Stone Roses Bar", "category": "retail_dining", "attractor_weight": 5.0 }, "geometry": { "type": "Point", "coordinates": [ -1.5426436, 53.794917 ] } },
{ "type": "Feature", "properties": { "name": "KF Bakery & Takeaway", "category": "retail_dining", "attractor_weight": 5.0 }, "geometry": { "type": "Point", "coordinates": [ -1.5302357, 53.802712 ] } },
{ "type": "Feature", "properties": { "name": "Costa", "category": "retail_dining", "attractor_weight": 5.0 }, "geometry": { "type": "Point", "coordinates": [ -1.6430213, 53.7459273 ] } },
{ "type": "Feature", "properties": { "name": "World Football", "category": "retail_dining", "attractor_weight": 5.0 }, "geometry": { "type": "Point", "coordinates": [ -1.5293357, 53.8037263 ] } },
{ "type": "Feature", "properties": { "name": "Northern Film School", "category": "university", "attractor_weight": 30.0 }, "geometry": { "type": "Point", "coordinates": [ -1.5476213, 53.8012316 ] } },
{ "type": "Feature", "properties": { "name": "Ice Stone Gelato", "category": "retail_dining", "attractor_weight": 5.0 }, "geometry": { "type": "Point", "coordinates": [ -1.6306062, 53.71306 ] } },
{ "type": "Feature", "properties": { "name": "Skyliner Fish and Chips", "category": "retail_dining", "attractor_weight": 5.0 }, "geometry": { "type": "Point", "coordinates": [ -1.44119, 53.798395 ] } },
{ "type": "Feature", "properties": { "name": "Flight Club", "category": "retail_dining", "attractor_weight": 5.0 }, "geometry": { "type": "Point", "coordinates": [ -1.5473097, 53.7992492 ] } },
{ "type": "Feature", "properties": { "name": "Roses Cafe", "category": "retail_dining", "attractor_weight": 5.0 }, "geometry": { "type": "Point", "coordinates": [ -1.4684213, 53.8078983 ] } },
{ "type": "Feature", "properties": { "name": "Bakery 164", "category": "retail_dining", "attractor_weight": 5.0 }, "geometry": { "type": "Point", "coordinates": [ -1.5520574, 53.8082762 ] } },
{ "type": "Feature", "properties": { "name": "Cafe Miro", "category": "retail_dining", "attractor_weight": 5.0 }, "geometry": { "type": "Point", "coordinates": [ -1.5518779, 53.8078111 ] } },
{ "type": "Feature", "properties": { "name": "Moghul", "category": "retail_dining", "attractor_weight": 5.0 }, "geometry": { "type": "Point", "coordinates": [ -1.6427608, 53.836819 ] } },
{ "type": "Feature", "properties": { "name": "Beyond The Red Door", "category": "retail_dining", "attractor_weight": 5.0 }, "geometry": { "type": "Point", "coordinates": [ -1.6419831, 53.8371938 ] } },
{ "type": "Feature", "properties": { "name": "Dawn's Diner", "category": "retail_dining", "attractor_weight": 5.0 }, "geometry": { "type": "Point", "coordinates": [ -1.6483642, 53.8334628 ] } },
{ "type": "Feature", "properties": { "name": "Starbucks", "category": "retail_dining", "attractor_weight": 5.0 }, "geometry": { "type": "Point", "coordinates": [ -1.5480733, 53.7953646 ] } },
{ "type": "Feature", "properties": { "name": "CC Continental Supermarket", "category": "grocery_mall", "attractor_weight": 15.0 }, "geometry": { "type": "Point", "coordinates": [ -1.5338698, 53.8135846 ] } },
{ "type": "Feature", "properties": { "name": "Café 7", "category": "retail_dining", "attractor_weight": 5.0 }, "geometry": { "type": "Point", "coordinates": [ -1.5555033, 53.8034433 ] } },
{ "type": "Feature", "properties": { "name": "BOSCOS", "category": "retail_dining", "attractor_weight": 5.0 }, "geometry": { "type": "Point", "coordinates": [ -1.6944595, 53.7517659 ] } },
{ "type": "Feature", "properties": { "name": "Slow Rise Bakery", "category": "retail_dining", "attractor_weight": 5.0 }, "geometry": { "type": "Point", "coordinates": [ -1.640564, 53.8321885 ] } },
{ "type": "Feature", "properties": { "name": "Bloom Juice", "category": "retail_dining", "attractor_weight": 5.0 }, "geometry": { "type": "Point", "coordinates": [ -1.5461694, 53.7976749 ] } },
{ "type": "Feature", "properties": { "name": "The Barn", "category": "retail_dining", "attractor_weight": 5.0 }, "geometry": { "type": "Point", "coordinates": [ -1.6931335, 53.8577013 ] } },
{ "type": "Feature", "properties": { "name": "Caffè Nero", "category": "retail_dining", "attractor_weight": 5.0 }, "geometry": { "type": "Point", "coordinates": [ -1.5545284, 53.8048031 ] } },
{ "type": "Feature", "properties": { "name": "LS6", "category": "retail_dining", "attractor_weight": 5.0 }, "geometry": { "type": "Point", "coordinates": [ -1.5621779, 53.8151221 ] } },
{ "type": "Feature", "properties": { "name": "Caffè Nero", "category": "retail_dining", "attractor_weight": 5.0 }, "geometry": { "type": "Point", "coordinates": [ -1.5778221, 53.8211398 ] } },
{ "type": "Feature", "properties": { "name": "Miller & Carter", "category": "retail_dining", "attractor_weight": 5.0 }, "geometry": { "type": "Point", "coordinates": [ -1.4046035, 53.7869778 ] } },
{ "type": "Feature", "properties": { "name": "Heart Cafe", "category": "retail_dining", "attractor_weight": 5.0 }, "geometry": { "type": "Point", "coordinates": [ -1.5777102, 53.8202609 ] } },
{ "type": "Feature", "properties": { "name": "PizzaExpress", "category": "retail_dining", "attractor_weight": 5.0 }, "geometry": { "type": "Point", "coordinates": [ -1.5779355, 53.8218299 ] } },
{ "type": "Feature", "properties": { "name": "Ciannella's Tapas & Wine", "category": "retail_dining", "attractor_weight": 5.0 }, "geometry": { "type": "Point", "coordinates": [ -1.566647, 53.8286658 ] } },
{ "type": "Feature", "properties": { "name": "Victoria Corner Cafe", "category": "retail_dining", "attractor_weight": 5.0 }, "geometry": { "type": "Point", "coordinates": [ -1.5744003, 53.8142006 ] } },
{ "type": "Feature", "properties": { "name": "Abbey Wedding Warehouse", "category": "retail_dining", "attractor_weight": 5.0 }, "geometry": { "type": "Point", "coordinates": [ -1.6025998, 53.8157179 ] } },
{ "type": "Feature", "properties": { "name": "Raja's Tandor", "category": "retail_dining", "attractor_weight": 5.0 }, "geometry": { "type": "Point", "coordinates": [ -1.5197883, 53.8140663 ] } },
{ "type": "Feature", "properties": { "name": "Malmaison Brasserie", "category": "retail_dining", "attractor_weight": 5.0 }, "geometry": { "type": "Point", "coordinates": [ -1.5427506, 53.7941167 ] } },
{ "type": "Feature", "properties": { "name": "Arusuvai", "category": "retail_dining", "attractor_weight": 5.0 }, "geometry": { "type": "Point", "coordinates": [ -1.6010619, 53.8149252 ] } },
{ "type": "Feature", "properties": { "name": "Temple Newsam Tea Rooms", "category": "retail_dining", "attractor_weight": 5.0 }, "geometry": { "type": "Point", "coordinates": [ -1.4583426, 53.7846813 ] } },
{ "type": "Feature", "properties": { "name": "Cafe Lento", "category": "retail_dining", "attractor_weight": 5.0 }, "geometry": { "type": "Point", "coordinates": [ -1.5809966, 53.8199649 ] } },
{ "type": "Feature", "properties": { "name": "Unnamed Attractor", "category": "retail_dining", "attractor_weight": 5.0 }, "geometry": { "type": "Point", "coordinates": [ -1.5820716, 53.8269255 ] } },
{ "type": "Feature", "properties": { "name": "Coffee RAND", "category": "retail_dining", "attractor_weight": 5.0 }, "geometry": { "type": "Point", "coordinates": [ -1.5517437, 53.8076979 ] } },
{ "type": "Feature", "properties": { "name": "Taste the Orient", "category": "grocery_mall", "attractor_weight": 15.0 }, "geometry": { "type": "Point", "coordinates": [ -1.5511765, 53.8073773 ] } },
{ "type": "Feature", "properties": { "name": "Nazams", "category": "retail_dining", "attractor_weight": 5.0 }, "geometry": { "type": "Point", "coordinates": [ -1.5564905, 53.814231 ] } },
{ "type": "Feature", "properties": { "name": "Wawin", "category": "retail_dining", "attractor_weight": 5.0 }, "geometry": { "type": "Point", "coordinates": [ -1.5567319, 53.8142738 ] } },
{ "type": "Feature", "properties": { "name": "Akbar's", "category": "retail_dining", "attractor_weight": 5.0 }, "geometry": { "type": "Point", "coordinates": [ -1.5382448, 53.7989157 ] } },
{ "type": "Feature", "properties": { "name": "Yum Yum", "category": "retail_dining", "attractor_weight": 5.0 }, "geometry": { "type": "Point", "coordinates": [ -1.5372815, 53.7936108 ] } },
{ "type": "Feature", "properties": { "name": "Chellys Deli", "category": "retail_dining", "attractor_weight": 5.0 }, "geometry": { "type": "Point", "coordinates": [ -1.4918124, 53.8157476 ] } },
{ "type": "Feature", "properties": { "name": "Taag Leeds", "category": "retail_dining", "attractor_weight": 5.0 }, "geometry": { "type": "Point", "coordinates": [ -1.5500172, 53.800831 ] } },
{ "type": "Feature", "properties": { "name": "SriNon Thai", "category": "retail_dining", "attractor_weight": 5.0 }, "geometry": { "type": "Point", "coordinates": [ -1.55079, 53.8007592 ] } },
{ "type": "Feature", "properties": { "name": "Tiled Hall Cafe", "category": "retail_dining", "attractor_weight": 5.0 }, "geometry": { "type": "Point", "coordinates": [ -1.5487072, 53.8000142 ] } },
{ "type": "Feature", "properties": { "name": "Baines Café", "category": "retail_dining", "attractor_weight": 5.0 }, "geometry": { "type": "Point", "coordinates": [ -1.5540361, 53.8075449 ] } },
{ "type": "Feature", "properties": { "name": "Costa", "category": "retail_dining", "attractor_weight": 5.0 }, "geometry": { "type": "Point", "coordinates": [ -1.5526773, 53.8080686 ] } },
{ "type": "Feature", "properties": { "name": "Cafe Maia", "category": "retail_dining", "attractor_weight": 5.0 }, "geometry": { "type": "Point", "coordinates": [ -1.5566672, 53.8103208 ] } },
{ "type": "Feature", "properties": { "name": "Kerala", "category": "retail_dining", "attractor_weight": 5.0 }, "geometry": { "type": "Point", "coordinates": [ -1.5393357, 53.7986392 ] } },
{ "type": "Feature", "properties": { "name": "La Dolce Vita Ristorante", "category": "retail_dining", "attractor_weight": 5.0 }, "geometry": { "type": "Point", "coordinates": [ -1.6624231, 53.7324933 ] } },
{ "type": "Feature", "properties": { "name": "Physics Coffee Bar", "category": "retail_dining", "attractor_weight": 5.0 }, "geometry": { "type": "Point", "coordinates": [ -1.5531875, 53.8054042 ] } },
{ "type": "Feature", "properties": { "name": "Rudy's", "category": "retail_dining", "attractor_weight": 5.0 }, "geometry": { "type": "Point", "coordinates": [ -1.5391077, 53.8291075 ] } },
{ "type": "Feature", "properties": { "name": "The Pit", "category": "retail_dining", "attractor_weight": 5.0 }, "geometry": { "type": "Point", "coordinates": [ -1.5388317, 53.8291347 ] } },
{ "type": "Feature", "properties": { "name": "Further North Bar", "category": "retail_dining", "attractor_weight": 5.0 }, "geometry": { "type": "Point", "coordinates": [ -1.5384133, 53.8316263 ] } },
{ "type": "Feature", "properties": { "name": "The Woods", "category": "retail_dining", "attractor_weight": 5.0 }, "geometry": { "type": "Point", "coordinates": [ -1.5384951, 53.828716 ] } },
{ "type": "Feature", "properties": { "name": "KJ's Sandwiches", "category": "retail_dining", "attractor_weight": 5.0 }, "geometry": { "type": "Point", "coordinates": [ -1.561878, 53.7642276 ] } },
{ "type": "Feature", "properties": { "name": "House of Fu", "category": "retail_dining", "attractor_weight": 5.0 }, "geometry": { "type": "Point", "coordinates": [ -1.5409075, 53.7988469 ] } },
{ "type": "Feature", "properties": { "name": "Blue Rinse", "category": "retail_dining", "attractor_weight": 5.0 }, "geometry": { "type": "Point", "coordinates": [ -1.5402056, 53.7964282 ] } },
{ "type": "Feature", "properties": { "name": "Swissly Cafe", "category": "retail_dining", "attractor_weight": 5.0 }, "geometry": { "type": "Point", "coordinates": [ -1.5405473, 53.7971888 ] } },
{ "type": "Feature", "properties": { "name": "Hugo Boss", "category": "retail_dining", "attractor_weight": 5.0 }, "geometry": { "type": "Point", "coordinates": [ -1.5401437, 53.7984455 ] } },
{ "type": "Feature", "properties": { "name": "21 Co", "category": "retail_dining", "attractor_weight": 5.0 }, "geometry": { "type": "Point", "coordinates": [ -1.5788485, 53.8227099 ] } },
{ "type": "Feature", "properties": { "name": "Unnamed Attractor", "category": "retail_dining", "attractor_weight": 5.0 }, "geometry": { "type": "Point", "coordinates": [ -1.5289513, 53.779548 ] } },
{ "type": "Feature", "properties": { "name": "morrisons", "category": "retail_dining", "attractor_weight": 5.0 }, "geometry": { "type": "Point", "coordinates": [ -1.5297774, 53.7796431 ] } },
{ "type": "Feature", "properties": { "name": "Unnamed Attractor", "category": "retail_dining", "attractor_weight": 5.0 }, "geometry": { "type": "Point", "coordinates": [ -1.5778371, 53.8217299 ] } },
{ "type": "Feature", "properties": { "name": "RAW Coffee", "category": "retail_dining", "attractor_weight": 5.0 }, "geometry": { "type": "Point", "coordinates": [ -1.5455446, 53.7952958 ] } },
{ "type": "Feature", "properties": { "name": "Best", "category": "retail_dining", "attractor_weight": 5.0 }, "geometry": { "type": "Point", "coordinates": [ -1.5410651, 53.7962165 ] } },
{ "type": "Feature", "properties": { "name": "Chino Latino", "category": "retail_dining", "attractor_weight": 5.0 }, "geometry": { "type": "Point", "coordinates": [ -1.5468921, 53.7962631 ] } },
{ "type": "Feature", "properties": { "name": "Out Of This World", "category": "grocery_mall", "attractor_weight": 15.0 }, "geometry": { "type": "Point", "coordinates": [ -1.54113, 53.7963067 ] } },
{ "type": "Feature", "properties": { "name": "The Whitehall Restaurant & Bar", "category": "retail_dining", "attractor_weight": 5.0 }, "geometry": { "type": "Point", "coordinates": [ -1.5533734, 53.7956001 ] } },
{ "type": "Feature", "properties": { "name": "Ryan Vintage", "category": "retail_dining", "attractor_weight": 5.0 }, "geometry": { "type": "Point", "coordinates": [ -1.5415149, 53.7961008 ] } },
{ "type": "Feature", "properties": { "name": "The Lofty Cafe", "category": "retail_dining", "attractor_weight": 5.0 }, "geometry": { "type": "Point", "coordinates": [ -1.4972847, 53.7304716 ] } },
{ "type": "Feature", "properties": { "name": "The Ivy Asia", "category": "retail_dining", "attractor_weight": 5.0 }, "geometry": { "type": "Point", "coordinates": [ -1.5405203, 53.7977758 ] } },
{ "type": "Feature", "properties": { "name": "Zan Asian", "category": "retail_dining", "attractor_weight": 5.0 }, "geometry": { "type": "Point", "coordinates": [ -1.541147, 53.7988718 ] } },
{ "type": "Feature", "properties": { "name": "Rohan", "category": "retail_dining", "attractor_weight": 5.0 }, "geometry": { "type": "Point", "coordinates": [ -1.5426306, 53.7987243 ] } },
{ "type": "Feature", "properties": { "name": "Hip", "category": "retail_dining", "attractor_weight": 5.0 }, "geometry": { "type": "Point", "coordinates": [ -1.5405615, 53.7975362 ] } },
{ "type": "Feature", "properties": { "name": "Tabula Rasa", "category": "retail_dining", "attractor_weight": 5.0 }, "geometry": { "type": "Point", "coordinates": [ -1.5392075, 53.798676 ] } },
{ "type": "Feature", "properties": { "name": "KTA Cafe & Bar", "category": "retail_dining", "attractor_weight": 5.0 }, "geometry": { "type": "Point", "coordinates": [ -1.5339258, 53.7967618 ] } },
{ "type": "Feature", "properties": { "name": "Rambuttri", "category": "retail_dining", "attractor_weight": 5.0 }, "geometry": { "type": "Point", "coordinates": [ -1.5338893, 53.7966885 ] } },
{ "type": "Feature", "properties": { "name": "Taste", "category": "retail_dining", "attractor_weight": 5.0 }, "geometry": { "type": "Point", "coordinates": [ -1.5523732, 53.7912542 ] } },
{ "type": "Feature", "properties": { "name": "Engine House Cafe", "category": "retail_dining", "attractor_weight": 5.0 }, "geometry": { "type": "Point", "coordinates": [ -1.5519186, 53.791193 ] } },
{ "type": "Feature", "properties": { "name": "The Foundry Wine Bar", "category": "retail_dining", "attractor_weight": 5.0 }, "geometry": { "type": "Point", "coordinates": [ -1.5525838, 53.7913817 ] } },
{ "type": "Feature", "properties": { "name": "David Street Cafe", "category": "retail_dining", "attractor_weight": 5.0 }, "geometry": { "type": "Point", "coordinates": [ -1.5530881, 53.7916891 ] } },
{ "type": "Feature", "properties": { "name": "Out of the Woods", "category": "retail_dining", "attractor_weight": 5.0 }, "geometry": { "type": "Point", "coordinates": [ -1.5487252, 53.7935428 ] } },
{ "type": "Feature", "properties": { "name": "Fogo de Chão", "category": "retail_dining", "attractor_weight": 5.0 }, "geometry": { "type": "Point", "coordinates": [ -1.5485997, 53.793353 ] } },
{ "type": "Feature", "properties": { "name": "No No Wine Bar", "category": "retail_dining", "attractor_weight": 5.0 }, "geometry": { "type": "Point", "coordinates": [ -1.5494991, 53.7936442 ] } },
{ "type": "Feature", "properties": { "name": "Livin'Italy", "category": "retail_dining", "attractor_weight": 5.0 }, "geometry": { "type": "Point", "coordinates": [ -1.549046, 53.7937077 ] } },
{ "type": "Feature", "properties": { "name": "Philpotts", "category": "retail_dining", "attractor_weight": 5.0 }, "geometry": { "type": "Point", "coordinates": [ -1.5475539, 53.7913436 ] } },
{ "type": "Feature", "properties": { "name": "Starbucks", "category": "retail_dining", "attractor_weight": 5.0 }, "geometry": { "type": "Point", "coordinates": [ -1.5478202, 53.7913347 ] } },
{ "type": "Feature", "properties": { "name": "Doghouse", "category": "retail_dining", "attractor_weight": 5.0 }, "geometry": { "type": "Point", "coordinates": [ -1.5387858, 53.7961175 ] } },
{ "type": "Feature", "properties": { "name": "Juici Sushi", "category": "retail_dining", "attractor_weight": 5.0 }, "geometry": { "type": "Point", "coordinates": [ -1.5478616, 53.7914028 ] } },
{ "type": "Feature", "properties": { "name": "Tavernaki", "category": "retail_dining", "attractor_weight": 5.0 }, "geometry": { "type": "Point", "coordinates": [ -1.548266, 53.8009106 ] } },
{ "type": "Feature", "properties": { "name": "Joy's Kitchen", "category": "retail_dining", "attractor_weight": 5.0 }, "geometry": { "type": "Point", "coordinates": [ -1.5399175, 53.7998155 ] } },
{ "type": "Feature", "properties": { "name": "Regency Smart Supermarket", "category": "grocery_mall", "attractor_weight": 15.0 }, "geometry": { "type": "Point", "coordinates": [ -1.5399785, 53.7994688 ] } },
{ "type": "Feature", "properties": { "name": "Hang Sing Hong", "category": "grocery_mall", "attractor_weight": 15.0 }, "geometry": { "type": "Point", "coordinates": [ -1.5398681, 53.7999384 ] } },
{ "type": "Feature", "properties": { "name": "Etçi Mehmet Steakhouse", "category": "retail_dining", "attractor_weight": 5.0 }, "geometry": { "type": "Point", "coordinates": [ -1.5391677, 53.7990315 ] } },
{ "type": "Feature", "properties": { "name": "Bravissimo", "category": "retail_dining", "attractor_weight": 5.0 }, "geometry": { "type": "Point", "coordinates": [ -1.5409436, 53.7979392 ] } },
{ "type": "Feature", "properties": { "name": "Alo Yoga", "category": "retail_dining", "attractor_weight": 5.0 }, "geometry": { "type": "Point", "coordinates": [ -1.5408482, 53.7980331 ] } },
{ "type": "Feature", "properties": { "name": "The New Captain's Table", "category": "retail_dining", "attractor_weight": 5.0 }, "geometry": { "type": "Point", "coordinates": [ -1.5233939, 53.7900537 ] } },
{ "type": "Feature", "properties": { "name": "92 Degrees", "category": "retail_dining", "attractor_weight": 5.0 }, "geometry": { "type": "Point", "coordinates": [ -1.5399711, 53.7962754 ] } },
{ "type": "Feature", "properties": { "name": "The Brotherhood", "category": "retail_dining", "attractor_weight": 5.0 }, "geometry": { "type": "Point", "coordinates": [ -1.5407817, 53.8004171 ] } },
{ "type": "Feature", "properties": { "name": "Vice & Virtue", "category": "retail_dining", "attractor_weight": 5.0 }, "geometry": { "type": "Point", "coordinates": [ -1.5402667, 53.8006616 ] } },
{ "type": "Feature", "properties": { "name": "Chini", "category": "retail_dining", "attractor_weight": 5.0 }, "geometry": { "type": "Point", "coordinates": [ -1.5403835, 53.8005911 ] } },
{ "type": "Feature", "properties": { "name": "Moose Coffee", "category": "retail_dining", "attractor_weight": 5.0 }, "geometry": { "type": "Point", "coordinates": [ -1.5478138, 53.797848 ] } },
{ "type": "Feature", "properties": { "name": "Grindhouse", "category": "retail_dining", "attractor_weight": 5.0 }, "geometry": { "type": "Point", "coordinates": [ -1.5416094, 53.7995361 ] } },
{ "type": "Feature", "properties": { "name": "Psilo", "category": "retail_dining", "attractor_weight": 5.0 }, "geometry": { "type": "Point", "coordinates": [ -1.5408487, 53.80036 ] } },
{ "type": "Feature", "properties": { "name": "Party K Karaoke", "category": "retail_dining", "attractor_weight": 5.0 }, "geometry": { "type": "Point", "coordinates": [ -1.5415047, 53.7996699 ] } },
{ "type": "Feature", "properties": { "name": "North Bar", "category": "retail_dining", "attractor_weight": 5.0 }, "geometry": { "type": "Point", "coordinates": [ -1.5415842, 53.7995804 ] } },
{ "type": "Feature", "properties": { "name": "Tavassoli's Bar", "category": "retail_dining", "attractor_weight": 5.0 }, "geometry": { "type": "Point", "coordinates": [ -1.5416596, 53.7994476 ] } },
{ "type": "Feature", "properties": { "name": "Tavassoli's", "category": "retail_dining", "attractor_weight": 5.0 }, "geometry": { "type": "Point", "coordinates": [ -1.5416847, 53.7994033 ] } },
{ "type": "Feature", "properties": { "name": "Santorini Bar & Grill", "category": "retail_dining", "attractor_weight": 5.0 }, "geometry": { "type": "Point", "coordinates": [ -1.5776837, 53.8210307 ] } },
{ "type": "Feature", "properties": { "name": "Olympus", "category": "retail_dining", "attractor_weight": 5.0 }, "geometry": { "type": "Point", "coordinates": [ -1.5775662, 53.8209239 ] } },
{ "type": "Feature", "properties": { "name": "The Gin Room", "category": "retail_dining", "attractor_weight": 5.0 }, "geometry": { "type": "Point", "coordinates": [ -1.5776486, 53.8209985 ] } },
{ "type": "Feature", "properties": { "name": "Gallio", "category": "retail_dining", "attractor_weight": 5.0 }, "geometry": { "type": "Point", "coordinates": [ -1.5624902, 53.8565639 ] } },
{ "type": "Feature", "properties": { "name": "Cooplands", "category": "retail_dining", "attractor_weight": 5.0 }, "geometry": { "type": "Point", "coordinates": [ -1.5629963, 53.8571487 ] } },
{ "type": "Feature", "properties": { "name": "Jake's Bar", "category": "retail_dining", "attractor_weight": 5.0 }, "geometry": { "type": "Point", "coordinates": [ -1.5408405, 53.7956628 ] } },
{ "type": "Feature", "properties": { "name": "Laynes", "category": "retail_dining", "attractor_weight": 5.0 }, "geometry": { "type": "Point", "coordinates": [ -1.5451346, 53.7953439 ] } },
{ "type": "Feature", "properties": { "name": "Grand Pacific", "category": "retail_dining", "attractor_weight": 5.0 }, "geometry": { "type": "Point", "coordinates": [ -1.5479288, 53.7958749 ] } },
{ "type": "Feature", "properties": { "name": "If...", "category": "retail_dining", "attractor_weight": 5.0 }, "geometry": { "type": "Point", "coordinates": [ -1.5400004, 53.7975607 ] } },
{ "type": "Feature", "properties": { "name": "The Donkey Sanctuary", "category": "retail_dining", "attractor_weight": 5.0 }, "geometry": { "type": "Point", "coordinates": [ -1.5769251, 53.8825233 ] } },
{ "type": "Feature", "properties": { "name": "LIMM café", "category": "retail_dining", "attractor_weight": 5.0 }, "geometry": { "type": "Point", "coordinates": [ -1.5200157, 53.8080686 ] } },
{ "type": "Feature", "properties": { "name": "Pepe's Piri Piri", "category": "retail_dining", "attractor_weight": 5.0 }, "geometry": { "type": "Point", "coordinates": [ -1.5815593, 53.8198549 ] } },
{ "type": "Feature", "properties": { "name": "Zucco", "category": "retail_dining", "attractor_weight": 5.0 }, "geometry": { "type": "Point", "coordinates": [ -1.5667627, 53.8276668 ] } },
{ "type": "Feature", "properties": { "name": "Caffe Ritazza", "category": "retail_dining", "attractor_weight": 5.0 }, "geometry": { "type": "Point", "coordinates": [ -1.6605655, 53.8697059 ] } },
{ "type": "Feature", "properties": { "name": "City Style", "category": "retail_dining", "attractor_weight": 5.0 }, "geometry": { "type": "Point", "coordinates": [ -1.5665479, 53.8285297 ] } },
{ "type": "Feature", "properties": { "name": "Stone Green Social", "category": "retail_dining", "attractor_weight": 5.0 }, "geometry": { "type": "Point", "coordinates": [ -1.5663534, 53.8285526 ] } },
{ "type": "Feature", "properties": { "name": "Boot & Rally", "category": "retail_dining", "attractor_weight": 5.0 }, "geometry": { "type": "Point", "coordinates": [ -1.566128, 53.8286938 ] } },
{ "type": "Feature", "properties": { "name": "Pranzo Italian", "category": "retail_dining", "attractor_weight": 5.0 }, "geometry": { "type": "Point", "coordinates": [ -1.6393908, 53.8385354 ] } },
{ "type": "Feature", "properties": { "name": "Cafe Yoga", "category": "retail_dining", "attractor_weight": 5.0 }, "geometry": { "type": "Point", "coordinates": [ -1.6429433, 53.8362131 ] } },
{ "type": "Feature", "properties": { "name": "Napoli Nel Cuore", "category": "retail_dining", "attractor_weight": 5.0 }, "geometry": { "type": "Point", "coordinates": [ -1.6410794, 53.837426 ] } },
{ "type": "Feature", "properties": { "name": "Hooleos", "category": "retail_dining", "attractor_weight": 5.0 }, "geometry": { "type": "Point", "coordinates": [ -1.641233, 53.8373638 ] } },
{ "type": "Feature", "properties": { "name": "Rudy's Pizza Napoletana", "category": "retail_dining", "attractor_weight": 5.0 }, "geometry": { "type": "Point", "coordinates": [ -1.5448221, 53.7954477 ] } },
{ "type": "Feature", "properties": { "name": "Starbucks", "category": "retail_dining", "attractor_weight": 5.0 }, "geometry": { "type": "Point", "coordinates": [ -1.5643075, 53.828488 ] } },
{ "type": "Feature", "properties": { "name": "Greggs", "category": "retail_dining", "attractor_weight": 5.0 }, "geometry": { "type": "Point", "coordinates": [ -1.5642767, 53.8285627 ] } },
{ "type": "Feature", "properties": { "name": "Opposite", "category": "retail_dining", "attractor_weight": 5.0 }, "geometry": { "type": "Point", "coordinates": [ -1.5387536, 53.8291827 ] } },
{ "type": "Feature", "properties": { "name": "Inkwell", "category": "retail_dining", "attractor_weight": 5.0 }, "geometry": { "type": "Point", "coordinates": [ -1.5347097, 53.8246687 ] } },
{ "type": "Feature", "properties": { "name": "Heron Foods", "category": "grocery_mall", "attractor_weight": 15.0 }, "geometry": { "type": "Point", "coordinates": [ -1.6206744, 53.7956584 ] } },
{ "type": "Feature", "properties": { "name": "Canal Club", "category": "retail_dining", "attractor_weight": 5.0 }, "geometry": { "type": "Point", "coordinates": [ -1.5478844, 53.7935093 ] } },
{ "type": "Feature", "properties": { "name": "Shine", "category": "retail_dining", "attractor_weight": 5.0 }, "geometry": { "type": "Point", "coordinates": [ -1.5168078, 53.8119906 ] } },
{ "type": "Feature", "properties": { "name": "Dirty Martini", "category": "retail_dining", "attractor_weight": 5.0 }, "geometry": { "type": "Point", "coordinates": [ -1.5499731, 53.7977436 ] } },
{ "type": "Feature", "properties": { "name": "Kasa Rosa", "category": "retail_dining", "attractor_weight": 5.0 }, "geometry": { "type": "Point", "coordinates": [ -1.5979734, 53.7430171 ] } },
{ "type": "Feature", "properties": { "name": "Starbucks", "category": "retail_dining", "attractor_weight": 5.0 }, "geometry": { "type": "Point", "coordinates": [ -1.434754, 53.794679 ] } },
{ "type": "Feature", "properties": { "name": "The Foundation", "category": "retail_dining", "attractor_weight": 5.0 }, "geometry": { "type": "Point", "coordinates": [ -1.591622, 53.8546125 ] } },
{ "type": "Feature", "properties": { "name": "Dastaan", "category": "retail_dining", "attractor_weight": 5.0 }, "geometry": { "type": "Point", "coordinates": [ -1.591582, 53.8547352 ] } },
{ "type": "Feature", "properties": { "name": "Co-op Food", "category": "grocery_mall", "attractor_weight": 15.0 }, "geometry": { "type": "Point", "coordinates": [ -1.6038852, 53.8328395 ] } },
{ "type": "Feature", "properties": { "name": "Tuana Mediterranean Bistro", "category": "retail_dining", "attractor_weight": 5.0 }, "geometry": { "type": "Point", "coordinates": [ -1.5926711, 53.8514514 ] } },
{ "type": "Feature", "properties": { "name": "The 212", "category": "retail_dining", "attractor_weight": 5.0 }, "geometry": { "type": "Point", "coordinates": [ -1.5381838, 53.7936222 ] } },
{ "type": "Feature", "properties": { "name": "Unnamed Attractor", "category": "retail_dining", "attractor_weight": 5.0 }, "geometry": { "type": "Point", "coordinates": [ -1.646606, 53.7232527 ] } },
{ "type": "Feature", "properties": { "name": "Sociable Folk", "category": "retail_dining", "attractor_weight": 5.0 }, "geometry": { "type": "Point", "coordinates": [ -1.5559348, 53.7958794 ] } },
{ "type": "Feature", "properties": { "name": "Rag Doll of Pudsey", "category": "retail_dining", "attractor_weight": 5.0 }, "geometry": { "type": "Point", "coordinates": [ -1.6897951, 53.8008212 ] } },
{ "type": "Feature", "properties": { "name": "WinneBagel Cafe", "category": "retail_dining", "attractor_weight": 5.0 }, "geometry": { "type": "Point", "coordinates": [ -1.6896257, 53.8006524 ] } },
{ "type": "Feature", "properties": { "name": "Woodlesford", "category": "transit_hub", "attractor_weight": 100.0 }, "geometry": { "type": "Point", "coordinates": [ -1.4435652, 53.757064 ] } },
{ "type": "Feature", "properties": { "name": "Bramley", "category": "transit_hub", "attractor_weight": 100.0 }, "geometry": { "type": "Point", "coordinates": [ -1.6372217, 53.8053522 ] } },
{ "type": "Feature", "properties": { "name": "Whittakers Schoolwear", "category": "retail_dining", "attractor_weight": 5.0 }, "geometry": { "type": "Point", "coordinates": [ -1.672287, 53.8112722 ] } },
{ "type": "Feature", "properties": { "name": "Moor Road", "category": "transit_hub", "attractor_weight": 100.0 }, "geometry": { "type": "Point", "coordinates": [ -1.5389272, 53.7738227 ] } },
{ "type": "Feature", "properties": { "name": "Nash's Fish & Chip Restaurant", "category": "retail_dining", "attractor_weight": 5.0 }, "geometry": { "type": "Point", "coordinates": [ -1.5416118, 53.8003938 ] } },
{ "type": "Feature", "properties": { "name": "Flat Iron", "category": "retail_dining", "attractor_weight": 5.0 }, "geometry": { "type": "Point", "coordinates": [ -1.5438333, 53.7979989 ] } },
{ "type": "Feature", "properties": { "name": "The Swine That Dines", "category": "retail_dining", "attractor_weight": 5.0 }, "geometry": { "type": "Point", "coordinates": [ -1.5383417, 53.8013931 ] } },
{ "type": "Feature", "properties": { "name": "The Social", "category": "retail_dining", "attractor_weight": 5.0 }, "geometry": { "type": "Point", "coordinates": [ -1.5417633, 53.8004969 ] } },
{ "type": "Feature", "properties": { "name": "Lincoln Green Internet Cafe", "category": "retail_dining", "attractor_weight": 5.0 }, "geometry": { "type": "Point", "coordinates": [ -1.5265014, 53.8020029 ] } },
{ "type": "Feature", "properties": { "name": "Nan's Thai Cafe", "category": "retail_dining", "attractor_weight": 5.0 }, "geometry": { "type": "Point", "coordinates": [ -1.5643086, 53.812077 ] } },
{ "type": "Feature", "properties": { "name": "Symposium", "category": "retail_dining", "attractor_weight": 5.0 }, "geometry": { "type": "Point", "coordinates": [ -1.5611833, 53.8147579 ] } },
{ "type": "Feature", "properties": { "name": "La Cafetiere", "category": "retail_dining", "attractor_weight": 5.0 }, "geometry": { "type": "Point", "coordinates": [ -1.5612238, 53.8146379 ] } },
{ "type": "Feature", "properties": { "name": "Coffee On The Crescent", "category": "retail_dining", "attractor_weight": 5.0 }, "geometry": { "type": "Point", "coordinates": [ -1.5610327, 53.8144721 ] } },
{ "type": "Feature", "properties": { "name": "Peach and Pear", "category": "retail_dining", "attractor_weight": 5.0 }, "geometry": { "type": "Point", "coordinates": [ -1.5713039, 53.8118305 ] } },
{ "type": "Feature", "properties": { "name": "Vital Punk", "category": "retail_dining", "attractor_weight": 5.0 }, "geometry": { "type": "Point", "coordinates": [ -1.5702911, 53.812115 ] } },
{ "type": "Feature", "properties": { "name": "Popina's", "category": "retail_dining", "attractor_weight": 5.0 }, "geometry": { "type": "Point", "coordinates": [ -1.5666873, 53.8126948 ] } },
{ "type": "Feature", "properties": { "name": "Co-op Food", "category": "grocery_mall", "attractor_weight": 15.0 }, "geometry": { "type": "Point", "coordinates": [ -1.445831, 53.7534604 ] } },
{ "type": "Feature", "properties": { "name": "Godfather Pizzeria", "category": "retail_dining", "attractor_weight": 5.0 }, "geometry": { "type": "Point", "coordinates": [ -1.6430826, 53.7204906 ] } },
{ "type": "Feature", "properties": { "name": "Asda", "category": "grocery_mall", "attractor_weight": 15.0 }, "geometry": { "type": "Point", "coordinates": [ -1.6326512, 53.715026 ] } },
{ "type": "Feature", "properties": { "name": "Mook", "category": "retail_dining", "attractor_weight": 5.0 }, "geometry": { "type": "Point", "coordinates": [ -1.5418759, 53.7956533 ] } },
{ "type": "Feature", "properties": { "name": "Dollhouse", "category": "retail_dining", "attractor_weight": 5.0 }, "geometry": { "type": "Point", "coordinates": [ -1.5415444, 53.795656 ] } },
{ "type": "Feature", "properties": { "name": "Bourbon 51", "category": "retail_dining", "attractor_weight": 5.0 }, "geometry": { "type": "Point", "coordinates": [ -1.5416541, 53.7956588 ] } },
{ "type": "Feature", "properties": { "name": "The New Penny", "category": "retail_dining", "attractor_weight": 5.0 }, "geometry": { "type": "Point", "coordinates": [ -1.5417731, 53.7945969 ] } },
{ "type": "Feature", "properties": { "name": "Cuckoo", "category": "retail_dining", "attractor_weight": 5.0 }, "geometry": { "type": "Point", "coordinates": [ -1.5408909, 53.7954268 ] } },
{ "type": "Feature", "properties": { "name": "Wino", "category": "retail_dining", "attractor_weight": 5.0 }, "geometry": { "type": "Point", "coordinates": [ -1.5533076, 53.7982956 ] } },
{ "type": "Feature", "properties": { "name": "Cranmer Bank Chinese Takeaway", "category": "retail_dining", "attractor_weight": 5.0 }, "geometry": { "type": "Point", "coordinates": [ -1.5575018, 53.8471527 ] } },
{ "type": "Feature", "properties": { "name": "La Bottega Milanese", "category": "retail_dining", "attractor_weight": 5.0 }, "geometry": { "type": "Point", "coordinates": [ -1.5478135, 53.797957 ] } },
{ "type": "Feature", "properties": { "name": "Greggs Outlet", "category": "retail_dining", "attractor_weight": 5.0 }, "geometry": { "type": "Point", "coordinates": [ -1.4955775, 53.8209253 ] } },
{ "type": "Feature", "properties": { "name": "Roundhay Supermarket", "category": "grocery_mall", "attractor_weight": 15.0 }, "geometry": { "type": "Point", "coordinates": [ -1.5161023, 53.8173753 ] } },
{ "type": "Feature", "properties": { "name": "The Little Bakery", "category": "retail_dining", "attractor_weight": 5.0 }, "geometry": { "type": "Point", "coordinates": [ -1.5441758, 53.8333032 ] } },
{ "type": "Feature", "properties": { "name": "Ruchee", "category": "retail_dining", "attractor_weight": 5.0 }, "geometry": { "type": "Point", "coordinates": [ -1.5442687, 53.8332835 ] } },
{ "type": "Feature", "properties": { "name": "Cranmer Bank Community Cafe", "category": "retail_dining", "attractor_weight": 5.0 }, "geometry": { "type": "Point", "coordinates": [ -1.557811, 53.8473813 ] } },
{ "type": "Feature", "properties": { "name": "Zaap Thai", "category": "retail_dining", "attractor_weight": 5.0 }, "geometry": { "type": "Point", "coordinates": [ -1.5397653, 53.8002598 ] } },
{ "type": "Feature", "properties": { "name": "Reiss", "category": "retail_dining", "attractor_weight": 5.0 }, "geometry": { "type": "Point", "coordinates": [ -1.5409442, 53.7984122 ] } },
{ "type": "Feature", "properties": { "name": "Vivienne Westwood", "category": "retail_dining", "attractor_weight": 5.0 }, "geometry": { "type": "Point", "coordinates": [ -1.5413462, 53.7983088 ] } },
{ "type": "Feature", "properties": { "name": "Nando's", "category": "retail_dining", "attractor_weight": 5.0 }, "geometry": { "type": "Point", "coordinates": [ -1.5769802, 53.821323 ] } },
{ "type": "Feature", "properties": { "name": "The Billing Tea Room", "category": "retail_dining", "attractor_weight": 5.0 }, "geometry": { "type": "Point", "coordinates": [ -1.6713533, 53.8498441 ] } },
{ "type": "Feature", "properties": { "name": "Hawksworth Village Bakery", "category": "retail_dining", "attractor_weight": 5.0 }, "geometry": { "type": "Point", "coordinates": [ -1.6160124, 53.8284095 ] } },
{ "type": "Feature", "properties": { "name": "Residence 74 Café & Bar", "category": "retail_dining", "attractor_weight": 5.0 }, "geometry": { "type": "Point", "coordinates": [ -1.6037929, 53.8486298 ] } },
{ "type": "Feature", "properties": { "name": "Dewan Cafe Restaurant", "category": "retail_dining", "attractor_weight": 5.0 }, "geometry": { "type": "Point", "coordinates": [ -1.5689351, 53.8053832 ] } },
{ "type": "Feature", "properties": { "name": "Humpit", "category": "retail_dining", "attractor_weight": 5.0 }, "geometry": { "type": "Point", "coordinates": [ -1.5400038, 53.796047 ] } },
{ "type": "Feature", "properties": { "name": "Ephesus", "category": "retail_dining", "attractor_weight": 5.0 }, "geometry": { "type": "Point", "coordinates": [ -1.6633931, 53.8231734 ] } },
{ "type": "Feature", "properties": { "name": "Headingley", "category": "transit_hub", "attractor_weight": 100.0 }, "geometry": { "type": "Point", "coordinates": [ -1.5944828, 53.8180372 ] } },
{ "type": "Feature", "properties": { "name": "Horsforth", "category": "transit_hub", "attractor_weight": 100.0 }, "geometry": { "type": "Point", "coordinates": [ -1.6302169, 53.8477524 ] } },
{ "type": "Feature", "properties": { "name": "Croissant D'Or", "category": "retail_dining", "attractor_weight": 5.0 }, "geometry": { "type": "Point", "coordinates": [ -1.6839779, 53.8545466 ] } },
{ "type": "Feature", "properties": { "name": "Farouche", "category": "retail_dining", "attractor_weight": 5.0 }, "geometry": { "type": "Point", "coordinates": [ -1.6842609, 53.8543587 ] } },
{ "type": "Feature", "properties": { "name": "The Turkuaz", "category": "retail_dining", "attractor_weight": 5.0 }, "geometry": { "type": "Point", "coordinates": [ -1.6844113, 53.8538971 ] } },
{ "type": "Feature", "properties": { "name": "Bridal Apparel", "category": "retail_dining", "attractor_weight": 5.0 }, "geometry": { "type": "Point", "coordinates": [ -1.6848443, 53.8539247 ] } },
{ "type": "Feature", "properties": { "name": "Corner 19", "category": "retail_dining", "attractor_weight": 5.0 }, "geometry": { "type": "Point", "coordinates": [ -1.6782591, 53.8659894 ] } },
{ "type": "Feature", "properties": { "name": "Never Enough Thyme", "category": "retail_dining", "attractor_weight": 5.0 }, "geometry": { "type": "Point", "coordinates": [ -1.6792382, 53.8661685 ] } },
{ "type": "Feature", "properties": { "name": "Heebie Jeebies Cafe", "category": "retail_dining", "attractor_weight": 5.0 }, "geometry": { "type": "Point", "coordinates": [ -1.684041, 53.8662699 ] } },
{ "type": "Feature", "properties": { "name": "Cinnamon", "category": "retail_dining", "attractor_weight": 5.0 }, "geometry": { "type": "Point", "coordinates": [ -1.6853104, 53.8661335 ] } },
{ "type": "Feature", "properties": { "name": "El Gringos", "category": "retail_dining", "attractor_weight": 5.0 }, "geometry": { "type": "Point", "coordinates": [ -1.6854445, 53.8661359 ] } },
{ "type": "Feature", "properties": { "name": "New Collection", "category": "retail_dining", "attractor_weight": 5.0 }, "geometry": { "type": "Point", "coordinates": [ -1.684724, 53.8661948 ] } },
{ "type": "Feature", "properties": { "name": "The Hollybush Cafe", "category": "retail_dining", "attractor_weight": 5.0 }, "geometry": { "type": "Point", "coordinates": [ -1.6079434, 53.8156349 ] } },
{ "type": "Feature", "properties": { "name": "Oh, Hello Pottery Café", "category": "retail_dining", "attractor_weight": 5.0 }, "geometry": { "type": "Point", "coordinates": [ -1.6683658, 53.7837437 ] } },
{ "type": "Feature", "properties": { "name": "Little Athens", "category": "retail_dining", "attractor_weight": 5.0 }, "geometry": { "type": "Point", "coordinates": [ -1.5664622, 53.8276802 ] } },
{ "type": "Feature", "properties": { "name": "Marcel's Cafe", "category": "retail_dining", "attractor_weight": 5.0 }, "geometry": { "type": "Point", "coordinates": [ -1.5664821, 53.8279282 ] } },
{ "type": "Feature", "properties": { "name": "Tandem", "category": "retail_dining", "attractor_weight": 5.0 }, "geometry": { "type": "Point", "coordinates": [ -1.566477, 53.8277686 ] } },
{ "type": "Feature", "properties": { "name": "Thai Aroy Dee", "category": "retail_dining", "attractor_weight": 5.0 }, "geometry": { "type": "Point", "coordinates": [ -1.5393399, 53.7999634 ] } },
{ "type": "Feature", "properties": { "name": "Wax Bar", "category": "retail_dining", "attractor_weight": 5.0 }, "geometry": { "type": "Point", "coordinates": [ -1.54161, 53.7994894 ] } },
{ "type": "Feature", "properties": { "name": "SALT Granary Wharf", "category": "retail_dining", "attractor_weight": 5.0 }, "geometry": { "type": "Point", "coordinates": [ -1.5507593, 53.7932184 ] } },
{ "type": "Feature", "properties": { "name": "Visitors Centre Cafe", "category": "retail_dining", "attractor_weight": 5.0 }, "geometry": { "type": "Point", "coordinates": [ -1.5449697, 53.7543274 ] } },
{ "type": "Feature", "properties": { "name": "The Loft", "category": "retail_dining", "attractor_weight": 5.0 }, "geometry": { "type": "Point", "coordinates": [ -1.623796, 53.885476 ] } },
{ "type": "Feature", "properties": { "name": "The Village Bakery", "category": "retail_dining", "attractor_weight": 5.0 }, "geometry": { "type": "Point", "coordinates": [ -1.623217, 53.8852463 ] } },
{ "type": "Feature", "properties": { "name": "Courtyard Cafe", "category": "retail_dining", "attractor_weight": 5.0 }, "geometry": { "type": "Point", "coordinates": [ -1.6382312, 53.839423 ] } },
{ "type": "Feature", "properties": { "name": "Trattoria Il Forno", "category": "retail_dining", "attractor_weight": 5.0 }, "geometry": { "type": "Point", "coordinates": [ -1.6395596, 53.8387082 ] } },
{ "type": "Feature", "properties": { "name": "The Greenhouse Horsforth", "category": "retail_dining", "attractor_weight": 5.0 }, "geometry": { "type": "Point", "coordinates": [ -1.6393536, 53.8389274 ] } },
{ "type": "Feature", "properties": { "name": "Hardakers", "category": "retail_dining", "attractor_weight": 5.0 }, "geometry": { "type": "Point", "coordinates": [ -1.6373111, 53.8399326 ] } },
{ "type": "Feature", "properties": { "name": "very stylish girl", "category": "retail_dining", "attractor_weight": 5.0 }, "geometry": { "type": "Point", "coordinates": [ -1.6374153, 53.840099 ] } },
{ "type": "Feature", "properties": { "name": "Number 9", "category": "retail_dining", "attractor_weight": 5.0 }, "geometry": { "type": "Point", "coordinates": [ -1.633519, 53.8466274 ] } },
{ "type": "Feature", "properties": { "name": "Hardakers", "category": "retail_dining", "attractor_weight": 5.0 }, "geometry": { "type": "Point", "coordinates": [ -1.6336793, 53.8466057 ] } },
{ "type": "Feature", "properties": { "name": "Hãus Of Coffee", "category": "retail_dining", "attractor_weight": 5.0 }, "geometry": { "type": "Point", "coordinates": [ -1.6337558, 53.8465961 ] } },
{ "type": "Feature", "properties": { "name": "Persian Flame", "category": "retail_dining", "attractor_weight": 5.0 }, "geometry": { "type": "Point", "coordinates": [ -1.644706, 53.8321781 ] } },
{ "type": "Feature", "properties": { "name": "The Forge", "category": "retail_dining", "attractor_weight": 5.0 }, "geometry": { "type": "Point", "coordinates": [ -1.6440797, 53.8321014 ] } },
{ "type": "Feature", "properties": { "name": "The Prom Den", "category": "retail_dining", "attractor_weight": 5.0 }, "geometry": { "type": "Point", "coordinates": [ -1.643163, 53.8320344 ] } },
{ "type": "Feature", "properties": { "name": "Cafe Dino", "category": "retail_dining", "attractor_weight": 5.0 }, "geometry": { "type": "Point", "coordinates": [ -1.6427725, 53.8320281 ] } },
{ "type": "Feature", "properties": { "name": "Maid To Fit", "category": "retail_dining", "attractor_weight": 5.0 }, "geometry": { "type": "Point", "coordinates": [ -1.6413828, 53.831966 ] } },
{ "type": "Feature", "properties": { "name": "Big Scoffs Diner", "category": "retail_dining", "attractor_weight": 5.0 }, "geometry": { "type": "Point", "coordinates": [ -1.6408882, 53.8319404 ] } },
{ "type": "Feature", "properties": { "name": "Escape Restaurant And Bar", "category": "retail_dining", "attractor_weight": 5.0 }, "geometry": { "type": "Point", "coordinates": [ -1.6475121, 53.8334132 ] } },
{ "type": "Feature", "properties": { "name": "Nawaab Khan", "category": "retail_dining", "attractor_weight": 5.0 }, "geometry": { "type": "Point", "coordinates": [ -1.6474082, 53.8333677 ] } },
{ "type": "Feature", "properties": { "name": "La Fonda", "category": "retail_dining", "attractor_weight": 5.0 }, "geometry": { "type": "Point", "coordinates": [ -1.6473054, 53.8333236 ] } },
{ "type": "Feature", "properties": { "name": "Hocloco", "category": "retail_dining", "attractor_weight": 5.0 }, "geometry": { "type": "Point", "coordinates": [ -1.6414596, 53.8322429 ] } },
{ "type": "Feature", "properties": { "name": "Pooky's Deli", "category": "retail_dining", "attractor_weight": 5.0 }, "geometry": { "type": "Point", "coordinates": [ -1.6411284, 53.8321949 ] } },
{ "type": "Feature", "properties": { "name": "go! Thai Bistro", "category": "retail_dining", "attractor_weight": 5.0 }, "geometry": { "type": "Point", "coordinates": [ -1.6405178, 53.832146 ] } },
{ "type": "Feature", "properties": { "name": "Balti House", "category": "retail_dining", "attractor_weight": 5.0 }, "geometry": { "type": "Point", "coordinates": [ -1.5768461, 53.7277808 ] } },
{ "type": "Feature", "properties": { "name": "Get Baked", "category": "retail_dining", "attractor_weight": 5.0 }, "geometry": { "type": "Point", "coordinates": [ -1.5791737, 53.8209365 ] } },
{ "type": "Feature", "properties": { "name": "Archie's Bar & Kitchen", "category": "retail_dining", "attractor_weight": 5.0 }, "geometry": { "type": "Point", "coordinates": [ -1.5493316, 53.7936778 ] } },
{ "type": "Feature", "properties": { "name": "SkyLounge", "category": "retail_dining", "attractor_weight": 5.0 }, "geometry": { "type": "Point", "coordinates": [ -1.5495198, 53.7934325 ] } },
{ "type": "Feature", "properties": { "name": "Bare Coffee", "category": "retail_dining", "attractor_weight": 5.0 }, "geometry": { "type": "Point", "coordinates": [ -1.5817171, 53.8287755 ] } },
{ "type": "Feature", "properties": { "name": "School of Computing", "category": "university", "attractor_weight": 30.0 }, "geometry": { "type": "Point", "coordinates": [ -1.5534667, 53.8053986 ] } },
{ "type": "Feature", "properties": { "name": "Asda Café", "category": "retail_dining", "attractor_weight": 5.0 }, "geometry": { "type": "Point", "coordinates": [ -1.476383, 53.806316 ] } },
{ "type": "Feature", "properties": { "name": "The Village Wine Bar", "category": "retail_dining", "attractor_weight": 5.0 }, "geometry": { "type": "Point", "coordinates": [ -1.6714521, 53.8119831 ] } },
{ "type": "Feature", "properties": { "name": "PizzaExpress", "category": "retail_dining", "attractor_weight": 5.0 }, "geometry": { "type": "Point", "coordinates": [ -1.5441456, 53.7979822 ] } },
{ "type": "Feature", "properties": { "name": "Nando's", "category": "retail_dining", "attractor_weight": 5.0 }, "geometry": { "type": "Point", "coordinates": [ -1.5462684, 53.7999183 ] } },
{ "type": "Feature", "properties": { "name": "Zizzi", "category": "retail_dining", "attractor_weight": 5.0 }, "geometry": { "type": "Point", "coordinates": [ -1.5461193, 53.7999032 ] } },
{ "type": "Feature", "properties": { "name": "Costa", "category": "retail_dining", "attractor_weight": 5.0 }, "geometry": { "type": "Point", "coordinates": [ -1.5439155, 53.802415 ] } },
{ "type": "Feature", "properties": { "name": "The Maven", "category": "retail_dining", "attractor_weight": 5.0 }, "geometry": { "type": "Point", "coordinates": [ -1.5397503, 53.796404 ] } },
{ "type": "Feature", "properties": { "name": "The Turks Head", "category": "retail_dining", "attractor_weight": 5.0 }, "geometry": { "type": "Point", "coordinates": [ -1.5434527, 53.7972283 ] } },
{ "type": "Feature", "properties": { "name": "Blayds", "category": "retail_dining", "attractor_weight": 5.0 }, "geometry": { "type": "Point", "coordinates": [ -1.5427063, 53.7946697 ] } },
{ "type": "Feature", "properties": { "name": "The FCC Bar & Lounge", "category": "retail_dining", "attractor_weight": 5.0 }, "geometry": { "type": "Point", "coordinates": [ -1.67125, 53.8130291 ] } },
{ "type": "Feature", "properties": { "name": "Caffè Nero", "category": "retail_dining", "attractor_weight": 5.0 }, "geometry": { "type": "Point", "coordinates": [ -1.5526908, 53.7963027 ] } },
{ "type": "Feature", "properties": { "name": "The Union", "category": "retail_dining", "attractor_weight": 5.0 }, "geometry": { "type": "Point", "coordinates": [ -1.5322689, 53.7901054 ] } },
{ "type": "Feature", "properties": { "name": "Unnamed Attractor", "category": "retail_dining", "attractor_weight": 5.0 }, "geometry": { "type": "Point", "coordinates": [ -1.6460321, 53.822651 ] } },
{ "type": "Feature", "properties": { "name": "Box", "category": "retail_dining", "attractor_weight": 5.0 }, "geometry": { "type": "Point", "coordinates": [ -1.5493268, 53.7976533 ] } },
{ "type": "Feature", "properties": { "name": "Arch Cafe", "category": "retail_dining", "attractor_weight": 5.0 }, "geometry": { "type": "Point", "coordinates": [ -1.5429848, 53.7999243 ] } },
{ "type": "Feature", "properties": { "name": "Caffè Nero", "category": "retail_dining", "attractor_weight": 5.0 }, "geometry": { "type": "Point", "coordinates": [ -1.5441695, 53.7937735 ] } },
{ "type": "Feature", "properties": { "name": "Koibito", "category": "retail_dining", "attractor_weight": 5.0 }, "geometry": { "type": "Point", "coordinates": [ -1.5429069, 53.7943324 ] } },
{ "type": "Feature", "properties": { "name": "Relish Food", "category": "retail_dining", "attractor_weight": 5.0 }, "geometry": { "type": "Point", "coordinates": [ -1.5323976, 53.796197 ] } },
{ "type": "Feature", "properties": { "name": "Cafe Rain", "category": "retail_dining", "attractor_weight": 5.0 }, "geometry": { "type": "Point", "coordinates": [ -1.6640548, 53.7961051 ] } },
{ "type": "Feature", "properties": { "name": "Christine's Cafe", "category": "retail_dining", "attractor_weight": 5.0 }, "geometry": { "type": "Point", "coordinates": [ -1.5609537, 53.786283 ] } },
{ "type": "Feature", "properties": { "name": "Pasha, the Shisha Experts", "category": "retail_dining", "attractor_weight": 5.0 }, "geometry": { "type": "Point", "coordinates": [ -1.5752804, 53.8102947 ] } },
{ "type": "Feature", "properties": { "name": "Loop", "category": "retail_dining", "attractor_weight": 5.0 }, "geometry": { "type": "Point", "coordinates": [ -1.5400116, 53.8003347 ] } },
{ "type": "Feature", "properties": { "name": "Marks & Spencer", "category": "retail_dining", "attractor_weight": 5.0 }, "geometry": { "type": "Point", "coordinates": [ -1.5744087, 53.7578457 ] } },
{ "type": "Feature", "properties": { "name": "The Fish Bar", "category": "retail_dining", "attractor_weight": 5.0 }, "geometry": { "type": "Point", "coordinates": [ -1.4777574, 53.7485928 ] } },
{ "type": "Feature", "properties": { "name": "Yorkshire Menswear", "category": "retail_dining", "attractor_weight": 5.0 }, "geometry": { "type": "Point", "coordinates": [ -1.6629175, 53.8231128 ] } },
{ "type": "Feature", "properties": { "name": "The Loft Coffee Shop", "category": "retail_dining", "attractor_weight": 5.0 }, "geometry": { "type": "Point", "coordinates": [ -1.6656995, 53.8174116 ] } },
{ "type": "Feature", "properties": { "name": "Cielo Coffee House", "category": "retail_dining", "attractor_weight": 5.0 }, "geometry": { "type": "Point", "coordinates": [ -1.5535546, 53.7972112 ] } },
{ "type": "Feature", "properties": { "name": "Verve", "category": "retail_dining", "attractor_weight": 5.0 }, "geometry": { "type": "Point", "coordinates": [ -1.5402402, 53.8004806 ] } },
{ "type": "Feature", "properties": { "name": "Mojo's", "category": "retail_dining", "attractor_weight": 5.0 }, "geometry": { "type": "Point", "coordinates": [ -1.5403105, 53.800491 ] } },
{ "type": "Feature", "properties": { "name": "Black Olive", "category": "retail_dining", "attractor_weight": 5.0 }, "geometry": { "type": "Point", "coordinates": [ -1.4504199, 53.8072089 ] } },
{ "type": "Feature", "properties": { "name": "The Liquorist", "category": "retail_dining", "attractor_weight": 5.0 }, "geometry": { "type": "Point", "coordinates": [ -1.5476541, 53.7985042 ] } },
{ "type": "Feature", "properties": { "name": "Lost & Found", "category": "retail_dining", "attractor_weight": 5.0 }, "geometry": { "type": "Point", "coordinates": [ -1.5475415, 53.7982919 ] } },
{ "type": "Feature", "properties": { "name": "Bar Soba", "category": "retail_dining", "attractor_weight": 5.0 }, "geometry": { "type": "Point", "coordinates": [ -1.5478821, 53.7985121 ] } },
{ "type": "Feature", "properties": { "name": "Gusto", "category": "retail_dining", "attractor_weight": 5.0 }, "geometry": { "type": "Point", "coordinates": [ -1.547801, 53.7982824 ] } },
{ "type": "Feature", "properties": { "name": "Neighbourhood", "category": "retail_dining", "attractor_weight": 5.0 }, "geometry": { "type": "Point", "coordinates": [ -1.5481845, 53.7985169 ] } },
{ "type": "Feature", "properties": { "name": "Riva Blu", "category": "retail_dining", "attractor_weight": 5.0 }, "geometry": { "type": "Point", "coordinates": [ -1.5468365, 53.7984118 ] } },
{ "type": "Feature", "properties": { "name": "Pasta Romagna", "category": "retail_dining", "attractor_weight": 5.0 }, "geometry": { "type": "Point", "coordinates": [ -1.5433727, 53.79772 ] } },
{ "type": "Feature", "properties": { "name": "Somewhere Different", "category": "retail_dining", "attractor_weight": 5.0 }, "geometry": { "type": "Point", "coordinates": [ -1.6913767, 53.8661224 ] } },
{ "type": "Feature", "properties": { "name": "Franco's Restaurant & Deli", "category": "retail_dining", "attractor_weight": 5.0 }, "geometry": { "type": "Point", "coordinates": [ -1.4269851, 53.7994989 ] } },
{ "type": "Feature", "properties": { "name": "North Bar, Aire Park", "category": "retail_dining", "attractor_weight": 5.0 }, "geometry": { "type": "Point", "coordinates": [ -1.5381953, 53.7912854 ] } },
{ "type": "Feature", "properties": { "name": "Baan Thai Restaurant", "category": "retail_dining", "attractor_weight": 5.0 }, "geometry": { "type": "Point", "coordinates": [ -1.5978831, 53.7440284 ] } },
{ "type": "Feature", "properties": { "name": "Sambuca", "category": "retail_dining", "attractor_weight": 5.0 }, "geometry": { "type": "Point", "coordinates": [ -1.5996104, 53.7439864 ] } },
{ "type": "Feature", "properties": { "name": "Pieminister", "category": "retail_dining", "attractor_weight": 5.0 }, "geometry": { "type": "Point", "coordinates": [ -1.5412365, 53.7960836 ] } },
{ "type": "Feature", "properties": { "name": "Distrikt", "category": "retail_dining", "attractor_weight": 5.0 }, "geometry": { "type": "Point", "coordinates": [ -1.541866, 53.7961669 ] } },
{ "type": "Feature", "properties": { "name": "The Lock Kitchen and Bar", "category": "retail_dining", "attractor_weight": 5.0 }, "geometry": { "type": "Point", "coordinates": [ -1.549451, 53.7932716 ] } },
{ "type": "Feature", "properties": { "name": "Gallio", "category": "retail_dining", "attractor_weight": 5.0 }, "geometry": { "type": "Point", "coordinates": [ -1.5321539, 53.8057276 ] } },
{ "type": "Feature", "properties": { "name": "Zoya", "category": "retail_dining", "attractor_weight": 5.0 }, "geometry": { "type": "Point", "coordinates": [ -1.4477686, 53.7517153 ] } },
{ "type": "Feature", "properties": { "name": "Salto", "category": "retail_dining", "attractor_weight": 5.0 }, "geometry": { "type": "Point", "coordinates": [ -1.4478678, 53.7516407 ] } },
{ "type": "Feature", "properties": { "name": "Kip McGrath", "category": "retail_dining", "attractor_weight": 5.0 }, "geometry": { "type": "Point", "coordinates": [ -1.6404081, 53.7162813 ] } },
{ "type": "Feature", "properties": { "name": "Power, Corruption And Lies", "category": "retail_dining", "attractor_weight": 5.0 }, "geometry": { "type": "Point", "coordinates": [ -1.5411742, 53.795599 ] } },
{ "type": "Feature", "properties": { "name": "Call Lane Social", "category": "retail_dining", "attractor_weight": 5.0 }, "geometry": { "type": "Point", "coordinates": [ -1.541193, 53.7955092 ] } },
{ "type": "Feature", "properties": { "name": "Art's", "category": "retail_dining", "attractor_weight": 5.0 }, "geometry": { "type": "Point", "coordinates": [ -1.5411999, 53.7954663 ] } },
{ "type": "Feature", "properties": { "name": "Oporto", "category": "retail_dining", "attractor_weight": 5.0 }, "geometry": { "type": "Point", "coordinates": [ -1.5408522, 53.7955834 ] } },
{ "type": "Feature", "properties": { "name": "Northern Guitars", "category": "retail_dining", "attractor_weight": 5.0 }, "geometry": { "type": "Point", "coordinates": [ -1.540935, 53.7952865 ] } },
{ "type": "Feature", "properties": { "name": "Brooklyn", "category": "retail_dining", "attractor_weight": 5.0 }, "geometry": { "type": "Point", "coordinates": [ -1.5412748, 53.7951443 ] } },
{ "type": "Feature", "properties": { "name": "Revolution", "category": "retail_dining", "attractor_weight": 5.0 }, "geometry": { "type": "Point", "coordinates": [ -1.5412498, 53.7952395 ] } },
{ "type": "Feature", "properties": { "name": "Neon Cactus", "category": "retail_dining", "attractor_weight": 5.0 }, "geometry": { "type": "Point", "coordinates": [ -1.5408722, 53.7955089 ] } },
{ "type": "Feature", "properties": { "name": "Caffè Nero", "category": "retail_dining", "attractor_weight": 5.0 }, "geometry": { "type": "Point", "coordinates": [ -1.5517874, 53.80703 ] } },
{ "type": "Feature", "properties": { "name": "Kirkstall Forge", "category": "transit_hub", "attractor_weight": 100.0 }, "geometry": { "type": "Point", "coordinates": [ -1.627075, 53.8253007 ] } },
{ "type": "Feature", "properties": { "name": "The Edit Room", "category": "retail_dining", "attractor_weight": 5.0 }, "geometry": { "type": "Point", "coordinates": [ -1.5545065, 53.8060819 ] } },
{ "type": "Feature", "properties": { "name": "Mix Karaoke", "category": "retail_dining", "attractor_weight": 5.0 }, "geometry": { "type": "Point", "coordinates": [ -1.5415448, 53.7996266 ] } },
{ "type": "Feature", "properties": { "name": "Café W", "category": "retail_dining", "attractor_weight": 5.0 }, "geometry": { "type": "Point", "coordinates": [ -1.5454384, 53.7989721 ] } },
{ "type": "Feature", "properties": { "name": "Slaters", "category": "retail_dining", "attractor_weight": 5.0 }, "geometry": { "type": "Point", "coordinates": [ -1.5452485, 53.7985639 ] } },
{ "type": "Feature", "properties": { "name": "Tung Ying", "category": "retail_dining", "attractor_weight": 5.0 }, "geometry": { "type": "Point", "coordinates": [ -1.4513907, 53.8175292 ] } },
{ "type": "Feature", "properties": { "name": "Little Mama's cafe", "category": "retail_dining", "attractor_weight": 5.0 }, "geometry": { "type": "Point", "coordinates": [ -1.4517769, 53.8174033 ] } },
{ "type": "Feature", "properties": { "name": "Unnamed Attractor", "category": "retail_dining", "attractor_weight": 5.0 }, "geometry": { "type": "Point", "coordinates": [ -1.6029079, 53.7452664 ] } },
{ "type": "Feature", "properties": { "name": "Better Days", "category": "retail_dining", "attractor_weight": 5.0 }, "geometry": { "type": "Point", "coordinates": [ -1.5405392, 53.8002163 ] } },
{ "type": "Feature", "properties": { "name": "Veeno - The Italian Wine Cafe", "category": "retail_dining", "attractor_weight": 5.0 }, "geometry": { "type": "Point", "coordinates": [ -1.5550972, 53.7955076 ] } },
{ "type": "Feature", "properties": { "name": "Caracas Grill", "category": "retail_dining", "attractor_weight": 5.0 }, "geometry": { "type": "Point", "coordinates": [ -1.5528164, 53.7970683 ] } },
{ "type": "Feature", "properties": { "name": "Brodie & Flynn", "category": "retail_dining", "attractor_weight": 5.0 }, "geometry": { "type": "Point", "coordinates": [ -1.6664685, 53.8319505 ] } },
{ "type": "Feature", "properties": { "name": "Jasper's", "category": "retail_dining", "attractor_weight": 5.0 }, "geometry": { "type": "Point", "coordinates": [ -1.6718124, 53.8120155 ] } },
{ "type": "Feature", "properties": { "name": "Damsell Dancewear", "category": "retail_dining", "attractor_weight": 5.0 }, "geometry": { "type": "Point", "coordinates": [ -1.6717753, 53.8114213 ] } },
{ "type": "Feature", "properties": { "name": "Olive & Feta", "category": "retail_dining", "attractor_weight": 5.0 }, "geometry": { "type": "Point", "coordinates": [ -1.6717136, 53.8115322 ] } },
{ "type": "Feature", "properties": { "name": "Fifty-Eight Giardio", "category": "retail_dining", "attractor_weight": 5.0 }, "geometry": { "type": "Point", "coordinates": [ -1.6715929, 53.8116771 ] } },
{ "type": "Feature", "properties": { "name": "Unnamed Attractor", "category": "retail_dining", "attractor_weight": 5.0 }, "geometry": { "type": "Point", "coordinates": [ -1.6366249, 53.8036859 ] } },
{ "type": "Feature", "properties": { "name": "Larder", "category": "retail_dining", "attractor_weight": 5.0 }, "geometry": { "type": "Point", "coordinates": [ -1.5206132, 53.8347817 ] } },
{ "type": "Feature", "properties": { "name": "Kapow Coffee", "category": "retail_dining", "attractor_weight": 5.0 }, "geometry": { "type": "Point", "coordinates": [ -1.5428478, 53.7986367 ] } },
{ "type": "Feature", "properties": { "name": "The Old Red Bus Station", "category": "retail_dining", "attractor_weight": 5.0 }, "geometry": { "type": "Point", "coordinates": [ -1.5393935, 53.7994928 ] } },
{ "type": "Feature", "properties": { "name": "Nong Fern Thai Supermarket", "category": "grocery_mall", "attractor_weight": 15.0 }, "geometry": { "type": "Point", "coordinates": [ -1.5399756, 53.7992695 ] } },
{ "type": "Feature", "properties": { "name": "La Strega", "category": "retail_dining", "attractor_weight": 5.0 }, "geometry": { "type": "Point", "coordinates": [ -1.5415608, 53.7973801 ] } },
{ "type": "Feature", "properties": { "name": "Mans Market", "category": "retail_dining", "attractor_weight": 5.0 }, "geometry": { "type": "Point", "coordinates": [ -1.5533868, 53.7955524 ] } },
{ "type": "Feature", "properties": { "name": "Nurture Cafe", "category": "retail_dining", "attractor_weight": 5.0 }, "geometry": { "type": "Point", "coordinates": [ -1.5437669, 53.7961787 ] } },
{ "type": "Feature", "properties": { "name": "Turtle Bay", "category": "retail_dining", "attractor_weight": 5.0 }, "geometry": { "type": "Point", "coordinates": [ -1.5452072, 53.7998279 ] } },
{ "type": "Feature", "properties": { "name": "Nj's Cafe", "category": "retail_dining", "attractor_weight": 5.0 }, "geometry": { "type": "Point", "coordinates": [ -1.6017894, 53.8421978 ] } },
{ "type": "Feature", "properties": { "name": "Kitty Cafe", "category": "retail_dining", "attractor_weight": 5.0 }, "geometry": { "type": "Point", "coordinates": [ -1.5415509, 53.7972912 ] } },
{ "type": "Feature", "properties": { "name": "Bengal Brasserie", "category": "retail_dining", "attractor_weight": 5.0 }, "geometry": { "type": "Point", "coordinates": [ -1.5427953, 53.8022224 ] } },
{ "type": "Feature", "properties": { "name": "Mommy Mookrata", "category": "retail_dining", "attractor_weight": 5.0 }, "geometry": { "type": "Point", "coordinates": [ -1.5434043, 53.8023226 ] } },
{ "type": "Feature", "properties": { "name": "Pumpkin", "category": "retail_dining", "attractor_weight": 5.0 }, "geometry": { "type": "Point", "coordinates": [ -1.5361775, 53.7975158 ] } },
{ "type": "Feature", "properties": { "name": "Sarto", "category": "retail_dining", "attractor_weight": 5.0 }, "geometry": { "type": "Point", "coordinates": [ -1.534072, 53.7970239 ] } },
{ "type": "Feature", "properties": { "name": "Caffè Nero", "category": "retail_dining", "attractor_weight": 5.0 }, "geometry": { "type": "Point", "coordinates": [ -1.5468134, 53.7993927 ] } },
{ "type": "Feature", "properties": { "name": "All Bar One", "category": "retail_dining", "attractor_weight": 5.0 }, "geometry": { "type": "Point", "coordinates": [ -1.5490374, 53.7985708 ] } },
{ "type": "Feature", "properties": { "name": "New Pudsey", "category": "transit_hub", "attractor_weight": 100.0 }, "geometry": { "type": "Point", "coordinates": [ -1.6805365, 53.8046713 ] } },
{ "type": "Feature", "properties": { "name": "Mad Frans", "category": "retail_dining", "attractor_weight": 5.0 }, "geometry": { "type": "Point", "coordinates": [ -1.5552789, 53.7951521 ] } },
{ "type": "Feature", "properties": { "name": "Brown Lane Deli", "category": "retail_dining", "attractor_weight": 5.0 }, "geometry": { "type": "Point", "coordinates": [ -1.5711603, 53.7837213 ] } },
{ "type": "Feature", "properties": { "name": "Basco's Cafe & Bistro", "category": "retail_dining", "attractor_weight": 5.0 }, "geometry": { "type": "Point", "coordinates": [ -1.5431913, 53.7977194 ] } },
{ "type": "Feature", "properties": { "name": "Caffè Nero", "category": "retail_dining", "attractor_weight": 5.0 }, "geometry": { "type": "Point", "coordinates": [ -1.5427634, 53.7976967 ] } },
{ "type": "Feature", "properties": { "name": "Zorbas", "category": "retail_dining", "attractor_weight": 5.0 }, "geometry": { "type": "Point", "coordinates": [ -1.451804, 53.8073692 ] } },
{ "type": "Feature", "properties": { "name": "Blue Rinse", "category": "retail_dining", "attractor_weight": 5.0 }, "geometry": { "type": "Point", "coordinates": [ -1.5440099, 53.8014172 ] } },
{ "type": "Feature", "properties": { "name": "Heron Foods", "category": "grocery_mall", "attractor_weight": 15.0 }, "geometry": { "type": "Point", "coordinates": [ -1.5441153, 53.8020878 ] } },
{ "type": "Feature", "properties": { "name": "Cafe Leep", "category": "retail_dining", "attractor_weight": 5.0 }, "geometry": { "type": "Point", "coordinates": [ -1.5320912, 53.8086197 ] } },
{ "type": "Feature", "properties": { "name": "Morenos", "category": "retail_dining", "attractor_weight": 5.0 }, "geometry": { "type": "Point", "coordinates": [ -1.4722686, 53.795141 ] } },
{ "type": "Feature", "properties": { "name": "Latte Café & Deli", "category": "retail_dining", "attractor_weight": 5.0 }, "geometry": { "type": "Point", "coordinates": [ -1.4705332, 53.7956392 ] } },
{ "type": "Feature", "properties": { "name": "Bengal Aroma", "category": "retail_dining", "attractor_weight": 5.0 }, "geometry": { "type": "Point", "coordinates": [ -1.4679679, 53.7971462 ] } },
{ "type": "Feature", "properties": { "name": "The Sports Cafe", "category": "retail_dining", "attractor_weight": 5.0 }, "geometry": { "type": "Point", "coordinates": [ -1.4680012, 53.7971212 ] } },
{ "type": "Feature", "properties": { "name": "Spice House", "category": "retail_dining", "attractor_weight": 5.0 }, "geometry": { "type": "Point", "coordinates": [ -1.4701371, 53.796144 ] } },
{ "type": "Feature", "properties": { "name": "Rice Paper", "category": "retail_dining", "attractor_weight": 5.0 }, "geometry": { "type": "Point", "coordinates": [ -1.4712721, 53.7961153 ] } },
{ "type": "Feature", "properties": { "name": "Oasis Cafe", "category": "retail_dining", "attractor_weight": 5.0 }, "geometry": { "type": "Point", "coordinates": [ -1.4846134, 53.8003839 ] } },
{ "type": "Feature", "properties": { "name": "Little Birds", "category": "retail_dining", "attractor_weight": 5.0 }, "geometry": { "type": "Point", "coordinates": [ -1.533195, 53.7487685 ] } },
{ "type": "Feature", "properties": { "name": "Moreish", "category": "retail_dining", "attractor_weight": 5.0 }, "geometry": { "type": "Point", "coordinates": [ -1.5411705, 53.748852 ] } },
{ "type": "Feature", "properties": { "name": "The Cracked Pot", "category": "retail_dining", "attractor_weight": 5.0 }, "geometry": { "type": "Point", "coordinates": [ -1.5481858, 53.7475165 ] } },
{ "type": "Feature", "properties": { "name": "Caroles Kitchen", "category": "retail_dining", "attractor_weight": 5.0 }, "geometry": { "type": "Point", "coordinates": [ -1.5958822, 53.7934378 ] } },
{ "type": "Feature", "properties": { "name": "Corner House Cafe", "category": "retail_dining", "attractor_weight": 5.0 }, "geometry": { "type": "Point", "coordinates": [ -1.5858682, 53.7931962 ] } },
{ "type": "Feature", "properties": { "name": "Betsy's", "category": "retail_dining", "attractor_weight": 5.0 }, "geometry": { "type": "Point", "coordinates": [ -1.5924892, 53.7815731 ] } },
{ "type": "Feature", "properties": { "name": "Annas Snack Bar", "category": "retail_dining", "attractor_weight": 5.0 }, "geometry": { "type": "Point", "coordinates": [ -1.5381805, 53.7865262 ] } },
{ "type": "Feature", "properties": { "name": "Caz's Cafe", "category": "retail_dining", "attractor_weight": 5.0 }, "geometry": { "type": "Point", "coordinates": [ -1.421261, 53.7662332 ] } },
{ "type": "Feature", "properties": { "name": "Sorrento", "category": "retail_dining", "attractor_weight": 5.0 }, "geometry": { "type": "Point", "coordinates": [ -1.4452584, 53.8025273 ] } },
{ "type": "Feature", "properties": { "name": "The Coffee Shop", "category": "retail_dining", "attractor_weight": 5.0 }, "geometry": { "type": "Point", "coordinates": [ -1.4651682, 53.7991272 ] } },
{ "type": "Feature", "properties": { "name": "Wezy's", "category": "retail_dining", "attractor_weight": 5.0 }, "geometry": { "type": "Point", "coordinates": [ -1.5180518, 53.7941757 ] } },
{ "type": "Feature", "properties": { "name": "Hungry Harry's", "category": "retail_dining", "attractor_weight": 5.0 }, "geometry": { "type": "Point", "coordinates": [ -1.5059249, 53.7996006 ] } },
{ "type": "Feature", "properties": { "name": "Jinnah", "category": "retail_dining", "attractor_weight": 5.0 }, "geometry": { "type": "Point", "coordinates": [ -1.4691612, 53.8076694 ] } },
{ "type": "Feature", "properties": { "name": "Rainbow Deli", "category": "retail_dining", "attractor_weight": 5.0 }, "geometry": { "type": "Point", "coordinates": [ -1.4566192, 53.8134944 ] } },
{ "type": "Feature", "properties": { "name": "Hamara Healthy Living Centre Community Cafe", "category": "retail_dining", "attractor_weight": 5.0 }, "geometry": { "type": "Point", "coordinates": [ -1.5521595, 53.774398 ] } },
{ "type": "Feature", "properties": { "name": "Sandwiches Galore", "category": "retail_dining", "attractor_weight": 5.0 }, "geometry": { "type": "Point", "coordinates": [ -1.561798, 53.7755575 ] } },
{ "type": "Feature", "properties": { "name": "Darvish", "category": "retail_dining", "attractor_weight": 5.0 }, "geometry": { "type": "Point", "coordinates": [ -1.5164579, 53.8176432 ] } },
{ "type": "Feature", "properties": { "name": "Michaels Home Bakery", "category": "retail_dining", "attractor_weight": 5.0 }, "geometry": { "type": "Point", "coordinates": [ -1.5118848, 53.8067508 ] } },
{ "type": "Feature", "properties": { "name": "The Filling Station Cafe", "category": "retail_dining", "attractor_weight": 5.0 }, "geometry": { "type": "Point", "coordinates": [ -1.5112069, 53.8064859 ] } },
{ "type": "Feature", "properties": { "name": "Bellbrooke Cafe", "category": "retail_dining", "attractor_weight": 5.0 }, "geometry": { "type": "Point", "coordinates": [ -1.5079379, 53.8088367 ] } },
{ "type": "Feature", "properties": { "name": "Meeting Point Cafe", "category": "retail_dining", "attractor_weight": 5.0 }, "geometry": { "type": "Point", "coordinates": [ -1.5077441, 53.8081216 ] } },
{ "type": "Feature", "properties": { "name": "Gilchrist Bakery", "category": "retail_dining", "attractor_weight": 5.0 }, "geometry": { "type": "Point", "coordinates": [ -1.5082638, 53.808704 ] } },
{ "type": "Feature", "properties": { "name": "Stones Bakery", "category": "retail_dining", "attractor_weight": 5.0 }, "geometry": { "type": "Point", "coordinates": [ -1.5093528, 53.8093997 ] } },
{ "type": "Feature", "properties": { "name": "Medina Bakery", "category": "retail_dining", "attractor_weight": 5.0 }, "geometry": { "type": "Point", "coordinates": [ -1.5125158, 53.8118311 ] } },
{ "type": "Feature", "properties": { "name": "Roya Bakery", "category": "retail_dining", "attractor_weight": 5.0 }, "geometry": { "type": "Point", "coordinates": [ -1.5174624, 53.8109565 ] } },
{ "type": "Feature", "properties": { "name": "Deli Delight", "category": "retail_dining", "attractor_weight": 5.0 }, "geometry": { "type": "Point", "coordinates": [ -1.5174665, 53.8112503 ] } },
{ "type": "Feature", "properties": { "name": "Zm Zm Bakery", "category": "retail_dining", "attractor_weight": 5.0 }, "geometry": { "type": "Point", "coordinates": [ -1.5175282, 53.8115258 ] } },
{ "type": "Feature", "properties": { "name": "Noor Foods", "category": "grocery_mall", "attractor_weight": 15.0 }, "geometry": { "type": "Point", "coordinates": [ -1.5174651, 53.8135609 ] } },
{ "type": "Feature", "properties": { "name": "Makkah Bakery", "category": "retail_dining", "attractor_weight": 5.0 }, "geometry": { "type": "Point", "coordinates": [ -1.5174007, 53.8148404 ] } },
{ "type": "Feature", "properties": { "name": "Tastys Karahi Restaurant", "category": "retail_dining", "attractor_weight": 5.0 }, "geometry": { "type": "Point", "coordinates": [ -1.5247178, 53.8109209 ] } },
{ "type": "Feature", "properties": { "name": "Piassa Bar And Restaurant", "category": "retail_dining", "attractor_weight": 5.0 }, "geometry": { "type": "Point", "coordinates": [ -1.5249753, 53.8111109 ] } },
{ "type": "Feature", "properties": { "name": "Raies Tandoori Restaurant", "category": "retail_dining", "attractor_weight": 5.0 }, "geometry": { "type": "Point", "coordinates": [ -1.5221, 53.8118743 ] } },
{ "type": "Feature", "properties": { "name": "Family Internet Cafe", "category": "retail_dining", "attractor_weight": 5.0 }, "geometry": { "type": "Point", "coordinates": [ -1.5164217, 53.808786 ] } },
{ "type": "Feature", "properties": { "name": "Abyssinia Cafe And Restaurant", "category": "retail_dining", "attractor_weight": 5.0 }, "geometry": { "type": "Point", "coordinates": [ -1.5149479, 53.8091677 ] } },
{ "type": "Feature", "properties": { "name": "Reyhoon", "category": "retail_dining", "attractor_weight": 5.0 }, "geometry": { "type": "Point", "coordinates": [ -1.5168657, 53.8091629 ] } },
{ "type": "Feature", "properties": { "name": "Salam Internet Cafe", "category": "retail_dining", "attractor_weight": 5.0 }, "geometry": { "type": "Point", "coordinates": [ -1.5167905, 53.8089951 ] } },
{ "type": "Feature", "properties": { "name": "Rumbling Tum Cafe", "category": "retail_dining", "attractor_weight": 5.0 }, "geometry": { "type": "Point", "coordinates": [ -1.5230079, 53.7928599 ] } },
{ "type": "Feature", "properties": { "name": "Tomato Dip", "category": "retail_dining", "attractor_weight": 5.0 }, "geometry": { "type": "Point", "coordinates": [ -1.5217808, 53.7904416 ] } },
{ "type": "Feature", "properties": { "name": "Early Bird Cafe", "category": "retail_dining", "attractor_weight": 5.0 }, "geometry": { "type": "Point", "coordinates": [ -1.5191683, 53.7912988 ] } },
{ "type": "Feature", "properties": { "name": "Maes", "category": "retail_dining", "attractor_weight": 5.0 }, "geometry": { "type": "Point", "coordinates": [ -1.5149707, 53.7913503 ] } },
{ "type": "Feature", "properties": { "name": "Pasha", "category": "retail_dining", "attractor_weight": 5.0 }, "geometry": { "type": "Point", "coordinates": [ -1.5079889, 53.8249503 ] } },
{ "type": "Feature", "properties": { "name": "Mr Moustache", "category": "retail_dining", "attractor_weight": 5.0 }, "geometry": { "type": "Point", "coordinates": [ -1.5078011, 53.8253326 ] } },
{ "type": "Feature", "properties": { "name": "Punjabi Heaven", "category": "retail_dining", "attractor_weight": 5.0 }, "geometry": { "type": "Point", "coordinates": [ -1.5077797, 53.8253809 ] } },
{ "type": "Feature", "properties": { "name": "Tobias", "category": "retail_dining", "attractor_weight": 5.0 }, "geometry": { "type": "Point", "coordinates": [ -1.506578, 53.8266316 ] } },
{ "type": "Feature", "properties": { "name": "Nawaab Khan", "category": "retail_dining", "attractor_weight": 5.0 }, "geometry": { "type": "Point", "coordinates": [ -1.5050612, 53.8270535 ] } },
{ "type": "Feature", "properties": { "name": "Tasty", "category": "retail_dining", "attractor_weight": 5.0 }, "geometry": { "type": "Point", "coordinates": [ -1.5054408, 53.826915 ] } },
{ "type": "Feature", "properties": { "name": "Preston", "category": "retail_dining", "attractor_weight": 5.0 }, "geometry": { "type": "Point", "coordinates": [ -1.5059517, 53.8266173 ] } },
{ "type": "Feature", "properties": { "name": "Hessian", "category": "retail_dining", "attractor_weight": 5.0 }, "geometry": { "type": "Point", "coordinates": [ -1.5059906, 53.8265841 ] } },
{ "type": "Feature", "properties": { "name": "Gron", "category": "retail_dining", "attractor_weight": 5.0 }, "geometry": { "type": "Point", "coordinates": [ -1.5062642, 53.8263704 ] } },
{ "type": "Feature", "properties": { "name": "Ricos", "category": "retail_dining", "attractor_weight": 5.0 }, "geometry": { "type": "Point", "coordinates": [ -1.5063567, 53.8262762 ] } },
{ "type": "Feature", "properties": { "name": "The Cafe", "category": "retail_dining", "attractor_weight": 5.0 }, "geometry": { "type": "Point", "coordinates": [ -1.6620925, 53.8072742 ] } },
{ "type": "Feature", "properties": { "name": "Abids", "category": "retail_dining", "attractor_weight": 5.0 }, "geometry": { "type": "Point", "coordinates": [ -1.6628952, 53.8069916 ] } },
{ "type": "Feature", "properties": { "name": "Shalamar Cash And Curry", "category": "retail_dining", "attractor_weight": 5.0 }, "geometry": { "type": "Point", "coordinates": [ -1.6662727, 53.8052967 ] } },
{ "type": "Feature", "properties": { "name": "Cafe El", "category": "retail_dining", "attractor_weight": 5.0 }, "geometry": { "type": "Point", "coordinates": [ -1.666431, 53.8052583 ] } },
{ "type": "Feature", "properties": { "name": "Ozzy Takeaway", "category": "retail_dining", "attractor_weight": 5.0 }, "geometry": { "type": "Point", "coordinates": [ -1.6671954, 53.8052793 ] } },
{ "type": "Feature", "properties": { "name": "Coopers", "category": "retail_dining", "attractor_weight": 5.0 }, "geometry": { "type": "Point", "coordinates": [ -1.6704078, 53.8148207 ] } },
{ "type": "Feature", "properties": { "name": "Grumpys", "category": "retail_dining", "attractor_weight": 5.0 }, "geometry": { "type": "Point", "coordinates": [ -1.6711933, 53.813781 ] } },
{ "type": "Feature", "properties": { "name": "Mill Kitchen", "category": "retail_dining", "attractor_weight": 5.0 }, "geometry": { "type": "Point", "coordinates": [ -1.670984, 53.8138103 ] } },
{ "type": "Feature", "properties": { "name": "Whiteheads", "category": "retail_dining", "attractor_weight": 5.0 }, "geometry": { "type": "Point", "coordinates": [ -1.6706756, 53.8149053 ] } },
{ "type": "Feature", "properties": { "name": "Il Paradiso Leeds", "category": "retail_dining", "attractor_weight": 5.0 }, "geometry": { "type": "Point", "coordinates": [ -1.5511993, 53.7968179 ] } },
{ "type": "Feature", "properties": { "name": "Iberica", "category": "retail_dining", "attractor_weight": 5.0 }, "geometry": { "type": "Point", "coordinates": [ -1.5493163, 53.7992235 ] } },
{ "type": "Feature", "properties": { "name": "San Carlo", "category": "retail_dining", "attractor_weight": 5.0 }, "geometry": { "type": "Point", "coordinates": [ -1.5485506, 53.7992054 ] } },
{ "type": "Feature", "properties": { "name": "Cafe Espresso", "category": "retail_dining", "attractor_weight": 5.0 }, "geometry": { "type": "Point", "coordinates": [ -1.5627837, 53.8569279 ] } },
{ "type": "Feature", "properties": { "name": "Marinellas", "category": "retail_dining", "attractor_weight": 5.0 }, "geometry": { "type": "Point", "coordinates": [ -1.5538225, 53.8615367 ] } },
{ "type": "Feature", "properties": { "name": "Alexanders Deli", "category": "retail_dining", "attractor_weight": 5.0 }, "geometry": { "type": "Point", "coordinates": [ -1.6130322, 53.8536396 ] } },
{ "type": "Feature", "properties": { "name": "Yorkshire Crust", "category": "retail_dining", "attractor_weight": 5.0 }, "geometry": { "type": "Point", "coordinates": [ -1.6289136, 53.849109 ] } },
{ "type": "Feature", "properties": { "name": "Mad Hatters Cafe", "category": "retail_dining", "attractor_weight": 5.0 }, "geometry": { "type": "Point", "coordinates": [ -1.6310124, 53.8468835 ] } },
{ "type": "Feature", "properties": { "name": "Florence", "category": "retail_dining", "attractor_weight": 5.0 }, "geometry": { "type": "Point", "coordinates": [ -1.5885329, 53.7976203 ] } },
{ "type": "Feature", "properties": { "name": "Nurture Cafe", "category": "retail_dining", "attractor_weight": 5.0 }, "geometry": { "type": "Point", "coordinates": [ -1.5905875, 53.7970948 ] } },
{ "type": "Feature", "properties": { "name": "Oriental Express Cafe", "category": "retail_dining", "attractor_weight": 5.0 }, "geometry": { "type": "Point", "coordinates": [ -1.6667958, 53.8041286 ] } },
{ "type": "Feature", "properties": { "name": "Teddys", "category": "retail_dining", "attractor_weight": 5.0 }, "geometry": { "type": "Point", "coordinates": [ -1.4991329, 53.7964242 ] } },
{ "type": "Feature", "properties": { "name": "Railway Cafe", "category": "retail_dining", "attractor_weight": 5.0 }, "geometry": { "type": "Point", "coordinates": [ -1.4909327, 53.7991792 ] } },
{ "type": "Feature", "properties": { "name": "PizzaExpress", "category": "retail_dining", "attractor_weight": 5.0 }, "geometry": { "type": "Point", "coordinates": [ -1.5112746, 53.8450313 ] } },
{ "type": "Feature", "properties": { "name": "Aarti", "category": "retail_dining", "attractor_weight": 5.0 }, "geometry": { "type": "Point", "coordinates": [ -1.5109594, 53.8450005 ] } },
{ "type": "Feature", "properties": { "name": "Rand Coffee Roastery", "category": "retail_dining", "attractor_weight": 5.0 }, "geometry": { "type": "Point", "coordinates": [ -1.5109661, 53.8449767 ] } },
{ "type": "Feature", "properties": { "name": "Cafe Jazz And Restaurant", "category": "retail_dining", "attractor_weight": 5.0 }, "geometry": { "type": "Point", "coordinates": [ -1.4950888, 53.8208797 ] } },
{ "type": "Feature", "properties": { "name": "Keepers Coffee And Kitchen", "category": "retail_dining", "attractor_weight": 5.0 }, "geometry": { "type": "Point", "coordinates": [ -1.6038309, 53.8486794 ] } },
{ "type": "Feature", "properties": { "name": "Amici Alwoodley", "category": "retail_dining", "attractor_weight": 5.0 }, "geometry": { "type": "Point", "coordinates": [ -1.5304403, 53.8558608 ] } },
{ "type": "Feature", "properties": { "name": "Cafe Nicoles", "category": "retail_dining", "attractor_weight": 5.0 }, "geometry": { "type": "Point", "coordinates": [ -1.5980333, 53.7452911 ] } },
{ "type": "Feature", "properties": { "name": "Amici", "category": "retail_dining", "attractor_weight": 5.0 }, "geometry": { "type": "Point", "coordinates": [ -1.6008027, 53.7460144 ] } },
{ "type": "Feature", "properties": { "name": "Boomerang Deli", "category": "retail_dining", "attractor_weight": 5.0 }, "geometry": { "type": "Point", "coordinates": [ -1.6006753, 53.7460556 ] } },
{ "type": "Feature", "properties": { "name": "Nat's Pad Thai", "category": "retail_dining", "attractor_weight": 5.0 }, "geometry": { "type": "Point", "coordinates": [ -1.6002166, 53.7440047 ] } },
{ "type": "Feature", "properties": { "name": "Cafe Fude", "category": "retail_dining", "attractor_weight": 5.0 }, "geometry": { "type": "Point", "coordinates": [ -1.5993436, 53.742738 ] } },
{ "type": "Feature", "properties": { "name": "Jin Bao Snack Grill Bar", "category": "retail_dining", "attractor_weight": 5.0 }, "geometry": { "type": "Point", "coordinates": [ -1.5516552, 53.8084106 ] } },
{ "type": "Feature", "properties": { "name": "Mardin", "category": "retail_dining", "attractor_weight": 5.0 }, "geometry": { "type": "Point", "coordinates": [ -1.5608056, 53.8148167 ] } },
{ "type": "Feature", "properties": { "name": "Whiteleys The Bakers", "category": "retail_dining", "attractor_weight": 5.0 }, "geometry": { "type": "Point", "coordinates": [ -1.5550455, 53.8141088 ] } },
{ "type": "Feature", "properties": { "name": "Kamboh", "category": "retail_dining", "attractor_weight": 5.0 }, "geometry": { "type": "Point", "coordinates": [ -1.5349343, 53.8125473 ] } },
{ "type": "Feature", "properties": { "name": "G-Wu", "category": "retail_dining", "attractor_weight": 5.0 }, "geometry": { "type": "Point", "coordinates": [ -1.5362399, 53.8386295 ] } },
{ "type": "Feature", "properties": { "name": "E J Gilchrist", "category": "retail_dining", "attractor_weight": 5.0 }, "geometry": { "type": "Point", "coordinates": [ -1.535672, 53.838728 ] } },
{ "type": "Feature", "properties": { "name": "Leeds Playhouse Cafe", "category": "retail_dining", "attractor_weight": 5.0 }, "geometry": { "type": "Point", "coordinates": [ -1.5340559, 53.7983245 ] } },
{ "type": "Feature", "properties": { "name": "City Campus Coffee Shop", "category": "retail_dining", "attractor_weight": 5.0 }, "geometry": { "type": "Point", "coordinates": [ -1.5485197, 53.8043171 ] } },
{ "type": "Feature", "properties": { "name": "Caffè Nero", "category": "retail_dining", "attractor_weight": 5.0 }, "geometry": { "type": "Point", "coordinates": [ -1.549602, 53.8032051 ] } },
{ "type": "Feature", "properties": { "name": "Butty-licious", "category": "retail_dining", "attractor_weight": 5.0 }, "geometry": { "type": "Point", "coordinates": [ -1.6696752, 53.7925795 ] } },
{ "type": "Feature", "properties": { "name": "Olde Booths Tea Room", "category": "retail_dining", "attractor_weight": 5.0 }, "geometry": { "type": "Point", "coordinates": [ -1.662067, 53.7970183 ] } },
{ "type": "Feature", "properties": { "name": "Deep in dough", "category": "retail_dining", "attractor_weight": 5.0 }, "geometry": { "type": "Point", "coordinates": [ -1.6605529, 53.7974587 ] } },
{ "type": "Feature", "properties": { "name": "Tracy's Kitchen", "category": "retail_dining", "attractor_weight": 5.0 }, "geometry": { "type": "Point", "coordinates": [ -1.6598301, 53.7975847 ] } },
{ "type": "Feature", "properties": { "name": "Pizza Freak", "category": "retail_dining", "attractor_weight": 5.0 }, "geometry": { "type": "Point", "coordinates": [ -1.5831173, 53.8066435 ] } },
{ "type": "Feature", "properties": { "name": "Zoya", "category": "retail_dining", "attractor_weight": 5.0 }, "geometry": { "type": "Point", "coordinates": [ -1.6200757, 53.7411176 ] } },
{ "type": "Feature", "properties": { "name": "Home Bakery", "category": "retail_dining", "attractor_weight": 5.0 }, "geometry": { "type": "Point", "coordinates": [ -1.6097908, 53.7408543 ] } },
{ "type": "Feature", "properties": { "name": "Beans", "category": "retail_dining", "attractor_weight": 5.0 }, "geometry": { "type": "Point", "coordinates": [ -1.5674776, 53.7241601 ] } },
{ "type": "Feature", "properties": { "name": "Downstairs At Sids", "category": "retail_dining", "attractor_weight": 5.0 }, "geometry": { "type": "Point", "coordinates": [ -1.5417881, 53.7934378 ] } },
{ "type": "Feature", "properties": { "name": "Sids Little Egg", "category": "retail_dining", "attractor_weight": 5.0 }, "geometry": { "type": "Point", "coordinates": [ -1.5417874, 53.7934433 ] } },
{ "type": "Feature", "properties": { "name": "The Full Monty", "category": "retail_dining", "attractor_weight": 5.0 }, "geometry": { "type": "Point", "coordinates": [ -1.5988661, 53.7532467 ] } },
{ "type": "Feature", "properties": { "name": "Sandwich Corner", "category": "retail_dining", "attractor_weight": 5.0 }, "geometry": { "type": "Point", "coordinates": [ -1.6001174, 53.7511707 ] } },
{ "type": "Feature", "properties": { "name": "Shake, Latte And Roll", "category": "retail_dining", "attractor_weight": 5.0 }, "geometry": { "type": "Point", "coordinates": [ -1.5994173, 53.7501018 ] } },
{ "type": "Feature", "properties": { "name": "Nomad", "category": "retail_dining", "attractor_weight": 5.0 }, "geometry": { "type": "Point", "coordinates": [ -1.6024791, 53.7483809 ] } },
{ "type": "Feature", "properties": { "name": "Tabbak", "category": "retail_dining", "attractor_weight": 5.0 }, "geometry": { "type": "Point", "coordinates": [ -1.6026065, 53.7478266 ] } },
{ "type": "Feature", "properties": { "name": "Jeera Spice", "category": "retail_dining", "attractor_weight": 5.0 }, "geometry": { "type": "Point", "coordinates": [ -1.602152, 53.7469495 ] } },
{ "type": "Feature", "properties": { "name": "Bailey's Baps", "category": "retail_dining", "attractor_weight": 5.0 }, "geometry": { "type": "Point", "coordinates": [ -1.602074, 53.7468598 ] } },
{ "type": "Feature", "properties": { "name": "Spice Lounge", "category": "retail_dining", "attractor_weight": 5.0 }, "geometry": { "type": "Point", "coordinates": [ -1.6018809, 53.7465957 ] } },
{ "type": "Feature", "properties": { "name": "Nigella's Cafe", "category": "retail_dining", "attractor_weight": 5.0 }, "geometry": { "type": "Point", "coordinates": [ -1.601862, 53.7465035 ] } },
{ "type": "Feature", "properties": { "name": "Caffe Moments", "category": "retail_dining", "attractor_weight": 5.0 }, "geometry": { "type": "Point", "coordinates": [ -1.6016999, 53.7462769 ] } },
{ "type": "Feature", "properties": { "name": "Cafe Amore", "category": "retail_dining", "attractor_weight": 5.0 }, "geometry": { "type": "Point", "coordinates": [ -1.6005807, 53.7448775 ] } },
{ "type": "Feature", "properties": { "name": "Bill's", "category": "retail_dining", "attractor_weight": 5.0 }, "geometry": { "type": "Point", "coordinates": [ -1.5448572, 53.7979926 ] } },
{ "type": "Feature", "properties": { "name": "The Man Behind The Curtain", "category": "retail_dining", "attractor_weight": 5.0 }, "geometry": { "type": "Point", "coordinates": [ -1.5394324, 53.7983253 ] } },
{ "type": "Feature", "properties": { "name": "Cha Lounge", "category": "retail_dining", "attractor_weight": 5.0 }, "geometry": { "type": "Point", "coordinates": [ -1.5398374, 53.793616 ] } },
{ "type": "Feature", "properties": { "name": "Streetwise-Love Leeds", "category": "retail_dining", "attractor_weight": 5.0 }, "geometry": { "type": "Point", "coordinates": [ -1.5451589, 53.7890884 ] } },
{ "type": "Feature", "properties": { "name": "The Feel Good Cafe", "category": "retail_dining", "attractor_weight": 5.0 }, "geometry": { "type": "Point", "coordinates": [ -1.5530768, 53.7808052 ] } },
{ "type": "Feature", "properties": { "name": "The Little Cafe", "category": "retail_dining", "attractor_weight": 5.0 }, "geometry": { "type": "Point", "coordinates": [ -1.6021384, 53.7932786 ] } },
{ "type": "Feature", "properties": { "name": "Romanos", "category": "retail_dining", "attractor_weight": 5.0 }, "geometry": { "type": "Point", "coordinates": [ -1.6583629, 53.7552901 ] } },
{ "type": "Feature", "properties": { "name": "Amico Espresso And Cafe Bar", "category": "retail_dining", "attractor_weight": 5.0 }, "geometry": { "type": "Point", "coordinates": [ -1.6664431, 53.7553868 ] } },
{ "type": "Feature", "properties": { "name": "The Snack Shop", "category": "retail_dining", "attractor_weight": 5.0 }, "geometry": { "type": "Point", "coordinates": [ -1.6673362, 53.7551006 ] } },
{ "type": "Feature", "properties": { "name": "Grounded and Co.", "category": "retail_dining", "attractor_weight": 5.0 }, "geometry": { "type": "Point", "coordinates": [ -1.5410578, 53.8009344 ] } },
{ "type": "Feature", "properties": { "name": "Mommy Thai", "category": "retail_dining", "attractor_weight": 5.0 }, "geometry": { "type": "Point", "coordinates": [ -1.5393649, 53.799694 ] } },
{ "type": "Feature", "properties": { "name": "Howl", "category": "retail_dining", "attractor_weight": 5.0 }, "geometry": { "type": "Point", "coordinates": [ -1.5393604, 53.7997328 ] } },
{ "type": "Feature", "properties": { "name": "Greasy Pig", "category": "retail_dining", "attractor_weight": 5.0 }, "geometry": { "type": "Point", "coordinates": [ -1.5744165, 53.8146052 ] } },
{ "type": "Feature", "properties": { "name": "Mogador", "category": "retail_dining", "attractor_weight": 5.0 }, "geometry": { "type": "Point", "coordinates": [ -1.5758863, 53.8113295 ] } },
{ "type": "Feature", "properties": { "name": "Lupe’s Cantina Mexicana", "category": "retail_dining", "attractor_weight": 5.0 }, "geometry": { "type": "Point", "coordinates": [ -1.5750347, 53.8088676 ] } },
{ "type": "Feature", "properties": { "name": "Namaste Lunch Club", "category": "retail_dining", "attractor_weight": 5.0 }, "geometry": { "type": "Point", "coordinates": [ -1.5714996, 53.8080566 ] } },
{ "type": "Feature", "properties": { "name": "Foodcycle", "category": "retail_dining", "attractor_weight": 5.0 }, "geometry": { "type": "Point", "coordinates": [ -1.5722653, 53.8068141 ] } },
{ "type": "Feature", "properties": { "name": "Burley 2000+", "category": "retail_dining", "attractor_weight": 5.0 }, "geometry": { "type": "Point", "coordinates": [ -1.5788502, 53.8067761 ] } },
{ "type": "Feature", "properties": { "name": "Headingley Experience", "category": "retail_dining", "attractor_weight": 5.0 }, "geometry": { "type": "Point", "coordinates": [ -1.58043, 53.8174358 ] } },
{ "type": "Feature", "properties": { "name": "Mahila Samiti Kitchen", "category": "retail_dining", "attractor_weight": 5.0 }, "geometry": { "type": "Point", "coordinates": [ -1.5789145, 53.8187406 ] } },
{ "type": "Feature", "properties": { "name": "The Cats Pyjamas", "category": "retail_dining", "attractor_weight": 5.0 }, "geometry": { "type": "Point", "coordinates": [ -1.5776083, 53.8209565 ] } },
{ "type": "Feature", "properties": { "name": "Milk And Honey Cafe", "category": "retail_dining", "attractor_weight": 5.0 }, "geometry": { "type": "Point", "coordinates": [ -1.5550455, 53.8370591 ] } },
{ "type": "Feature", "properties": { "name": "Stainbeck Community Cafe", "category": "retail_dining", "attractor_weight": 5.0 }, "geometry": { "type": "Point", "coordinates": [ -1.5546392, 53.8308694 ] } },
{ "type": "Feature", "properties": { "name": "Munch", "category": "retail_dining", "attractor_weight": 5.0 }, "geometry": { "type": "Point", "coordinates": [ -1.5808772, 53.8200492 ] } },
{ "type": "Feature", "properties": { "name": "Phở Việt", "category": "retail_dining", "attractor_weight": 5.0 }, "geometry": { "type": "Point", "coordinates": [ -1.5807891, 53.8201247 ] } },
{ "type": "Feature", "properties": { "name": "Chatime", "category": "retail_dining", "attractor_weight": 5.0 }, "geometry": { "type": "Point", "coordinates": [ -1.5450692, 53.8018351 ] } },
{ "type": "Feature", "properties": { "name": "Sing Kee Supermarket", "category": "grocery_mall", "attractor_weight": 15.0 }, "geometry": { "type": "Point", "coordinates": [ -1.5447577, 53.801272 ] } },
{ "type": "Feature", "properties": { "name": "Carousel", "category": "retail_dining", "attractor_weight": 5.0 }, "geometry": { "type": "Point", "coordinates": [ -1.5451509, 53.8001217 ] } },
{ "type": "Feature", "properties": { "name": "Teppanyaki", "category": "retail_dining", "attractor_weight": 5.0 }, "geometry": { "type": "Point", "coordinates": [ -1.5410109, 53.8010377 ] } },
{ "type": "Feature", "properties": { "name": "Just Grand Vintage Tearoom", "category": "retail_dining", "attractor_weight": 5.0 }, "geometry": { "type": "Point", "coordinates": [ -1.5403805, 53.8001978 ] } },
{ "type": "Feature", "properties": { "name": "La Tranquilite", "category": "retail_dining", "attractor_weight": 5.0 }, "geometry": { "type": "Point", "coordinates": [ -1.5399306, 53.8004433 ] } },
{ "type": "Feature", "properties": { "name": "Mean Eyed Cat Bar", "category": "retail_dining", "attractor_weight": 5.0 }, "geometry": { "type": "Point", "coordinates": [ -1.5400983, 53.8004667 ] } },
{ "type": "Feature", "properties": { "name": "Manahatta", "category": "retail_dining", "attractor_weight": 5.0 }, "geometry": { "type": "Point", "coordinates": [ -1.5405194, 53.8004041 ] } },
{ "type": "Feature", "properties": { "name": "Laghetto Restaurant", "category": "retail_dining", "attractor_weight": 5.0 }, "geometry": { "type": "Point", "coordinates": [ -1.5300407, 53.8028313 ] } },
{ "type": "Feature", "properties": { "name": "Newroz", "category": "retail_dining", "attractor_weight": 5.0 }, "geometry": { "type": "Point", "coordinates": [ -1.5293688, 53.8036415 ] } },
{ "type": "Feature", "properties": { "name": "Faizan Khan International Supermarket", "category": "grocery_mall", "attractor_weight": 15.0 }, "geometry": { "type": "Point", "coordinates": [ -1.5200856, 53.8167351 ] } },
{ "type": "Feature", "properties": { "name": "Chefs Restaurant", "category": "retail_dining", "attractor_weight": 5.0 }, "geometry": { "type": "Point", "coordinates": [ -1.5343576, 53.8260585 ] } },
{ "type": "Feature", "properties": { "name": "House Of Koko", "category": "retail_dining", "attractor_weight": 5.0 }, "geometry": { "type": "Point", "coordinates": [ -1.5349464, 53.8264376 ] } },
{ "type": "Feature", "properties": { "name": "Ramsdens Kitchen", "category": "retail_dining", "attractor_weight": 5.0 }, "geometry": { "type": "Point", "coordinates": [ -1.5359536, 53.8263434 ] } },
{ "type": "Feature", "properties": { "name": "School of Philosphy", "category": "university", "attractor_weight": 30.0 }, "geometry": { "type": "Point", "coordinates": [ -1.5356156, 53.8302599 ] } },
{ "type": "Feature", "properties": { "name": "The Olive", "category": "retail_dining", "attractor_weight": 5.0 }, "geometry": { "type": "Point", "coordinates": [ -1.5383689, 53.8314677 ] } },
{ "type": "Feature", "properties": { "name": "Sunshine Bakery", "category": "retail_dining", "attractor_weight": 5.0 }, "geometry": { "type": "Point", "coordinates": [ -1.5383542, 53.8313031 ] } },
{ "type": "Feature", "properties": { "name": "Pinche Pinche", "category": "retail_dining", "attractor_weight": 5.0 }, "geometry": { "type": "Point", "coordinates": [ -1.5380041, 53.8295207 ] } },
{ "type": "Feature", "properties": { "name": "Crust and Crumb", "category": "retail_dining", "attractor_weight": 5.0 }, "geometry": { "type": "Point", "coordinates": [ -1.5379089, 53.829212 ] } },
{ "type": "Feature", "properties": { "name": "Nashs Fish Restaurant", "category": "retail_dining", "attractor_weight": 5.0 }, "geometry": { "type": "Point", "coordinates": [ -1.5374382, 53.8284695 ] } },
{ "type": "Feature", "properties": { "name": "Canteen", "category": "retail_dining", "attractor_weight": 5.0 }, "geometry": { "type": "Point", "coordinates": [ -1.5369486, 53.8278205 ] } },
{ "type": "Feature", "properties": { "name": "Aagrah", "category": "retail_dining", "attractor_weight": 5.0 }, "geometry": { "type": "Point", "coordinates": [ -1.537701, 53.8280833 ] } },
{ "type": "Feature", "properties": { "name": "Samis", "category": "retail_dining", "attractor_weight": 5.0 }, "geometry": { "type": "Point", "coordinates": [ -1.5379304, 53.8285511 ] } },
{ "type": "Feature", "properties": { "name": "Hern", "category": "retail_dining", "attractor_weight": 5.0 }, "geometry": { "type": "Point", "coordinates": [ -1.5381034, 53.8287307 ] } },
{ "type": "Feature", "properties": { "name": "Country Crust", "category": "retail_dining", "attractor_weight": 5.0 }, "geometry": { "type": "Point", "coordinates": [ -1.5468192, 53.8252685 ] } },
{ "type": "Feature", "properties": { "name": "Six By Nico", "category": "retail_dining", "attractor_weight": 5.0 }, "geometry": { "type": "Point", "coordinates": [ -1.5495631, 53.7985613 ] } },
{ "type": "Feature", "properties": { "name": "Manahatta", "category": "retail_dining", "attractor_weight": 5.0 }, "geometry": { "type": "Point", "coordinates": [ -1.5490951, 53.7983095 ] } },
{ "type": "Feature", "properties": { "name": "The Decanter", "category": "retail_dining", "attractor_weight": 5.0 }, "geometry": { "type": "Point", "coordinates": [ -1.5468541, 53.7987736 ] } },
{ "type": "Feature", "properties": { "name": "Roops", "category": "retail_dining", "attractor_weight": 5.0 }, "geometry": { "type": "Point", "coordinates": [ -1.6175169, 53.8083457 ] } },
{ "type": "Feature", "properties": { "name": "Costa", "category": "retail_dining", "attractor_weight": 5.0 }, "geometry": { "type": "Point", "coordinates": [ -1.6268777, 53.8121221 ] } },
{ "type": "Feature", "properties": { "name": "Tails And Spirits", "category": "retail_dining", "attractor_weight": 5.0 }, "geometry": { "type": "Point", "coordinates": [ -1.546036, 53.7942316 ] } },
{ "type": "Feature", "properties": { "name": "Cantinho Do Aziz", "category": "retail_dining", "attractor_weight": 5.0 }, "geometry": { "type": "Point", "coordinates": [ -1.5464678, 53.7941397 ] } },
{ "type": "Feature", "properties": { "name": "Loaf", "category": "retail_dining", "attractor_weight": 5.0 }, "geometry": { "type": "Point", "coordinates": [ -1.5822823, 53.8272867 ] } },
{ "type": "Feature", "properties": { "name": "West Park Lounge", "category": "retail_dining", "attractor_weight": 5.0 }, "geometry": { "type": "Point", "coordinates": [ -1.5927011, 53.8328821 ] } },
{ "type": "Feature", "properties": { "name": "West Park Cafe", "category": "retail_dining", "attractor_weight": 5.0 }, "geometry": { "type": "Point", "coordinates": [ -1.5928124, 53.8329232 ] } },
{ "type": "Feature", "properties": { "name": "Lawnswood Tea Room", "category": "retail_dining", "attractor_weight": 5.0 }, "geometry": { "type": "Point", "coordinates": [ -1.5945786, 53.847359 ] } },
{ "type": "Feature", "properties": { "name": "Oakwood Luncheon Club", "category": "retail_dining", "attractor_weight": 5.0 }, "geometry": { "type": "Point", "coordinates": [ -1.5012217, 53.8270337 ] } },
{ "type": "Feature", "properties": { "name": "Common Ground", "category": "retail_dining", "attractor_weight": 5.0 }, "geometry": { "type": "Point", "coordinates": [ -1.5566911, 53.8064429 ] } },
{ "type": "Feature", "properties": { "name": "Nafees Bakeries", "category": "retail_dining", "attractor_weight": 5.0 }, "geometry": { "type": "Point", "coordinates": [ -1.5169877, 53.8155815 ] } },
{ "type": "Feature", "properties": { "name": "Karpaty Bakery", "category": "retail_dining", "attractor_weight": 5.0 }, "geometry": { "type": "Point", "coordinates": [ -1.5117601, 53.810563 ] } },
{ "type": "Feature", "properties": { "name": "Chrissy's Deli / Cafe", "category": "retail_dining", "attractor_weight": 5.0 }, "geometry": { "type": "Point", "coordinates": [ -1.5114767, 53.8079394 ] } },
{ "type": "Feature", "properties": { "name": "Dangote", "category": "retail_dining", "attractor_weight": 5.0 }, "geometry": { "type": "Point", "coordinates": [ -1.5115361, 53.8079133 ] } },
{ "type": "Feature", "properties": { "name": "North Star Coffee Kiosk", "category": "retail_dining", "attractor_weight": 5.0 }, "geometry": { "type": "Point", "coordinates": [ -1.5447539, 53.793113 ] } },
{ "type": "Feature", "properties": { "name": "Salts Catering", "category": "retail_dining", "attractor_weight": 5.0 }, "geometry": { "type": "Point", "coordinates": [ -1.5450221, 53.7929989 ] } },
{ "type": "Feature", "properties": { "name": "Love Food", "category": "retail_dining", "attractor_weight": 5.0 }, "geometry": { "type": "Point", "coordinates": [ -1.5532082, 53.7982762 ] } },
{ "type": "Feature", "properties": { "name": "Philpotts", "category": "retail_dining", "attractor_weight": 5.0 }, "geometry": { "type": "Point", "coordinates": [ -1.5516874, 53.7980211 ] } },
{ "type": "Feature", "properties": { "name": "Starbucks", "category": "retail_dining", "attractor_weight": 5.0 }, "geometry": { "type": "Point", "coordinates": [ -1.5505824, 53.7978469 ] } },
{ "type": "Feature", "properties": { "name": "The Clubhouse", "category": "retail_dining", "attractor_weight": 5.0 }, "geometry": { "type": "Point", "coordinates": [ -1.5501317, 53.7979752 ] } },
{ "type": "Feature", "properties": { "name": "Piping Hot Cooking Pot", "category": "retail_dining", "attractor_weight": 5.0 }, "geometry": { "type": "Point", "coordinates": [ -1.543842, 53.74196 ] } },
{ "type": "Feature", "properties": { "name": "Windmill Cafe And Takeaway", "category": "retail_dining", "attractor_weight": 5.0 }, "geometry": { "type": "Point", "coordinates": [ -1.5231474, 53.7624803 ] } },
{ "type": "Feature", "properties": { "name": "My House Diner", "category": "retail_dining", "attractor_weight": 5.0 }, "geometry": { "type": "Point", "coordinates": [ -1.5311135, 53.7696385 ] } },
{ "type": "Feature", "properties": { "name": "Eat Your Greens", "category": "retail_dining", "attractor_weight": 5.0 }, "geometry": { "type": "Point", "coordinates": [ -1.5372249, 53.796311 ] } },
{ "type": "Feature", "properties": { "name": "Haute Dolci", "category": "retail_dining", "attractor_weight": 5.0 }, "geometry": { "type": "Point", "coordinates": [ -1.5461326, 53.799778 ] } },
{ "type": "Feature", "properties": { "name": "Prezzo", "category": "retail_dining", "attractor_weight": 5.0 }, "geometry": { "type": "Point", "coordinates": [ -1.5456498, 53.7997463 ] } },
{ "type": "Feature", "properties": { "name": "Dolls Boutique", "category": "retail_dining", "attractor_weight": 5.0 }, "geometry": { "type": "Point", "coordinates": [ -1.5460065, 53.7998873 ] } },
{ "type": "Feature", "properties": { "name": "Estabulo", "category": "retail_dining", "attractor_weight": 5.0 }, "geometry": { "type": "Point", "coordinates": [ -1.5463686, 53.7999855 ] } },
{ "type": "Feature", "properties": { "name": "La Botega Milanese", "category": "retail_dining", "attractor_weight": 5.0 }, "geometry": { "type": "Point", "coordinates": [ -1.5457396, 53.7998699 ] } },
{ "type": "Feature", "properties": { "name": "Frankie & Benny's", "category": "retail_dining", "attractor_weight": 5.0 }, "geometry": { "type": "Point", "coordinates": [ -1.5455411, 53.7998556 ] } },
{ "type": "Feature", "properties": { "name": "Baracoa", "category": "retail_dining", "attractor_weight": 5.0 }, "geometry": { "type": "Point", "coordinates": [ -1.5415809, 53.7948772 ] } },
{ "type": "Feature", "properties": { "name": "IF", "category": "retail_dining", "attractor_weight": 5.0 }, "geometry": { "type": "Point", "coordinates": [ -1.5409536, 53.7952374 ] } },
{ "type": "Feature", "properties": { "name": "Rolands", "category": "retail_dining", "attractor_weight": 5.0 }, "geometry": { "type": "Point", "coordinates": [ -1.5409092, 53.7953465 ] } },
{ "type": "Feature", "properties": { "name": "Food@Bexley", "category": "retail_dining", "attractor_weight": 5.0 }, "geometry": { "type": "Point", "coordinates": [ -1.5223065, 53.8056183 ] } },
{ "type": "Feature", "properties": { "name": "Amigo", "category": "grocery_mall", "attractor_weight": 15.0 }, "geometry": { "type": "Point", "coordinates": [ -1.5223923, 53.8055692 ] } },
{ "type": "Feature", "properties": { "name": "Deli Cafe", "category": "retail_dining", "attractor_weight": 5.0 }, "geometry": { "type": "Point", "coordinates": [ -1.5213758, 53.8061378 ] } },
{ "type": "Feature", "properties": { "name": "Amigo", "category": "grocery_mall", "attractor_weight": 15.0 }, "geometry": { "type": "Point", "coordinates": [ -1.5214857, 53.8060649 ] } },
{ "type": "Feature", "properties": { "name": "Amigo", "category": "grocery_mall", "attractor_weight": 15.0 }, "geometry": { "type": "Point", "coordinates": [ -1.5211163, 53.807966 ] } },
{ "type": "Feature", "properties": { "name": "Food@Gledhow", "category": "retail_dining", "attractor_weight": 5.0 }, "geometry": { "type": "Point", "coordinates": [ -1.5211568, 53.80794 ] } },
{ "type": "Feature", "properties": { "name": "Proper Cornish", "category": "retail_dining", "attractor_weight": 5.0 }, "geometry": { "type": "Point", "coordinates": [ -1.5210351, 53.8080178 ] } },
{ "type": "Feature", "properties": { "name": "Costa", "category": "retail_dining", "attractor_weight": 5.0 }, "geometry": { "type": "Point", "coordinates": [ -1.5211974, 53.8079141 ] } },
{ "type": "Feature", "properties": { "name": "East Africa Centre", "category": "retail_dining", "attractor_weight": 5.0 }, "geometry": { "type": "Point", "coordinates": [ -1.5290918, 53.8038134 ] } },
{ "type": "Feature", "properties": { "name": "Arabian Nights Lounge", "category": "retail_dining", "attractor_weight": 5.0 }, "geometry": { "type": "Point", "coordinates": [ -1.529179, 53.8038146 ] } },
{ "type": "Feature", "properties": { "name": "Shears Yard", "category": "retail_dining", "attractor_weight": 5.0 }, "geometry": { "type": "Point", "coordinates": [ -1.5382737, 53.7951663 ] } },
{ "type": "Feature", "properties": { "name": "3 Cs", "category": "retail_dining", "attractor_weight": 5.0 }, "geometry": { "type": "Point", "coordinates": [ -1.5674347, 53.8070731 ] } },
{ "type": "Feature", "properties": { "name": "Deli Chez", "category": "retail_dining", "attractor_weight": 5.0 }, "geometry": { "type": "Point", "coordinates": [ -1.5661901, 53.8029588 ] } },
{ "type": "Feature", "properties": { "name": "Haftsin Persian Grill House", "category": "retail_dining", "attractor_weight": 5.0 }, "geometry": { "type": "Point", "coordinates": [ -1.5659447, 53.8028289 ] } },
{ "type": "Feature", "properties": { "name": "Manjaros", "category": "retail_dining", "attractor_weight": 5.0 }, "geometry": { "type": "Point", "coordinates": [ -1.5644668, 53.802071 ] } },
{ "type": "Feature", "properties": { "name": "Interactive Investors Canteeen", "category": "retail_dining", "attractor_weight": 5.0 }, "geometry": { "type": "Point", "coordinates": [ -1.5585619, 53.798856 ] } },
{ "type": "Feature", "properties": { "name": "Le Pain Quotidien", "category": "retail_dining", "attractor_weight": 5.0 }, "geometry": { "type": "Point", "coordinates": [ -1.5412389, 53.7981629 ] } },
{ "type": "Feature", "properties": { "name": "Harvey Nichols Espresso Bar", "category": "retail_dining", "attractor_weight": 5.0 }, "geometry": { "type": "Point", "coordinates": [ -1.5417297, 53.7982065 ] } },
{ "type": "Feature", "properties": { "name": "Memento Tea & Noodle", "category": "retail_dining", "attractor_weight": 5.0 }, "geometry": { "type": "Point", "coordinates": [ -1.5430331, 53.7986547 ] } },
{ "type": "Feature", "properties": { "name": "Olive & Rye", "category": "retail_dining", "attractor_weight": 5.0 }, "geometry": { "type": "Point", "coordinates": [ -1.5431565, 53.7983735 ] } },
{ "type": "Feature", "properties": { "name": "Pizza Punks", "category": "retail_dining", "attractor_weight": 5.0 }, "geometry": { "type": "Point", "coordinates": [ -1.5453789, 53.7974873 ] } },
{ "type": "Feature", "properties": { "name": "Maki & Ramen", "category": "retail_dining", "attractor_weight": 5.0 }, "geometry": { "type": "Point", "coordinates": [ -1.5460186, 53.7976045 ] } },
{ "type": "Feature", "properties": { "name": "De Nicos", "category": "retail_dining", "attractor_weight": 5.0 }, "geometry": { "type": "Point", "coordinates": [ -1.5438929, 53.800471 ] } },
{ "type": "Feature", "properties": { "name": "Northwest Passage", "category": "retail_dining", "attractor_weight": 5.0 }, "geometry": { "type": "Point", "coordinates": [ -1.5440968, 53.8005186 ] } },
{ "type": "Feature", "properties": { "name": "Klass", "category": "retail_dining", "attractor_weight": 5.0 }, "geometry": { "type": "Point", "coordinates": [ -1.5439761, 53.8000205 ] } },
{ "type": "Feature", "properties": { "name": "Yours Clothing", "category": "retail_dining", "attractor_weight": 5.0 }, "geometry": { "type": "Point", "coordinates": [ -1.5439801, 53.7999301 ] } },
{ "type": "Feature", "properties": { "name": "Roman", "category": "retail_dining", "attractor_weight": 5.0 }, "geometry": { "type": "Point", "coordinates": [ -1.5437648, 53.8001178 ] } },
{ "type": "Feature", "properties": { "name": "Konga Coffee", "category": "retail_dining", "attractor_weight": 5.0 }, "geometry": { "type": "Point", "coordinates": [ -1.5433806, 53.8010294 ] } },
{ "type": "Feature", "properties": { "name": "Fint", "category": "retail_dining", "attractor_weight": 5.0 }, "geometry": { "type": "Point", "coordinates": [ -1.5529735, 53.8010722 ] } },
{ "type": "Feature", "properties": { "name": "Cafe Mujo", "category": "retail_dining", "attractor_weight": 5.0 }, "geometry": { "type": "Point", "coordinates": [ -1.5533222, 53.801088 ] } },
{ "type": "Feature", "properties": { "name": "Georges Great British Kitchen", "category": "retail_dining", "attractor_weight": 5.0 }, "geometry": { "type": "Point", "coordinates": [ -1.5457168, 53.7996821 ] } },
{ "type": "Feature", "properties": { "name": "Hardback Cafe", "category": "retail_dining", "attractor_weight": 5.0 }, "geometry": { "type": "Point", "coordinates": [ -1.4813726, 53.8540587 ] } },
{ "type": "Feature", "properties": { "name": "Shadwell Tandoori", "category": "retail_dining", "attractor_weight": 5.0 }, "geometry": { "type": "Point", "coordinates": [ -1.5010279, 53.8571891 ] } },
{ "type": "Feature", "properties": { "name": "Woodside", "category": "retail_dining", "attractor_weight": 5.0 }, "geometry": { "type": "Point", "coordinates": [ -1.5330863, 53.7948732 ] } },
{ "type": "Feature", "properties": { "name": "Chapel Allerton Snooker & Social Club", "category": "retail_dining", "attractor_weight": 5.0 }, "geometry": { "type": "Point", "coordinates": [ -1.5358699, 53.8291329 ] } },
{ "type": "Feature", "properties": { "name": "Bluebird Bakery", "category": "retail_dining", "attractor_weight": 5.0 }, "geometry": { "type": "Point", "coordinates": [ -1.5394874, 53.7968361 ] } },
{ "type": "Feature", "properties": { "name": "Good food Co.", "category": "retail_dining", "attractor_weight": 5.0 }, "geometry": { "type": "Point", "coordinates": [ -1.5749945, 53.7838053 ] } },
{ "type": "Feature", "properties": { "name": "Butlers", "category": "retail_dining", "attractor_weight": 5.0 }, "geometry": { "type": "Point", "coordinates": [ -1.6261858, 53.8256484 ] } },
{ "type": "Feature", "properties": { "name": "New Collection", "category": "retail_dining", "attractor_weight": 5.0 }, "geometry": { "type": "Point", "coordinates": [ -1.5381068, 53.8297769 ] } },
{ "type": "Feature", "properties": { "name": "4 Kitchens", "category": "retail_dining", "attractor_weight": 5.0 }, "geometry": { "type": "Point", "coordinates": [ -1.5376454, 53.8287716 ] } },
{ "type": "Feature", "properties": { "name": "The Sunday School Tea Rooms", "category": "retail_dining", "attractor_weight": 5.0 }, "geometry": { "type": "Point", "coordinates": [ -1.5508626, 53.799938 ] } },
{ "type": "Feature", "properties": { "name": "The Ivy", "category": "retail_dining", "attractor_weight": 5.0 }, "geometry": { "type": "Point", "coordinates": [ -1.540457, 53.7979269 ] } },
{ "type": "Feature", "properties": { "name": "Yorkshire Lounge", "category": "retail_dining", "attractor_weight": 5.0 }, "geometry": { "type": "Point", "coordinates": [ -1.6582704, 53.869237 ] } },
{ "type": "Feature", "properties": { "name": "Saltaire Bar", "category": "retail_dining", "attractor_weight": 5.0 }, "geometry": { "type": "Point", "coordinates": [ -1.6585439, 53.8694236 ] } },
{ "type": "Feature", "properties": { "name": "Camden Food Co", "category": "retail_dining", "attractor_weight": 5.0 }, "geometry": { "type": "Point", "coordinates": [ -1.660915, 53.8694679 ] } },
{ "type": "Feature", "properties": { "name": "St Giles Church Hall Luncheon Club", "category": "retail_dining", "attractor_weight": 5.0 }, "geometry": { "type": "Point", "coordinates": [ -1.6226962, 53.8863265 ] } },
{ "type": "Feature", "properties": { "name": "Good Luck Club", "category": "retail_dining", "attractor_weight": 5.0 }, "geometry": { "type": "Point", "coordinates": [ -1.5557159, 53.7955301 ] } },
{ "type": "Feature", "properties": { "name": "Casa Colombiana", "category": "retail_dining", "attractor_weight": 5.0 }, "geometry": { "type": "Point", "coordinates": [ -1.5401204, 53.8001706 ] } },
{ "type": "Feature", "properties": { "name": "Labels Designer Menswear", "category": "retail_dining", "attractor_weight": 5.0 }, "geometry": { "type": "Point", "coordinates": [ -1.5408117, 53.8002481 ] } },
{ "type": "Feature", "properties": { "name": "Stuzzi", "category": "retail_dining", "attractor_weight": 5.0 }, "geometry": { "type": "Point", "coordinates": [ -1.5398498, 53.8003139 ] } },
{ "type": "Feature", "properties": { "name": "Roxy Ball Room", "category": "retail_dining", "attractor_weight": 5.0 }, "geometry": { "type": "Point", "coordinates": [ -1.5401935, 53.8003126 ] } },
{ "type": "Feature", "properties": { "name": "The White Company", "category": "retail_dining", "attractor_weight": 5.0 }, "geometry": { "type": "Point", "coordinates": [ -1.5380162, 53.7985075 ] } },
{ "type": "Feature", "properties": { "name": "Seraphine", "category": "retail_dining", "attractor_weight": 5.0 }, "geometry": { "type": "Point", "coordinates": [ -1.5409586, 53.7978706 ] } },
{ "type": "Feature", "properties": { "name": "Sweaty Betty", "category": "retail_dining", "attractor_weight": 5.0 }, "geometry": { "type": "Point", "coordinates": [ -1.5411651, 53.7979055 ] } },
{ "type": "Feature", "properties": { "name": "Cut & Craft", "category": "retail_dining", "attractor_weight": 5.0 }, "geometry": { "type": "Point", "coordinates": [ -1.54074, 53.7977629 ] } },
{ "type": "Feature", "properties": { "name": "Fred Perry", "category": "retail_dining", "attractor_weight": 5.0 }, "geometry": { "type": "Point", "coordinates": [ -1.5413716, 53.7978096 ] } },
{ "type": "Feature", "properties": { "name": "Barbour", "category": "retail_dining", "attractor_weight": 5.0 }, "geometry": { "type": "Point", "coordinates": [ -1.5414695, 53.7978144 ] } },
{ "type": "Feature", "properties": { "name": "AllSaints", "category": "retail_dining", "attractor_weight": 5.0 }, "geometry": { "type": "Point", "coordinates": [ -1.5406327, 53.7980156 ] } },
{ "type": "Feature", "properties": { "name": "AllSaints", "category": "retail_dining", "attractor_weight": 5.0 }, "geometry": { "type": "Point", "coordinates": [ -1.5407266, 53.7982065 ] } },
{ "type": "Feature", "properties": { "name": "Whistles", "category": "retail_dining", "attractor_weight": 5.0 }, "geometry": { "type": "Point", "coordinates": [ -1.5414696, 53.7982711 ] } },
{ "type": "Feature", "properties": { "name": "Omnes", "category": "retail_dining", "attractor_weight": 5.0 }, "geometry": { "type": "Point", "coordinates": [ -1.5416841, 53.7982881 ] } },
{ "type": "Feature", "properties": { "name": "Hawes & Curtis", "category": "retail_dining", "attractor_weight": 5.0 }, "geometry": { "type": "Point", "coordinates": [ -1.5410739, 53.7984196 ] } },
{ "type": "Feature", "properties": { "name": "Berketex Bride", "category": "retail_dining", "attractor_weight": 5.0 }, "geometry": { "type": "Point", "coordinates": [ -1.5424658, 53.7983805 ] } },
{ "type": "Feature", "properties": { "name": "Accent", "category": "retail_dining", "attractor_weight": 5.0 }, "geometry": { "type": "Point", "coordinates": [ -1.5428854, 53.7984386 ] } },
{ "type": "Feature", "properties": { "name": "Designer Exchange", "category": "retail_dining", "attractor_weight": 5.0 }, "geometry": { "type": "Point", "coordinates": [ -1.5432743, 53.7983919 ] } },
{ "type": "Feature", "properties": { "name": "Tunnel", "category": "retail_dining", "attractor_weight": 5.0 }, "geometry": { "type": "Point", "coordinates": [ -1.5426873, 53.7983 ] } },
{ "type": "Feature", "properties": { "name": "Bolongaro Trevor", "category": "retail_dining", "attractor_weight": 5.0 }, "geometry": { "type": "Point", "coordinates": [ -1.5427167, 53.7987324 ] } },
{ "type": "Feature", "properties": { "name": "North South Vintage", "category": "retail_dining", "attractor_weight": 5.0 }, "geometry": { "type": "Point", "coordinates": [ -1.5431674, 53.798776 ] } },
{ "type": "Feature", "properties": { "name": "Masato Jones", "category": "retail_dining", "attractor_weight": 5.0 }, "geometry": { "type": "Point", "coordinates": [ -1.5425389, 53.7986069 ] } },
{ "type": "Feature", "properties": { "name": "Il Sogno", "category": "retail_dining", "attractor_weight": 5.0 }, "geometry": { "type": "Point", "coordinates": [ -1.6823794, 53.8662937 ] } },
{ "type": "Feature", "properties": { "name": "St Johns Luncheon Club", "category": "retail_dining", "attractor_weight": 5.0 }, "geometry": { "type": "Point", "coordinates": [ -1.6531996, 53.8078864 ] } },
{ "type": "Feature", "properties": { "name": "Farsley Live At Home Scheme Luncheon/Breakfast Club", "category": "retail_dining", "attractor_weight": 5.0 }, "geometry": { "type": "Point", "coordinates": [ -1.6713113, 53.8108037 ] } },
{ "type": "Feature", "properties": { "name": "Micks Cafe", "category": "retail_dining", "attractor_weight": 5.0 }, "geometry": { "type": "Point", "coordinates": [ -1.6851729, 53.8272094 ] } },
{ "type": "Feature", "properties": { "name": "Casa Piri Piri", "category": "retail_dining", "attractor_weight": 5.0 }, "geometry": { "type": "Point", "coordinates": [ -1.5330273, 53.7971498 ] } },
{ "type": "Feature", "properties": { "name": "La Piloa", "category": "retail_dining", "attractor_weight": 5.0 }, "geometry": { "type": "Point", "coordinates": [ -1.5506414, 53.799374 ] } },
{ "type": "Feature", "properties": { "name": "Alley Cats", "category": "retail_dining", "attractor_weight": 5.0 }, "geometry": { "type": "Point", "coordinates": [ -1.534178, 53.8258772 ] } },
{ "type": "Feature", "properties": { "name": "Swithens Farm Shop", "category": "retail_dining", "attractor_weight": 5.0 }, "geometry": { "type": "Point", "coordinates": [ -1.4737237, 53.7393076 ] } },
{ "type": "Feature", "properties": { "name": "Aras of Leeds", "category": "retail_dining", "attractor_weight": 5.0 }, "geometry": { "type": "Point", "coordinates": [ -1.5394372, 53.79726 ] } },
{ "type": "Feature", "properties": { "name": "Karpaty", "category": "retail_dining", "attractor_weight": 5.0 }, "geometry": { "type": "Point", "coordinates": [ -1.5396846, 53.7971186 ] } },
{ "type": "Feature", "properties": { "name": "Pocket Friendly Fashions", "category": "retail_dining", "attractor_weight": 5.0 }, "geometry": { "type": "Point", "coordinates": [ -1.5396858, 53.7970625 ] } },
{ "type": "Feature", "properties": { "name": "Cafe Express", "category": "retail_dining", "attractor_weight": 5.0 }, "geometry": { "type": "Point", "coordinates": [ -1.5396911, 53.7970081 ] } },
{ "type": "Feature", "properties": { "name": "Cafe Express", "category": "retail_dining", "attractor_weight": 5.0 }, "geometry": { "type": "Point", "coordinates": [ -1.5398827, 53.7974047 ] } },
{ "type": "Feature", "properties": { "name": "Unnamed Attractor", "category": "retail_dining", "attractor_weight": 5.0 }, "geometry": { "type": "Point", "coordinates": [ -1.5399211, 53.7970656 ] } },
{ "type": "Feature", "properties": { "name": "Myers - The Cardigan Shop", "category": "retail_dining", "attractor_weight": 5.0 }, "geometry": { "type": "Point", "coordinates": [ -1.5400628, 53.7968633 ] } },
{ "type": "Feature", "properties": { "name": "Dorothy Goodall", "category": "retail_dining", "attractor_weight": 5.0 }, "geometry": { "type": "Point", "coordinates": [ -1.5400266, 53.7972299 ] } },
{ "type": "Feature", "properties": { "name": "Brunch Cafe", "category": "retail_dining", "attractor_weight": 5.0 }, "geometry": { "type": "Point", "coordinates": [ -1.5390583, 53.7973859 ] } },
{ "type": "Feature", "properties": { "name": "Thyme Restaurant", "category": "retail_dining", "attractor_weight": 5.0 }, "geometry": { "type": "Point", "coordinates": [ -1.5787455, 53.822653 ] } },
{ "type": "Feature", "properties": { "name": "The Lost And Found Leeds Club", "category": "retail_dining", "attractor_weight": 5.0 }, "geometry": { "type": "Point", "coordinates": [ -1.5443784, 53.7979942 ] } },
{ "type": "Feature", "properties": { "name": "Sodexo", "category": "retail_dining", "attractor_weight": 5.0 }, "geometry": { "type": "Point", "coordinates": [ -1.4264739, 53.7968266 ] } },
{ "type": "Feature", "properties": { "name": "St Johns Luncheon Club", "category": "retail_dining", "attractor_weight": 5.0 }, "geometry": { "type": "Point", "coordinates": [ -1.5343952, 53.8492902 ] } },
{ "type": "Feature", "properties": { "name": "Sandmoor Golf Club Bar", "category": "retail_dining", "attractor_weight": 5.0 }, "geometry": { "type": "Point", "coordinates": [ -1.5399152, 53.8625783 ] } },
{ "type": "Feature", "properties": { "name": "Ego", "category": "retail_dining", "attractor_weight": 5.0 }, "geometry": { "type": "Point", "coordinates": [ -1.5383475, 53.797435 ] } },
{ "type": "Feature", "properties": { "name": "Unnamed Attractor", "category": "retail_dining", "attractor_weight": 5.0 }, "geometry": { "type": "Point", "coordinates": [ -1.5379532, 53.7973391 ] } },
{ "type": "Feature", "properties": { "name": "Amigo Clothing", "category": "retail_dining", "attractor_weight": 5.0 }, "geometry": { "type": "Point", "coordinates": [ -1.5385392, 53.7970714 ] } },
{ "type": "Feature", "properties": { "name": "Cau", "category": "retail_dining", "attractor_weight": 5.0 }, "geometry": { "type": "Point", "coordinates": [ -1.5382227, 53.7981304 ] } },
{ "type": "Feature", "properties": { "name": "Calvin Klein", "category": "retail_dining", "attractor_weight": 5.0 }, "geometry": { "type": "Point", "coordinates": [ -1.5390489, 53.7979245 ] } },
{ "type": "Feature", "properties": { "name": "Le Pain Quotidien", "category": "retail_dining", "attractor_weight": 5.0 }, "geometry": { "type": "Point", "coordinates": [ -1.5386385, 53.7982271 ] } },
{ "type": "Feature", "properties": { "name": "Seasalt", "category": "retail_dining", "attractor_weight": 5.0 }, "geometry": { "type": "Point", "coordinates": [ -1.5389121, 53.7979245 ] } },
{ "type": "Feature", "properties": { "name": "Joules", "category": "retail_dining", "attractor_weight": 5.0 }, "geometry": { "type": "Point", "coordinates": [ -1.5386975, 53.7979293 ] } },
{ "type": "Feature", "properties": { "name": "Honey Birdette", "category": "retail_dining", "attractor_weight": 5.0 }, "geometry": { "type": "Point", "coordinates": [ -1.5384051, 53.798132 ] } },
{ "type": "Feature", "properties": { "name": "Hackett", "category": "retail_dining", "attractor_weight": 5.0 }, "geometry": { "type": "Point", "coordinates": [ -1.5381476, 53.7983934 ] } },
{ "type": "Feature", "properties": { "name": "GANT", "category": "retail_dining", "attractor_weight": 5.0 }, "geometry": { "type": "Point", "coordinates": [ -1.5385848, 53.7979324 ] } },
{ "type": "Feature", "properties": { "name": "& Other Stories", "category": "retail_dining", "attractor_weight": 5.0 }, "geometry": { "type": "Point", "coordinates": [ -1.5382683, 53.7979419 ] } },
{ "type": "Feature", "properties": { "name": "COS", "category": "retail_dining", "attractor_weight": 5.0 }, "geometry": { "type": "Point", "coordinates": [ -1.5381262, 53.7979483 ] } },
{ "type": "Feature", "properties": { "name": "Anthropologie", "category": "retail_dining", "attractor_weight": 5.0 }, "geometry": { "type": "Point", "coordinates": [ -1.5389738, 53.7983807 ] } },
{ "type": "Feature", "properties": { "name": "Tommy Hilfiger", "category": "retail_dining", "attractor_weight": 5.0 }, "geometry": { "type": "Point", "coordinates": [ -1.5391964, 53.7979324 ] } },
{ "type": "Feature", "properties": { "name": "St Peters Luncheon Club", "category": "retail_dining", "attractor_weight": 5.0 }, "geometry": { "type": "Point", "coordinates": [ -1.6005854, 53.7529961 ] } },
{ "type": "Feature", "properties": { "name": "Cyrus Guys", "category": "retail_dining", "attractor_weight": 5.0 }, "geometry": { "type": "Point", "coordinates": [ -1.5467602, 53.7217589 ] } },
{ "type": "Feature", "properties": { "name": "One Stop Coffee Shop", "category": "retail_dining", "attractor_weight": 5.0 }, "geometry": { "type": "Point", "coordinates": [ -1.5382201, 53.7239673 ] } },
{ "type": "Feature", "properties": { "name": "East Ardsley Luncheon Club", "category": "retail_dining", "attractor_weight": 5.0 }, "geometry": { "type": "Point", "coordinates": [ -1.5382254, 53.7240196 ] } },
{ "type": "Feature", "properties": { "name": "Asda Café", "category": "retail_dining", "attractor_weight": 5.0 }, "geometry": { "type": "Point", "coordinates": [ -1.5652809, 53.7675966 ] } },
{ "type": "Feature", "properties": { "name": "Hideout", "category": "retail_dining", "attractor_weight": 5.0 }, "geometry": { "type": "Point", "coordinates": [ -1.6640921, 53.7975546 ] } },
{ "type": "Feature", "properties": { "name": "Gigis", "category": "retail_dining", "attractor_weight": 5.0 }, "geometry": { "type": "Point", "coordinates": [ -1.6641524, 53.7976496 ] } },
{ "type": "Feature", "properties": { "name": "Micha Smaku", "category": "retail_dining", "attractor_weight": 5.0 }, "geometry": { "type": "Point", "coordinates": [ -1.5879267, 53.7982619 ] } },
{ "type": "Feature", "properties": { "name": "Gotts Park Manor Tea Room", "category": "retail_dining", "attractor_weight": 5.0 }, "geometry": { "type": "Point", "coordinates": [ -1.6011903, 53.8050734 ] } },
{ "type": "Feature", "properties": { "name": "Gotts Park Golf Club", "category": "retail_dining", "attractor_weight": 5.0 }, "geometry": { "type": "Point", "coordinates": [ -1.6011956, 53.8051241 ] } },
{ "type": "Feature", "properties": { "name": "Grove Luncheon Club", "category": "retail_dining", "attractor_weight": 5.0 }, "geometry": { "type": "Point", "coordinates": [ -1.6407421, 53.8371485 ] } },
{ "type": "Feature", "properties": { "name": "Browns Greens", "category": "retail_dining", "attractor_weight": 5.0 }, "geometry": { "type": "Point", "coordinates": [ -1.6848859, 53.8535146 ] } },
{ "type": "Feature", "properties": { "name": "Cross Gates", "category": "transit_hub", "attractor_weight": 100.0 }, "geometry": { "type": "Point", "coordinates": [ -1.450353, 53.8050605 ] } },
{ "type": "Feature", "properties": { "name": "Websters Cafe And Cakes", "category": "retail_dining", "attractor_weight": 5.0 }, "geometry": { "type": "Point", "coordinates": [ -1.6494378, 53.8137667 ] } },
{ "type": "Feature", "properties": { "name": "One Love Cafe", "category": "retail_dining", "attractor_weight": 5.0 }, "geometry": { "type": "Point", "coordinates": [ -1.532984, 53.8147395 ] } },
{ "type": "Feature", "properties": { "name": "Roscoe Lunch Club", "category": "retail_dining", "attractor_weight": 5.0 }, "geometry": { "type": "Point", "coordinates": [ -1.5326397, 53.8140415 ] } },
{ "type": "Feature", "properties": { "name": "Fusion Cafe At Reginald Centre", "category": "retail_dining", "attractor_weight": 5.0 }, "geometry": { "type": "Point", "coordinates": [ -1.5317237, 53.817667 ] } },
{ "type": "Feature", "properties": { "name": "The Olive Branch", "category": "retail_dining", "attractor_weight": 5.0 }, "geometry": { "type": "Point", "coordinates": [ -1.5172358, 53.8445447 ] } },
{ "type": "Feature", "properties": { "name": "Luvyababes", "category": "retail_dining", "attractor_weight": 5.0 }, "geometry": { "type": "Point", "coordinates": [ -1.5449001, 53.798917 ] } },
{ "type": "Feature", "properties": { "name": "Oliver Bonas", "category": "retail_dining", "attractor_weight": 5.0 }, "geometry": { "type": "Point", "coordinates": [ -1.5450329, 53.7976013 ] } },
{ "type": "Feature", "properties": { "name": "White Rose", "category": "retail_dining", "attractor_weight": 5.0 }, "geometry": { "type": "Point", "coordinates": [ -1.5452823, 53.7983467 ] } },
{ "type": "Feature", "properties": { "name": "Blue Banana", "category": "retail_dining", "attractor_weight": 5.0 }, "geometry": { "type": "Point", "coordinates": [ -1.5453628, 53.7976485 ] } },
{ "type": "Feature", "properties": { "name": "Cosy Club", "category": "retail_dining", "attractor_weight": 5.0 }, "geometry": { "type": "Point", "coordinates": [ -1.5453708, 53.7975679 ] } },
{ "type": "Feature", "properties": { "name": "200° Coffee", "category": "retail_dining", "attractor_weight": 5.0 }, "geometry": { "type": "Point", "coordinates": [ -1.5460923, 53.7976354 ] } },
{ "type": "Feature", "properties": { "name": "Flamingos", "category": "retail_dining", "attractor_weight": 5.0 }, "geometry": { "type": "Point", "coordinates": [ -1.5416349, 53.7963606 ] } },
{ "type": "Feature", "properties": { "name": "Half Sugar", "category": "retail_dining", "attractor_weight": 5.0 }, "geometry": { "type": "Point", "coordinates": [ -1.5417413, 53.7963682 ] } },
{ "type": "Feature", "properties": { "name": "Tomorrow", "category": "retail_dining", "attractor_weight": 5.0 }, "geometry": { "type": "Point", "coordinates": [ -1.5415205, 53.7964266 ] } },
{ "type": "Feature", "properties": { "name": "Pebbles Hats", "category": "retail_dining", "attractor_weight": 5.0 }, "geometry": { "type": "Point", "coordinates": [ -1.5417264, 53.7964452 ] } },
{ "type": "Feature", "properties": { "name": "World Of Dance", "category": "retail_dining", "attractor_weight": 5.0 }, "geometry": { "type": "Point", "coordinates": [ -1.5419446, 53.7964577 ] } },
{ "type": "Feature", "properties": { "name": "Intrigue Fashion", "category": "retail_dining", "attractor_weight": 5.0 }, "geometry": { "type": "Point", "coordinates": [ -1.5384306, 53.7971882 ] } },
{ "type": "Feature", "properties": { "name": "Unnamed Attractor", "category": "retail_dining", "attractor_weight": 5.0 }, "geometry": { "type": "Point", "coordinates": [ -1.5383652, 53.7971866 ] } },
{ "type": "Feature", "properties": { "name": "Unnamed Attractor", "category": "retail_dining", "attractor_weight": 5.0 }, "geometry": { "type": "Point", "coordinates": [ -1.5386693, 53.7971991 ] } },
{ "type": "Feature", "properties": { "name": "Unnamed Attractor", "category": "retail_dining", "attractor_weight": 5.0 }, "geometry": { "type": "Point", "coordinates": [ -1.5381037, 53.7971803 ] } },
{ "type": "Feature", "properties": { "name": "Kirkgate Cafe", "category": "retail_dining", "attractor_weight": 5.0 }, "geometry": { "type": "Point", "coordinates": [ -1.5379082, 53.7972334 ] } },
{ "type": "Feature", "properties": { "name": "Unnamed Attractor", "category": "retail_dining", "attractor_weight": 5.0 }, "geometry": { "type": "Point", "coordinates": [ -1.5377708, 53.7971688 ] } },
{ "type": "Feature", "properties": { "name": "Hunslet Deli Pod", "category": "retail_dining", "attractor_weight": 5.0 }, "geometry": { "type": "Point", "coordinates": [ -1.5351516, 53.7797957 ] } },
{ "type": "Feature", "properties": { "name": "Woodhouse Hill Luncheon Club", "category": "retail_dining", "attractor_weight": 5.0 }, "geometry": { "type": "Point", "coordinates": [ -1.5294157, 53.7722501 ] } },
{ "type": "Feature", "properties": { "name": "Treefield Snacks", "category": "retail_dining", "attractor_weight": 5.0 }, "geometry": { "type": "Point", "coordinates": [ -1.6265452, 53.7523935 ] } },
{ "type": "Feature", "properties": { "name": "Asda Stores Staff Canteen", "category": "retail_dining", "attractor_weight": 5.0 }, "geometry": { "type": "Point", "coordinates": [ -1.6102347, 53.7368311 ] } },
{ "type": "Feature", "properties": { "name": "Tuesday Light Lunches", "category": "retail_dining", "attractor_weight": 5.0 }, "geometry": { "type": "Point", "coordinates": [ -1.6609418, 53.7957889 ] } },
{ "type": "Feature", "properties": { "name": "Friday Lunch Club Pudsey Live At Home Scheme", "category": "retail_dining", "attractor_weight": 5.0 }, "geometry": { "type": "Point", "coordinates": [ -1.660848, 53.7957826 ] } },
{ "type": "Feature", "properties": { "name": "Ground Up Coffee", "category": "retail_dining", "attractor_weight": 5.0 }, "geometry": { "type": "Point", "coordinates": [ -1.5400389, 53.7959196 ] } },
{ "type": "Feature", "properties": { "name": "Next One Leather", "category": "retail_dining", "attractor_weight": 5.0 }, "geometry": { "type": "Point", "coordinates": [ -1.5401167, 53.7960647 ] } },
{ "type": "Feature", "properties": { "name": "Precious Proms & Pearls", "category": "retail_dining", "attractor_weight": 5.0 }, "geometry": { "type": "Point", "coordinates": [ -1.5404846, 53.795979 ] } },
{ "type": "Feature", "properties": { "name": "Soho's Leeds", "category": "retail_dining", "attractor_weight": 5.0 }, "geometry": { "type": "Point", "coordinates": [ -1.539845, 53.7959143 ] } },
{ "type": "Feature", "properties": { "name": "Mki Miyuki Zoku", "category": "retail_dining", "attractor_weight": 5.0 }, "geometry": { "type": "Point", "coordinates": [ -1.540227, 53.7961102 ] } },
{ "type": "Feature", "properties": { "name": "All Blues Co", "category": "retail_dining", "attractor_weight": 5.0 }, "geometry": { "type": "Point", "coordinates": [ -1.540338, 53.7961146 ] } },
{ "type": "Feature", "properties": { "name": "The Little Pink Wardrobe", "category": "retail_dining", "attractor_weight": 5.0 }, "geometry": { "type": "Point", "coordinates": [ -1.5404195, 53.7960988 ] } },
{ "type": "Feature", "properties": { "name": "Delicious Dishes", "category": "retail_dining", "attractor_weight": 5.0 }, "geometry": { "type": "Point", "coordinates": [ -1.5099254, 53.8112851 ] } },
{ "type": "Feature", "properties": { "name": "Zaytouna", "category": "retail_dining", "attractor_weight": 5.0 }, "geometry": { "type": "Point", "coordinates": [ -1.5153877, 53.8186289 ] } },
{ "type": "Feature", "properties": { "name": "Zagros", "category": "retail_dining", "attractor_weight": 5.0 }, "geometry": { "type": "Point", "coordinates": [ -1.5179613, 53.8163654 ] } },
{ "type": "Feature", "properties": { "name": "Black Health Initiative Lunch Club", "category": "retail_dining", "attractor_weight": 5.0 }, "geometry": { "type": "Point", "coordinates": [ -1.5317103, 53.8208544 ] } },
{ "type": "Feature", "properties": { "name": "St Martins Church Community Kitchen", "category": "retail_dining", "attractor_weight": 5.0 }, "geometry": { "type": "Point", "coordinates": [ -1.5336281, 53.8215748 ] } },
{ "type": "Feature", "properties": { "name": "Holy Trinity Community Cafe", "category": "retail_dining", "attractor_weight": 5.0 }, "geometry": { "type": "Point", "coordinates": [ -1.5672845, 53.831053 ] } },
{ "type": "Feature", "properties": { "name": "Leeds Postal Service", "category": "retail_dining", "attractor_weight": 5.0 }, "geometry": { "type": "Point", "coordinates": [ -1.5533441, 53.7958837 ] } },
{ "type": "Feature", "properties": { "name": "Canteen", "category": "retail_dining", "attractor_weight": 5.0 }, "geometry": { "type": "Point", "coordinates": [ -1.5597823, 53.7932952 ] } },
{ "type": "Feature", "properties": { "name": "La Terrasse", "category": "retail_dining", "attractor_weight": 5.0 }, "geometry": { "type": "Point", "coordinates": [ -1.5075108, 53.8256445 ] } },
{ "type": "Feature", "properties": { "name": "Pizza Hut", "category": "retail_dining", "attractor_weight": 5.0 }, "geometry": { "type": "Point", "coordinates": [ -1.5752131, 53.7583807 ] } },
{ "type": "Feature", "properties": { "name": "Bianco Lounge", "category": "retail_dining", "attractor_weight": 5.0 }, "geometry": { "type": "Point", "coordinates": [ -1.575425, 53.7583838 ] } },
{ "type": "Feature", "properties": { "name": "Wagamama", "category": "retail_dining", "attractor_weight": 5.0 }, "geometry": { "type": "Point", "coordinates": [ -1.5756073, 53.7583838 ] } },
{ "type": "Feature", "properties": { "name": "TGI Fridays", "category": "retail_dining", "attractor_weight": 5.0 }, "geometry": { "type": "Point", "coordinates": [ -1.5755913, 53.758066 ] } },
{ "type": "Feature", "properties": { "name": "Franksters", "category": "retail_dining", "attractor_weight": 5.0 }, "geometry": { "type": "Point", "coordinates": [ -1.5749314, 53.7583546 ] } },
{ "type": "Feature", "properties": { "name": "Prezzo", "category": "retail_dining", "attractor_weight": 5.0 }, "geometry": { "type": "Point", "coordinates": [ -1.5747866, 53.7581563 ] } },
{ "type": "Feature", "properties": { "name": "Frankie & Benny's", "category": "retail_dining", "attractor_weight": 5.0 }, "geometry": { "type": "Point", "coordinates": [ -1.5746525, 53.7583625 ] } },
{ "type": "Feature", "properties": { "name": "Costa", "category": "retail_dining", "attractor_weight": 5.0 }, "geometry": { "type": "Point", "coordinates": [ -1.5743655, 53.7581285 ] } },
{ "type": "Feature", "properties": { "name": "Nando's", "category": "retail_dining", "attractor_weight": 5.0 }, "geometry": { "type": "Point", "coordinates": [ -1.5740034, 53.7584545 ] } },
{ "type": "Feature", "properties": { "name": "Mr. Pretzels", "category": "retail_dining", "attractor_weight": 5.0 }, "geometry": { "type": "Point", "coordinates": [ -1.5744594, 53.7583546 ] } },
{ "type": "Feature", "properties": { "name": "Topshop", "category": "retail_dining", "attractor_weight": 5.0 }, "geometry": { "type": "Point", "coordinates": [ -1.5745186, 53.7590022 ] } },
{ "type": "Feature", "properties": { "name": "Warehouse", "category": "retail_dining", "attractor_weight": 5.0 }, "geometry": { "type": "Point", "coordinates": [ -1.5746042, 53.7584291 ] } },
{ "type": "Feature", "properties": { "name": "Select", "category": "retail_dining", "attractor_weight": 5.0 }, "geometry": { "type": "Point", "coordinates": [ -1.574433, 53.757513 ] } },
{ "type": "Feature", "properties": { "name": "Superdry", "category": "retail_dining", "attractor_weight": 5.0 }, "geometry": { "type": "Point", "coordinates": [ -1.5744391, 53.7574299 ] } },
{ "type": "Feature", "properties": { "name": "Zara", "category": "retail_dining", "attractor_weight": 5.0 }, "geometry": { "type": "Point", "coordinates": [ -1.5742032, 53.7566435 ] } },
{ "type": "Feature", "properties": { "name": "River Island", "category": "retail_dining", "attractor_weight": 5.0 }, "geometry": { "type": "Point", "coordinates": [ -1.5737674, 53.756596 ] } },
{ "type": "Feature", "properties": { "name": "Oasis", "category": "retail_dining", "attractor_weight": 5.0 }, "geometry": { "type": "Point", "coordinates": [ -1.5740034, 53.7584132 ] } },
{ "type": "Feature", "properties": { "name": "Primark", "category": "retail_dining", "attractor_weight": 5.0 }, "geometry": { "type": "Point", "coordinates": [ -1.5736923, 53.757836 ] } },
{ "type": "Feature", "properties": { "name": "Quiz", "category": "retail_dining", "attractor_weight": 5.0 }, "geometry": { "type": "Point", "coordinates": [ -1.5741858, 53.7585639 ] } },
{ "type": "Feature", "properties": { "name": "Next", "category": "retail_dining", "attractor_weight": 5.0 }, "geometry": { "type": "Point", "coordinates": [ -1.5737432, 53.7587415 ] } },
{ "type": "Feature", "properties": { "name": "Miss Selfridge", "category": "retail_dining", "attractor_weight": 5.0 }, "geometry": { "type": "Point", "coordinates": [ -1.5741456, 53.759044 ] } },
{ "type": "Feature", "properties": { "name": "Boux Avenue", "category": "retail_dining", "attractor_weight": 5.0 }, "geometry": { "type": "Point", "coordinates": [ -1.5741389, 53.7591272 ] } },
{ "type": "Feature", "properties": { "name": "H&M", "category": "retail_dining", "attractor_weight": 5.0 }, "geometry": { "type": "Point", "coordinates": [ -1.5738808, 53.7592646 ] } },
{ "type": "Feature", "properties": { "name": "Yours Clothing", "category": "retail_dining", "attractor_weight": 5.0 }, "geometry": { "type": "Point", "coordinates": [ -1.5741097, 53.7594906 ] } },
{ "type": "Feature", "properties": { "name": "Costa", "category": "retail_dining", "attractor_weight": 5.0 }, "geometry": { "type": "Point", "coordinates": [ -1.5742622, 53.7596207 ] } },
{ "type": "Feature", "properties": { "name": "Millie's Cookies", "category": "retail_dining", "attractor_weight": 5.0 }, "geometry": { "type": "Point", "coordinates": [ -1.5739176, 53.7598432 ] } },
{ "type": "Feature", "properties": { "name": "BITMO Luncheon Club", "category": "retail_dining", "attractor_weight": 5.0 }, "geometry": { "type": "Point", "coordinates": [ -1.5273786, 53.7566102 ] } },
{ "type": "Feature", "properties": { "name": "Cafe 13", "category": "retail_dining", "attractor_weight": 5.0 }, "geometry": { "type": "Point", "coordinates": [ -1.5727562, 53.785092 ] } },
{ "type": "Feature", "properties": { "name": "Dolce Vita", "category": "retail_dining", "attractor_weight": 5.0 }, "geometry": { "type": "Point", "coordinates": [ -1.5635951, 53.7741349 ] } },
{ "type": "Feature", "properties": { "name": "Royal Voluntary Service", "category": "retail_dining", "attractor_weight": 5.0 }, "geometry": { "type": "Point", "coordinates": [ -1.4695327, 53.8056119 ] } },
{ "type": "Feature", "properties": { "name": "The Bridal House", "category": "retail_dining", "attractor_weight": 5.0 }, "geometry": { "type": "Point", "coordinates": [ -1.5332568, 53.8025414 ] } },
{ "type": "Feature", "properties": { "name": "Home", "category": "retail_dining", "attractor_weight": 5.0 }, "geometry": { "type": "Point", "coordinates": [ -1.5498374, 53.8066328 ] } },
{ "type": "Feature", "properties": { "name": "Crown Hotpot", "category": "retail_dining", "attractor_weight": 5.0 }, "geometry": { "type": "Point", "coordinates": [ -1.5511349, 53.8073788 ] } },
{ "type": "Feature", "properties": { "name": "Cha Yeak", "category": "retail_dining", "attractor_weight": 5.0 }, "geometry": { "type": "Point", "coordinates": [ -1.5521139, 53.8084344 ] } },
{ "type": "Feature", "properties": { "name": "Lievitoo", "category": "retail_dining", "attractor_weight": 5.0 }, "geometry": { "type": "Point", "coordinates": [ -1.5520777, 53.8083362 ] } },
{ "type": "Feature", "properties": { "name": "Lebanese Bites", "category": "retail_dining", "attractor_weight": 5.0 }, "geometry": { "type": "Point", "coordinates": [ -1.5521446, 53.8085376 ] } },
{ "type": "Feature", "properties": { "name": "Rainbow Junktion", "category": "retail_dining", "attractor_weight": 5.0 }, "geometry": { "type": "Point", "coordinates": [ -1.5686899, 53.8081699 ] } },
{ "type": "Feature", "properties": { "name": "Tattu", "category": "retail_dining", "attractor_weight": 5.0 }, "geometry": { "type": "Point", "coordinates": [ -1.5491393, 53.7981336 ] } },
{ "type": "Feature", "properties": { "name": "The Food Cabin", "category": "retail_dining", "attractor_weight": 5.0 }, "geometry": { "type": "Point", "coordinates": [ -1.5682112, 53.7960242 ] } },
{ "type": "Feature", "properties": { "name": "McQues", "category": "retail_dining", "attractor_weight": 5.0 }, "geometry": { "type": "Point", "coordinates": [ -1.5434021, 53.8442385 ] } },
{ "type": "Feature", "properties": { "name": "Burmantofts Senior Action Luncheon Club", "category": "retail_dining", "attractor_weight": 5.0 }, "geometry": { "type": "Point", "coordinates": [ -1.5178943, 53.8050718 ] } },
{ "type": "Feature", "properties": { "name": "Costa", "category": "retail_dining", "attractor_weight": 5.0 }, "geometry": { "type": "Point", "coordinates": [ -1.4606197, 53.8222489 ] } },
{ "type": "Feature", "properties": { "name": "Costa", "category": "retail_dining", "attractor_weight": 5.0 }, "geometry": { "type": "Point", "coordinates": [ -1.4232604, 53.7992149 ] } },
{ "type": "Feature", "properties": { "name": "Fat Face", "category": "retail_dining", "attractor_weight": 5.0 }, "geometry": { "type": "Point", "coordinates": [ -1.4240455, 53.7999096 ] } },
{ "type": "Feature", "properties": { "name": "River Island", "category": "retail_dining", "attractor_weight": 5.0 }, "geometry": { "type": "Point", "coordinates": [ -1.4240446, 53.7996306 ] } },
{ "type": "Feature", "properties": { "name": "Immaculate Heart Breakfast Club", "category": "retail_dining", "attractor_weight": 5.0 }, "geometry": { "type": "Point", "coordinates": [ -1.5361762, 53.8375664 ] } },
{ "type": "Feature", "properties": { "name": "Breakfast Club", "category": "retail_dining", "attractor_weight": 5.0 }, "geometry": { "type": "Point", "coordinates": [ -1.5298811, 53.7818132 ] } },
{ "type": "Feature", "properties": { "name": "Breakfast Club", "category": "retail_dining", "attractor_weight": 5.0 }, "geometry": { "type": "Point", "coordinates": [ -1.6534612, 53.8134152 ] } },
{ "type": "Feature", "properties": { "name": "Pavilion Restaurant", "category": "retail_dining", "attractor_weight": 5.0 }, "geometry": { "type": "Point", "coordinates": [ -1.5173793, 53.7740231 ] } },
{ "type": "Feature", "properties": { "name": "Parklands Primary Breakfast Club", "category": "retail_dining", "attractor_weight": 5.0 }, "geometry": { "type": "Point", "coordinates": [ -1.4626032, 53.8134294 ] } },
{ "type": "Feature", "properties": { "name": "Trucias Cafe", "category": "retail_dining", "attractor_weight": 5.0 }, "geometry": { "type": "Point", "coordinates": [ -1.4458019, 53.8192916 ] } },
{ "type": "Feature", "properties": { "name": "Cooplands", "category": "retail_dining", "attractor_weight": 5.0 }, "geometry": { "type": "Point", "coordinates": [ -1.5010568, 53.8570905 ] } },
{ "type": "Feature", "properties": { "name": "Delight Cafe", "category": "retail_dining", "attractor_weight": 5.0 }, "geometry": { "type": "Point", "coordinates": [ -1.5329401, 53.801526 ] } },
{ "type": "Feature", "properties": { "name": "Horn Of Africa", "category": "retail_dining", "attractor_weight": 5.0 }, "geometry": { "type": "Point", "coordinates": [ -1.528843, 53.8053506 ] } },
{ "type": "Feature", "properties": { "name": "Pickard's", "category": "retail_dining", "attractor_weight": 5.0 }, "geometry": { "type": "Point", "coordinates": [ -1.5521018, 53.8083972 ] } },
{ "type": "Feature", "properties": { "name": "Mtimbaz Cafe", "category": "retail_dining", "attractor_weight": 5.0 }, "geometry": { "type": "Point", "coordinates": [ -1.5551072, 53.7776655 ] } },
{ "type": "Feature", "properties": { "name": "Involve", "category": "school", "attractor_weight": 20.0 }, "geometry": { "type": "Point", "coordinates": [ -1.5276696, 53.7798329 ] } },
{ "type": "Feature", "properties": { "name": "Gardener's Retreat Restaurant", "category": "retail_dining", "attractor_weight": 5.0 }, "geometry": { "type": "Point", "coordinates": [ -1.5319351, 53.7151659 ] } },
{ "type": "Feature", "properties": { "name": "Yorkshire Dance Centre", "category": "retail_dining", "attractor_weight": 5.0 }, "geometry": { "type": "Point", "coordinates": [ -1.5332352, 53.7971308 ] } },
{ "type": "Feature", "properties": { "name": "Compass ESS Services (DWP)", "category": "retail_dining", "attractor_weight": 5.0 }, "geometry": { "type": "Point", "coordinates": [ -1.5310907, 53.7982176 ] } },
{ "type": "Feature", "properties": { "name": "Press Cafe", "category": "retail_dining", "attractor_weight": 5.0 }, "geometry": { "type": "Point", "coordinates": [ -1.5362835, 53.7884261 ] } },
{ "type": "Feature", "properties": { "name": "Printworks Kitchen And Bar", "category": "retail_dining", "attractor_weight": 5.0 }, "geometry": { "type": "Point", "coordinates": [ -1.5363801, 53.788499 ] } },
{ "type": "Feature", "properties": { "name": "Printworks Cafe", "category": "retail_dining", "attractor_weight": 5.0 }, "geometry": { "type": "Point", "coordinates": [ -1.5364766, 53.7885751 ] } },
{ "type": "Feature", "properties": { "name": "Canteen", "category": "retail_dining", "attractor_weight": 5.0 }, "geometry": { "type": "Point", "coordinates": [ -1.6233453, 53.8021795 ] } },
{ "type": "Feature", "properties": { "name": "Vincents Cafe", "category": "retail_dining", "attractor_weight": 5.0 }, "geometry": { "type": "Point", "coordinates": [ -1.5184146, 53.7975981 ] } },
{ "type": "Feature", "properties": { "name": "Sues Place", "category": "retail_dining", "attractor_weight": 5.0 }, "geometry": { "type": "Point", "coordinates": [ -1.5135357, 53.7850009 ] } },
{ "type": "Feature", "properties": { "name": "Taste Cafe", "category": "retail_dining", "attractor_weight": 5.0 }, "geometry": { "type": "Point", "coordinates": [ -1.5616009, 53.7666802 ] } },
{ "type": "Feature", "properties": { "name": "Costa", "category": "retail_dining", "attractor_weight": 5.0 }, "geometry": { "type": "Point", "coordinates": [ -1.5434256, 53.7980912 ] } },
{ "type": "Feature", "properties": { "name": "Farmhouse", "category": "retail_dining", "attractor_weight": 5.0 }, "geometry": { "type": "Point", "coordinates": [ -1.5434126, 53.7981697 ] } },
{ "type": "Feature", "properties": { "name": "Pollini's", "category": "retail_dining", "attractor_weight": 5.0 }, "geometry": { "type": "Point", "coordinates": [ -1.5433528, 53.7982743 ] } },
{ "type": "Feature", "properties": { "name": "Erfan", "category": "retail_dining", "attractor_weight": 5.0 }, "geometry": { "type": "Point", "coordinates": [ -1.5281385, 53.8024 ] } },
{ "type": "Feature", "properties": { "name": "Lanies Cafe", "category": "retail_dining", "attractor_weight": 5.0 }, "geometry": { "type": "Point", "coordinates": [ -1.5978563, 53.7926377 ] } },
{ "type": "Feature", "properties": { "name": "Caffè Nero", "category": "retail_dining", "attractor_weight": 5.0 }, "geometry": { "type": "Point", "coordinates": [ -1.539824, 53.798094 ] } },
{ "type": "Feature", "properties": { "name": "North Star", "category": "retail_dining", "attractor_weight": 5.0 }, "geometry": { "type": "Point", "coordinates": [ -1.4589867, 53.8209718 ] } },
{ "type": "Feature", "properties": { "name": "Starbucks", "category": "retail_dining", "attractor_weight": 5.0 }, "geometry": { "type": "Point", "coordinates": [ -1.6505717, 53.8346122 ] } },
{ "type": "Feature", "properties": { "name": "Backroom", "category": "retail_dining", "attractor_weight": 5.0 }, "geometry": { "type": "Point", "coordinates": [ -1.5412979, 53.7949952 ] } },
{ "type": "Feature", "properties": { "name": "Massawa", "category": "retail_dining", "attractor_weight": 5.0 }, "geometry": { "type": "Point", "coordinates": [ -1.5247366, 53.8111767 ] } },
{ "type": "Feature", "properties": { "name": "Authentic Restaurant", "category": "retail_dining", "attractor_weight": 5.0 }, "geometry": { "type": "Point", "coordinates": [ -1.5186802, 53.818674 ] } },
{ "type": "Feature", "properties": { "name": "Unnamed Attractor", "category": "retail_dining", "attractor_weight": 5.0 }, "geometry": { "type": "Point", "coordinates": [ -1.6982353, 53.8159346 ] } },
{ "type": "Feature", "properties": { "name": "Unnamed Attractor", "category": "retail_dining", "attractor_weight": 5.0 }, "geometry": { "type": "Point", "coordinates": [ -1.6980636, 53.816017 ] } },
{ "type": "Feature", "properties": { "name": "East Parade Social", "category": "retail_dining", "attractor_weight": 5.0 }, "geometry": { "type": "Point", "coordinates": [ -1.5495202, 53.7986881 ] } },
{ "type": "Feature", "properties": { "name": "Out ~ Out", "category": "retail_dining", "attractor_weight": 5.0 }, "geometry": { "type": "Point", "coordinates": [ -1.450864, 53.8075528 ] } },
{ "type": "Feature", "properties": { "name": "Red Bean", "category": "retail_dining", "attractor_weight": 5.0 }, "geometry": { "type": "Point", "coordinates": [ -1.6042587, 53.8391649 ] } },
{ "type": "Feature", "properties": { "name": "Energy Bar", "category": "retail_dining", "attractor_weight": 5.0 }, "geometry": { "type": "Point", "coordinates": [ -1.594187, 53.8281149 ] } },
{ "type": "Feature", "properties": { "name": "Blue Sakura", "category": "retail_dining", "attractor_weight": 5.0 }, "geometry": { "type": "Point", "coordinates": [ -1.5425885, 53.8021826 ] } },
{ "type": "Feature", "properties": { "name": "The Brew Society", "category": "retail_dining", "attractor_weight": 5.0 }, "geometry": { "type": "Point", "coordinates": [ -1.550344, 53.7956884 ] } },
{ "type": "Feature", "properties": { "name": "Aromas", "category": "retail_dining", "attractor_weight": 5.0 }, "geometry": { "type": "Point", "coordinates": [ -1.5340076, 53.8423063 ] } },
{ "type": "Feature", "properties": { "name": "Archive", "category": "retail_dining", "attractor_weight": 5.0 }, "geometry": { "type": "Point", "coordinates": [ -1.566498, 53.8009556 ] } },
{ "type": "Feature", "properties": { "name": "Falafel Guys", "category": "retail_dining", "attractor_weight": 5.0 }, "geometry": { "type": "Point", "coordinates": [ -1.5488168, 53.8005938 ] } },
{ "type": "Feature", "properties": { "name": "Bread And Butter BBQ", "category": "retail_dining", "attractor_weight": 5.0 }, "geometry": { "type": "Point", "coordinates": [ -1.5488926, 53.8005938 ] } },
{ "type": "Feature", "properties": { "name": "Slap and Pickle", "category": "retail_dining", "attractor_weight": 5.0 }, "geometry": { "type": "Point", "coordinates": [ -1.548855, 53.8006088 ] } },
{ "type": "Feature", "properties": { "name": "Home", "category": "retail_dining", "attractor_weight": 5.0 }, "geometry": { "type": "Point", "coordinates": [ -1.5408567, 53.7971562 ] } },
{ "type": "Feature", "properties": { "name": "Rum And Reason", "category": "retail_dining", "attractor_weight": 5.0 }, "geometry": { "type": "Point", "coordinates": [ -1.5413636, 53.8004362 ] } },
{ "type": "Feature", "properties": { "name": "Armley Leisure Centre Cafe Bar", "category": "retail_dining", "attractor_weight": 5.0 }, "geometry": { "type": "Point", "coordinates": [ -1.5926474, 53.794954 ] } },
{ "type": "Feature", "properties": { "name": "Unnamed Attractor", "category": "retail_dining", "attractor_weight": 5.0 }, "geometry": { "type": "Point", "coordinates": [ -1.5378673, 53.7946855 ] } },
{ "type": "Feature", "properties": { "name": "Lime Tree", "category": "retail_dining", "attractor_weight": 5.0 }, "geometry": { "type": "Point", "coordinates": [ -1.6022934, 53.7466556 ] } },
{ "type": "Feature", "properties": { "name": "Love Rouge Bakery", "category": "retail_dining", "attractor_weight": 5.0 }, "geometry": { "type": "Point", "coordinates": [ -1.5319464, 53.8167216 ] } },
{ "type": "Feature", "properties": { "name": "Voujon", "category": "retail_dining", "attractor_weight": 5.0 }, "geometry": { "type": "Point", "coordinates": [ -1.584118, 53.8292563 ] } },
{ "type": "Feature", "properties": { "name": "Cafe One", "category": "retail_dining", "attractor_weight": 5.0 }, "geometry": { "type": "Point", "coordinates": [ -1.5563116, 53.7992663 ] } },
{ "type": "Feature", "properties": { "name": "Deja Vu Diner", "category": "retail_dining", "attractor_weight": 5.0 }, "geometry": { "type": "Point", "coordinates": [ -1.5819924, 53.7891241 ] } },
{ "type": "Feature", "properties": { "name": "South Seacroft Friends Lunch Club", "category": "retail_dining", "attractor_weight": 5.0 }, "geometry": { "type": "Point", "coordinates": [ -1.4594261, 53.8176234 ] } },
{ "type": "Feature", "properties": { "name": "Tesco Cafe", "category": "retail_dining", "attractor_weight": 5.0 }, "geometry": { "type": "Point", "coordinates": [ -1.4606211, 53.8216444 ] } },
{ "type": "Feature", "properties": { "name": "Café Arium", "category": "retail_dining", "attractor_weight": 5.0 }, "geometry": { "type": "Point", "coordinates": [ -1.4328835, 53.8399586 ] } },
{ "type": "Feature", "properties": { "name": "South Leeds Welcome Centre", "category": "retail_dining", "attractor_weight": 5.0 }, "geometry": { "type": "Point", "coordinates": [ -1.5265042, 53.7634919 ] } },
{ "type": "Feature", "properties": { "name": "The Assembly", "category": "retail_dining", "attractor_weight": 5.0 }, "geometry": { "type": "Point", "coordinates": [ -1.4526561, 53.8071955 ] } },
{ "type": "Feature", "properties": { "name": "La Rambla", "category": "retail_dining", "attractor_weight": 5.0 }, "geometry": { "type": "Point", "coordinates": [ -1.5496328, 53.7983855 ] } },
{ "type": "Feature", "properties": { "name": "Nando's", "category": "retail_dining", "attractor_weight": 5.0 }, "geometry": { "type": "Point", "coordinates": [ -1.4254339, 53.8002411 ] } },
{ "type": "Feature", "properties": { "name": "Costa", "category": "retail_dining", "attractor_weight": 5.0 }, "geometry": { "type": "Point", "coordinates": [ -1.4256128, 53.8003485 ] } },
{ "type": "Feature", "properties": { "name": "H&M", "category": "retail_dining", "attractor_weight": 5.0 }, "geometry": { "type": "Point", "coordinates": [ -1.4239548, 53.80055 ] } },
{ "type": "Feature", "properties": { "name": "M&S Foodhall", "category": "grocery_mall", "attractor_weight": 15.0 }, "geometry": { "type": "Point", "coordinates": [ -1.4239538, 53.8007076 ] } },
{ "type": "Feature", "properties": { "name": "TK Maxx", "category": "retail_dining", "attractor_weight": 5.0 }, "geometry": { "type": "Point", "coordinates": [ -1.4235954, 53.801335 ] } },
{ "type": "Feature", "properties": { "name": "Caffè Nero", "category": "retail_dining", "attractor_weight": 5.0 }, "geometry": { "type": "Point", "coordinates": [ -1.4235855, 53.8001265 ] } },
{ "type": "Feature", "properties": { "name": "Man V Roast", "category": "retail_dining", "attractor_weight": 5.0 }, "geometry": { "type": "Point", "coordinates": [ -1.575771, 53.8111363 ] } },
{ "type": "Feature", "properties": { "name": "Unnamed Attractor", "category": "retail_dining", "attractor_weight": 5.0 }, "geometry": { "type": "Point", "coordinates": [ -1.4874297, 53.8365186 ] } },
{ "type": "Feature", "properties": { "name": "Abashawul Restaurant", "category": "retail_dining", "attractor_weight": 5.0 }, "geometry": { "type": "Point", "coordinates": [ -1.5247782, 53.8109039 ] } },
{ "type": "Feature", "properties": { "name": "The Alchemist", "category": "retail_dining", "attractor_weight": 5.0 }, "geometry": { "type": "Point", "coordinates": [ -1.5487155, 53.7985249 ] } },
{ "type": "Feature", "properties": { "name": "Fresh Start Coffee Shop", "category": "retail_dining", "attractor_weight": 5.0 }, "geometry": { "type": "Point", "coordinates": [ -1.6037464, 53.7447058 ] } },
{ "type": "Feature", "properties": { "name": "Inspirations Nurseries And Forest School Ltd", "category": "retail_dining", "attractor_weight": 5.0 }, "geometry": { "type": "Point", "coordinates": [ -1.653142, 53.8413647 ] } },
{ "type": "Feature", "properties": { "name": "Jigsaw Juniors", "category": "retail_dining", "attractor_weight": 5.0 }, "geometry": { "type": "Point", "coordinates": [ -1.6410425, 53.8373978 ] } },
{ "type": "Feature", "properties": { "name": "St Phillips Church Community Cafe", "category": "retail_dining", "attractor_weight": 5.0 }, "geometry": { "type": "Point", "coordinates": [ -1.4247894, 53.8226973 ] } },
{ "type": "Feature", "properties": { "name": "Dot The Lions", "category": "retail_dining", "attractor_weight": 5.0 }, "geometry": { "type": "Point", "coordinates": [ -1.5510169, 53.8088921 ] } },
{ "type": "Feature", "properties": { "name": "Jah Jyot", "category": "retail_dining", "attractor_weight": 5.0 }, "geometry": { "type": "Point", "coordinates": [ -1.5487846, 53.8006081 ] } },
{ "type": "Feature", "properties": { "name": "Northern Ballet Theatre Cafe", "category": "retail_dining", "attractor_weight": 5.0 }, "geometry": { "type": "Point", "coordinates": [ -1.5320966, 53.7971007 ] } },
{ "type": "Feature", "properties": { "name": "Compass", "category": "retail_dining", "attractor_weight": 5.0 }, "geometry": { "type": "Point", "coordinates": [ -1.5429434, 53.7995784 ] } },
{ "type": "Feature", "properties": { "name": "Indian Pakwaan", "category": "retail_dining", "attractor_weight": 5.0 }, "geometry": { "type": "Point", "coordinates": [ -1.5415795, 53.8004615 ] } },
{ "type": "Feature", "properties": { "name": "Chance & Counters", "category": "retail_dining", "attractor_weight": 5.0 }, "geometry": { "type": "Point", "coordinates": [ -1.5398374, 53.8004314 ] } },
{ "type": "Feature", "properties": { "name": "The Bridge", "category": "retail_dining", "attractor_weight": 5.0 }, "geometry": { "type": "Point", "coordinates": [ -1.5576299, 53.775441 ] } },
{ "type": "Feature", "properties": { "name": "New Farnley Cafe And Dining", "category": "retail_dining", "attractor_weight": 5.0 }, "geometry": { "type": "Point", "coordinates": [ -1.6235009, 53.7836008 ] } },
{ "type": "Feature", "properties": { "name": "Asda Café", "category": "retail_dining", "attractor_weight": 5.0 }, "geometry": { "type": "Point", "coordinates": [ -1.6713917, 53.8038031 ] } },
{ "type": "Feature", "properties": { "name": "Cup Nineteen", "category": "retail_dining", "attractor_weight": 5.0 }, "geometry": { "type": "Point", "coordinates": [ -1.6759397, 53.8055675 ] } },
{ "type": "Feature", "properties": { "name": "Cafe Village", "category": "retail_dining", "attractor_weight": 5.0 }, "geometry": { "type": "Point", "coordinates": [ -1.6875225, 53.827754 ] } },
{ "type": "Feature", "properties": { "name": "Calverley Wednesday Luncheon Club", "category": "retail_dining", "attractor_weight": 5.0 }, "geometry": { "type": "Point", "coordinates": [ -1.6893679, 53.8294526 ] } },
{ "type": "Feature", "properties": { "name": "Community Cafe", "category": "retail_dining", "attractor_weight": 5.0 }, "geometry": { "type": "Point", "coordinates": [ -1.5443409, 53.7759157 ] } },
{ "type": "Feature", "properties": { "name": "Asda", "category": "grocery_mall", "attractor_weight": 15.0 }, "geometry": { "type": "Point", "coordinates": [ -1.6062844, 53.8558896 ] } },
{ "type": "Feature", "properties": { "name": "Taste And Co", "category": "retail_dining", "attractor_weight": 5.0 }, "geometry": { "type": "Point", "coordinates": [ -1.6107523, 53.8388072 ] } },
{ "type": "Feature", "properties": { "name": "HOPS Lunch Clubs", "category": "retail_dining", "attractor_weight": 5.0 }, "geometry": { "type": "Point", "coordinates": [ -1.6181445, 53.8303834 ] } },
{ "type": "Feature", "properties": { "name": "147 Sports Bar", "category": "retail_dining", "attractor_weight": 5.0 }, "geometry": { "type": "Point", "coordinates": [ -1.6684239, 53.7927747 ] } },
{ "type": "Feature", "properties": { "name": "Starbucks", "category": "retail_dining", "attractor_weight": 5.0 }, "geometry": { "type": "Point", "coordinates": [ -1.60359, 53.8157817 ] } },
{ "type": "Feature", "properties": { "name": "Jamnian 1", "category": "retail_dining", "attractor_weight": 5.0 }, "geometry": { "type": "Point", "coordinates": [ -1.4415048, 53.8180795 ] } },
{ "type": "Feature", "properties": { "name": "Holt Park Leisure Centre Cafe", "category": "retail_dining", "attractor_weight": 5.0 }, "geometry": { "type": "Point", "coordinates": [ -1.6076678, 53.8549029 ] } },
{ "type": "Feature", "properties": { "name": "Anna's Kitchen", "category": "retail_dining", "attractor_weight": 5.0 }, "geometry": { "type": "Point", "coordinates": [ -1.6505899, 53.8077478 ] } },
{ "type": "Feature", "properties": { "name": "The Cafe", "category": "retail_dining", "attractor_weight": 5.0 }, "geometry": { "type": "Point", "coordinates": [ -1.4768082, 53.8267867 ] } },
{ "type": "Feature", "properties": { "name": "The Ciaran Bingham Foundation Trust", "category": "retail_dining", "attractor_weight": 5.0 }, "geometry": { "type": "Point", "coordinates": [ -1.5462345, 53.7435954 ] } },
{ "type": "Feature", "properties": { "name": "Alternatively Vegan", "category": "retail_dining", "attractor_weight": 5.0 }, "geometry": { "type": "Point", "coordinates": [ -1.66661, 53.8047376 ] } },
{ "type": "Feature", "properties": { "name": "Cracovia", "category": "retail_dining", "attractor_weight": 5.0 }, "geometry": { "type": "Point", "coordinates": [ -1.5312986, 53.8232966 ] } },
{ "type": "Feature", "properties": { "name": "Babs Baps", "category": "retail_dining", "attractor_weight": 5.0 }, "geometry": { "type": "Point", "coordinates": [ -1.5926984, 53.7948938 ] } },
{ "type": "Feature", "properties": { "name": "Co-op Food", "category": "grocery_mall", "attractor_weight": 15.0 }, "geometry": { "type": "Point", "coordinates": [ -1.5440002, 53.7941426 ] } },
{ "type": "Feature", "properties": { "name": "Connect Lunch", "category": "retail_dining", "attractor_weight": 5.0 }, "geometry": { "type": "Point", "coordinates": [ -1.6697878, 53.8053664 ] } },
{ "type": "Feature", "properties": { "name": "Arc Of Victory Church Cafe (Homeless)", "category": "retail_dining", "attractor_weight": 5.0 }, "geometry": { "type": "Point", "coordinates": [ -1.5551837, 53.7775463 ] } },
{ "type": "Feature", "properties": { "name": "Shahrasna Begum", "category": "retail_dining", "attractor_weight": 5.0 }, "geometry": { "type": "Point", "coordinates": [ -1.5520871, 53.7744194 ] } },
{ "type": "Feature", "properties": { "name": "Chez Bisoo", "category": "retail_dining", "attractor_weight": 5.0 }, "geometry": { "type": "Point", "coordinates": [ -1.5167496, 53.8088466 ] } },
{ "type": "Feature", "properties": { "name": "Toast Love Coffee", "category": "retail_dining", "attractor_weight": 5.0 }, "geometry": { "type": "Point", "coordinates": [ -1.5168951, 53.8164509 ] } },
{ "type": "Feature", "properties": { "name": "Babylon", "category": "retail_dining", "attractor_weight": 5.0 }, "geometry": { "type": "Point", "coordinates": [ -1.52913, 53.8038942 ] } },
{ "type": "Feature", "properties": { "name": "Cafe 277", "category": "retail_dining", "attractor_weight": 5.0 }, "geometry": { "type": "Point", "coordinates": [ -1.5242189, 53.7601931 ] } },
{ "type": "Feature", "properties": { "name": "CC's Cafe", "category": "retail_dining", "attractor_weight": 5.0 }, "geometry": { "type": "Point", "coordinates": [ -1.4702734, 53.796422 ] } },
{ "type": "Feature", "properties": { "name": "Starbucks", "category": "retail_dining", "attractor_weight": 5.0 }, "geometry": { "type": "Point", "coordinates": [ -1.4702658, 53.8404427 ] } },
{ "type": "Feature", "properties": { "name": "Starbucks", "category": "retail_dining", "attractor_weight": 5.0 }, "geometry": { "type": "Point", "coordinates": [ -1.6588014, 53.8691532 ] } },
{ "type": "Feature", "properties": { "name": "Boom Leeds", "category": "retail_dining", "attractor_weight": 5.0 }, "geometry": { "type": "Point", "coordinates": [ -1.5650008, 53.7956295 ] } },
{ "type": "Feature", "properties": { "name": "AfroLatino", "category": "retail_dining", "attractor_weight": 5.0 }, "geometry": { "type": "Point", "coordinates": [ -1.5245783, 53.8109573 ] } },
{ "type": "Feature", "properties": { "name": "Cafe @ 40", "category": "retail_dining", "attractor_weight": 5.0 }, "geometry": { "type": "Point", "coordinates": [ -1.5762055, 53.7914684 ] } },
{ "type": "Feature", "properties": { "name": "Costa", "category": "retail_dining", "attractor_weight": 5.0 }, "geometry": { "type": "Point", "coordinates": [ -1.5547666, 53.8024123 ] } },
{ "type": "Feature", "properties": { "name": "Costa", "category": "retail_dining", "attractor_weight": 5.0 }, "geometry": { "type": "Point", "coordinates": [ -1.5526959, 53.8027608 ] } },
{ "type": "Feature", "properties": { "name": "PizzaExpress", "category": "retail_dining", "attractor_weight": 5.0 }, "geometry": { "type": "Point", "coordinates": [ -1.5444835, 53.8025448 ] } },
{ "type": "Feature", "properties": { "name": "Starbucks", "category": "retail_dining", "attractor_weight": 5.0 }, "geometry": { "type": "Point", "coordinates": [ -1.5446874, 53.8025844 ] } },
{ "type": "Feature", "properties": { "name": "Mr Schnapps Sports Bar", "category": "retail_dining", "attractor_weight": 5.0 }, "geometry": { "type": "Point", "coordinates": [ -1.5079312, 53.8251735 ] } },
{ "type": "Feature", "properties": { "name": "Scrap Community Craft Cafe", "category": "retail_dining", "attractor_weight": 5.0 }, "geometry": { "type": "Point", "coordinates": [ -1.6723225, 53.813781 ] } },
{ "type": "Feature", "properties": { "name": "Tequila And Vinho", "category": "retail_dining", "attractor_weight": 5.0 }, "geometry": { "type": "Point", "coordinates": [ -1.5540236, 53.7680405 ] } },
{ "type": "Feature", "properties": { "name": "Cabin Bar", "category": "retail_dining", "attractor_weight": 5.0 }, "geometry": { "type": "Point", "coordinates": [ -1.6592413, 53.869294 ] } },
{ "type": "Feature", "properties": { "name": "Beer House", "category": "retail_dining", "attractor_weight": 5.0 }, "geometry": { "type": "Point", "coordinates": [ -1.658383, 53.8692908 ] } },
{ "type": "Feature", "properties": { "name": "Kurdish Cafe", "category": "retail_dining", "attractor_weight": 5.0 }, "geometry": { "type": "Point", "coordinates": [ -1.5176126, 53.8110096 ] } },
{ "type": "Feature", "properties": { "name": "Ollie Cafe", "category": "retail_dining", "attractor_weight": 5.0 }, "geometry": { "type": "Point", "coordinates": [ -1.5252724, 53.8107685 ] } },
{ "type": "Feature", "properties": { "name": "Nyla Internet Cafe", "category": "retail_dining", "attractor_weight": 5.0 }, "geometry": { "type": "Point", "coordinates": [ -1.5252093, 53.8107871 ] } },
{ "type": "Feature", "properties": { "name": "Yes-Pah", "category": "retail_dining", "attractor_weight": 5.0 }, "geometry": { "type": "Point", "coordinates": [ -1.5330943, 53.8146322 ] } },
{ "type": "Feature", "properties": { "name": "Chai Waley", "category": "retail_dining", "attractor_weight": 5.0 }, "geometry": { "type": "Point", "coordinates": [ -1.5145911, 53.8185157 ] } },
{ "type": "Feature", "properties": { "name": "The Hub", "category": "retail_dining", "attractor_weight": 5.0 }, "geometry": { "type": "Point", "coordinates": [ -1.5774071, 53.7616638 ] } },
{ "type": "Feature", "properties": { "name": "14 Forty", "category": "retail_dining", "attractor_weight": 5.0 }, "geometry": { "type": "Point", "coordinates": [ -1.5755671, 53.7620507 ] } },
{ "type": "Feature", "properties": { "name": "Slow Rise Bakery", "category": "retail_dining", "attractor_weight": 5.0 }, "geometry": { "type": "Point", "coordinates": [ -1.5183181, 53.7973463 ] } },
{ "type": "Feature", "properties": { "name": "Codi Kitchen", "category": "retail_dining", "attractor_weight": 5.0 }, "geometry": { "type": "Point", "coordinates": [ -1.6639084, 53.7953992 ] } },
{ "type": "Feature", "properties": { "name": "Business School Cafe", "category": "retail_dining", "attractor_weight": 5.0 }, "geometry": { "type": "Point", "coordinates": [ -1.5604582, 53.8078832 ] } },
{ "type": "Feature", "properties": { "name": "The Braai", "category": "retail_dining", "attractor_weight": 5.0 }, "geometry": { "type": "Point", "coordinates": [ -1.5678491, 53.8115425 ] } },
{ "type": "Feature", "properties": { "name": "Nova Bakehouse", "category": "retail_dining", "attractor_weight": 5.0 }, "geometry": { "type": "Point", "coordinates": [ -1.5316028, 53.7899434 ] } },
{ "type": "Feature", "properties": { "name": "Aisha's Cafe", "category": "retail_dining", "attractor_weight": 5.0 }, "geometry": { "type": "Point", "coordinates": [ -1.5213007, 53.8132441 ] } },
{ "type": "Feature", "properties": { "name": "Babel Lounge", "category": "retail_dining", "attractor_weight": 5.0 }, "geometry": { "type": "Point", "coordinates": [ -1.5306683, 53.8044303 ] } },
{ "type": "Feature", "properties": { "name": "Gazza's Café", "category": "retail_dining", "attractor_weight": 5.0 }, "geometry": { "type": "Point", "coordinates": [ -1.570019, 53.7917916 ] } },
{ "type": "Feature", "properties": { "name": "Café BBC Leeds", "category": "retail_dining", "attractor_weight": 5.0 }, "geometry": { "type": "Point", "coordinates": [ -1.5336616, 53.7974397 ] } },
{ "type": "Feature", "properties": { "name": "Karpaty Food Centre", "category": "grocery_mall", "attractor_weight": 15.0 }, "geometry": { "type": "Point", "coordinates": [ -1.5074699, 53.7996101 ] } },
{ "type": "Feature", "properties": { "name": "Stax", "category": "retail_dining", "attractor_weight": 5.0 }, "geometry": { "type": "Point", "coordinates": [ -1.4703816, 53.7960535 ] } },
{ "type": "Feature", "properties": { "name": "Chop Chop", "category": "retail_dining", "attractor_weight": 5.0 }, "geometry": { "type": "Point", "coordinates": [ -1.5377908, 53.7969065 ] } },
{ "type": "Feature", "properties": { "name": "Sweet Baby Cheezuscakes", "category": "retail_dining", "attractor_weight": 5.0 }, "geometry": { "type": "Point", "coordinates": [ -1.6487002, 53.8072243 ] } },
{ "type": "Feature", "properties": { "name": "Karpaty Bakery", "category": "retail_dining", "attractor_weight": 5.0 }, "geometry": { "type": "Point", "coordinates": [ -1.5100998, 53.8007269 ] } },
{ "type": "Feature", "properties": { "name": "Coffee Room", "category": "retail_dining", "attractor_weight": 5.0 }, "geometry": { "type": "Point", "coordinates": [ -1.5478818, 53.794122 ] } },
{ "type": "Feature", "properties": { "name": "Caffè Nero", "category": "retail_dining", "attractor_weight": 5.0 }, "geometry": { "type": "Point", "coordinates": [ -1.5555802, 53.7960955 ] } },
{ "type": "Feature", "properties": { "name": "Business School Cafe Pure Express", "category": "retail_dining", "attractor_weight": 5.0 }, "geometry": { "type": "Point", "coordinates": [ -1.5605441, 53.8078991 ] } },
{ "type": "Feature", "properties": { "name": "Zoe's Smashing Kitchen", "category": "retail_dining", "attractor_weight": 5.0 }, "geometry": { "type": "Point", "coordinates": [ -1.5989426, 53.7991697 ] } },
{ "type": "Feature", "properties": { "name": "Sami's Kitchen", "category": "retail_dining", "attractor_weight": 5.0 }, "geometry": { "type": "Point", "coordinates": [ -1.5800357, 53.77491 ] } },
{ "type": "Feature", "properties": { "name": "Sixes Social Cricket", "category": "retail_dining", "attractor_weight": 5.0 }, "geometry": { "type": "Point", "coordinates": [ -1.5809584, 53.8206834 ] } },
{ "type": "Feature", "properties": { "name": "Unnamed Attractor", "category": "retail_dining", "attractor_weight": 5.0 }, "geometry": { "type": "Point", "coordinates": [ -1.5201125, 53.8125347 ] } },
{ "type": "Feature", "properties": { "name": "Members Kitchen", "category": "retail_dining", "attractor_weight": 5.0 }, "geometry": { "type": "Point", "coordinates": [ -1.5485734, 53.802162 ] } },
{ "type": "Feature", "properties": { "name": "Karpaty Bakery Armley", "category": "retail_dining", "attractor_weight": 5.0 }, "geometry": { "type": "Point", "coordinates": [ -1.5928124, 53.7964028 ] } },
{ "type": "Feature", "properties": { "name": "Middleton Elderly Aid", "category": "retail_dining", "attractor_weight": 5.0 }, "geometry": { "type": "Point", "coordinates": [ -1.5482622, 53.7435177 ] } },
{ "type": "Feature", "properties": { "name": "Blue Pepper Tea Bar", "category": "retail_dining", "attractor_weight": 5.0 }, "geometry": { "type": "Point", "coordinates": [ -1.5752962, 53.7967442 ] } },
{ "type": "Feature", "properties": { "name": "PizzaExpress", "category": "retail_dining", "attractor_weight": 5.0 }, "geometry": { "type": "Point", "coordinates": [ -1.4717379, 53.7726958 ] } },
{ "type": "Feature", "properties": { "name": "Starbucks", "category": "retail_dining", "attractor_weight": 5.0 }, "geometry": { "type": "Point", "coordinates": [ -1.4715304, 53.7726809 ] } },
{ "type": "Feature", "properties": { "name": "McHales Coffee House", "category": "retail_dining", "attractor_weight": 5.0 }, "geometry": { "type": "Point", "coordinates": [ -1.4549996, 53.8140926 ] } },
{ "type": "Feature", "properties": { "name": "Outwood", "category": "transit_hub", "attractor_weight": 100.0 }, "geometry": { "type": "Point", "coordinates": [ -1.5104273, 53.7152957 ] } },
{ "type": "Feature", "properties": { "name": "Chinese Chop Suey Bar", "category": "retail_dining", "attractor_weight": 5.0 }, "geometry": { "type": "Point", "coordinates": [ -1.4708263, 53.7960617 ] } },
{ "type": "Feature", "properties": { "name": "Leeds", "category": "transit_hub", "attractor_weight": 100.0 }, "geometry": { "type": "Point", "coordinates": [ -1.548621, 53.794414 ] } },
{ "type": "Feature", "properties": { "name": "Heavenley Desserts", "category": "retail_dining", "attractor_weight": 5.0 }, "geometry": { "type": "Point", "coordinates": [ -1.5787447, 53.8226058 ] } },
{ "type": "Feature", "properties": { "name": "The Gym Kitchen", "category": "retail_dining", "attractor_weight": 5.0 }, "geometry": { "type": "Point", "coordinates": [ -1.5121248, 53.8089032 ] } },
{ "type": "Feature", "properties": { "name": "Bootlegger", "category": "retail_dining", "attractor_weight": 5.0 }, "geometry": { "type": "Point", "coordinates": [ -1.5468487, 53.7988417 ] } },
{ "type": "Feature", "properties": { "name": "Herbarium Cafe", "category": "retail_dining", "attractor_weight": 5.0 }, "geometry": { "type": "Point", "coordinates": [ -1.5469265, 53.8014254 ] } },
{ "type": "Feature", "properties": { "name": "Killhouse Sandwich Shop", "category": "retail_dining", "attractor_weight": 5.0 }, "geometry": { "type": "Point", "coordinates": [ -1.5313643, 53.7873375 ] } },
{ "type": "Feature", "properties": { "name": "Dib Lane Diner", "category": "retail_dining", "attractor_weight": 5.0 }, "geometry": { "type": "Point", "coordinates": [ -1.4869201, 53.8230654 ] } },
{ "type": "Feature", "properties": { "name": "Unnamed Attractor", "category": "retail_dining", "attractor_weight": 5.0 }, "geometry": { "type": "Point", "coordinates": [ -1.5411705, 53.778 ] } },
{ "type": "Feature", "properties": { "name": "Asda Café", "category": "retail_dining", "attractor_weight": 5.0 }, "geometry": { "type": "Point", "coordinates": [ -1.5307366, 53.7488995 ] } },
{ "type": "Feature", "properties": { "name": "Kirkstall Brewery Taproom & Kitchen", "category": "retail_dining", "attractor_weight": 5.0 }, "geometry": { "type": "Point", "coordinates": [ -1.5682715, 53.8016932 ] } },
{ "type": "Feature", "properties": { "name": "Nando's", "category": "retail_dining", "attractor_weight": 5.0 }, "geometry": { "type": "Point", "coordinates": [ -1.4709616, 53.772586 ] } },
{ "type": "Feature", "properties": { "name": "Amazon Canteen", "category": "retail_dining", "attractor_weight": 5.0 }, "geometry": { "type": "Point", "coordinates": [ -1.4836586, 53.7840588 ] } },
{ "type": "Feature", "properties": { "name": "Jenny's Kitchen Leeds", "category": "retail_dining", "attractor_weight": 5.0 }, "geometry": { "type": "Point", "coordinates": [ -1.6225419, 53.788658 ] } },
{ "type": "Feature", "properties": { "name": "Slate Cafe", "category": "retail_dining", "attractor_weight": 5.0 }, "geometry": { "type": "Point", "coordinates": [ -1.4941956, 53.802756 ] } },
{ "type": "Feature", "properties": { "name": "Bohemia Bistro - Community Cafe", "category": "retail_dining", "attractor_weight": 5.0 }, "geometry": { "type": "Point", "coordinates": [ -1.5015838, 53.8033421 ] } },
{ "type": "Feature", "properties": { "name": "The Coffee Plant", "category": "retail_dining", "attractor_weight": 5.0 }, "geometry": { "type": "Point", "coordinates": [ -1.4524799, 53.8045159 ] } },
{ "type": "Feature", "properties": { "name": "Mazzika Lounge", "category": "retail_dining", "attractor_weight": 5.0 }, "geometry": { "type": "Point", "coordinates": [ -1.5658012, 53.8029715 ] } },
{ "type": "Feature", "properties": { "name": "The Cakery Room", "category": "retail_dining", "attractor_weight": 5.0 }, "geometry": { "type": "Point", "coordinates": [ -1.5351147, 53.7261142 ] } },
{ "type": "Feature", "properties": { "name": "Miss Sana", "category": "retail_dining", "attractor_weight": 5.0 }, "geometry": { "type": "Point", "coordinates": [ -1.6609242, 53.7319219 ] } },
{ "type": "Feature", "properties": { "name": "Spice Gardenq", "category": "retail_dining", "attractor_weight": 5.0 }, "geometry": { "type": "Point", "coordinates": [ -1.6606817, 53.7322158 ] } },
{ "type": "Feature", "properties": { "name": "Unnamed Attractor", "category": "retail_dining", "attractor_weight": 5.0 }, "geometry": { "type": "Point", "coordinates": [ -1.6611767, 53.7322691 ] } },
{ "type": "Feature", "properties": { "name": "Oska", "category": "retail_dining", "attractor_weight": 5.0 }, "geometry": { "type": "Point", "coordinates": [ -1.6619674, 53.7323584 ] } },
{ "type": "Feature", "properties": { "name": "Gelato Passion Batley", "category": "retail_dining", "attractor_weight": 5.0 }, "geometry": { "type": "Point", "coordinates": [ -1.6302788, 53.71291 ] } },
{ "type": "Feature", "properties": { "name": "Chickano's", "category": "retail_dining", "attractor_weight": 5.0 }, "geometry": { "type": "Point", "coordinates": [ -1.6310125, 53.7132623 ] } },
{ "type": "Feature", "properties": { "name": "Jimmy's", "category": "retail_dining", "attractor_weight": 5.0 }, "geometry": { "type": "Point", "coordinates": [ -1.6311413, 53.7133146 ] } },
{ "type": "Feature", "properties": { "name": "Chocoberry", "category": "retail_dining", "attractor_weight": 5.0 }, "geometry": { "type": "Point", "coordinates": [ -1.6315922, 53.713519 ] } },
{ "type": "Feature", "properties": { "name": "Nowrooz", "category": "retail_dining", "attractor_weight": 5.0 }, "geometry": { "type": "Point", "coordinates": [ -1.6325041, 53.7139101 ] } },
{ "type": "Feature", "properties": { "name": "Sibu", "category": "retail_dining", "attractor_weight": 5.0 }, "geometry": { "type": "Point", "coordinates": [ -1.6325699, 53.7141985 ] } },
{ "type": "Feature", "properties": { "name": "Amira London Fashion", "category": "retail_dining", "attractor_weight": 5.0 }, "geometry": { "type": "Point", "coordinates": [ -1.632802, 53.7142872 ] } },
{ "type": "Feature", "properties": { "name": "M&S Cafe", "category": "retail_dining", "attractor_weight": 5.0 }, "geometry": { "type": "Point", "coordinates": [ -1.6700547, 53.8024078 ] } },
{ "type": "Feature", "properties": { "name": "Carnegie Pavilion", "category": "university", "attractor_weight": 30.0 }, "geometry": { "type": "Point", "coordinates": [ -1.5824185, 53.818664 ] } },
{ "type": "Feature", "properties": { "name": "Cooplands", "category": "retail_dining", "attractor_weight": 5.0 }, "geometry": { "type": "Point", "coordinates": [ -1.6264268, 53.811778 ] } },
{ "type": "Feature", "properties": { "name": "StUdio", "category": "retail_dining", "attractor_weight": 5.0 }, "geometry": { "type": "Point", "coordinates": [ -1.6463328, 53.8483376 ] } },
{ "type": "Feature", "properties": { "name": "Starbucks", "category": "retail_dining", "attractor_weight": 5.0 }, "geometry": { "type": "Point", "coordinates": [ -1.64692, 53.8484957 ] } },
{ "type": "Feature", "properties": { "name": "Grumpy Mule Cafe", "category": "retail_dining", "attractor_weight": 5.0 }, "geometry": { "type": "Point", "coordinates": [ -1.6474518, 53.8491157 ] } },
{ "type": "Feature", "properties": { "name": "Morrisons Cafe", "category": "retail_dining", "attractor_weight": 5.0 }, "geometry": { "type": "Point", "coordinates": [ -1.602269, 53.8134231 ] } },
{ "type": "Feature", "properties": { "name": "Venus Restaurant", "category": "retail_dining", "attractor_weight": 5.0 }, "geometry": { "type": "Point", "coordinates": [ -1.5608419, 53.7865428 ] } },
{ "type": "Feature", "properties": { "name": "NEST", "category": "retail_dining", "attractor_weight": 5.0 }, "geometry": { "type": "Point", "coordinates": [ -1.6857541, 53.8660599 ] } },
{ "type": "Feature", "properties": { "name": "Stephanie's Boutique", "category": "retail_dining", "attractor_weight": 5.0 }, "geometry": { "type": "Point", "coordinates": [ -1.6849097, 53.8533663 ] } },
{ "type": "Feature", "properties": { "name": "Unnamed Attractor", "category": "transit_hub", "attractor_weight": 100.0 }, "geometry": { "type": "Point", "coordinates": [ -1.5607643, 53.7300054 ] } },
{ "type": "Feature", "properties": { "name": "Bar Tat", "category": "retail_dining", "attractor_weight": 5.0 }, "geometry": { "type": "Point", "coordinates": [ -1.4491731, 53.798201 ] } },
{ "type": "Feature", "properties": { "name": "Co-op Food", "category": "grocery_mall", "attractor_weight": 15.0 }, "geometry": { "type": "Point", "coordinates": [ -1.5435145, 53.8023465 ] } },
{ "type": "Feature", "properties": { "name": "Continental De Nurr", "category": "retail_dining", "attractor_weight": 5.0 }, "geometry": { "type": "Point", "coordinates": [ -1.6837836, 53.8660172 ] } },
{ "type": "Feature", "properties": { "name": "Wed2B", "category": "retail_dining", "attractor_weight": 5.0 }, "geometry": { "type": "Point", "coordinates": [ -1.5907082, 53.8087686 ] } },
{ "type": "Feature", "properties": { "name": "North Brewing Co. Leeds City Tap", "category": "retail_dining", "attractor_weight": 5.0 }, "geometry": { "type": "Point", "coordinates": [ -1.5437371, 53.7939789 ] } },
{ "type": "Feature", "properties": { "name": "Ma-Hé Coastal Indian", "category": "retail_dining", "attractor_weight": 5.0 }, "geometry": { "type": "Point", "coordinates": [ -1.5430006, 53.8016568 ] } },
{ "type": "Feature", "properties": { "name": "Café Oasis", "category": "retail_dining", "attractor_weight": 5.0 }, "geometry": { "type": "Point", "coordinates": [ -1.5280721, 53.7997361 ] } },
{ "type": "Feature", "properties": { "name": "La Bottega Milanese (Park House)", "category": "retail_dining", "attractor_weight": 5.0 }, "geometry": { "type": "Point", "coordinates": [ -1.5532571, 53.7984812 ] } },
{ "type": "Feature", "properties": { "name": "92°", "category": "retail_dining", "attractor_weight": 5.0 }, "geometry": { "type": "Point", "coordinates": [ -1.5454478, 53.8030725 ] } },
{ "type": "Feature", "properties": { "name": "Unnamed Attractor", "category": "retail_dining", "attractor_weight": 5.0 }, "geometry": { "type": "Point", "coordinates": [ -1.5321361, 53.7760262 ] } },
{ "type": "Feature", "properties": { "name": "M&S Cafe", "category": "retail_dining", "attractor_weight": 5.0 }, "geometry": { "type": "Point", "coordinates": [ -1.644253, 53.7448566 ] } },
{ "type": "Feature", "properties": { "name": "Unnamed Attractor", "category": "retail_dining", "attractor_weight": 5.0 }, "geometry": { "type": "Point", "coordinates": [ -1.5303004, 53.798091 ] } },
{ "type": "Feature", "properties": { "name": "Vault 768", "category": "retail_dining", "attractor_weight": 5.0 }, "geometry": { "type": "Point", "coordinates": [ -1.6939356, 53.7524688 ] } },
{ "type": "Feature", "properties": { "name": "La Strega Café", "category": "retail_dining", "attractor_weight": 5.0 }, "geometry": { "type": "Point", "coordinates": [ -1.5412288, 53.7973712 ] } },
{ "type": "Feature", "properties": { "name": "Nom Bakes", "category": "retail_dining", "attractor_weight": 5.0 }, "geometry": { "type": "Point", "coordinates": [ -1.4999107, 53.7118631 ] } },
{ "type": "Feature", "properties": { "name": "The Uniform Centre", "category": "retail_dining", "attractor_weight": 5.0 }, "geometry": { "type": "Point", "coordinates": [ -1.5997984, 53.743288 ] } },
{ "type": "Feature", "properties": { "name": "Westy's Bar", "category": "retail_dining", "attractor_weight": 5.0 }, "geometry": { "type": "Point", "coordinates": [ -1.5998862, 53.7434064 ] } },
{ "type": "Feature", "properties": { "name": "The Dog House", "category": "retail_dining", "attractor_weight": 5.0 }, "geometry": { "type": "Point", "coordinates": [ -1.59986, 53.7439276 ] } },
{ "type": "Feature", "properties": { "name": "Bacchus", "category": "retail_dining", "attractor_weight": 5.0 }, "geometry": { "type": "Point", "coordinates": [ -1.5994441, 53.7432853 ] } },
{ "type": "Feature", "properties": { "name": "Eighteen90", "category": "retail_dining", "attractor_weight": 5.0 }, "geometry": { "type": "Point", "coordinates": [ -1.5992777, 53.7431222 ] } },
{ "type": "Feature", "properties": { "name": "St peters playing fields", "category": "school", "attractor_weight": 20.0 }, "geometry": { "type": "Point", "coordinates": [ -1.6688557, 53.8506246 ] } },
{ "type": "Feature", "properties": { "name": "St peters playing fields", "category": "school", "attractor_weight": 20.0 }, "geometry": { "type": "Point", "coordinates": [ -1.6705954, 53.8510792 ] } },
{ "type": "Feature", "properties": { "name": "HIDE AND STEAK", "category": "retail_dining", "attractor_weight": 5.0 }, "geometry": { "type": "Point", "coordinates": [ -1.6716737, 53.7693218 ] } },
{ "type": "Feature", "properties": { "name": "Locus", "category": "retail_dining", "attractor_weight": 5.0 }, "geometry": { "type": "Point", "coordinates": [ -1.4517402, 53.8073357 ] } },
{ "type": "Feature", "properties": { "name": "Sir Karl Cohen Square", "category": "hospital", "attractor_weight": 50.0 }, "geometry": { "type": "Point", "coordinates": [ -1.5951703, 53.79641 ] } },
{ "type": "Feature", "properties": { "name": "Balcony", "category": "retail_dining", "attractor_weight": 5.0 }, "geometry": { "type": "Point", "coordinates": [ -1.5565391, 53.8066538 ] } },
{ "type": "Feature", "properties": { "name": "Last Sun Dance", "category": "retail_dining", "attractor_weight": 5.0 }, "geometry": { "type": "Point", "coordinates": [ -1.4996209, 53.789359 ] } },
{ "type": "Feature", "properties": { "name": "HOP (Home Of Property Ltd)", "category": "grocery_mall", "attractor_weight": 15.0 }, "geometry": { "type": "Point", "coordinates": [ -1.5630613, 53.8005568 ] } },
{ "type": "Feature", "properties": { "name": "Bottle & Tap", "category": "retail_dining", "attractor_weight": 5.0 }, "geometry": { "type": "Point", "coordinates": [ -1.6021892, 53.7492268 ] } },
{ "type": "Feature", "properties": { "name": "Otto", "category": "retail_dining", "attractor_weight": 5.0 }, "geometry": { "type": "Point", "coordinates": [ -1.6026021, 53.7491357 ] } },
{ "type": "Feature", "properties": { "name": "Seven Hills", "category": "retail_dining", "attractor_weight": 5.0 }, "geometry": { "type": "Point", "coordinates": [ -1.6025173, 53.7490756 ] } },
{ "type": "Feature", "properties": { "name": "Oscars", "category": "retail_dining", "attractor_weight": 5.0 }, "geometry": { "type": "Point", "coordinates": [ -1.6024881, 53.7490401 ] } },
{ "type": "Feature", "properties": { "name": "The Dancing House", "category": "retail_dining", "attractor_weight": 5.0 }, "geometry": { "type": "Point", "coordinates": [ -1.6836621, 53.7374003 ] } },
{ "type": "Feature", "properties": { "name": "Room 94", "category": "retail_dining", "attractor_weight": 5.0 }, "geometry": { "type": "Point", "coordinates": [ -1.6002637, 53.7440728 ] } },
{ "type": "Feature", "properties": { "name": "92 Degrees", "category": "retail_dining", "attractor_weight": 5.0 }, "geometry": { "type": "Point", "coordinates": [ -1.5438331, 53.7957815 ] } },
{ "type": "Feature", "properties": { "name": "Doh'hut", "category": "retail_dining", "attractor_weight": 5.0 }, "geometry": { "type": "Point", "coordinates": [ -1.5437764, 53.7956664 ] } },
{ "type": "Feature", "properties": { "name": "1915", "category": "retail_dining", "attractor_weight": 5.0 }, "geometry": { "type": "Point", "coordinates": [ -1.5538318, 53.8091297 ] } },
{ "type": "Feature", "properties": { "name": "Unnamed Attractor", "category": "retail_dining", "attractor_weight": 5.0 }, "geometry": { "type": "Point", "coordinates": [ -1.5326491, 53.7486791 ] } },
{ "type": "Feature", "properties": { "name": "Coffee Strong", "category": "retail_dining", "attractor_weight": 5.0 }, "geometry": { "type": "Point", "coordinates": [ -1.5598252, 53.7959482 ] } },
{ "type": "Feature", "properties": { "name": "Costa", "category": "retail_dining", "attractor_weight": 5.0 }, "geometry": { "type": "Point", "coordinates": [ -1.6405778, 53.8376806 ] } },
{ "type": "Feature", "properties": { "name": "Nero Express", "category": "retail_dining", "attractor_weight": 5.0 }, "geometry": { "type": "Point", "coordinates": [ -1.547358, 53.7951171 ] } },
{ "type": "Feature", "properties": { "name": "Starbucks", "category": "retail_dining", "attractor_weight": 5.0 }, "geometry": { "type": "Point", "coordinates": [ -1.5484509, 53.7941348 ] } },
{ "type": "Feature", "properties": { "name": "Black Sheep Coffee", "category": "retail_dining", "attractor_weight": 5.0 }, "geometry": { "type": "Point", "coordinates": [ -1.5465542, 53.797865 ] } },
{ "type": "Feature", "properties": { "name": "Pittafan", "category": "retail_dining", "attractor_weight": 5.0 }, "geometry": { "type": "Point", "coordinates": [ -1.5067188, 53.8265151 ] } },
{ "type": "Feature", "properties": { "name": "North Star Coffee Shop", "category": "retail_dining", "attractor_weight": 5.0 }, "geometry": { "type": "Point", "coordinates": [ -1.5319692, 53.7909423 ] } },
{ "type": "Feature", "properties": { "name": "Arriba Arriba", "category": "retail_dining", "attractor_weight": 5.0 }, "geometry": { "type": "Point", "coordinates": [ -1.641278, 53.8372817 ] } },
{ "type": "Feature", "properties": { "name": "HELIX", "category": "university", "attractor_weight": 30.0 }, "geometry": { "type": "Point", "coordinates": [ -1.5536538, 53.8054164 ] } },
{ "type": "Feature", "properties": { "name": "Thai Sun", "category": "retail_dining", "attractor_weight": 5.0 }, "geometry": { "type": "Point", "coordinates": [ -1.6412834, 53.8375891 ] } },
{ "type": "Feature", "properties": { "name": "Bean & Gone", "category": "retail_dining", "attractor_weight": 5.0 }, "geometry": { "type": "Point", "coordinates": [ -1.6637769, 53.7969716 ] } },
{ "type": "Feature", "properties": { "name": "Virtuocity", "category": "university", "attractor_weight": 30.0 }, "geometry": { "type": "Point", "coordinates": [ -1.5514517, 53.806263 ] } },
{ "type": "Feature", "properties": { "name": "Abbey Cafe", "category": "retail_dining", "attractor_weight": 5.0 }, "geometry": { "type": "Point", "coordinates": [ -1.6075659, 53.8206533 ] } },
{ "type": "Feature", "properties": { "name": "Boba & Bao", "category": "retail_dining", "attractor_weight": 5.0 }, "geometry": { "type": "Point", "coordinates": [ -1.6332275, 53.8466792 ] } },
{ "type": "Feature", "properties": { "name": "Galleria", "category": "retail_dining", "attractor_weight": 5.0 }, "geometry": { "type": "Point", "coordinates": [ -1.5663448, 53.7956772 ] } },
{ "type": "Feature", "properties": { "name": "Bò Noodles Bar", "category": "retail_dining", "attractor_weight": 5.0 }, "geometry": { "type": "Point", "coordinates": [ -1.541453, 53.7989115 ] } },
{ "type": "Feature", "properties": { "name": "92 Degrees", "category": "retail_dining", "attractor_weight": 5.0 }, "geometry": { "type": "Point", "coordinates": [ -1.5515278, 53.7925751 ] } },
{ "type": "Feature", "properties": { "name": "emba", "category": "retail_dining", "attractor_weight": 5.0 }, "geometry": { "type": "Point", "coordinates": [ -1.5516311, 53.792888 ] } },
{ "type": "Feature", "properties": { "name": "Blind Tyger", "category": "retail_dining", "attractor_weight": 5.0 }, "geometry": { "type": "Point", "coordinates": [ -1.5410222, 53.8009851 ] } },
{ "type": "Feature", "properties": { "name": "Community Cafe", "category": "retail_dining", "attractor_weight": 5.0 }, "geometry": { "type": "Point", "coordinates": [ -1.4959156, 53.7288181 ] } },
{ "type": "Feature", "properties": { "name": "Co-op Food", "category": "grocery_mall", "attractor_weight": 15.0 }, "geometry": { "type": "Point", "coordinates": [ -1.6055082, 53.8802266 ] } },
{ "type": "Feature", "properties": { "name": "Town Hall Tavern", "category": "retail_dining", "attractor_weight": 5.0 }, "geometry": { "type": "Point", "coordinates": [ -1.6846418, 53.8658403 ] } },
{ "type": "Feature", "properties": { "name": "The Stage Door Café", "category": "retail_dining", "attractor_weight": 5.0 }, "geometry": { "type": "Point", "coordinates": [ -1.6847092, 53.8657641 ] } },
{ "type": "Feature", "properties": { "name": "Delhi Wala Food", "category": "retail_dining", "attractor_weight": 5.0 }, "geometry": { "type": "Point", "coordinates": [ -1.5462058, 53.7950829 ] } },
{ "type": "Feature", "properties": { "name": "The Master's", "category": "retail_dining", "attractor_weight": 5.0 }, "geometry": { "type": "Point", "coordinates": [ -1.5327463, 53.7916378 ] } },
{ "type": "Feature", "properties": { "name": "The Master's", "category": "retail_dining", "attractor_weight": 5.0 }, "geometry": { "type": "Point", "coordinates": [ -1.5327463, 53.7916378 ] } },
{ "type": "Feature", "properties": { "name": "The Master's", "category": "retail_dining", "attractor_weight": 5.0 }, "geometry": { "type": "Point", "coordinates": [ -1.5327463, 53.7916378 ] } },
{ "type": "Feature", "properties": { "name": "Calilo", "category": "retail_dining", "attractor_weight": 5.0 }, "geometry": { "type": "Point", "coordinates": [ -1.4485597, 53.7573311 ] } },
{ "type": "Feature", "properties": { "name": "Hilary's", "category": "retail_dining", "attractor_weight": 5.0 }, "geometry": { "type": "Point", "coordinates": [ -1.6069707, 53.8099975 ] } },
{ "type": "Feature", "properties": { "name": "World Peace Cafe and Shop", "category": "retail_dining", "attractor_weight": 5.0 }, "geometry": { "type": "Point", "coordinates": [ -1.5393864, 53.7958572 ] } },
{ "type": "Feature", "properties": { "name": "Olive & Thai", "category": "retail_dining", "attractor_weight": 5.0 }, "geometry": { "type": "Point", "coordinates": [ -1.5430706, 53.7983703 ] } },
{ "type": "Feature", "properties": { "name": "Dock 29", "category": "retail_dining", "attractor_weight": 5.0 }, "geometry": { "type": "Point", "coordinates": [ -1.5323685, 53.7909743 ] } },
{ "type": "Feature", "properties": { "name": "Chef Works", "category": "retail_dining", "attractor_weight": 5.0 }, "geometry": { "type": "Point", "coordinates": [ -1.6657269, 53.8164976 ] } },
{ "type": "Feature", "properties": { "name": "West SILC Power House", "category": "school", "attractor_weight": 20.0 }, "geometry": { "type": "Point", "coordinates": [ -1.6651221, 53.8167058 ] } },
{ "type": "Feature", "properties": { "name": "RISE Dance", "category": "retail_dining", "attractor_weight": 5.0 }, "geometry": { "type": "Point", "coordinates": [ -1.6661386, 53.8173851 ] } },
{ "type": "Feature", "properties": { "name": "kapow!", "category": "retail_dining", "attractor_weight": 5.0 }, "geometry": { "type": "Point", "coordinates": [ -1.5373177, 53.7945154 ] } },
{ "type": "Feature", "properties": { "name": "108", "category": "retail_dining", "attractor_weight": 5.0 }, "geometry": { "type": "Point", "coordinates": [ -1.5508043, 53.800748 ] } },
{ "type": "Feature", "properties": { "name": "Tao", "category": "retail_dining", "attractor_weight": 5.0 }, "geometry": { "type": "Point", "coordinates": [ -1.5511879, 53.8009591 ] } },
{ "type": "Feature", "properties": { "name": "Pixel Bar", "category": "retail_dining", "attractor_weight": 5.0 }, "geometry": { "type": "Point", "coordinates": [ -1.5483493, 53.8006787 ] } },
{ "type": "Feature", "properties": { "name": "Ohana", "category": "retail_dining", "attractor_weight": 5.0 }, "geometry": { "type": "Point", "coordinates": [ -1.5405331, 53.8002504 ] } },
{ "type": "Feature", "properties": { "name": "Hesco Lounge", "category": "retail_dining", "attractor_weight": 5.0 }, "geometry": { "type": "Point", "coordinates": [ -1.5077418, 53.8442028 ] } },
{ "type": "Feature", "properties": { "name": "Pranzo", "category": "retail_dining", "attractor_weight": 5.0 }, "geometry": { "type": "Point", "coordinates": [ -1.6393915, 53.8385284 ] } },
{ "type": "Feature", "properties": { "name": "Crustiq Cafe & Bakery", "category": "retail_dining", "attractor_weight": 5.0 }, "geometry": { "type": "Point", "coordinates": [ -1.6408449, 53.8375422 ] } },
{ "type": "Feature", "properties": { "name": "Unnamed Attractor", "category": "retail_dining", "attractor_weight": 5.0 }, "geometry": { "type": "Point", "coordinates": [ -1.7005467, 53.8002346 ] } },
{ "type": "Feature", "properties": { "name": "Aldi", "category": "grocery_mall", "attractor_weight": 15.0 }, "geometry": { "type": "Point", "coordinates": [ -1.5292728, 53.7501552 ] } },
{ "type": "Feature", "properties": { "name": "Unnamed Attractor", "category": "retail_dining", "attractor_weight": 5.0 }, "geometry": { "type": "Point", "coordinates": [ -1.5288793, 53.7496141 ] } },
{ "type": "Feature", "properties": { "name": "Left Bank Cafe", "category": "retail_dining", "attractor_weight": 5.0 }, "geometry": { "type": "Point", "coordinates": [ -1.5742234, 53.8099405 ] } },
{ "type": "Feature", "properties": { "name": "Working Workwear", "category": "retail_dining", "attractor_weight": 5.0 }, "geometry": { "type": "Point", "coordinates": [ -1.5056283, 53.7997251 ] } },
{ "type": "Feature", "properties": { "name": "Green Room", "category": "retail_dining", "attractor_weight": 5.0 }, "geometry": { "type": "Point", "coordinates": [ -1.5494516, 53.7962789 ] } },
{ "type": "Feature", "properties": { "name": "Caffè Brigante", "category": "retail_dining", "attractor_weight": 5.0 }, "geometry": { "type": "Point", "coordinates": [ -1.5406446, 53.7929546 ] } },
{ "type": "Feature", "properties": { "name": "The Townhouse", "category": "retail_dining", "attractor_weight": 5.0 }, "geometry": { "type": "Point", "coordinates": [ -1.5395125, 53.7956597 ] } },
{ "type": "Feature", "properties": { "name": "Rinse Natural Wine", "category": "retail_dining", "attractor_weight": 5.0 }, "geometry": { "type": "Point", "coordinates": [ -1.5399231, 53.7963329 ] } },
{ "type": "Feature", "properties": { "name": "El Greco", "category": "retail_dining", "attractor_weight": 5.0 }, "geometry": { "type": "Point", "coordinates": [ -1.5925675, 53.8328235 ] } },
{ "type": "Feature", "properties": { "name": "Starbucks", "category": "retail_dining", "attractor_weight": 5.0 }, "geometry": { "type": "Point", "coordinates": [ -1.5163948, 53.7718043 ] } },
{ "type": "Feature", "properties": { "name": "The Cheesy Living Co", "category": "retail_dining", "attractor_weight": 5.0 }, "geometry": { "type": "Point", "coordinates": [ -1.6634038, 53.7962422 ] } },
{ "type": "Feature", "properties": { "name": "Picture The Print", "category": "retail_dining", "attractor_weight": 5.0 }, "geometry": { "type": "Point", "coordinates": [ -1.5296321, 53.8028843 ] } },
{ "type": "Feature", "properties": { "name": "The Wren Bakery", "category": "retail_dining", "attractor_weight": 5.0 }, "geometry": { "type": "Point", "coordinates": [ -1.5292047, 53.8027019 ] } },
{ "type": "Feature", "properties": { "name": "CHUNK", "category": "retail_dining", "attractor_weight": 5.0 }, "geometry": { "type": "Point", "coordinates": [ -1.5891738, 53.8130283 ] } },
{ "type": "Feature", "properties": { "name": "Star Balti", "category": "retail_dining", "attractor_weight": 5.0 }, "geometry": { "type": "Point", "coordinates": [ -1.495577, 53.7257285 ] } },
{ "type": "Feature", "properties": { "name": "Opposite", "category": "retail_dining", "attractor_weight": 5.0 }, "geometry": { "type": "Point", "coordinates": [ -1.5661612, 53.828677 ] } },
{ "type": "Feature", "properties": { "name": "The Allotment", "category": "retail_dining", "attractor_weight": 5.0 }, "geometry": { "type": "Point", "coordinates": [ -1.5416528, 53.7963302 ] } },
{ "type": "Feature", "properties": { "name": "BAKE", "category": "retail_dining", "attractor_weight": 5.0 }, "geometry": { "type": "Point", "coordinates": [ -1.5515282, 53.7928367 ] } },
{ "type": "Feature", "properties": { "name": "Unnamed Attractor", "category": "retail_dining", "attractor_weight": 5.0 }, "geometry": { "type": "Point", "coordinates": [ -1.5493351, 53.800244 ] } },
{ "type": "Feature", "properties": { "name": "Little Leaf Cafe", "category": "retail_dining", "attractor_weight": 5.0 }, "geometry": { "type": "Point", "coordinates": [ -1.6748947, 53.821456 ] } },
{ "type": "Feature", "properties": { "name": "Ethiopian Organic Coffee Cafe", "category": "retail_dining", "attractor_weight": 5.0 }, "geometry": { "type": "Point", "coordinates": [ -1.5340532, 53.8037218 ] } },
{ "type": "Feature", "properties": { "name": "Costa Drive Thru", "category": "retail_dining", "attractor_weight": 5.0 }, "geometry": { "type": "Point", "coordinates": [ -1.4327824, 53.7937016 ] } },
{ "type": "Feature", "properties": { "name": "Famous B Restaurant", "category": "retail_dining", "attractor_weight": 5.0 }, "geometry": { "type": "Point", "coordinates": [ -1.5324701, 53.803405 ] } },
{ "type": "Feature", "properties": { "name": "Heist Bar & Grill", "category": "retail_dining", "attractor_weight": 5.0 }, "geometry": { "type": "Point", "coordinates": [ -1.6019994, 53.7461883 ] } },
{ "type": "Feature", "properties": { "name": "BB Stylehouse", "category": "retail_dining", "attractor_weight": 5.0 }, "geometry": { "type": "Point", "coordinates": [ -1.6013753, 53.7457992 ] } },
{ "type": "Feature", "properties": { "name": "Rileys Sports Bar", "category": "retail_dining", "attractor_weight": 5.0 }, "geometry": { "type": "Point", "coordinates": [ -1.545123, 53.8005237 ] } },
{ "type": "Feature", "properties": { "name": "Oba", "category": "retail_dining", "attractor_weight": 5.0 }, "geometry": { "type": "Point", "coordinates": [ -1.5433957, 53.8011714 ] } },
{ "type": "Feature", "properties": { "name": "Little Lotus", "category": "retail_dining", "attractor_weight": 5.0 }, "geometry": { "type": "Point", "coordinates": [ -1.544098, 53.8024964 ] } },
{ "type": "Feature", "properties": { "name": "Bubble Sing", "category": "retail_dining", "attractor_weight": 5.0 }, "geometry": { "type": "Point", "coordinates": [ -1.5447417, 53.8012401 ] } },
{ "type": "Feature", "properties": { "name": "Hama", "category": "retail_dining", "attractor_weight": 5.0 }, "geometry": { "type": "Point", "coordinates": [ -1.5447983, 53.8013499 ] } },
{ "type": "Feature", "properties": { "name": "Pho 37", "category": "retail_dining", "attractor_weight": 5.0 }, "geometry": { "type": "Point", "coordinates": [ -1.5449358, 53.8016003 ] } },
{ "type": "Feature", "properties": { "name": "Meet Fresh", "category": "retail_dining", "attractor_weight": 5.0 }, "geometry": { "type": "Point", "coordinates": [ -1.5442309, 53.8022391 ] } },
{ "type": "Feature", "properties": { "name": "Azaban Supermarket", "category": "grocery_mall", "attractor_weight": 15.0 }, "geometry": { "type": "Point", "coordinates": [ -1.5325528, 53.8051547 ] } },
{ "type": "Feature", "properties": { "name": "La Terrass", "category": "retail_dining", "attractor_weight": 5.0 }, "geometry": { "type": "Point", "coordinates": [ -1.5325973, 53.8051114 ] } },
{ "type": "Feature", "properties": { "name": "Noodlesta", "category": "retail_dining", "attractor_weight": 5.0 }, "geometry": { "type": "Point", "coordinates": [ -1.5518182, 53.8077514 ] } },
{ "type": "Feature", "properties": { "name": "HiiGRIND", "category": "retail_dining", "attractor_weight": 5.0 }, "geometry": { "type": "Point", "coordinates": [ -1.5414562, 53.797618 ] } },
{ "type": "Feature", "properties": { "name": "Holding Patterns", "category": "retail_dining", "attractor_weight": 5.0 }, "geometry": { "type": "Point", "coordinates": [ -1.5445617, 53.7979504 ] } },
{ "type": "Feature", "properties": { "name": "Rebel & Rose", "category": "retail_dining", "attractor_weight": 5.0 }, "geometry": { "type": "Point", "coordinates": [ -1.5381887, 53.8287657 ] } },
{ "type": "Feature", "properties": { "name": "Caffeine Addict", "category": "retail_dining", "attractor_weight": 5.0 }, "geometry": { "type": "Point", "coordinates": [ -1.5769231, 53.8202718 ] } },
{ "type": "Feature", "properties": { "name": "Marks & Spencer", "category": "retail_dining", "attractor_weight": 5.0 }, "geometry": { "type": "Point", "coordinates": [ -1.5746425, 53.7599982 ] } },
{ "type": "Feature", "properties": { "name": "CAF Farsley", "category": "retail_dining", "attractor_weight": 5.0 }, "geometry": { "type": "Point", "coordinates": [ -1.6737273, 53.8088788 ] } },
{ "type": "Feature", "properties": { "name": "Against The Grain", "category": "retail_dining", "attractor_weight": 5.0 }, "geometry": { "type": "Point", "coordinates": [ -1.6880797, 53.8659237 ] } },
{ "type": "Feature", "properties": { "name": "Ruby's Cafe Bar", "category": "retail_dining", "attractor_weight": 5.0 }, "geometry": { "type": "Point", "coordinates": [ -1.6621025, 53.7972015 ] } },
{ "type": "Feature", "properties": { "name": "Growlers", "category": "retail_dining", "attractor_weight": 5.0 }, "geometry": { "type": "Point", "coordinates": [ -1.6620121, 53.797264 ] } },
{ "type": "Feature", "properties": { "name": "Brew.", "category": "retail_dining", "attractor_weight": 5.0 }, "geometry": { "type": "Point", "coordinates": [ -1.631144, 53.7124672 ] } },
{ "type": "Feature", "properties": { "name": "Pino", "category": "retail_dining", "attractor_weight": 5.0 }, "geometry": { "type": "Point", "coordinates": [ -1.6616889, 53.7963259 ] } },
{ "type": "Feature", "properties": { "name": "Bagaara", "category": "retail_dining", "attractor_weight": 5.0 }, "geometry": { "type": "Point", "coordinates": [ -1.5876695, 53.7972903 ] } },
{ "type": "Feature", "properties": { "name": "Wardrobe 53", "category": "retail_dining", "attractor_weight": 5.0 }, "geometry": { "type": "Point", "coordinates": [ -1.6711946, 53.8130612 ] } },
{ "type": "Feature", "properties": { "name": "Horsforth Community Café", "category": "retail_dining", "attractor_weight": 5.0 }, "geometry": { "type": "Point", "coordinates": [ -1.642499, 53.8402831 ] } },
{ "type": "Feature", "properties": { "name": "Iron Tiger Coffee Co", "category": "retail_dining", "attractor_weight": 5.0 }, "geometry": { "type": "Point", "coordinates": [ -1.634121, 53.8459639 ] } },
{ "type": "Feature", "properties": { "name": "Sabroso Street", "category": "retail_dining", "attractor_weight": 5.0 }, "geometry": { "type": "Point", "coordinates": [ -1.6373537, 53.8467836 ] } },
{ "type": "Feature", "properties": { "name": "Pizza Express", "category": "retail_dining", "attractor_weight": 5.0 }, "geometry": { "type": "Point", "coordinates": [ -1.4715294, 53.7725534 ] } },
{ "type": "Feature", "properties": { "name": "Hello Japan", "category": "grocery_mall", "attractor_weight": 15.0 }, "geometry": { "type": "Point", "coordinates": [ -1.544902, 53.7989699 ] } },
{ "type": "Feature", "properties": { "name": "Ozziez", "category": "retail_dining", "attractor_weight": 5.0 }, "geometry": { "type": "Point", "coordinates": [ -1.5884558, 53.8130923 ] } },
{ "type": "Feature", "properties": { "name": "The Lookout Cafe", "category": "retail_dining", "attractor_weight": 5.0 }, "geometry": { "type": "Point", "coordinates": [ -1.665597, 53.8091159 ] } },
{ "type": "Feature", "properties": { "name": "Elda Bistro", "category": "retail_dining", "attractor_weight": 5.0 }, "geometry": { "type": "Point", "coordinates": [ -1.543212, 53.7977163 ] } },
{ "type": "Feature", "properties": { "name": "Office", "category": "retail_dining", "attractor_weight": 5.0 }, "geometry": { "type": "Point", "coordinates": [ -1.5423956, 53.7980841 ] } },
{ "type": "Feature", "properties": { "name": "Polo Ralph Lauren", "category": "retail_dining", "attractor_weight": 5.0 }, "geometry": { "type": "Point", "coordinates": [ -1.5405965, 53.7983815 ] } },
{ "type": "Feature", "properties": { "name": "Wax London", "category": "retail_dining", "attractor_weight": 5.0 }, "geometry": { "type": "Point", "coordinates": [ -1.5404745, 53.7983739 ] } },
{ "type": "Feature", "properties": { "name": "Belstaff", "category": "retail_dining", "attractor_weight": 5.0 }, "geometry": { "type": "Point", "coordinates": [ -1.5402626, 53.7982202 ] } },
{ "type": "Feature", "properties": { "name": "Glass Onion", "category": "retail_dining", "attractor_weight": 5.0 }, "geometry": { "type": "Point", "coordinates": [ -1.5433586, 53.7984119 ] } },
{ "type": "Feature", "properties": { "name": "Yaowarat", "category": "retail_dining", "attractor_weight": 5.0 }, "geometry": { "type": "Point", "coordinates": [ -1.5412792, 53.8004328 ] } },
{ "type": "Feature", "properties": { "name": "Bella Cafe", "category": "retail_dining", "attractor_weight": 5.0 }, "geometry": { "type": "Point", "coordinates": [ -1.541748, 53.7993252 ] } },
{ "type": "Feature", "properties": { "name": "The North Face", "category": "retail_dining", "attractor_weight": 5.0 }, "geometry": { "type": "Point", "coordinates": [ -1.5423091, 53.7984035 ] } },
{ "type": "Feature", "properties": { "name": "Moss", "category": "retail_dining", "attractor_weight": 5.0 }, "geometry": { "type": "Point", "coordinates": [ -1.5423153, 53.7984716 ] } },
{ "type": "Feature", "properties": { "name": "Tesco Express", "category": "grocery_mall", "attractor_weight": 15.0 }, "geometry": { "type": "Point", "coordinates": [ -1.5411131, 53.7971691 ] } },
{ "type": "Feature", "properties": { "name": "Victoria's Secret", "category": "retail_dining", "attractor_weight": 5.0 }, "geometry": { "type": "Point", "coordinates": [ -1.5421526, 53.7967305 ] } },
{ "type": "Feature", "properties": { "name": "new balance", "category": "retail_dining", "attractor_weight": 5.0 }, "geometry": { "type": "Point", "coordinates": [ -1.5426095, 53.7970812 ] } },
{ "type": "Feature", "properties": { "name": "Cavani", "category": "retail_dining", "attractor_weight": 5.0 }, "geometry": { "type": "Point", "coordinates": [ -1.5400963, 53.7973869 ] } },
{ "type": "Feature", "properties": { "name": "Greggs", "category": "retail_dining", "attractor_weight": 5.0 }, "geometry": { "type": "Point", "coordinates": [ -1.545681, 53.7964164 ] } },
{ "type": "Feature", "properties": { "name": "Uniqlo", "category": "retail_dining", "attractor_weight": 5.0 }, "geometry": { "type": "Point", "coordinates": [ -1.5421823, 53.7966171 ] } },
{ "type": "Feature", "properties": { "name": "Uyare", "category": "retail_dining", "attractor_weight": 5.0 }, "geometry": { "type": "Point", "coordinates": [ -1.5385893, 53.7978192 ] } },
{ "type": "Feature", "properties": { "name": "La Palmera", "category": "retail_dining", "attractor_weight": 5.0 }, "geometry": { "type": "Point", "coordinates": [ -1.4995435, 53.8450065 ] } },
{ "type": "Feature", "properties": { "name": "The Bar", "category": "retail_dining", "attractor_weight": 5.0 }, "geometry": { "type": "Point", "coordinates": [ -1.4997779, 53.8449638 ] } },
{ "type": "Feature", "properties": { "name": "Number 8 Cocktail Bar", "category": "retail_dining", "attractor_weight": 5.0 }, "geometry": { "type": "Point", "coordinates": [ -1.5662467, 53.8282744 ] } },
{ "type": "Feature", "properties": { "name": "Terminus", "category": "retail_dining", "attractor_weight": 5.0 }, "geometry": { "type": "Point", "coordinates": [ -1.5659645, 53.828223 ] } },
{ "type": "Feature", "properties": { "name": "Shake Hub", "category": "retail_dining", "attractor_weight": 5.0 }, "geometry": { "type": "Point", "coordinates": [ -1.4687408, 53.7963779 ] } },
{ "type": "Feature", "properties": { "name": "Chaiiwala", "category": "retail_dining", "attractor_weight": 5.0 }, "geometry": { "type": "Point", "coordinates": [ -1.6339893, 53.7143068 ] } },
{ "type": "Feature", "properties": { "name": "Brudenell Primary School", "category": "school", "attractor_weight": 20.0 }, "geometry": { "type": "Point", "coordinates": [ -1.5717773, 53.8136279 ] } },
{ "type": "Feature", "properties": { "name": "Oulton Academy", "category": "school", "attractor_weight": 20.0 }, "geometry": { "type": "Point", "coordinates": [ -1.4588911, 53.7374681 ] } },
{ "type": "Feature", "properties": { "name": "Outwood Primary Academy Lofthouse Gate", "category": "school", "attractor_weight": 20.0 }, "geometry": { "type": "Point", "coordinates": [ -1.4910596, 53.7169652 ] } },
{ "type": "Feature", "properties": { "name": "Kingsland Primary School", "category": "school", "attractor_weight": 20.0 }, "geometry": { "type": "Point", "coordinates": [ -1.4607845, 53.7195693 ] } },
{ "type": "Feature", "properties": { "name": "Alder Tree Primary Academy", "category": "school", "attractor_weight": 20.0 }, "geometry": { "type": "Point", "coordinates": [ -1.5493245, 53.8231624 ] } },
{ "type": "Feature", "properties": { "name": "Quarry Mount Primary School", "category": "school", "attractor_weight": 20.0 }, "geometry": { "type": "Point", "coordinates": [ -1.5543623, 53.8155836 ] } },
{ "type": "Feature", "properties": { "name": "Shire Oak VC Primary School", "category": "school", "attractor_weight": 20.0 }, "geometry": { "type": "Point", "coordinates": [ -1.5741273, 53.8223388 ] } },
{ "type": "Feature", "properties": { "name": "Leeds Trinity University City Campus", "category": "university", "attractor_weight": 30.0 }, "geometry": { "type": "Point", "coordinates": [ -1.5437511, 53.7952102 ] } },
{ "type": "Feature", "properties": { "name": "Leeds General Infirmary", "category": "hospital", "attractor_weight": 50.0 }, "geometry": { "type": "Point", "coordinates": [ -1.5528519, 53.8023566 ] } },
{ "type": "Feature", "properties": { "name": "Robin Hood Primary School", "category": "school", "attractor_weight": 20.0 }, "geometry": { "type": "Point", "coordinates": [ -1.508137, 53.7375925 ] } },
{ "type": "Feature", "properties": { "name": "Meanwood Church of England Primary School", "category": "school", "attractor_weight": 20.0 }, "geometry": { "type": "Point", "coordinates": [ -1.573024, 53.8313701 ] } },
{ "type": "Feature", "properties": { "name": "Woodhouse Health Centre", "category": "hospital", "attractor_weight": 50.0 }, "geometry": { "type": "Point", "coordinates": [ -1.5476053, 53.812663 ] } },
{ "type": "Feature", "properties": { "name": "Blackgates Primary Academy", "category": "school", "attractor_weight": 20.0 }, "geometry": { "type": "Point", "coordinates": [ -1.5657064, 53.728792 ] } },
{ "type": "Feature", "properties": { "name": "Westerton Primary Academy", "category": "school", "attractor_weight": 20.0 }, "geometry": { "type": "Point", "coordinates": [ -1.5791415, 53.724477 ] } },
{ "type": "Feature", "properties": { "name": "St Francis of Assisi Catholic Primary School", "category": "school", "attractor_weight": 20.0 }, "geometry": { "type": "Point", "coordinates": [ -1.5475471, 53.7788745 ] } },
{ "type": "Feature", "properties": { "name": "Thorpe Primary School", "category": "school", "attractor_weight": 20.0 }, "geometry": { "type": "Point", "coordinates": [ -1.5248278, 53.734359 ] } },
{ "type": "Feature", "properties": { "name": "Woodkirk Academy", "category": "school", "attractor_weight": 20.0 }, "geometry": { "type": "Point", "coordinates": [ -1.5849701, 53.7302883 ] } },
{ "type": "Feature", "properties": { "name": "Carlton Primary School", "category": "school", "attractor_weight": 20.0 }, "geometry": { "type": "Point", "coordinates": [ -1.4915421, 53.739703 ] } },
{ "type": "Feature", "properties": { "name": "Bruntcliffe Academy", "category": "school", "attractor_weight": 20.0 }, "geometry": { "type": "Point", "coordinates": [ -1.6185399, 53.743776 ] } },
{ "type": "Feature", "properties": { "name": "Cockburn Haigh Road Academy", "category": "school", "attractor_weight": 20.0 }, "geometry": { "type": "Point", "coordinates": [ -1.4829926, 53.7557601 ] } },
{ "type": "Feature", "properties": { "name": "The Morley Academy", "category": "school", "attractor_weight": 20.0 }, "geometry": { "type": "Point", "coordinates": [ -1.6076204, 53.7432148 ] } },
{ "type": "Feature", "properties": { "name": "St Mary's Hospital", "category": "hospital", "attractor_weight": 50.0 }, "geometry": { "type": "Point", "coordinates": [ -1.61259, 53.7997783 ] } },
{ "type": "Feature", "properties": { "name": "Rothwell Primary School", "category": "school", "attractor_weight": 20.0 }, "geometry": { "type": "Point", "coordinates": [ -1.4856585, 53.7456003 ] } },
{ "type": "Feature", "properties": { "name": "Chapel Allerton Primary School", "category": "school", "attractor_weight": 20.0 }, "geometry": { "type": "Point", "coordinates": [ -1.5370783, 53.8268315 ] } },
{ "type": "Feature", "properties": { "name": "Morley Newlands Academy", "category": "school", "attractor_weight": 20.0 }, "geometry": { "type": "Point", "coordinates": [ -1.5822295, 53.7476151 ] } },
{ "type": "Feature", "properties": { "name": "Woodlesford Primary School", "category": "school", "attractor_weight": 20.0 }, "geometry": { "type": "Point", "coordinates": [ -1.446996, 53.7568148 ] } },
{ "type": "Feature", "properties": { "name": "Fountain Primary School", "category": "school", "attractor_weight": 20.0 }, "geometry": { "type": "Point", "coordinates": [ -1.6094064, 53.7390997 ] } },
{ "type": "Feature", "properties": { "name": "Asquith Primary School", "category": "school", "attractor_weight": 20.0 }, "geometry": { "type": "Point", "coordinates": [ -1.6105555, 53.755714 ] } },
{ "type": "Feature", "properties": { "name": "Morley Victoria Primary School", "category": "school", "attractor_weight": 20.0 }, "geometry": { "type": "Point", "coordinates": [ -1.6071563, 53.750695 ] } },
{ "type": "Feature", "properties": { "name": "Seven Hills Primary School", "category": "school", "attractor_weight": 20.0 }, "geometry": { "type": "Point", "coordinates": [ -1.5968591, 53.7469588 ] } },
{ "type": "Feature", "properties": { "name": "Churwell Primary Academy", "category": "school", "attractor_weight": 20.0 }, "geometry": { "type": "Point", "coordinates": [ -1.5966378, 53.7586509 ] } },
{ "type": "Feature", "properties": { "name": "Unnamed Attractor", "category": "school", "attractor_weight": 20.0 }, "geometry": { "type": "Point", "coordinates": [ -1.5480325, 53.7833067 ] } },
{ "type": "Feature", "properties": { "name": "Westwood Primary School", "category": "school", "attractor_weight": 20.0 }, "geometry": { "type": "Point", "coordinates": [ -1.5556954, 53.7473046 ] } },
{ "type": "Feature", "properties": { "name": "Middleton Community Health Centre", "category": "hospital", "attractor_weight": 50.0 }, "geometry": { "type": "Point", "coordinates": [ -1.5471861, 53.7427808 ] } },
{ "type": "Feature", "properties": { "name": "South Leeds Family Learning Centre", "category": "school", "attractor_weight": 20.0 }, "geometry": { "type": "Point", "coordinates": [ -1.537235, 53.7469614 ] } },
{ "type": "Feature", "properties": { "name": "Park View Primary Academy", "category": "school", "attractor_weight": 20.0 }, "geometry": { "type": "Point", "coordinates": [ -1.5536067, 53.7734128 ] } },
{ "type": "Feature", "properties": { "name": "Clapgate Primary School", "category": "school", "attractor_weight": 20.0 }, "geometry": { "type": "Point", "coordinates": [ -1.5199872, 53.7513554 ] } },
{ "type": "Feature", "properties": { "name": "Sharp Lane Primary School", "category": "school", "attractor_weight": 20.0 }, "geometry": { "type": "Point", "coordinates": [ -1.527198, 53.7489375 ] } },
{ "type": "Feature", "properties": { "name": "Broomfield Specialist Inclusive Learning Centre", "category": "school", "attractor_weight": 20.0 }, "geometry": { "type": "Point", "coordinates": [ -1.5231481, 53.756561 ] } },
{ "type": "Feature", "properties": { "name": "Springwell Leeds Academy", "category": "school", "attractor_weight": 20.0 }, "geometry": { "type": "Point", "coordinates": [ -1.5253193, 53.7613025 ] } },
{ "type": "Feature", "properties": { "name": "Birchfield Primary School", "category": "school", "attractor_weight": 20.0 }, "geometry": { "type": "Point", "coordinates": [ -1.635531, 53.7561646 ] } },
{ "type": "Feature", "properties": { "name": "Gildersome Primary School", "category": "school", "attractor_weight": 20.0 }, "geometry": { "type": "Point", "coordinates": [ -1.6310898, 53.7576417 ] } },
{ "type": "Feature", "properties": { "name": "Lift Cottingley", "category": "school", "attractor_weight": 20.0 }, "geometry": { "type": "Point", "coordinates": [ -1.5849857, 53.7685551 ] } },
{ "type": "Feature", "properties": { "name": "Windmill Primary School", "category": "school", "attractor_weight": 20.0 }, "geometry": { "type": "Point", "coordinates": [ -1.5306769, 53.7615036 ] } },
{ "type": "Feature", "properties": { "name": "Middleton St Mary's Church of England Voluntary Controlled Primary School", "category": "school", "attractor_weight": 20.0 }, "geometry": { "type": "Point", "coordinates": [ -1.5449396, 53.7502182 ] } },
{ "type": "Feature", "properties": { "name": "St Philip's Catholic Primary School", "category": "school", "attractor_weight": 20.0 }, "geometry": { "type": "Point", "coordinates": [ -1.5468434, 53.750003 ] } },
{ "type": "Feature", "properties": { "name": "Oulton Primary School", "category": "school", "attractor_weight": 20.0 }, "geometry": { "type": "Point", "coordinates": [ -1.4581426, 53.7540107 ] } },
{ "type": "Feature", "properties": { "name": "Cockburn School", "category": "school", "attractor_weight": 20.0 }, "geometry": { "type": "Point", "coordinates": [ -1.5562949, 53.76083 ] } },
{ "type": "Feature", "properties": { "name": "Drighlington Primary School", "category": "school", "attractor_weight": 20.0 }, "geometry": { "type": "Point", "coordinates": [ -1.6612537, 53.7530964 ] } },
{ "type": "Feature", "properties": { "name": "BBG Academy", "category": "school", "attractor_weight": 20.0 }, "geometry": { "type": "Point", "coordinates": [ -1.689433, 53.7448624 ] } },
{ "type": "Feature", "properties": { "name": "Woodhouse Grove School", "category": "school", "attractor_weight": 20.0 }, "geometry": { "type": "Point", "coordinates": [ -1.6986915, 53.8391148 ] } },
{ "type": "Feature", "properties": { "name": "Hunslet Carr Primary School", "category": "school", "attractor_weight": 20.0 }, "geometry": { "type": "Point", "coordinates": [ -1.5280401, 53.7719097 ] } },
{ "type": "Feature", "properties": { "name": "Cobden Primary School", "category": "school", "attractor_weight": 20.0 }, "geometry": { "type": "Point", "coordinates": [ -1.6105831, 53.7825982 ] } },
{ "type": "Feature", "properties": { "name": "Lawns Park Primary School", "category": "school", "attractor_weight": 20.0 }, "geometry": { "type": "Point", "coordinates": [ -1.6203824, 53.7858691 ] } },
{ "type": "Feature", "properties": { "name": "The Farnley Academy", "category": "school", "attractor_weight": 20.0 }, "geometry": { "type": "Point", "coordinates": [ -1.6189357, 53.7838514 ] } },
{ "type": "Feature", "properties": { "name": "Ryecroft Academy", "category": "school", "attractor_weight": 20.0 }, "geometry": { "type": "Point", "coordinates": [ -1.6185523, 53.7907237 ] } },
{ "type": "Feature", "properties": { "name": "Cockburn Ingram Road Academy", "category": "school", "attractor_weight": 20.0 }, "geometry": { "type": "Point", "coordinates": [ -1.5638672, 53.7841497 ] } },
{ "type": "Feature", "properties": { "name": "Fulneck School", "category": "school", "attractor_weight": 20.0 }, "geometry": { "type": "Point", "coordinates": [ -1.6653642, 53.7841189 ] } },
{ "type": "Feature", "properties": { "name": "Southroyd Primary and Nursery School", "category": "school", "attractor_weight": 20.0 }, "geometry": { "type": "Point", "coordinates": [ -1.6628128, 53.7884686 ] } },
{ "type": "Feature", "properties": { "name": "Five Lanes Primary School", "category": "school", "attractor_weight": 20.0 }, "geometry": { "type": "Point", "coordinates": [ -1.5887621, 53.7905511 ] } },
{ "type": "Feature", "properties": { "name": "Greenside Primary School", "category": "school", "attractor_weight": 20.0 }, "geometry": { "type": "Point", "coordinates": [ -1.6678933, 53.7917481 ] } },
{ "type": "Feature", "properties": { "name": "Crawshaw Academy", "category": "school", "attractor_weight": 20.0 }, "geometry": { "type": "Point", "coordinates": [ -1.656194, 53.7932421 ] } },
{ "type": "Feature", "properties": { "name": "Lowtown Primary School", "category": "school", "attractor_weight": 20.0 }, "geometry": { "type": "Point", "coordinates": [ -1.6537415, 53.7967647 ] } },
{ "type": "Feature", "properties": { "name": "Pudsey Bolton Royd Primary School", "category": "school", "attractor_weight": 20.0 }, "geometry": { "type": "Point", "coordinates": [ -1.6950904, 53.8012733 ] } },
{ "type": "Feature", "properties": { "name": "Pudsey Waterloo Primary School", "category": "school", "attractor_weight": 20.0 }, "geometry": { "type": "Point", "coordinates": [ -1.6769106, 53.7949711 ] } },
{ "type": "Feature", "properties": { "name": "Pudsey Grammar School", "category": "school", "attractor_weight": 20.0 }, "geometry": { "type": "Point", "coordinates": [ -1.6591737, 53.8004092 ] } },
{ "type": "Feature", "properties": { "name": "St Joseph's Catholic Primary School", "category": "school", "attractor_weight": 20.0 }, "geometry": { "type": "Point", "coordinates": [ -1.6578188, 53.7999655 ] } },
{ "type": "Feature", "properties": { "name": "Swinnow Primary School", "category": "school", "attractor_weight": 20.0 }, "geometry": { "type": "Point", "coordinates": [ -1.650746, 53.8010764 ] } },
{ "type": "Feature", "properties": { "name": "Hugh Gaitskell Primary School", "category": "school", "attractor_weight": 20.0 }, "geometry": { "type": "Point", "coordinates": [ -1.5676125, 53.7700502 ] } },
{ "type": "Feature", "properties": { "name": "East Bierley Church of England Voluntary Controlled Primary School", "category": "school", "attractor_weight": 20.0 }, "geometry": { "type": "Point", "coordinates": [ -1.7012889, 53.758659 ] } },
{ "type": "Feature", "properties": { "name": "Birkenshaw Church of England Voluntary Controlled Primary School", "category": "school", "attractor_weight": 20.0 }, "geometry": { "type": "Point", "coordinates": [ -1.690417, 53.7560138 ] } },
{ "type": "Feature", "properties": { "name": "Outwood Primary Academy Ledger Lane", "category": "school", "attractor_weight": 20.0 }, "geometry": { "type": "Point", "coordinates": [ -1.504248, 53.7104161 ] } },
{ "type": "Feature", "properties": { "name": "Kirkstall Valley Primary School", "category": "school", "attractor_weight": 20.0 }, "geometry": { "type": "Point", "coordinates": [ -1.5871506, 53.8083122 ] } },
{ "type": "Feature", "properties": { "name": "Horsforth School", "category": "school", "attractor_weight": 20.0 }, "geometry": { "type": "Point", "coordinates": [ -1.6410017, 53.8421891 ] } },
{ "type": "Feature", "properties": { "name": "Mount St Mary's Catholic High School", "category": "school", "attractor_weight": 20.0 }, "geometry": { "type": "Point", "coordinates": [ -1.5263469, 53.7932993 ] } },
{ "type": "Feature", "properties": { "name": "Leeds Arts University", "category": "university", "attractor_weight": 30.0 }, "geometry": { "type": "Point", "coordinates": [ -1.5463737, 53.8016963 ] } },
{ "type": "Feature", "properties": { "name": "Manston St James Primary Academy", "category": "school", "attractor_weight": 20.0 }, "geometry": { "type": "Point", "coordinates": [ -1.4447816, 53.8111777 ] } },
{ "type": "Feature", "properties": { "name": "Grimes Dyke Primary School", "category": "school", "attractor_weight": 20.0 }, "geometry": { "type": "Point", "coordinates": [ -1.4459202, 53.8260509 ] } },
{ "type": "Feature", "properties": { "name": "St Theresa's Catholic Primary School", "category": "school", "attractor_weight": 20.0 }, "geometry": { "type": "Point", "coordinates": [ -1.4495815, 53.8140422 ] } },
{ "type": "Feature", "properties": { "name": "Manston Primary School", "category": "school", "attractor_weight": 20.0 }, "geometry": { "type": "Point", "coordinates": [ -1.4453722, 53.813491 ] } },
{ "type": "Feature", "properties": { "name": "Swarcliffe Primary School", "category": "school", "attractor_weight": 20.0 }, "geometry": { "type": "Point", "coordinates": [ -1.4501625, 53.8206838 ] } },
{ "type": "Feature", "properties": { "name": "University of Leeds", "category": "university", "attractor_weight": 30.0 }, "geometry": { "type": "Point", "coordinates": [ -1.5561204, 53.8066661 ] } },
{ "type": "Feature", "properties": { "name": "St Patrick Catholic Primary School", "category": "school", "attractor_weight": 20.0 }, "geometry": { "type": "Point", "coordinates": [ -1.5121271, 53.8007011 ] } },
{ "type": "Feature", "properties": { "name": "Co-op Academy Brownhill", "category": "school", "attractor_weight": 20.0 }, "geometry": { "type": "Point", "coordinates": [ -1.5106498, 53.8020534 ] } },
{ "type": "Feature", "properties": { "name": "Penny Field School", "category": "school", "attractor_weight": 20.0 }, "geometry": { "type": "Point", "coordinates": [ -1.5612625, 53.8402801 ] } },
{ "type": "Feature", "properties": { "name": "Little Woodhouse Hall", "category": "hospital", "attractor_weight": 50.0 }, "geometry": { "type": "Point", "coordinates": [ -1.5570682, 53.8029738 ] } },
{ "type": "Feature", "properties": { "name": "West Specialist Inclusive Learning Centre (Mainsite)", "category": "school", "attractor_weight": 20.0 }, "geometry": { "type": "Point", "coordinates": [ -1.6585998, 53.8088328 ] } },
{ "type": "Feature", "properties": { "name": "Stanningley Primary School", "category": "school", "attractor_weight": 20.0 }, "geometry": { "type": "Point", "coordinates": [ -1.6522924, 53.8099244 ] } },
{ "type": "Feature", "properties": { "name": "Sacred Heart Catholic Primary", "category": "school", "attractor_weight": 20.0 }, "geometry": { "type": "Point", "coordinates": [ -1.5955682, 53.812102 ] } },
{ "type": "Feature", "properties": { "name": "Chapel Allerton Hospital", "category": "hospital", "attractor_weight": 50.0 }, "geometry": { "type": "Point", "coordinates": [ -1.5302961, 53.8224209 ] } },
{ "type": "Feature", "properties": { "name": "Leeds Trinity University", "category": "university", "attractor_weight": 30.0 }, "geometry": { "type": "Point", "coordinates": [ -1.6450997, 53.8481283 ] } },
{ "type": "Feature", "properties": { "name": "Leeds West Academy", "category": "school", "attractor_weight": 20.0 }, "geometry": { "type": "Point", "coordinates": [ -1.6520781, 53.8147005 ] } },
{ "type": "Feature", "properties": { "name": "Summerfield Primary School", "category": "school", "attractor_weight": 20.0 }, "geometry": { "type": "Point", "coordinates": [ -1.6531627, 53.8135769 ] } },
{ "type": "Feature", "properties": { "name": "Farsley Farfield Primary School", "category": "school", "attractor_weight": 20.0 }, "geometry": { "type": "Point", "coordinates": [ -1.6825968, 53.8102033 ] } },
{ "type": "Feature", "properties": { "name": "Valley View Community Primary School", "category": "school", "attractor_weight": 20.0 }, "geometry": { "type": "Point", "coordinates": [ -1.6583773, 53.8164056 ] } },
{ "type": "Feature", "properties": { "name": "Castleton Primary School", "category": "school", "attractor_weight": 20.0 }, "geometry": { "type": "Point", "coordinates": [ -1.5761048, 53.792798 ] } },
{ "type": "Feature", "properties": { "name": "Dixons Unity Academy", "category": "school", "attractor_weight": 20.0 }, "geometry": { "type": "Point", "coordinates": [ -1.6072418, 53.7947568 ] } },
{ "type": "Feature", "properties": { "name": "Leeds Student Medical Practice", "category": "hospital", "attractor_weight": 50.0 }, "geometry": { "type": "Point", "coordinates": [ -1.5491019, 53.8073733 ] } },
{ "type": "Feature", "properties": { "name": "Bramley Park Academy", "category": "school", "attractor_weight": 20.0 }, "geometry": { "type": "Point", "coordinates": [ -1.6420367, 53.8102966 ] } },
{ "type": "Feature", "properties": { "name": "Carr Manor Community School", "category": "school", "attractor_weight": 20.0 }, "geometry": { "type": "Point", "coordinates": [ -1.55414, 53.8333824 ] } },
{ "type": "Feature", "properties": { "name": "Elmets School", "category": "school", "attractor_weight": 20.0 }, "geometry": { "type": "Point", "coordinates": [ -1.5589612, 53.8332428 ] } },
{ "type": "Feature", "properties": { "name": "St. James's University Hospital", "category": "hospital", "attractor_weight": 50.0 }, "geometry": { "type": "Point", "coordinates": [ -1.5215566, 53.8071812 ] } },
{ "type": "Feature", "properties": { "name": "Scholes (Elmet) Primary School", "category": "school", "attractor_weight": 20.0 }, "geometry": { "type": "Point", "coordinates": [ -1.4304166, 53.8255358 ] } },
{ "type": "Feature", "properties": { "name": "John Smeaton Academy", "category": "school", "attractor_weight": 20.0 }, "geometry": { "type": "Point", "coordinates": [ -1.4341848, 53.814933 ] } },
{ "type": "Feature", "properties": { "name": "Queensway Primary School", "category": "school", "attractor_weight": 20.0 }, "geometry": { "type": "Point", "coordinates": [ -1.6928146, 53.8727313 ] } },
{ "type": "Feature", "properties": { "name": "Seacroft Hospital", "category": "hospital", "attractor_weight": 50.0 }, "geometry": { "type": "Point", "coordinates": [ -1.4712541, 53.805565 ] } },
{ "type": "Feature", "properties": { "name": "St Bartholomew's CofE Voluntary Controlled Primary School", "category": "school", "attractor_weight": 20.0 }, "geometry": { "type": "Point", "coordinates": [ -1.584761, 53.7935808 ] } },
{ "type": "Feature", "properties": { "name": "East Ardsley Primary Academy", "category": "school", "attractor_weight": 20.0 }, "geometry": { "type": "Point", "coordinates": [ -1.5354946, 53.7246935 ] } },
{ "type": "Feature", "properties": { "name": "Armley Park Primary School", "category": "school", "attractor_weight": 20.0 }, "geometry": { "type": "Point", "coordinates": [ -1.5894891, 53.8010333 ] } },
{ "type": "Feature", "properties": { "name": "Parkside Lodge", "category": "hospital", "attractor_weight": 50.0 }, "geometry": { "type": "Point", "coordinates": [ -1.5902553, 53.7993136 ] } },
{ "type": "Feature", "properties": { "name": "Whingate Primary School", "category": "school", "attractor_weight": 20.0 }, "geometry": { "type": "Point", "coordinates": [ -1.603807, 53.7937959 ] } },
{ "type": "Feature", "properties": { "name": "Greenhill Primary School", "category": "school", "attractor_weight": 20.0 }, "geometry": { "type": "Point", "coordinates": [ -1.6223917, 53.7989075 ] } },
{ "type": "Feature", "properties": { "name": "St Chad's Church of England Primary School", "category": "school", "attractor_weight": 20.0 }, "geometry": { "type": "Point", "coordinates": [ -1.5977901, 53.8326787 ] } },
{ "type": "Feature", "properties": { "name": "Lawnswood School", "category": "school", "attractor_weight": 20.0 }, "geometry": { "type": "Point", "coordinates": [ -1.5960555, 53.8357027 ] } },
{ "type": "Feature", "properties": { "name": "Abbey Grange Church of England Academy", "category": "school", "attractor_weight": 20.0 }, "geometry": { "type": "Point", "coordinates": [ -1.6119057, 53.83466 ] } },
{ "type": "Feature", "properties": { "name": "Low Road Primary School", "category": "school", "attractor_weight": 20.0 }, "geometry": { "type": "Point", "coordinates": [ -1.5242045, 53.7787553 ] } },
{ "type": "Feature", "properties": { "name": "St Joseph's Catholic Primary School", "category": "school", "attractor_weight": 20.0 }, "geometry": { "type": "Point", "coordinates": [ -1.5292828, 53.7818276 ] } },
{ "type": "Feature", "properties": { "name": "St Marys Church of England Primary Academy", "category": "school", "attractor_weight": 20.0 }, "geometry": { "type": "Point", "coordinates": [ -1.5286471, 53.7775434 ] } },
{ "type": "Feature", "properties": { "name": "Cockburn John Charles Academy", "category": "school", "attractor_weight": 20.0 }, "geometry": { "type": "Point", "coordinates": [ -1.5374977, 53.7648294 ] } },
{ "type": "Feature", "properties": { "name": "Adel Beck Secure Children's Home", "category": "school", "attractor_weight": 20.0 }, "geometry": { "type": "Point", "coordinates": [ -1.5726376, 53.8532095 ] } },
{ "type": "Feature", "properties": { "name": "Gledhow Primary School", "category": "school", "attractor_weight": 20.0 }, "geometry": { "type": "Point", "coordinates": [ -1.5215794, 53.8330872 ] } },
{ "type": "Feature", "properties": { "name": "Hunslet Moor Primary School", "category": "school", "attractor_weight": 20.0 }, "geometry": { "type": "Point", "coordinates": [ -1.5436271, 53.7779616 ] } },
{ "type": "Feature", "properties": { "name": "Reach Primary Learning Centre", "category": "school", "attractor_weight": 20.0 }, "geometry": { "type": "Point", "coordinates": [ -1.545395, 53.7818127 ] } },
{ "type": "Feature", "properties": { "name": "Cardinal Heenan Catholic High School", "category": "school", "attractor_weight": 20.0 }, "geometry": { "type": "Point", "coordinates": [ -1.5597163, 53.8376266 ] } },
{ "type": "Feature", "properties": { "name": "St Urban's Catholic Primary School", "category": "school", "attractor_weight": 20.0 }, "geometry": { "type": "Point", "coordinates": [ -1.5597916, 53.8397032 ] } },
{ "type": "Feature", "properties": { "name": "The Grammar School at Leeds", "category": "school", "attractor_weight": 20.0 }, "geometry": { "type": "Point", "coordinates": [ -1.5205733, 53.8643842 ] } },
{ "type": "Feature", "properties": { "name": "Mill Garth Hospital", "category": "hospital", "attractor_weight": 50.0 }, "geometry": { "type": "Point", "coordinates": [ -1.5698687, 53.8280325 ] } },
{ "type": "Feature", "properties": { "name": "Harehills Primary School", "category": "school", "attractor_weight": 20.0 }, "geometry": { "type": "Point", "coordinates": [ -1.5138817, 53.8118909 ] } },
{ "type": "Feature", "properties": { "name": "St Augustine's Catholic Primary School, A Voluntary Academy", "category": "school", "attractor_weight": 20.0 }, "geometry": { "type": "Point", "coordinates": [ -1.5063582, 53.8141175 ] } },
{ "type": "Feature", "properties": { "name": "St Peter's Church of England Primary School", "category": "school", "attractor_weight": 20.0 }, "geometry": { "type": "Point", "coordinates": [ -1.5298611, 53.8004009 ] } },
{ "type": "Feature", "properties": { "name": "Bardsey Primary Academy", "category": "school", "attractor_weight": 20.0 }, "geometry": { "type": "Point", "coordinates": [ -1.4484985, 53.8863494 ] } },
{ "type": "Feature", "properties": { "name": "Christ Church Upper Armley Church of England Primary School", "category": "school", "attractor_weight": 20.0 }, "geometry": { "type": "Point", "coordinates": [ -1.5967855, 53.799415 ] } },
{ "type": "Feature", "properties": { "name": "Two Willows Childrens' Centre", "category": "school", "attractor_weight": 20.0 }, "geometry": { "type": "Point", "coordinates": [ -1.5702103, 53.7672486 ] } },
{ "type": "Feature", "properties": { "name": "Spring Bank Primary School", "category": "school", "attractor_weight": 20.0 }, "geometry": { "type": "Point", "coordinates": [ -1.5756894, 53.8169987 ] } },
{ "type": "Feature", "properties": { "name": "Westbrook Lane Primary School", "category": "school", "attractor_weight": 20.0 }, "geometry": { "type": "Point", "coordinates": [ -1.641681, 53.8469958 ] } },
{ "type": "Feature", "properties": { "name": "West End Primary School and Nursery", "category": "school", "attractor_weight": 20.0 }, "geometry": { "type": "Point", "coordinates": [ -1.6530978, 53.8413456 ] } },
{ "type": "Feature", "properties": { "name": "Adel St John the Baptist Church of England Primary School", "category": "school", "attractor_weight": 20.0 }, "geometry": { "type": "Point", "coordinates": [ -1.581282, 53.8528528 ] } },
{ "type": "Feature", "properties": { "name": "Brodetsky Primary School", "category": "school", "attractor_weight": 20.0 }, "geometry": { "type": "Point", "coordinates": [ -1.5428584, 53.8544939 ] } },
{ "type": "Feature", "properties": { "name": "Allerton Church of England Primary School", "category": "school", "attractor_weight": 20.0 }, "geometry": { "type": "Point", "coordinates": [ -1.5477498, 53.8496786 ] } },
{ "type": "Feature", "properties": { "name": "Allerton High School", "category": "school", "attractor_weight": 20.0 }, "geometry": { "type": "Point", "coordinates": [ -1.5516661, 53.8504192 ] } },
{ "type": "Feature", "properties": { "name": "Broadgate Primary School", "category": "school", "attractor_weight": 20.0 }, "geometry": { "type": "Point", "coordinates": [ -1.6332031, 53.8411577 ] } },
{ "type": "Feature", "properties": { "name": "St Margaret's Church of England Voluntary Controlled Primary School", "category": "school", "attractor_weight": 20.0 }, "geometry": { "type": "Point", "coordinates": [ -1.63947, 53.8395249 ] } },
{ "type": "Feature", "properties": { "name": "St Mary's Catholic Primary School", "category": "school", "attractor_weight": 20.0 }, "geometry": { "type": "Point", "coordinates": [ -1.6319047, 53.8404074 ] } },
{ "type": "Feature", "properties": { "name": "Horsforth Featherbank Primary School", "category": "school", "attractor_weight": 20.0 }, "geometry": { "type": "Point", "coordinates": [ -1.6412904, 53.83322 ] } },
{ "type": "Feature", "properties": { "name": "Hovingham Primary School", "category": "school", "attractor_weight": 20.0 }, "geometry": { "type": "Point", "coordinates": [ -1.50891, 53.8162701 ] } },
{ "type": "Feature", "properties": { "name": "Hillcrest Academy", "category": "school", "attractor_weight": 20.0 }, "geometry": { "type": "Point", "coordinates": [ -1.5263547, 53.8150217 ] } },
{ "type": "Feature", "properties": { "name": "Grange Farm Primary School", "category": "school", "attractor_weight": 20.0 }, "geometry": { "type": "Point", "coordinates": [ -1.4723138, 53.8277432 ] } },
{ "type": "Feature", "properties": { "name": "Our Lady of Good Counsel Catholic Primary School", "category": "school", "attractor_weight": 20.0 }, "geometry": { "type": "Point", "coordinates": [ -1.4680829, 53.8254546 ] } },
{ "type": "Feature", "properties": { "name": "Beechwood Primary School", "category": "school", "attractor_weight": 20.0 }, "geometry": { "type": "Point", "coordinates": [ -1.4676535, 53.8187856 ] } },
{ "type": "Feature", "properties": { "name": "Bishop Young Church of England Academy", "category": "school", "attractor_weight": 20.0 }, "geometry": { "type": "Point", "coordinates": [ -1.4750835, 53.8198369 ] } },
{ "type": "Feature", "properties": { "name": "West Oaks School", "category": "school", "attractor_weight": 20.0 }, "geometry": { "type": "Point", "coordinates": [ -1.4897475, 53.8162136 ] } },
{ "type": "Feature", "properties": { "name": "Co-op Academy Oakwood", "category": "school", "attractor_weight": 20.0 }, "geometry": { "type": "Point", "coordinates": [ -1.4982881, 53.8133462 ] } },
{ "type": "Feature", "properties": { "name": "Co-op Academy Woodlands", "category": "school", "attractor_weight": 20.0 }, "geometry": { "type": "Point", "coordinates": [ -1.5054725, 53.8116348 ] } },
{ "type": "Feature", "properties": { "name": "Unnamed Attractor", "category": "school", "attractor_weight": 20.0 }, "geometry": { "type": "Point", "coordinates": [ -1.5158232, 53.7886591 ] } },
{ "type": "Feature", "properties": { "name": "Richmond Hill Academy", "category": "school", "attractor_weight": 20.0 }, "geometry": { "type": "Point", "coordinates": [ -1.5190411, 53.7921788 ] } },
{ "type": "Feature", "properties": { "name": "The Ruth Gorse Academy", "category": "school", "attractor_weight": 20.0 }, "geometry": { "type": "Point", "coordinates": [ -1.5349754, 53.7907079 ] } },
{ "type": "Feature", "properties": { "name": "Energy Building", "category": "university", "attractor_weight": 30.0 }, "geometry": { "type": "Point", "coordinates": [ -1.5568351, 53.8097245 ] } },
{ "type": "Feature", "properties": { "name": "Moortown Primary School", "category": "school", "attractor_weight": 20.0 }, "geometry": { "type": "Point", "coordinates": [ -1.532105, 53.844841 ] } },
{ "type": "Feature", "properties": { "name": "Bramhope Primary School", "category": "school", "attractor_weight": 20.0 }, "geometry": { "type": "Point", "coordinates": [ -1.617833, 53.8818565 ] } },
{ "type": "Feature", "properties": { "name": "Millbridge, A Share Primary Academy", "category": "school", "attractor_weight": 20.0 }, "geometry": { "type": "Point", "coordinates": [ -1.6847497, 53.7104155 ] } },
{ "type": "Feature", "properties": { "name": "Bankside Primary School", "category": "school", "attractor_weight": 20.0 }, "geometry": { "type": "Point", "coordinates": [ -1.5217295, 53.8145378 ] } },
{ "type": "Feature", "properties": { "name": "Adel Primary School", "category": "school", "attractor_weight": 20.0 }, "geometry": { "type": "Point", "coordinates": [ -1.5762425, 53.8493086 ] } },
{ "type": "Feature", "properties": { "name": "Moorlands School", "category": "school", "attractor_weight": 20.0 }, "geometry": { "type": "Point", "coordinates": [ -1.5807558, 53.8404278 ] } },
{ "type": "Feature", "properties": { "name": "Leeds City Academy", "category": "school", "attractor_weight": 20.0 }, "geometry": { "type": "Point", "coordinates": [ -1.5576132, 53.8179789 ] } },
{ "type": "Feature", "properties": { "name": "Sacred Heart Catholic Primary School", "category": "school", "attractor_weight": 20.0 }, "geometry": { "type": "Point", "coordinates": [ -1.5955409, 53.8119518 ] } },
{ "type": "Feature", "properties": { "name": "Beecroft Primary School", "category": "school", "attractor_weight": 20.0 }, "geometry": { "type": "Point", "coordinates": [ -1.5958911, 53.8124607 ] } },
{ "type": "Feature", "properties": { "name": "Holy Family Catholic Primary School", "category": "school", "attractor_weight": 20.0 }, "geometry": { "type": "Point", "coordinates": [ -1.580603, 53.7963154 ] } },
{ "type": "Feature", "properties": { "name": "St Patrick's Catholic Primary Academy", "category": "school", "attractor_weight": 20.0 }, "geometry": { "type": "Point", "coordinates": [ -1.6679921, 53.737474 ] } },
{ "type": "Feature", "properties": { "name": "St Peter's Church of England Voluntary Aided Junior, Infant and Early Years School", "category": "school", "attractor_weight": 20.0 }, "geometry": { "type": "Point", "coordinates": [ -1.6651396, 53.735416 ] } },
{ "type": "Feature", "properties": { "name": "Meadowfield Primary School", "category": "school", "attractor_weight": 20.0 }, "geometry": { "type": "Point", "coordinates": [ -1.490034, 53.7939583 ] } },
{ "type": "Feature", "properties": { "name": "Fieldhead Primary Academy", "category": "school", "attractor_weight": 20.0 }, "geometry": { "type": "Point", "coordinates": [ -1.6584464, 53.7416127 ] } },
{ "type": "Feature", "properties": { "name": "The Elland Academy", "category": "school", "attractor_weight": 20.0 }, "geometry": { "type": "Point", "coordinates": [ -1.5809838, 53.7806734 ] } },
{ "type": "Feature", "properties": { "name": "Lydgate Junior and Infant School", "category": "school", "attractor_weight": 20.0 }, "geometry": { "type": "Point", "coordinates": [ -1.6080645, 53.7131072 ] } },
{ "type": "Feature", "properties": { "name": "St Francis Catholic Primary School", "category": "school", "attractor_weight": 20.0 }, "geometry": { "type": "Point", "coordinates": [ -1.6099103, 53.7471908 ] } },
{ "type": "Feature", "properties": { "name": "Fieldhead Carr Primary School", "category": "school", "attractor_weight": 20.0 }, "geometry": { "type": "Point", "coordinates": [ -1.4569991, 53.8375305 ] } },
{ "type": "Feature", "properties": { "name": "Whinmoor St Paul's Church of England Primary School", "category": "school", "attractor_weight": 20.0 }, "geometry": { "type": "Point", "coordinates": [ -1.463503, 53.8363482 ] } },
{ "type": "Feature", "properties": { "name": "Park Spring Primary School", "category": "school", "attractor_weight": 20.0 }, "geometry": { "type": "Point", "coordinates": [ -1.6369035, 53.7992236 ] } },
{ "type": "Feature", "properties": { "name": "Gomersal Primary School", "category": "school", "attractor_weight": 20.0 }, "geometry": { "type": "Point", "coordinates": [ -1.6828452, 53.7310577 ] } },
{ "type": "Feature", "properties": { "name": "Carlinghow Academy", "category": "school", "attractor_weight": 20.0 }, "geometry": { "type": "Point", "coordinates": [ -1.6495926, 53.72065 ] } },
{ "type": "Feature", "properties": { "name": "Birstall Primary Academy", "category": "school", "attractor_weight": 20.0 }, "geometry": { "type": "Point", "coordinates": [ -1.6596963, 53.7311012 ] } },
{ "type": "Feature", "properties": { "name": "St Mary's Catholic Primary Academy", "category": "school", "attractor_weight": 20.0 }, "geometry": { "type": "Point", "coordinates": [ -1.6433813, 53.7172834 ] } },
{ "type": "Feature", "properties": { "name": "Upper Batley High School", "category": "school", "attractor_weight": 20.0 }, "geometry": { "type": "Point", "coordinates": [ -1.6342485, 53.7211312 ] } },
{ "type": "Feature", "properties": { "name": "Windmill CofE (VC) Primary School", "category": "school", "attractor_weight": 20.0 }, "geometry": { "type": "Point", "coordinates": [ -1.6472296, 53.7314543 ] } },
{ "type": "Feature", "properties": { "name": "Unnamed Attractor", "category": "school", "attractor_weight": 20.0 }, "geometry": { "type": "Point", "coordinates": [ -1.6441707, 53.7318146 ] } },
{ "type": "Feature", "properties": { "name": "Batley Grammar School", "category": "school", "attractor_weight": 20.0 }, "geometry": { "type": "Point", "coordinates": [ -1.6403508, 53.7233535 ] } },
{ "type": "Feature", "properties": { "name": "Reach Academy", "category": "school", "attractor_weight": 20.0 }, "geometry": { "type": "Point", "coordinates": [ -1.6318969, 53.7186283 ] } },
{ "type": "Feature", "properties": { "name": "Healey Junior Infant and Nursery School", "category": "school", "attractor_weight": 20.0 }, "geometry": { "type": "Point", "coordinates": [ -1.6564174, 53.7120721 ] } },
{ "type": "Feature", "properties": { "name": "Batley Parish CofE Primary Academy", "category": "school", "attractor_weight": 20.0 }, "geometry": { "type": "Point", "coordinates": [ -1.6371864, 53.7159633 ] } },
{ "type": "Feature", "properties": { "name": "Co-op Academy Leeds", "category": "school", "attractor_weight": 20.0 }, "geometry": { "type": "Point", "coordinates": [ -1.5220344, 53.802567 ] } },
{ "type": "Feature", "properties": { "name": "Rawdon St Peter's Church of England Voluntary Controlled Primary School", "category": "school", "attractor_weight": 20.0 }, "geometry": { "type": "Point", "coordinates": [ -1.6695552, 53.8505588 ] } },
{ "type": "Feature", "properties": { "name": "Whitkirk Primary School", "category": "school", "attractor_weight": 20.0 }, "geometry": { "type": "Point", "coordinates": [ -1.4553202, 53.7934295 ] } },
{ "type": "Feature", "properties": { "name": "Temple Moor High School", "category": "school", "attractor_weight": 20.0 }, "geometry": { "type": "Point", "coordinates": [ -1.4612187, 53.7955585 ] } },
{ "type": "Feature", "properties": { "name": "Rosebank Primary School", "category": "school", "attractor_weight": 20.0 }, "geometry": { "type": "Point", "coordinates": [ -1.5669385, 53.8036068 ] } },
{ "type": "Feature", "properties": { "name": "Austhorpe Primary School", "category": "school", "attractor_weight": 20.0 }, "geometry": { "type": "Point", "coordinates": [ -1.436106, 53.7980445 ] } },
{ "type": "Feature", "properties": { "name": "Thorner Church of England Primary School", "category": "school", "attractor_weight": 20.0 }, "geometry": { "type": "Point", "coordinates": [ -1.4200354, 53.8599432 ] } },
{ "type": "Feature", "properties": { "name": "Kerr Mackie Primary School", "category": "school", "attractor_weight": 20.0 }, "geometry": { "type": "Point", "coordinates": [ -1.5137543, 53.8288089 ] } },
{ "type": "Feature", "properties": { "name": "Roundhay School", "category": "school", "attractor_weight": 20.0 }, "geometry": { "type": "Point", "coordinates": [ -1.5117224, 53.8303182 ] } },
{ "type": "Feature", "properties": { "name": "Talbot Primary School", "category": "school", "attractor_weight": 20.0 }, "geometry": { "type": "Point", "coordinates": [ -1.5168483, 53.8418101 ] } },
{ "type": "Feature", "properties": { "name": "Immaculate Heart of Mary Catholic Primary School", "category": "school", "attractor_weight": 20.0 }, "geometry": { "type": "Point", "coordinates": [ -1.5360602, 53.8376344 ] } },
{ "type": "Feature", "properties": { "name": "Colton Primary School", "category": "school", "attractor_weight": 20.0 }, "geometry": { "type": "Point", "coordinates": [ -1.4369398, 53.7919089 ] } },
{ "type": "Feature", "properties": { "name": "Holy Rosary and St Anne's Catholic Primary School", "category": "school", "attractor_weight": 20.0 }, "geometry": { "type": "Point", "coordinates": [ -1.5334318, 53.8117077 ] } },
{ "type": "Feature", "properties": { "name": "Moor Allerton Hall Primary School", "category": "school", "attractor_weight": 20.0 }, "geometry": { "type": "Point", "coordinates": [ -1.5234351, 53.8390167 ] } },
{ "type": "Feature", "properties": { "name": "Allerton Grange School", "category": "school", "attractor_weight": 20.0 }, "geometry": { "type": "Point", "coordinates": [ -1.5219213, 53.8400211 ] } },
{ "type": "Feature", "properties": { "name": "Cross Gates Primary School", "category": "school", "attractor_weight": 20.0 }, "geometry": { "type": "Point", "coordinates": [ -1.4617838, 53.8058319 ] } },
{ "type": "Feature", "properties": { "name": "All Saint's Richmond Hill Church of England Primary School", "category": "school", "attractor_weight": 20.0 }, "geometry": { "type": "Point", "coordinates": [ -1.5198335, 53.7969927 ] } },
{ "type": "Feature", "properties": { "name": "Shadwell Primary School", "category": "school", "attractor_weight": 20.0 }, "geometry": { "type": "Point", "coordinates": [ -1.4746371, 53.8515295 ] } },
{ "type": "Feature", "properties": { "name": "Wykebeck Primary School", "category": "school", "attractor_weight": 20.0 }, "geometry": { "type": "Point", "coordinates": [ -1.4903526, 53.8066578 ] } },
{ "type": "Feature", "properties": { "name": "St Nicholas Catholic Primary School", "category": "school", "attractor_weight": 20.0 }, "geometry": { "type": "Point", "coordinates": [ -1.4884386, 53.8111558 ] } },
{ "type": "Feature", "properties": { "name": "Alwoodley Primary School", "category": "school", "attractor_weight": 20.0 }, "geometry": { "type": "Point", "coordinates": [ -1.5564018, 53.8502593 ] } },
{ "type": "Feature", "properties": { "name": "St Paul's Catholic Primary School", "category": "school", "attractor_weight": 20.0 }, "geometry": { "type": "Point", "coordinates": [ -1.5573488, 53.8519733 ] } },
{ "type": "Feature", "properties": { "name": "Rufford Park Primary School", "category": "school", "attractor_weight": 20.0 }, "geometry": { "type": "Point", "coordinates": [ -1.6843992, 53.8630157 ] } },
{ "type": "Feature", "properties": { "name": "Unnamed Attractor", "category": "school", "attractor_weight": 20.0 }, "geometry": { "type": "Point", "coordinates": [ -1.6998193, 53.8639162 ] } },
{ "type": "Feature", "properties": { "name": "Benton Park School", "category": "school", "attractor_weight": 20.0 }, "geometry": { "type": "Point", "coordinates": [ -1.6829091, 53.8569646 ] } },
{ "type": "Feature", "properties": { "name": "Christ The King Catholic Primary School", "category": "school", "attractor_weight": 20.0 }, "geometry": { "type": "Point", "coordinates": [ -1.6182717, 53.8057954 ] } },
{ "type": "Feature", "properties": { "name": "Raynville Academy", "category": "school", "attractor_weight": 20.0 }, "geometry": { "type": "Point", "coordinates": [ -1.6182407, 53.8077455 ] } },
{ "type": "Feature", "properties": { "name": "Hollybush Primary School", "category": "school", "attractor_weight": 20.0 }, "geometry": { "type": "Point", "coordinates": [ -1.6170739, 53.8140056 ] } },
{ "type": "Feature", "properties": { "name": "Rothwell Victoria Junior School", "category": "school", "attractor_weight": 20.0 }, "geometry": { "type": "Point", "coordinates": [ -1.4892587, 53.7544362 ] } },
{ "type": "Feature", "properties": { "name": "Beeston Hill St Luke's Church of England Primary School", "category": "school", "attractor_weight": 20.0 }, "geometry": { "type": "Point", "coordinates": [ -1.5531439, 53.7827964 ] } },
{ "type": "Feature", "properties": { "name": "Ireland Wood Primary School", "category": "school", "attractor_weight": 20.0 }, "geometry": { "type": "Point", "coordinates": [ -1.6044929, 53.852434 ] } },
{ "type": "Feature", "properties": { "name": "Cookridge Primary School", "category": "school", "attractor_weight": 20.0 }, "geometry": { "type": "Point", "coordinates": [ -1.6152659, 53.8551663 ] } },
{ "type": "Feature", "properties": { "name": "Springwell Academy Leeds North", "category": "school", "attractor_weight": 20.0 }, "geometry": { "type": "Point", "coordinates": [ -1.6208115, 53.8479066 ] } },
{ "type": "Feature", "properties": { "name": "Waterloo Manor Independent Hospital", "category": "hospital", "attractor_weight": 50.0 }, "geometry": { "type": "Point", "coordinates": [ -1.4115731, 53.7871323 ] } },
{ "type": "Feature", "properties": { "name": "Templenewsam Halton Primary School", "category": "school", "attractor_weight": 20.0 }, "geometry": { "type": "Point", "coordinates": [ -1.4651894, 53.7979623 ] } },
{ "type": "Feature", "properties": { "name": "Leeds East Academy", "category": "school", "attractor_weight": 20.0 }, "geometry": { "type": "Point", "coordinates": [ -1.4626434, 53.8149255 ] } },
{ "type": "Feature", "properties": { "name": "New Bewerley Community School", "category": "school", "attractor_weight": 20.0 }, "geometry": { "type": "Point", "coordinates": [ -1.5456382, 53.7801351 ] } },
{ "type": "Feature", "properties": { "name": "Hawksworth Wood Primary School", "category": "school", "attractor_weight": 20.0 }, "geometry": { "type": "Point", "coordinates": [ -1.6173954, 53.831584 ] } },
{ "type": "Feature", "properties": { "name": "Cookridge Holy Trinity CE Primary School", "category": "school", "attractor_weight": 20.0 }, "geometry": { "type": "Point", "coordinates": [ -1.6235179, 53.8583328 ] } },
{ "type": "Feature", "properties": { "name": "Swillington Primary School", "category": "school", "attractor_weight": 20.0 }, "geometry": { "type": "Point", "coordinates": [ -1.4183417, 53.7702186 ] } },
{ "type": "Feature", "properties": { "name": "Horsforth Newlaithes Primary School", "category": "school", "attractor_weight": 20.0 }, "geometry": { "type": "Point", "coordinates": [ -1.6484745, 53.8281415 ] } },
{ "type": "Feature", "properties": { "name": "The Froebelian School", "category": "school", "attractor_weight": 20.0 }, "geometry": { "type": "Point", "coordinates": [ -1.6382185, 53.8310367 ] } },
{ "type": "Feature", "properties": { "name": "John Jamieson School", "category": "school", "attractor_weight": 20.0 }, "geometry": { "type": "Point", "coordinates": [ -1.4942113, 53.8231643 ] } },
{ "type": "Feature", "properties": { "name": "Roundhay St John's Church of England Primary School", "category": "school", "attractor_weight": 20.0 }, "geometry": { "type": "Point", "coordinates": [ -1.4958905, 53.8270204 ] } },
{ "type": "Feature", "properties": { "name": "White Laith Primary School", "category": "school", "attractor_weight": 20.0 }, "geometry": { "type": "Point", "coordinates": [ -1.4537076, 53.8310213 ] } },
{ "type": "Feature", "properties": { "name": "Wigton Moor Primary School", "category": "school", "attractor_weight": 20.0 }, "geometry": { "type": "Point", "coordinates": [ -1.5178457, 53.8561024 ] } },
{ "type": "Feature", "properties": { "name": "Highfield Primary School", "category": "school", "attractor_weight": 20.0 }, "geometry": { "type": "Point", "coordinates": [ -1.5264558, 53.8510614 ] } },
{ "type": "Feature", "properties": { "name": "Gomersal St Mary's Church of England Voluntary Controlled Primary School", "category": "school", "attractor_weight": 20.0 }, "geometry": { "type": "Point", "coordinates": [ -1.6868554, 53.7272775 ] } },
{ "type": "Feature", "properties": { "name": "Lighthouse School", "category": "school", "attractor_weight": 20.0 }, "geometry": { "type": "Point", "coordinates": [ -1.6132967, 53.8454479 ] } },
{ "type": "Feature", "properties": { "name": "Ralph Thoresby School", "category": "school", "attractor_weight": 20.0 }, "geometry": { "type": "Point", "coordinates": [ -1.6102656, 53.8544589 ] } },
{ "type": "Feature", "properties": { "name": "Yeadon Westfield Infant School", "category": "school", "attractor_weight": 20.0 }, "geometry": { "type": "Point", "coordinates": [ -1.7012504, 53.8633521 ] } },
{ "type": "Feature", "properties": { "name": "Rawdon Littlemoor Primary School", "category": "school", "attractor_weight": 20.0 }, "geometry": { "type": "Point", "coordinates": [ -1.6890387, 53.85535 ] } },
{ "type": "Feature", "properties": { "name": "Iveson Primary School", "category": "school", "attractor_weight": 20.0 }, "geometry": { "type": "Point", "coordinates": [ -1.6051233, 53.8433676 ] } },
{ "type": "Feature", "properties": { "name": "Holy Name Catholic Voluntary Academy", "category": "school", "attractor_weight": 20.0 }, "geometry": { "type": "Point", "coordinates": [ -1.6052132, 53.8468678 ] } },
{ "type": "Feature", "properties": { "name": "Tong Leadership Academy", "category": "school", "attractor_weight": 20.0 }, "geometry": { "type": "Point", "coordinates": [ -1.6972069, 53.7649195 ] } },
{ "type": "Feature", "properties": { "name": "Co-op Academy Beckfield", "category": "school", "attractor_weight": 20.0 }, "geometry": { "type": "Point", "coordinates": [ -1.7009033, 53.7885702 ] } },
{ "type": "Feature", "properties": { "name": "Victoria Primary Academy", "category": "school", "attractor_weight": 20.0 }, "geometry": { "type": "Point", "coordinates": [ -1.5018373, 53.8001115 ] } },
{ "type": "Feature", "properties": { "name": "Ebor Gardens Primary Academy", "category": "school", "attractor_weight": 20.0 }, "geometry": { "type": "Point", "coordinates": [ -1.5220268, 53.7997046 ] } },
{ "type": "Feature", "properties": { "name": "Hill Top Primary Academy", "category": "school", "attractor_weight": 20.0 }, "geometry": { "type": "Point", "coordinates": [ -1.5763736, 53.7165191 ] } },
{ "type": "Feature", "properties": { "name": "Park Road Junior Infant and Nursery School", "category": "school", "attractor_weight": 20.0 }, "geometry": { "type": "Point", "coordinates": [ -1.6293529, 53.7153029 ] } },
{ "type": "Feature", "properties": { "name": "Dale House School", "category": "school", "attractor_weight": 20.0 }, "geometry": { "type": "Point", "coordinates": [ -1.6469137, 53.720826 ] } },
{ "type": "Feature", "properties": { "name": "Greenmount Primary School", "category": "school", "attractor_weight": 20.0 }, "geometry": { "type": "Point", "coordinates": [ -1.552888, 53.7773879 ] } },
{ "type": "Feature", "properties": { "name": "Manor Wood Primary School", "category": "school", "attractor_weight": 20.0 }, "geometry": { "type": "Point", "coordinates": [ -1.5518164, 53.8354981 ] } },
{ "type": "Feature", "properties": { "name": "Kirkstall St Stephen's Church of England (VA) Primary School", "category": "school", "attractor_weight": 20.0 }, "geometry": { "type": "Point", "coordinates": [ -1.6001627, 53.8179222 ] } },
{ "type": "Feature", "properties": { "name": "Calverley Parkside Primary School", "category": "school", "attractor_weight": 20.0 }, "geometry": { "type": "Point", "coordinates": [ -1.6883135, 53.8278751 ] } },
{ "type": "Feature", "properties": { "name": "Calverley Church of England Voluntary Aided Primary School", "category": "school", "attractor_weight": 20.0 }, "geometry": { "type": "Point", "coordinates": [ -1.6850756, 53.8311482 ] } },
{ "type": "Feature", "properties": { "name": "Littletown Junior Infant and Nursery School", "category": "school", "attractor_weight": 20.0 }, "geometry": { "type": "Point", "coordinates": [ -1.6967208, 53.7167685 ] } },
{ "type": "Feature", "properties": { "name": "Engage Academy", "category": "school", "attractor_weight": 20.0 }, "geometry": { "type": "Point", "coordinates": [ -1.6295355, 53.7158928 ] } },
{ "type": "Feature", "properties": { "name": "St Matthew's Church of England Primary School", "category": "school", "attractor_weight": 20.0 }, "geometry": { "type": "Point", "coordinates": [ -1.5423949, 53.8309974 ] } },
{ "type": "Feature", "properties": { "name": "Seacroft Grange Primary School", "category": "school", "attractor_weight": 20.0 }, "geometry": { "type": "Point", "coordinates": [ -1.4728292, 53.8111905 ] } },
{ "type": "Feature", "properties": { "name": "Parklands Primary School", "category": "school", "attractor_weight": 20.0 }, "geometry": { "type": "Point", "coordinates": [ -1.4625485, 53.8136931 ] } },
{ "type": "Feature", "properties": { "name": "Bracken Edge Primary School", "category": "school", "attractor_weight": 20.0 }, "geometry": { "type": "Point", "coordinates": [ -1.5271528, 53.8206627 ] } },
{ "type": "Feature", "properties": { "name": "Co-op Academy Nightingale", "category": "school", "attractor_weight": 20.0 }, "geometry": { "type": "Point", "coordinates": [ -1.5141588, 53.8086194 ] } },
{ "type": "Feature", "properties": { "name": "Richmond House School", "category": "school", "attractor_weight": 20.0 }, "geometry": { "type": "Point", "coordinates": [ -1.5870723, 53.8311903 ] } },
{ "type": "Feature", "properties": { "name": "Weetwood Primary School", "category": "school", "attractor_weight": 20.0 }, "geometry": { "type": "Point", "coordinates": [ -1.5828909, 53.8294892 ] } },
{ "type": "Feature", "properties": { "name": "Corpus Christi Catholic Primary School", "category": "school", "attractor_weight": 20.0 }, "geometry": { "type": "Point", "coordinates": [ -1.4861623, 53.796886 ] } },
{ "type": "Feature", "properties": { "name": "Corpus Christi Catholic College", "category": "school", "attractor_weight": 20.0 }, "geometry": { "type": "Point", "coordinates": [ -1.4843778, 53.7971007 ] } },
{ "type": "Feature", "properties": { "name": "Co-op Academy Priesthorpe", "category": "school", "attractor_weight": 20.0 }, "geometry": { "type": "Point", "coordinates": [ -1.6878234, 53.8093937 ] } },
{ "type": "Feature", "properties": { "name": "Farsley Westroyd Primary School and Nursery", "category": "school", "attractor_weight": 20.0 }, "geometry": { "type": "Point", "coordinates": [ -1.6720805, 53.8092589 ] } },
{ "type": "Feature", "properties": { "name": "Queenswood School", "category": "school", "attractor_weight": 20.0 }, "geometry": { "type": "Point", "coordinates": [ -1.600751, 53.7436889 ] } },
{ "type": "Feature", "properties": { "name": "Farsley Springbank Primary School", "category": "school", "attractor_weight": 20.0 }, "geometry": { "type": "Point", "coordinates": [ -1.6684594, 53.813446 ] } },
{ "type": "Feature", "properties": { "name": "Farsley Westroyd Primary School and Nursery", "category": "school", "attractor_weight": 20.0 }, "geometry": { "type": "Point", "coordinates": [ -1.6706509, 53.8095647 ] } },
{ "type": "Feature", "properties": { "name": "University Technical College Leeds", "category": "school", "attractor_weight": 20.0 }, "geometry": { "type": "Point", "coordinates": [ -1.5338944, 53.7881578 ] } },
{ "type": "Feature", "properties": { "name": "St Anthony's Catholic Primary School", "category": "school", "attractor_weight": 20.0 }, "geometry": { "type": "Point", "coordinates": [ -1.5625664, 53.771345 ] } },
{ "type": "Feature", "properties": { "name": "Pudsey Primrose Hill Primary School", "category": "school", "attractor_weight": 20.0 }, "geometry": { "type": "Point", "coordinates": [ -1.6678854, 53.8021953 ] } },
{ "type": "Feature", "properties": { "name": "Campus Queenswood Education Centre", "category": "school", "attractor_weight": 20.0 }, "geometry": { "type": "Point", "coordinates": [ -1.5929827, 53.8226941 ] } },
{ "type": "Feature", "properties": { "name": "Bramley St Peter's Church of England Primary School", "category": "school", "attractor_weight": 20.0 }, "geometry": { "type": "Point", "coordinates": [ -1.6300851, 53.8094592 ] } },
{ "type": "Feature", "properties": { "name": "Whitecote Primary School", "category": "school", "attractor_weight": 20.0 }, "geometry": { "type": "Point", "coordinates": [ -1.6266543, 53.8173709 ] } },
{ "type": "Feature", "properties": { "name": "Little London Academy", "category": "school", "attractor_weight": 20.0 }, "geometry": { "type": "Point", "coordinates": [ -1.5396992, 53.8086448 ] } },
{ "type": "Feature", "properties": { "name": "Blenheim Primary School", "category": "school", "attractor_weight": 20.0 }, "geometry": { "type": "Point", "coordinates": [ -1.5468347, 53.806788 ] } },
{ "type": "Feature", "properties": { "name": "Instituto Cervantes", "category": "retail_dining", "attractor_weight": 5.0 }, "geometry": { "type": "Point", "coordinates": [ -1.550018, 53.8059614 ] } },
{ "type": "Feature", "properties": { "name": "Beeston Primary School", "category": "school", "attractor_weight": 20.0 }, "geometry": { "type": "Point", "coordinates": [ -1.5731664, 53.7722048 ] } },
{ "type": "Feature", "properties": { "name": "The Stephen Longfellow Academy", "category": "school", "attractor_weight": 20.0 }, "geometry": { "type": "Point", "coordinates": [ -1.5731954, 53.7664566 ] } },
{ "type": "Feature", "properties": { "name": "Eden Park Academy", "category": "school", "attractor_weight": 20.0 }, "geometry": { "type": "Point", "coordinates": [ -1.5612519, 53.769737 ] } },
{ "type": "Feature", "properties": { "name": "Lane End Primary School", "category": "school", "attractor_weight": 20.0 }, "geometry": { "type": "Point", "coordinates": [ -1.5504315, 53.7838686 ] } },
{ "type": "Feature", "properties": { "name": "Middleton Primary School", "category": "school", "attractor_weight": 20.0 }, "geometry": { "type": "Point", "coordinates": [ -1.5489494, 53.7425647 ] } },
{ "type": "Feature", "properties": { "name": "Primley Wood Primary School", "category": "school", "attractor_weight": 20.0 }, "geometry": { "type": "Point", "coordinates": [ -1.5377064, 53.8493568 ] } },
{ "type": "Feature", "properties": { "name": "Aire Court Community Unit", "category": "hospital", "attractor_weight": 50.0 }, "geometry": { "type": "Point", "coordinates": [ -1.5396771, 53.7470828 ] } },
{ "type": "Feature", "properties": { "name": "Elements Primary School", "category": "school", "attractor_weight": 20.0 }, "geometry": { "type": "Point", "coordinates": [ -1.5383251, 53.7445963 ] } },
{ "type": "Feature", "properties": { "name": "Al Kauthar Girls Academy", "category": "school", "attractor_weight": 20.0 }, "geometry": { "type": "Point", "coordinates": [ -1.5313724, 53.8238903 ] } },
{ "type": "Feature", "properties": { "name": "Shakespeare Primary School", "category": "school", "attractor_weight": 20.0 }, "geometry": { "type": "Point", "coordinates": [ -1.5269049, 53.8053934 ] } },
{ "type": "Feature", "properties": { "name": "Spire Leeds Hospital", "category": "hospital", "attractor_weight": 50.0 }, "geometry": { "type": "Point", "coordinates": [ -1.5145005, 53.8322112 ] } },
{ "type": "Feature", "properties": { "name": "Trinity Academy Leeds", "category": "school", "attractor_weight": 20.0 }, "geometry": { "type": "Point", "coordinates": [ -1.515346, 53.8012035 ] } },
{ "type": "Feature", "properties": { "name": "Rodillian Academy", "category": "school", "attractor_weight": 20.0 }, "geometry": { "type": "Point", "coordinates": [ -1.5043093, 53.7302807 ] } },
{ "type": "Feature", "properties": { "name": "Roundhay School (Primary Campus)", "category": "school", "attractor_weight": 20.0 }, "geometry": { "type": "Point", "coordinates": [ -1.4873166, 53.830148 ] } },
{ "type": "Feature", "properties": { "name": "Leeds Private Hospital", "category": "hospital", "attractor_weight": 50.0 }, "geometry": { "type": "Point", "coordinates": [ -1.4743557, 53.8421241 ] } },
{ "type": "Feature", "properties": { "name": "Temple Learning Academy", "category": "school", "attractor_weight": 20.0 }, "geometry": { "type": "Point", "coordinates": [ -1.4825082, 53.7953923 ] } },
{ "type": "Feature", "properties": { "name": "Holy Trinity Church of England Academy", "category": "school", "attractor_weight": 20.0 }, "geometry": { "type": "Point", "coordinates": [ -1.4783204, 53.7524258 ] } },
{ "type": "Feature", "properties": { "name": "Rothwell St Mary's RC Primary School", "category": "school", "attractor_weight": 20.0 }, "geometry": { "type": "Point", "coordinates": [ -1.4741629, 53.7457917 ] } },
{ "type": "Feature", "properties": { "name": "Temple Moor High School", "category": "school", "attractor_weight": 20.0 }, "geometry": { "type": "Point", "coordinates": [ -1.4648854, 53.7974665 ] } },
{ "type": "Feature", "properties": { "name": "Dixons Trinity Chapeltown", "category": "school", "attractor_weight": 20.0 }, "geometry": { "type": "Point", "coordinates": [ -1.5281183, 53.811224 ] } },
{ "type": "Feature", "properties": { "name": "Ss. Peter and Paul Catholic Primary School", "category": "school", "attractor_weight": 20.0 }, "geometry": { "type": "Point", "coordinates": [ -1.7002296, 53.8645723 ] } },
{ "type": "Feature", "properties": { "name": "Leeds Beckett University, City Campus", "category": "university", "attractor_weight": 30.0 }, "geometry": { "type": "Point", "coordinates": [ -1.5482892, 53.8036689 ] } },
{ "type": "Feature", "properties": { "name": "Nuffield Hospital", "category": "hospital", "attractor_weight": 50.0 }, "geometry": { "type": "Point", "coordinates": [ -1.5542213, 53.8006204 ] } },
{ "type": "Feature", "properties": { "name": "Lower Wortley Primary School", "category": "school", "attractor_weight": 20.0 }, "geometry": { "type": "Point", "coordinates": [ -1.5991884, 53.7830493 ] } },
{ "type": "Feature", "properties": { "name": "Spire Methley Park Hospital", "category": "hospital", "attractor_weight": 50.0 }, "geometry": { "type": "Point", "coordinates": [ -1.4236145, 53.7404461 ] } },
{ "type": "Feature", "properties": { "name": "West Oaks SEN Specialist School and College", "category": "school", "attractor_weight": 20.0 }, "geometry": { "type": "Point", "coordinates": [ -1.5471321, 53.8132341 ] } },
{ "type": "Feature", "properties": { "name": "Stanley St Peters Church of England Voluntary Controlled Primary School", "category": "school", "attractor_weight": 20.0 }, "geometry": { "type": "Point", "coordinates": [ -1.476138, 53.7148691 ] } },
{ "type": "Feature", "properties": { "name": "Leeds School of Motorcycling", "category": "retail_dining", "attractor_weight": 5.0 }, "geometry": { "type": "Point", "coordinates": [ -1.542273, 53.7864515 ] } },
{ "type": "Feature", "properties": { "name": "Armley Grange School", "category": "school", "attractor_weight": 20.0 }, "geometry": { "type": "Point", "coordinates": [ -1.6082471, 53.8019376 ] } },
{ "type": "Feature", "properties": { "name": "Cockburn Laurence Calvert Academy", "category": "school", "attractor_weight": 20.0 }, "geometry": { "type": "Point", "coordinates": [ -1.5321985, 53.7466501 ] } },
{ "type": "Feature", "properties": { "name": "Edmonds Dance Centre", "category": "retail_dining", "attractor_weight": 5.0 }, "geometry": { "type": "Point", "coordinates": [ -1.6457257, 53.8012411 ] } },
{ "type": "Feature", "properties": { "name": "Bronte House School and Ashdown Lodge Pre-Prep School", "category": "school", "attractor_weight": 20.0 }, "geometry": { "type": "Point", "coordinates": [ -1.7005495, 53.843571 ] } },
{ "type": "Feature", "properties": { "name": "Fairfield School", "category": "school", "attractor_weight": 20.0 }, "geometry": { "type": "Point", "coordinates": [ -1.6657451, 53.7209958 ] } },
{ "type": "Feature", "properties": { "name": "Co-op Academy Smithies Moor", "category": "school", "attractor_weight": 20.0 }, "geometry": { "type": "Point", "coordinates": [ -1.6669734, 53.7205097 ] } },
{ "type": "Feature", "properties": { "name": "Springwell Academy", "category": "school", "attractor_weight": 20.0 }, "geometry": { "type": "Point", "coordinates": [ -1.4751199, 53.8183361 ] } },
{ "type": "Feature", "properties": { "name": "Notre Dame Catholic 6th Form College", "category": "school", "attractor_weight": 20.0 }, "geometry": { "type": "Point", "coordinates": [ -1.5527879, 53.8105304 ] } },
{ "type": "Feature", "properties": { "name": "Mabgate University Centre", "category": "university", "attractor_weight": 30.0 }, "geometry": { "type": "Point", "coordinates": [ -1.5305924, 53.8019894 ] } }
]
}
