geo_code1,geo_code2,all
Z1545_14089,Z1542_14088,2683.886375427246
Z1545_14089,Z1542_14089,447.314395904541
Z1545_14089,Z1542_14091,5367.772750854492
Z1545_14089,Z1542_14093,5367.772750854492
Z1545_14089,Z1543_14094,26838.86375427246
Z1545_14089,Z1543_14099,447.314395904541
Z1545_14089,Z1543_14100,1789.257583618164
Z1545_14089,Z1543_14101,2683.886375427246
Z1545_14089,Z1543_14102,5367.772750854492
Z1545_14089,Z1544_14087,2683.886375427246
Z1545_14089,Z1544_14089,3131.200771331787
Z1545_14089,Z1544_14091,1789.257583618164
Z1545_14089,Z1544_14092,5367.772750854492
Z1545_14089,Z1544_14093,447.314395904541
Z1545_14089,Z1544_14094,22365.71979522705
Z1545_14089,Z1544_14099,1789.257583618164
Z1545_14089,Z1544_14100,447.314395904541
Z1545_14089,Z1544_14101,9393.602313995361
Z1545_14089,Z1544_14102,1789.257583618164
Z1545_14089,Z1545_14088,2683.886375427246
Z1545_14089,Z1545_14093,447.314395904541
Z1545_14089,Z1545_14094,1789.257583618164
Z1545_14089,Z1545_14095,4473.14395904541
Z1545_14089,Z1545_14099,1341.943187713623
Z1545_14089,Z1545_14101,447.314395904541
Z1545_14089,Z1546_14089,6709.715938568115
Z1545_14089,Z1546_14090,447.314395904541
Z1545_14089,Z1546_14091,2683.886375427246
Z1545_14089,Z1546_14092,1341.943187713623
Z1545_14089,Z1546_14093,4473.14395904541
Z1545_14089,Z1546_14094,2683.886375427246
Z1545_14089,Z1546_14095,10735.545501708984
Z1545_14089,Z1546_14096,3578.515167236328
Z1545_14089,Z1547_14087,1789.257583618164
Z1545_14089,Z1547_14089,4025.829563140869
Z1545_14089,Z1547_14091,24602.291774749756
Z1545_14089,Z1547_14092,5815.087146759033
Z1545_14089,Z1547_14093,11182.859897613525
Z1545_14089,Z1547_14094,12524.803085327148
Z1545_14089,Z1547_14095,6709.715938568115
Z1545_14089,Z1547_14097,447.314395904541
Z1545_14089,Z1548_14087,1341.943187713623
Z1545_14089,Z1548_14089,4473.14395904541
Z1545_14089,Z1548_14091,2236.571979522705
Z1545_14089,Z1548_14092,231708.85707855225
Z1545_14089,Z1548_14093,35337.83727645874
Z1545_14089,Z1548_14094,53677.72750854492
Z1545_14089,Z1548_14095,12972.11748123169
Z1545_14089,Z1548_14096,1789.257583618164
Z1545_14089,Z1548_14098,4920.458354949951
Z1545_14089,Z1548_14101,1789.257583618164
Z1545_14089,Z1549_14088,1789.257583618164
Z1545_14089,Z1549_14092,25944.23496246338
Z1545_14089,Z1549_14093,66202.53059387207
Z1545_14089,Z1549_14094,77385.3904914856
Z1545_14089,Z1549_14095,27286.178150177002
Z1545_14089,Z1549_14096,4025.829563140869
Z1545_14089,Z1549_14097,6709.715938568115
Z1545_14089,Z1549_14101,2683.886375427246
Z1545_14089,Z1550_14088,447.314395904541
Z1545_14089,Z1550_14090,1789.257583618164
Z1545_14089,Z1550_14091,3578.515167236328
Z1545_14089,Z1550_14092,13419.43187713623
Z1545_14089,Z1550_14093,67991.78817749023
Z1545_14089,Z1550_14094,33995.89408874512
Z1545_14089,Z1550_14095,14761.375064849854
Z1545_14089,Z1550_14097,894.628791809082
Z1545_14089,Z1550_14099,1341.943187713623
Z1545_14089,Z1550_14100,447.314395904541
Z1545_14089,Z1550_14102,447.314395904541
Z1545_14089,Z1551_14086,2683.886375427246
Z1545_14089,Z1551_14090,2683.886375427246
Z1545_14089,Z1551_14092,894.628791809082
Z1545_14089,Z1551_14094,8498.97352218628
Z1545_14089,Z1551_14095,19234.519023895264
Z1545_14089,Z1552_14088,1789.257583618164
Z1545_14089,Z1552_14092,3131.200771331787
Z1545_14089,Z1552_14094,2683.886375427246
Z1545_14089,Z1552_14095,8946.28791809082
Z1545_14089,Z1552_14096,5815.087146759033
Z1545_14089,Z1552_14101,447.314395904541
Z1545_14089,Z1552_14102,447.314395904541
Z1545_14089,Z1553_14086,1789.257583618164
Z1545_14089,Z1553_14092,3578.515167236328
Z1545_14089,Z1553_14093,2236.571979522705
Z1545_14089,Z1553_14096,8946.28791809082
Z1545_14089,Z1554_14094,1789.257583618164
Z1545_14089,Z1554_14095,447.314395904541
Z1545_14089,Z1554_14097,1341.943187713623
Z1545_14089,Z1554_14098,2236.571979522705
Z1545_14089,Z1554_14099,447.314395904541
Z1545_14089,Z1554_14100,2236.571979522705
Z1545_14089,Z1555_14090,1789.257583618164
Z1545_14089,Z1555_14091,447.314395904541
Z1545_14089,Z1555_14093,447.314395904541
Z1545_14089,Z1555_14095,1789.257583618164
Z1545_14089,Z1555_14096,447.314395904541
Z1545_14089,Z1555_14097,1789.257583618164
Z1545_14090,Z1542_14088,2123.7003564834595
Z1545_14090,Z1542_14089,353.9500594139099
Z1545_14090,Z1542_14091,4247.400712966919
Z1545_14090,Z1542_14093,4247.400712966919
Z1545_14090,Z1543_14094,21237.003564834595
Z1545_14090,Z1543_14099,353.9500594139099
Z1545_14090,Z1543_14100,1415.8002376556396
Z1545_14090,Z1543_14101,2123.7003564834595
Z1545_14090,Z1543_14102,4247.400712966919
Z1545_14090,Z1544_14087,2123.7003564834595
Z1545_14090,Z1544_14089,2477.6504158973694
Z1545_14090,Z1544_14091,1415.8002376556396
Z1545_14090,Z1544_14092,4247.400712966919
Z1545_14090,Z1544_14093,353.9500594139099
Z1545_14090,Z1544_14094,17697.502970695496
Z1545_14090,Z1544_14099,1415.8002376556396
Z1545_14090,Z1544_14100,353.9500594139099
Z1545_14090,Z1544_14101,7432.951247692108
Z1545_14090,Z1544_14102,1415.8002376556396
Z1545_14090,Z1545_14088,2123.7003564834595
Z1545_14090,Z1545_14093,353.9500594139099
Z1545_14090,Z1545_14094,1415.8002376556396
Z1545_14090,Z1545_14095,3539.500594139099
Z1545_14090,Z1545_14099,1061.8501782417297
Z1545_14090,Z1545_14101,353.9500594139099
Z1545_14090,Z1546_14089,5309.250891208649
Z1545_14090,Z1546_14090,353.9500594139099
Z1545_14090,Z1546_14091,2123.7003564834595
Z1545_14090,Z1546_14092,1061.8501782417297
Z1545_14090,Z1546_14093,3539.500594139099
Z1545_14090,Z1546_14094,2123.7003564834595
Z1545_14090,Z1546_14095,8494.801425933838
Z1545_14090,Z1546_14096,2831.6004753112793
Z1545_14090,Z1547_14087,1415.8002376556396
Z1545_14090,Z1547_14089,3185.550534725189
Z1545_14090,Z1547_14091,19467.253267765045
Z1545_14090,Z1547_14092,4601.350772380829
Z1545_14090,Z1547_14093,8848.751485347748
Z1545_14090,Z1547_14094,9910.601663589478
Z1545_14090,Z1547_14095,5309.250891208649
Z1545_14090,Z1547_14097,353.9500594139099
Z1545_14090,Z1548_14087,1061.8501782417297
Z1545_14090,Z1548_14089,3539.500594139099
Z1545_14090,Z1548_14091,1769.7502970695496
Z1545_14090,Z1548_14092,183346.13077640533
Z1545_14090,Z1548_14093,27962.054693698883
Z1545_14090,Z1548_14094,42474.00712966919
Z1545_14090,Z1548_14095,10264.551723003387
Z1545_14090,Z1548_14096,1415.8002376556396
Z1545_14090,Z1548_14098,3893.450653553009
Z1545_14090,Z1548_14101,1415.8002376556396
Z1545_14090,Z1549_14088,1415.8002376556396
Z1545_14090,Z1549_14092,20529.103446006775
Z1545_14090,Z1549_14093,52384.60879325867
Z1545_14090,Z1549_14094,61233.360278606415
Z1545_14090,Z1549_14095,21590.953624248505
Z1545_14090,Z1549_14096,3185.550534725189
Z1545_14090,Z1549_14097,5309.250891208649
Z1545_14090,Z1549_14101,2123.7003564834595
Z1545_14090,Z1550_14088,353.9500594139099
Z1545_14090,Z1550_14090,1415.8002376556396
Z1545_14090,Z1550_14091,2831.6004753112793
Z1545_14090,Z1550_14092,10618.501782417297
Z1545_14090,Z1550_14093,53800.40903091431
Z1545_14090,Z1550_14094,26900.204515457153
Z1545_14090,Z1550_14095,11680.351960659027
Z1545_14090,Z1550_14097,707.9001188278198
Z1545_14090,Z1550_14099,1061.8501782417297
Z1545_14090,Z1550_14100,353.9500594139099
Z1545_14090,Z1550_14102,353.9500594139099
Z1545_14090,Z1551_14086,2123.7003564834595
Z1545_14090,Z1551_14090,2123.7003564834595
Z1545_14090,Z1551_14092,707.9001188278198
Z1545_14090,Z1551_14094,6725.051128864288
Z1545_14090,Z1551_14095,15219.852554798126
Z1545_14090,Z1552_14088,1415.8002376556396
Z1545_14090,Z1552_14092,2477.6504158973694
Z1545_14090,Z1552_14094,2123.7003564834595
Z1545_14090,Z1552_14095,7079.001188278198
Z1545_14090,Z1552_14096,4601.350772380829
Z1545_14090,Z1552_14101,353.9500594139099
Z1545_14090,Z1552_14102,353.9500594139099
Z1545_14090,Z1553_14086,1415.8002376556396
Z1545_14090,Z1553_14092,2831.6004753112793
Z1545_14090,Z1553_14093,1769.7502970695496
Z1545_14090,Z1553_14096,7079.001188278198
Z1545_14090,Z1554_14094,1415.8002376556396
Z1545_14090,Z1554_14095,353.9500594139099
Z1545_14090,Z1554_14097,1061.8501782417297
Z1545_14090,Z1554_14098,1769.7502970695496
Z1545_14090,Z1554_14099,353.9500594139099
Z1545_14090,Z1554_14100,1769.7502970695496
Z1545_14090,Z1555_14090,1415.8002376556396
Z1545_14090,Z1555_14091,353.9500594139099
Z1545_14090,Z1555_14093,353.9500594139099
Z1545_14090,Z1555_14095,1415.8002376556396
Z1545_14090,Z1555_14096,353.9500594139099
Z1545_14090,Z1555_14097,1415.8002376556396
Z1545_14091,Z1542_14088,2885.1168823242188
Z1545_14091,Z1542_14089,480.8528137207031
Z1545_14091,Z1542_14091,5770.2337646484375
Z1545_14091,Z1542_14093,5770.2337646484375
Z1545_14091,Z1543_14094,28851.168823242188
Z1545_14091,Z1543_14099,480.8528137207031
Z1545_14091,Z1543_14100,1923.4112548828125
Z1545_14091,Z1543_14101,2885.1168823242188
Z1545_14091,Z1543_14102,5770.2337646484375
Z1545_14091,Z1544_14087,2885.1168823242188
Z1545_14091,Z1544_14089,3365.969696044922
Z1545_14091,Z1544_14091,1923.4112548828125
Z1545_14091,Z1544_14092,5770.2337646484375
Z1545_14091,Z1544_14093,480.8528137207031
Z1545_14091,Z1544_14094,24042.640686035156
Z1545_14091,Z1544_14099,1923.4112548828125
Z1545_14091,Z1544_14100,480.8528137207031
Z1545_14091,Z1544_14101,10097.909088134766
Z1545_14091,Z1544_14102,1923.4112548828125
Z1545_14091,Z1545_14088,2885.1168823242188
Z1545_14091,Z1545_14093,480.8528137207031
Z1545_14091,Z1545_14094,1923.4112548828125
Z1545_14091,Z1545_14095,4808.528137207031
Z1545_14091,Z1545_14099,1442.5584411621094
Z1545_14091,Z1545_14101,480.8528137207031
Z1545_14091,Z1546_14089,7212.792205810547
Z1545_14091,Z1546_14090,480.8528137207031
Z1545_14091,Z1546_14091,2885.1168823242188
Z1545_14091,Z1546_14092,1442.5584411621094
Z1545_14091,Z1546_14093,4808.528137207031
Z1545_14091,Z1546_14094,2885.1168823242188
Z1545_14091,Z1546_14095,11540.467529296875
Z1545_14091,Z1546_14096,3846.822509765625
Z1545_14091,Z1547_14087,1923.4112548828125
Z1545_14091,Z1547_14089,4327.675323486328
Z1545_14091,Z1547_14091,26446.904754638672
Z1545_14091,Z1547_14092,6251.086578369141
Z1545_14091,Z1547_14093,12021.320343017578
Z1545_14091,Z1547_14094,13463.878784179688
Z1545_14091,Z1547_14095,7212.792205810547
Z1545_14091,Z1547_14097,480.8528137207031
Z1545_14091,Z1548_14087,1442.5584411621094
Z1545_14091,Z1548_14089,4808.528137207031
Z1545_14091,Z1548_14091,2404.2640686035156
Z1545_14091,Z1548_14092,249081.75750732422
Z1545_14091,Z1548_14093,37987.37228393555
Z1545_14091,Z1548_14094,57702.337646484375
Z1545_14091,Z1548_14095,13944.73159790039
Z1545_14091,Z1548_14096,1923.4112548828125
Z1545_14091,Z1548_14098,5289.380950927734
Z1545_14091,Z1548_14101,1923.4112548828125
Z1545_14091,Z1549_14088,1923.4112548828125
Z1545_14091,Z1549_14092,27889.46319580078
Z1545_14091,Z1549_14093,71166.21643066406
Z1545_14091,Z1549_14094,83187.53677368164
Z1545_14091,Z1549_14095,29332.02163696289
Z1545_14091,Z1549_14096,4327.675323486328
Z1545_14091,Z1549_14097,7212.792205810547
Z1545_14091,Z1549_14101,2885.1168823242188
Z1545_14091,Z1550_14088,480.8528137207031
Z1545_14091,Z1550_14090,1923.4112548828125
Z1545_14091,Z1550_14091,3846.822509765625
Z1545_14091,Z1550_14092,14425.584411621094
Z1545_14091,Z1550_14093,73089.62768554688
Z1545_14091,Z1550_14094,36544.81384277344
Z1545_14091,Z1550_14095,15868.142852783203
Z1545_14091,Z1550_14097,961.7056274414062
Z1545_14091,Z1550_14099,1442.5584411621094
Z1545_14091,Z1550_14100,480.8528137207031
Z1545_14091,Z1550_14102,480.8528137207031
Z1545_14091,Z1551_14086,2885.1168823242188
Z1545_14091,Z1551_14090,2885.1168823242188
Z1545_14091,Z1551_14092,961.7056274414062
Z1545_14091,Z1551_14094,9136.20346069336
Z1545_14091,Z1551_14095,20676.670989990234
Z1545_14091,Z1552_14088,1923.4112548828125
Z1545_14091,Z1552_14092,3365.969696044922
Z1545_14091,Z1552_14094,2885.1168823242188
Z1545_14091,Z1552_14095,9617.056274414062
Z1545_14091,Z1552_14096,6251.086578369141
Z1545_14091,Z1552_14101,480.8528137207031
Z1545_14091,Z1552_14102,480.8528137207031
Z1545_14091,Z1553_14086,1923.4112548828125
Z1545_14091,Z1553_14092,3846.822509765625
Z1545_14091,Z1553_14093,2404.2640686035156
Z1545_14091,Z1553_14096,9617.056274414062
Z1545_14091,Z1554_14094,1923.4112548828125
Z1545_14091,Z1554_14095,480.8528137207031
Z1545_14091,Z1554_14097,1442.5584411621094
Z1545_14091,Z1554_14098,2404.2640686035156
Z1545_14091,Z1554_14099,480.8528137207031
Z1545_14091,Z1554_14100,2404.2640686035156
Z1545_14091,Z1555_14090,1923.4112548828125
Z1545_14091,Z1555_14091,480.8528137207031
Z1545_14091,Z1555_14093,480.8528137207031
Z1545_14091,Z1555_14095,1923.4112548828125
Z1545_14091,Z1555_14096,480.8528137207031
Z1545_14091,Z1555_14097,1923.4112548828125
Z1545_14092,Z1542_14088,2231.511962413788
Z1545_14092,Z1542_14089,371.918660402298
Z1545_14092,Z1542_14091,4463.023924827576
Z1545_14092,Z1542_14093,4463.023924827576
Z1545_14092,Z1543_14094,22315.11962413788
Z1545_14092,Z1543_14099,371.918660402298
Z1545_14092,Z1543_14100,1487.674641609192
Z1545_14092,Z1543_14101,2231.511962413788
Z1545_14092,Z1543_14102,4463.023924827576
Z1545_14092,Z1544_14087,2231.511962413788
Z1545_14092,Z1544_14089,2603.430622816086
Z1545_14092,Z1544_14091,1487.674641609192
Z1545_14092,Z1544_14092,4463.023924827576
Z1545_14092,Z1544_14093,371.918660402298
Z1545_14092,Z1544_14094,18595.9330201149
Z1545_14092,Z1544_14099,1487.674641609192
Z1545_14092,Z1544_14100,371.918660402298
Z1545_14092,Z1544_14101,7810.291868448257
Z1545_14092,Z1544_14102,1487.674641609192
Z1545_14092,Z1545_14088,2231.511962413788
Z1545_14092,Z1545_14093,371.918660402298
Z1545_14092,Z1545_14094,1487.674641609192
Z1545_14092,Z1545_14095,3719.1866040229797
Z1545_14092,Z1545_14099,1115.755981206894
Z1545_14092,Z1545_14101,371.918660402298
Z1545_14092,Z1546_14089,5578.77990603447
Z1545_14092,Z1546_14090,371.918660402298
Z1545_14092,Z1546_14091,2231.511962413788
Z1545_14092,Z1546_14092,1115.755981206894
Z1545_14092,Z1546_14093,3719.1866040229797
Z1545_14092,Z1546_14094,2231.511962413788
Z1545_14092,Z1546_14095,8926.047849655151
Z1545_14092,Z1546_14096,2975.349283218384
Z1545_14092,Z1547_14087,1487.674641609192
Z1545_14092,Z1547_14089,3347.2679436206818
Z1545_14092,Z1547_14091,20455.52632212639
Z1545_14092,Z1547_14092,4834.942585229874
Z1545_14092,Z1547_14093,9297.96651005745
Z1545_14092,Z1547_14094,10413.722491264343
Z1545_14092,Z1547_14095,5578.77990603447
Z1545_14092,Z1547_14097,371.918660402298
Z1545_14092,Z1548_14087,1115.755981206894
Z1545_14092,Z1548_14089,3719.1866040229797
Z1545_14092,Z1548_14091,1859.5933020114899
Z1545_14092,Z1548_14092,192653.86608839035
Z1545_14092,Z1548_14093,29381.57417178154
Z1545_14092,Z1548_14094,44630.23924827576
Z1545_14092,Z1548_14095,10785.641151666641
Z1545_14092,Z1548_14096,1487.674641609192
Z1545_14092,Z1548_14098,4091.1052644252777
Z1545_14092,Z1548_14101,1487.674641609192
Z1545_14092,Z1549_14088,1487.674641609192
Z1545_14092,Z1549_14092,21571.282303333282
Z1545_14092,Z1549_14093,55043.9617395401
Z1545_14092,Z1549_14094,64341.92824959755
Z1545_14092,Z1549_14095,22687.038284540176
Z1545_14092,Z1549_14096,3347.2679436206818
Z1545_14092,Z1549_14097,5578.77990603447
Z1545_14092,Z1549_14101,2231.511962413788
Z1545_14092,Z1550_14088,371.918660402298
Z1545_14092,Z1550_14090,1487.674641609192
Z1545_14092,Z1550_14091,2975.349283218384
Z1545_14092,Z1550_14092,11157.55981206894
Z1545_14092,Z1550_14093,56531.63638114929
Z1545_14092,Z1550_14094,28265.818190574646
Z1545_14092,Z1550_14095,12273.315793275833
Z1545_14092,Z1550_14097,743.837320804596
Z1545_14092,Z1550_14099,1115.755981206894
Z1545_14092,Z1550_14100,371.918660402298
Z1545_14092,Z1550_14102,371.918660402298
Z1545_14092,Z1551_14086,2231.511962413788
Z1545_14092,Z1551_14090,2231.511962413788
Z1545_14092,Z1551_14092,743.837320804596
Z1545_14092,Z1551_14094,7066.4545476436615
Z1545_14092,Z1551_14095,15992.502397298813
Z1545_14092,Z1552_14088,1487.674641609192
Z1545_14092,Z1552_14092,2603.430622816086
Z1545_14092,Z1552_14094,2231.511962413788
Z1545_14092,Z1552_14095,7438.3732080459595
Z1545_14092,Z1552_14096,4834.942585229874
Z1545_14092,Z1552_14101,371.918660402298
Z1545_14092,Z1552_14102,371.918660402298
Z1545_14092,Z1553_14086,1487.674641609192
Z1545_14092,Z1553_14092,2975.349283218384
Z1545_14092,Z1553_14093,1859.5933020114899
Z1545_14092,Z1553_14096,7438.3732080459595
Z1545_14092,Z1554_14094,1487.674641609192
Z1545_14092,Z1554_14095,371.918660402298
Z1545_14092,Z1554_14097,1115.755981206894
Z1545_14092,Z1554_14098,1859.5933020114899
Z1545_14092,Z1554_14099,371.918660402298
Z1545_14092,Z1554_14100,1859.5933020114899
Z1545_14092,Z1555_14090,1487.674641609192
Z1545_14092,Z1555_14091,371.918660402298
Z1545_14092,Z1555_14093,371.918660402298
Z1545_14092,Z1555_14095,1487.674641609192
Z1545_14092,Z1555_14096,371.918660402298
Z1545_14092,Z1555_14097,1487.674641609192
Z1545_14093,Z1542_14088,6679.863080978394
Z1545_14093,Z1542_14089,1113.310513496399
Z1545_14093,Z1542_14091,13359.726161956787
Z1545_14093,Z1542_14093,13359.726161956787
Z1545_14093,Z1543_14094,66798.63080978394
Z1545_14093,Z1543_14099,1113.310513496399
Z1545_14093,Z1543_14100,4453.242053985596
Z1545_14093,Z1543_14101,6679.863080978394
Z1545_14093,Z1543_14102,13359.726161956787
Z1545_14093,Z1544_14087,6679.863080978394
Z1545_14093,Z1544_14089,7793.1735944747925
Z1545_14093,Z1544_14091,4453.242053985596
Z1545_14093,Z1544_14092,13359.726161956787
Z1545_14093,Z1544_14093,1113.310513496399
Z1545_14093,Z1544_14094,55665.525674819946
Z1545_14093,Z1544_14099,4453.242053985596
Z1545_14093,Z1544_14100,1113.310513496399
Z1545_14093,Z1544_14101,23379.520783424377
Z1545_14093,Z1544_14102,4453.242053985596
Z1545_14093,Z1545_14088,6679.863080978394
Z1545_14093,Z1545_14093,1113.310513496399
Z1545_14093,Z1545_14094,4453.242053985596
Z1545_14093,Z1545_14095,11133.10513496399
Z1545_14093,Z1545_14099,3339.931540489197
Z1545_14093,Z1545_14101,1113.310513496399
Z1545_14093,Z1546_14089,16699.657702445984
Z1545_14093,Z1546_14090,1113.310513496399
Z1545_14093,Z1546_14091,6679.863080978394
Z1545_14093,Z1546_14092,3339.931540489197
Z1545_14093,Z1546_14093,11133.10513496399
Z1545_14093,Z1546_14094,6679.863080978394
Z1545_14093,Z1546_14095,26719.452323913574
Z1545_14093,Z1546_14096,8906.484107971191
Z1545_14093,Z1547_14087,4453.242053985596
Z1545_14093,Z1547_14089,10019.79462146759
Z1545_14093,Z1547_14091,61232.07824230194
Z1545_14093,Z1547_14092,14473.036675453186
Z1545_14093,Z1547_14093,27832.762837409973
Z1545_14093,Z1547_14094,31172.69437789917
Z1545_14093,Z1547_14095,16699.657702445984
Z1545_14093,Z1547_14097,1113.310513496399
Z1545_14093,Z1548_14087,3339.931540489197
Z1545_14093,Z1548_14089,11133.10513496399
Z1545_14093,Z1548_14091,5566.552567481995
Z1545_14093,Z1548_14092,576694.8459911346
Z1545_14093,Z1548_14093,87951.53056621552
Z1545_14093,Z1548_14094,133597.26161956787
Z1545_14093,Z1548_14095,32286.00489139557
Z1545_14093,Z1548_14096,4453.242053985596
Z1545_14093,Z1548_14098,12246.415648460388
Z1545_14093,Z1548_14101,4453.242053985596
Z1545_14093,Z1549_14088,4453.242053985596
Z1545_14093,Z1549_14092,64572.00978279114
Z1545_14093,Z1549_14093,164769.95599746704
Z1545_14093,Z1549_14094,192602.718834877
Z1545_14093,Z1549_14095,67911.94132328033
Z1545_14093,Z1549_14096,10019.79462146759
Z1545_14093,Z1549_14097,16699.657702445984
Z1545_14093,Z1549_14101,6679.863080978394
Z1545_14093,Z1550_14088,1113.310513496399
Z1545_14093,Z1550_14090,4453.242053985596
Z1545_14093,Z1550_14091,8906.484107971191
Z1545_14093,Z1550_14092,33399.31540489197
Z1545_14093,Z1550_14093,169223.19805145264
Z1545_14093,Z1550_14094,84611.59902572632
Z1545_14093,Z1550_14095,36739.246945381165
Z1545_14093,Z1550_14097,2226.621026992798
Z1545_14093,Z1550_14099,3339.931540489197
Z1545_14093,Z1550_14100,1113.310513496399
Z1545_14093,Z1550_14102,1113.310513496399
Z1545_14093,Z1551_14086,6679.863080978394
Z1545_14093,Z1551_14090,6679.863080978394
Z1545_14093,Z1551_14092,2226.621026992798
Z1545_14093,Z1551_14094,21152.89975643158
Z1545_14093,Z1551_14095,47872.352080345154
Z1545_14093,Z1552_14088,4453.242053985596
Z1545_14093,Z1552_14092,7793.1735944747925
Z1545_14093,Z1552_14094,6679.863080978394
Z1545_14093,Z1552_14095,22266.21026992798
Z1545_14093,Z1552_14096,14473.036675453186
Z1545_14093,Z1552_14101,1113.310513496399
Z1545_14093,Z1552_14102,1113.310513496399
Z1545_14093,Z1553_14086,4453.242053985596
Z1545_14093,Z1553_14092,8906.484107971191
Z1545_14093,Z1553_14093,5566.552567481995
Z1545_14093,Z1553_14096,22266.21026992798
Z1545_14093,Z1554_14094,4453.242053985596
Z1545_14093,Z1554_14095,1113.310513496399
Z1545_14093,Z1554_14097,3339.931540489197
Z1545_14093,Z1554_14098,5566.552567481995
Z1545_14093,Z1554_14099,1113.310513496399
Z1545_14093,Z1554_14100,5566.552567481995
Z1545_14093,Z1555_14090,4453.242053985596
Z1545_14093,Z1555_14091,1113.310513496399
Z1545_14093,Z1555_14093,1113.310513496399
Z1545_14093,Z1555_14095,4453.242053985596
Z1545_14093,Z1555_14096,1113.310513496399
Z1545_14093,Z1555_14097,4453.242053985596
Z1545_14094,Z1542_14088,9995.525093078613
Z1545_14094,Z1542_14089,1665.9208488464355
Z1545_14094,Z1542_14091,19991.050186157227
Z1545_14094,Z1542_14093,19991.050186157227
Z1545_14094,Z1543_14094,99955.25093078613
Z1545_14094,Z1543_14099,1665.9208488464355
Z1545_14094,Z1543_14100,6663.683395385742
Z1545_14094,Z1543_14101,9995.525093078613
Z1545_14094,Z1543_14102,19991.050186157227
Z1545_14094,Z1544_14087,9995.525093078613
Z1545_14094,Z1544_14089,11661.445941925049
Z1545_14094,Z1544_14091,6663.683395385742
Z1545_14094,Z1544_14092,19991.050186157227
Z1545_14094,Z1544_14093,1665.9208488464355
Z1545_14094,Z1544_14094,83296.04244232178
Z1545_14094,Z1544_14099,6663.683395385742
Z1545_14094,Z1544_14100,1665.9208488464355
Z1545_14094,Z1544_14101,34984.33782577515
Z1545_14094,Z1544_14102,6663.683395385742
Z1545_14094,Z1545_14088,9995.525093078613
Z1545_14094,Z1545_14093,1665.9208488464355
Z1545_14094,Z1545_14094,6663.683395385742
Z1545_14094,Z1545_14095,16659.208488464355
Z1545_14094,Z1545_14099,4997.762546539307
Z1545_14094,Z1545_14101,1665.9208488464355
Z1545_14094,Z1546_14089,24988.812732696533
Z1545_14094,Z1546_14090,1665.9208488464355
Z1545_14094,Z1546_14091,9995.525093078613
Z1545_14094,Z1546_14092,4997.762546539307
Z1545_14094,Z1546_14093,16659.208488464355
Z1545_14094,Z1546_14094,9995.525093078613
Z1545_14094,Z1546_14095,39982.10037231445
Z1545_14094,Z1546_14096,13327.366790771484
Z1545_14094,Z1547_14087,6663.683395385742
Z1545_14094,Z1547_14089,14993.28763961792
Z1545_14094,Z1547_14091,91625.64668655396
Z1545_14094,Z1547_14092,21656.971035003662
Z1545_14094,Z1547_14093,41648.02122116089
Z1545_14094,Z1547_14094,46645.783767700195
Z1545_14094,Z1547_14095,24988.812732696533
Z1545_14094,Z1547_14097,1665.9208488464355
Z1545_14094,Z1548_14087,4997.762546539307
Z1545_14094,Z1548_14089,16659.208488464355
Z1545_14094,Z1548_14091,8329.604244232178
Z1545_14094,Z1548_14092,862946.9997024536
Z1545_14094,Z1548_14093,131607.7470588684
Z1545_14094,Z1548_14094,199910.50186157227
Z1545_14094,Z1548_14095,48311.70461654663
Z1545_14094,Z1548_14096,6663.683395385742
Z1545_14094,Z1548_14098,18325.12933731079
Z1545_14094,Z1548_14101,6663.683395385742
Z1545_14094,Z1549_14088,6663.683395385742
Z1545_14094,Z1549_14092,96623.40923309326
Z1545_14094,Z1549_14093,246556.28562927246
Z1545_14094,Z1549_14094,288204.30685043335
Z1545_14094,Z1549_14095,101621.17177963257
Z1545_14094,Z1549_14096,14993.28763961792
Z1545_14094,Z1549_14097,24988.812732696533
Z1545_14094,Z1549_14101,9995.525093078613
Z1545_14094,Z1550_14088,1665.9208488464355
Z1545_14094,Z1550_14090,6663.683395385742
Z1545_14094,Z1550_14091,13327.366790771484
Z1545_14094,Z1550_14092,49977.62546539307
Z1545_14094,Z1550_14093,253219.9690246582
Z1545_14094,Z1550_14094,126609.9845123291
Z1545_14094,Z1550_14095,54975.38801193237
Z1545_14094,Z1550_14097,3331.841697692871
Z1545_14094,Z1550_14099,4997.762546539307
Z1545_14094,Z1550_14100,1665.9208488464355
Z1545_14094,Z1550_14102,1665.9208488464355
Z1545_14094,Z1551_14086,9995.525093078613
Z1545_14094,Z1551_14090,9995.525093078613
Z1545_14094,Z1551_14092,3331.841697692871
Z1545_14094,Z1551_14094,31652.496128082275
Z1545_14094,Z1551_14095,71634.59650039673
Z1545_14094,Z1552_14088,6663.683395385742
Z1545_14094,Z1552_14092,11661.445941925049
Z1545_14094,Z1552_14094,9995.525093078613
Z1545_14094,Z1552_14095,33318.41697692871
Z1545_14094,Z1552_14096,21656.971035003662
Z1545_14094,Z1552_14101,1665.9208488464355
Z1545_14094,Z1552_14102,1665.9208488464355
Z1545_14094,Z1553_14086,6663.683395385742
Z1545_14094,Z1553_14092,13327.366790771484
Z1545_14094,Z1553_14093,8329.604244232178
Z1545_14094,Z1553_14096,33318.41697692871
Z1545_14094,Z1554_14094,6663.683395385742
Z1545_14094,Z1554_14095,1665.9208488464355
Z1545_14094,Z1554_14097,4997.762546539307
Z1545_14094,Z1554_14098,8329.604244232178
Z1545_14094,Z1554_14099,1665.9208488464355
Z1545_14094,Z1554_14100,8329.604244232178
Z1545_14094,Z1555_14090,6663.683395385742
Z1545_14094,Z1555_14091,1665.9208488464355
Z1545_14094,Z1555_14093,1665.9208488464355
Z1545_14094,Z1555_14095,6663.683395385742
Z1545_14094,Z1555_14096,1665.9208488464355
Z1545_14094,Z1555_14097,6663.683395385742
Z1545_14095,Z1542_14088,6811.861238479614
Z1545_14095,Z1542_14089,1135.310206413269
Z1545_14095,Z1542_14091,13623.722476959229
Z1545_14095,Z1542_14093,13623.722476959229
Z1545_14095,Z1543_14094,68118.61238479614
Z1545_14095,Z1543_14099,1135.310206413269
Z1545_14095,Z1543_14100,4541.240825653076
Z1545_14095,Z1543_14101,6811.861238479614
Z1545_14095,Z1543_14102,13623.722476959229
Z1545_14095,Z1544_14087,6811.861238479614
Z1545_14095,Z1544_14089,7947.171444892883
Z1545_14095,Z1544_14091,4541.240825653076
Z1545_14095,Z1544_14092,13623.722476959229
Z1545_14095,Z1544_14093,1135.310206413269
Z1545_14095,Z1544_14094,56765.51032066345
Z1545_14095,Z1544_14099,4541.240825653076
Z1545_14095,Z1544_14100,1135.310206413269
Z1545_14095,Z1544_14101,23841.51433467865
Z1545_14095,Z1544_14102,4541.240825653076
Z1545_14095,Z1545_14088,6811.861238479614
Z1545_14095,Z1545_14093,1135.310206413269
Z1545_14095,Z1545_14094,4541.240825653076
Z1545_14095,Z1545_14095,11353.10206413269
Z1545_14095,Z1545_14099,3405.930619239807
Z1545_14095,Z1545_14101,1135.310206413269
Z1545_14095,Z1546_14089,17029.653096199036
Z1545_14095,Z1546_14090,1135.310206413269
Z1545_14095,Z1546_14091,6811.861238479614
Z1545_14095,Z1546_14092,3405.930619239807
Z1545_14095,Z1546_14093,11353.10206413269
Z1545_14095,Z1546_14094,6811.861238479614
Z1545_14095,Z1546_14095,27247.444953918457
Z1545_14095,Z1546_14096,9082.481651306152
Z1545_14095,Z1547_14087,4541.240825653076
Z1545_14095,Z1547_14089,10217.791857719421
Z1545_14095,Z1547_14091,62442.0613527298
Z1545_14095,Z1547_14092,14759.032683372498
Z1545_14095,Z1547_14093,28382.755160331726
Z1545_14095,Z1547_14094,31788.685779571533
Z1545_14095,Z1547_14095,17029.653096199036
Z1545_14095,Z1547_14097,1135.310206413269
Z1545_14095,Z1548_14087,3405.930619239807
Z1545_14095,Z1548_14089,11353.10206413269
Z1545_14095,Z1548_14091,5676.551032066345
Z1545_14095,Z1548_14092,588090.6869220734
Z1545_14095,Z1548_14093,89689.50630664825
Z1545_14095,Z1548_14094,136237.22476959229
Z1545_14095,Z1548_14095,32923.9959859848
Z1545_14095,Z1548_14096,4541.240825653076
Z1545_14095,Z1548_14098,12488.41227054596
Z1545_14095,Z1548_14101,4541.240825653076
Z1545_14095,Z1549_14088,4541.240825653076
Z1545_14095,Z1549_14092,65847.9919719696
Z1545_14095,Z1549_14093,168025.91054916382
Z1545_14095,Z1549_14094,196408.66570949554
Z1545_14095,Z1549_14095,69253.92259120941
Z1545_14095,Z1549_14096,10217.791857719421
Z1545_14095,Z1549_14097,17029.653096199036
Z1545_14095,Z1549_14101,6811.861238479614
Z1545_14095,Z1550_14088,1135.310206413269
Z1545_14095,Z1550_14090,4541.240825653076
Z1545_14095,Z1550_14091,9082.481651306152
Z1545_14095,Z1550_14092,34059.30619239807
Z1545_14095,Z1550_14093,172567.1513748169
Z1545_14095,Z1550_14094,86283.57568740845
Z1545_14095,Z1550_14095,37465.23681163788
Z1545_14095,Z1550_14097,2270.620412826538
Z1545_14095,Z1550_14099,3405.930619239807
Z1545_14095,Z1550_14100,1135.310206413269
Z1545_14095,Z1550_14102,1135.310206413269
Z1545_14095,Z1551_14086,6811.861238479614
Z1545_14095,Z1551_14090,6811.861238479614
Z1545_14095,Z1551_14092,2270.620412826538
Z1545_14095,Z1551_14094,21570.89392185211
Z1545_14095,Z1551_14095,48818.33887577057
Z1545_14095,Z1552_14088,4541.240825653076
Z1545_14095,Z1552_14092,7947.171444892883
Z1545_14095,Z1552_14094,6811.861238479614
Z1545_14095,Z1552_14095,22706.20412826538
Z1545_14095,Z1552_14096,14759.032683372498
Z1545_14095,Z1552_14101,1135.310206413269
Z1545_14095,Z1552_14102,1135.310206413269
Z1545_14095,Z1553_14086,4541.240825653076
Z1545_14095,Z1553_14092,9082.481651306152
Z1545_14095,Z1553_14093,5676.551032066345
Z1545_14095,Z1553_14096,22706.20412826538
Z1545_14095,Z1554_14094,4541.240825653076
Z1545_14095,Z1554_14095,1135.310206413269
Z1545_14095,Z1554_14097,3405.930619239807
Z1545_14095,Z1554_14098,5676.551032066345
Z1545_14095,Z1554_14099,1135.310206413269
Z1545_14095,Z1554_14100,5676.551032066345
Z1545_14095,Z1555_14090,4541.240825653076
Z1545_14095,Z1555_14091,1135.310206413269
Z1545_14095,Z1555_14093,1135.310206413269
Z1545_14095,Z1555_14095,4541.240825653076
Z1545_14095,Z1555_14096,1135.310206413269
Z1545_14095,Z1555_14097,4541.240825653076
Z1545_14096,Z1542_14088,3314.3791222572327
Z1545_14096,Z1542_14089,552.3965203762054
Z1545_14096,Z1542_14091,6628.758244514465
Z1545_14096,Z1542_14093,6628.758244514465
Z1545_14096,Z1543_14094,33143.79122257233
Z1545_14096,Z1543_14099,552.3965203762054
Z1545_14096,Z1543_14100,2209.586081504822
Z1545_14096,Z1543_14101,3314.3791222572327
Z1545_14096,Z1543_14102,6628.758244514465
Z1545_14096,Z1544_14087,3314.3791222572327
Z1545_14096,Z1544_14089,3866.775642633438
Z1545_14096,Z1544_14091,2209.586081504822
Z1545_14096,Z1544_14092,6628.758244514465
Z1545_14096,Z1544_14093,552.3965203762054
Z1545_14096,Z1544_14094,27619.826018810272
Z1545_14096,Z1544_14099,2209.586081504822
Z1545_14096,Z1544_14100,552.3965203762054
Z1545_14096,Z1544_14101,11600.326927900314
Z1545_14096,Z1544_14102,2209.586081504822
Z1545_14096,Z1545_14088,3314.3791222572327
Z1545_14096,Z1545_14093,552.3965203762054
Z1545_14096,Z1545_14094,2209.586081504822
Z1545_14096,Z1545_14095,5523.965203762054
Z1545_14096,Z1545_14099,1657.1895611286163
Z1545_14096,Z1545_14101,552.3965203762054
Z1545_14096,Z1546_14089,8285.947805643082
Z1545_14096,Z1546_14090,552.3965203762054
Z1545_14096,Z1546_14091,3314.3791222572327
Z1545_14096,Z1546_14092,1657.1895611286163
Z1545_14096,Z1546_14093,5523.965203762054
Z1545_14096,Z1546_14094,3314.3791222572327
Z1545_14096,Z1546_14095,13257.51648902893
Z1545_14096,Z1546_14096,4419.172163009644
Z1545_14096,Z1547_14087,2209.586081504822
Z1545_14096,Z1547_14089,4971.568683385849
Z1545_14096,Z1547_14091,30381.8086206913
Z1545_14096,Z1547_14092,7181.154764890671
Z1545_14096,Z1547_14093,13809.913009405136
Z1545_14096,Z1547_14094,15467.102570533752
Z1545_14096,Z1547_14095,8285.947805643082
Z1545_14096,Z1547_14097,552.3965203762054
Z1545_14096,Z1548_14087,1657.1895611286163
Z1545_14096,Z1548_14089,5523.965203762054
Z1545_14096,Z1548_14091,2761.982601881027
Z1545_14096,Z1548_14092,286141.3975548744
Z1545_14096,Z1548_14093,43639.32510972023
Z1545_14096,Z1548_14094,66287.58244514465
Z1545_14096,Z1548_14095,16019.499090909958
Z1545_14096,Z1548_14096,2209.586081504822
Z1545_14096,Z1548_14098,6076.36172413826
Z1545_14096,Z1548_14101,2209.586081504822
Z1545_14096,Z1549_14088,2209.586081504822
Z1545_14096,Z1549_14092,32038.998181819916
Z1545_14096,Z1549_14093,81754.6850156784
Z1545_14096,Z1549_14094,95564.59802508354
Z1545_14096,Z1549_14095,33696.18774294853
Z1545_14096,Z1549_14096,4971.568683385849
Z1545_14096,Z1549_14097,8285.947805643082
Z1545_14096,Z1549_14101,3314.3791222572327
Z1545_14096,Z1550_14088,552.3965203762054
Z1545_14096,Z1550_14090,2209.586081504822
Z1545_14096,Z1550_14091,4419.172163009644
Z1545_14096,Z1550_14092,16571.895611286163
Z1545_14096,Z1550_14093,83964.27109718323
Z1545_14096,Z1550_14094,41982.135548591614
Z1545_14096,Z1550_14095,18229.08517241478
Z1545_14096,Z1550_14097,1104.793040752411
Z1545_14096,Z1550_14099,1657.1895611286163
Z1545_14096,Z1550_14100,552.3965203762054
Z1545_14096,Z1550_14102,552.3965203762054
Z1545_14096,Z1551_14086,3314.3791222572327
Z1545_14096,Z1551_14090,3314.3791222572327
Z1545_14096,Z1551_14092,1104.793040752411
Z1545_14096,Z1551_14094,10495.533887147903
Z1545_14096,Z1551_14095,23753.050376176834
Z1545_14096,Z1552_14088,2209.586081504822
Z1545_14096,Z1552_14092,3866.775642633438
Z1545_14096,Z1552_14094,3314.3791222572327
Z1545_14096,Z1552_14095,11047.930407524109
Z1545_14096,Z1552_14096,7181.154764890671
Z1545_14096,Z1552_14101,552.3965203762054
Z1545_14096,Z1552_14102,552.3965203762054
Z1545_14096,Z1553_14086,2209.586081504822
Z1545_14096,Z1553_14092,4419.172163009644
Z1545_14096,Z1553_14093,2761.982601881027
Z1545_14096,Z1553_14096,11047.930407524109
Z1545_14096,Z1554_14094,2209.586081504822
Z1545_14096,Z1554_14095,552.3965203762054
Z1545_14096,Z1554_14097,1657.1895611286163
Z1545_14096,Z1554_14098,2761.982601881027
Z1545_14096,Z1554_14099,552.3965203762054
Z1545_14096,Z1554_14100,2761.982601881027
Z1545_14096,Z1555_14090,2209.586081504822
Z1545_14096,Z1555_14091,552.3965203762054
Z1545_14096,Z1555_14093,552.3965203762054
Z1545_14096,Z1555_14095,2209.586081504822
Z1545_14096,Z1555_14096,552.3965203762054
Z1545_14096,Z1555_14097,2209.586081504822
Z1545_14097,Z1542_14088,2135.5874061584473
Z1545_14097,Z1542_14089,355.9312343597412
Z1545_14097,Z1542_14091,4271.1748123168945
Z1545_14097,Z1542_14093,4271.1748123168945
Z1545_14097,Z1543_14094,21355.874061584473
Z1545_14097,Z1543_14099,355.9312343597412
Z1545_14097,Z1543_14100,1423.7249374389648
Z1545_14097,Z1543_14101,2135.5874061584473
Z1545_14097,Z1543_14102,4271.1748123168945
Z1545_14097,Z1544_14087,2135.5874061584473
Z1545_14097,Z1544_14089,2491.5186405181885
Z1545_14097,Z1544_14091,1423.7249374389648
Z1545_14097,Z1544_14092,4271.1748123168945
Z1545_14097,Z1544_14093,355.9312343597412
Z1545_14097,Z1544_14094,17796.56171798706
Z1545_14097,Z1544_14099,1423.7249374389648
Z1545_14097,Z1544_14100,355.9312343597412
Z1545_14097,Z1544_14101,7474.555921554565
Z1545_14097,Z1544_14102,1423.7249374389648
Z1545_14097,Z1545_14088,2135.5874061584473
Z1545_14097,Z1545_14093,355.9312343597412
Z1545_14097,Z1545_14094,1423.7249374389648
Z1545_14097,Z1545_14095,3559.312343597412
Z1545_14097,Z1545_14099,1067.7937030792236
Z1545_14097,Z1545_14101,355.9312343597412
Z1545_14097,Z1546_14089,5338.968515396118
Z1545_14097,Z1546_14090,355.9312343597412
Z1545_14097,Z1546_14091,2135.5874061584473
Z1545_14097,Z1546_14092,1067.7937030792236
Z1545_14097,Z1546_14093,3559.312343597412
Z1545_14097,Z1546_14094,2135.5874061584473
Z1545_14097,Z1546_14095,8542.349624633789
Z1545_14097,Z1546_14096,2847.4498748779297
Z1545_14097,Z1547_14087,1423.7249374389648
Z1545_14097,Z1547_14089,3203.381109237671
Z1545_14097,Z1547_14091,19576.217889785767
Z1545_14097,Z1547_14092,4627.106046676636
Z1545_14097,Z1547_14093,8898.28085899353
Z1545_14097,Z1547_14094,9966.074562072754
Z1545_14097,Z1547_14095,5338.968515396118
Z1545_14097,Z1547_14097,355.9312343597412
Z1545_14097,Z1548_14087,1067.7937030792236
Z1545_14097,Z1548_14089,3559.312343597412
Z1545_14097,Z1548_14091,1779.656171798706
Z1545_14097,Z1548_14092,184372.37939834595
Z1545_14097,Z1548_14093,28118.567514419556
Z1545_14097,Z1548_14094,42711.748123168945
Z1545_14097,Z1548_14095,10322.005796432495
Z1545_14097,Z1548_14096,1423.7249374389648
Z1545_14097,Z1548_14098,3915.2435779571533
Z1545_14097,Z1548_14101,1423.7249374389648
Z1545_14097,Z1549_14088,1423.7249374389648
Z1545_14097,Z1549_14092,20644.01159286499
Z1545_14097,Z1549_14093,52677.8226852417
Z1545_14097,Z1549_14094,61576.10354423523
Z1545_14097,Z1549_14095,21711.805295944214
Z1545_14097,Z1549_14096,3203.381109237671
Z1545_14097,Z1549_14097,5338.968515396118
Z1545_14097,Z1549_14101,2135.5874061584473
Z1545_14097,Z1550_14088,355.9312343597412
Z1545_14097,Z1550_14090,1423.7249374389648
Z1545_14097,Z1550_14091,2847.4498748779297
Z1545_14097,Z1550_14092,10677.937030792236
Z1545_14097,Z1550_14093,54101.547622680664
Z1545_14097,Z1550_14094,27050.773811340332
Z1545_14097,Z1550_14095,11745.73073387146
Z1545_14097,Z1550_14097,711.8624687194824
Z1545_14097,Z1550_14099,1067.7937030792236
Z1545_14097,Z1550_14100,355.9312343597412
Z1545_14097,Z1550_14102,355.9312343597412
Z1545_14097,Z1551_14086,2135.5874061584473
Z1545_14097,Z1551_14090,2135.5874061584473
Z1545_14097,Z1551_14092,711.8624687194824
Z1545_14097,Z1551_14094,6762.693452835083
Z1545_14097,Z1551_14095,15305.043077468872
Z1545_14097,Z1552_14088,1423.7249374389648
Z1545_14097,Z1552_14092,2491.5186405181885
Z1545_14097,Z1552_14094,2135.5874061584473
Z1545_14097,Z1552_14095,7118.624687194824
Z1545_14097,Z1552_14096,4627.106046676636
Z1545_14097,Z1552_14101,355.9312343597412
Z1545_14097,Z1552_14102,355.9312343597412
Z1545_14097,Z1553_14086,1423.7249374389648
Z1545_14097,Z1553_14092,2847.4498748779297
Z1545_14097,Z1553_14093,1779.656171798706
Z1545_14097,Z1553_14096,7118.624687194824
Z1545_14097,Z1554_14094,1423.7249374389648
Z1545_14097,Z1554_14095,355.9312343597412
Z1545_14097,Z1554_14097,1067.7937030792236
Z1545_14097,Z1554_14098,1779.656171798706
Z1545_14097,Z1554_14099,355.9312343597412
Z1545_14097,Z1554_14100,1779.656171798706
Z1545_14097,Z1555_14090,1423.7249374389648
Z1545_14097,Z1555_14091,355.9312343597412
Z1545_14097,Z1555_14093,355.9312343597412
Z1545_14097,Z1555_14095,1423.7249374389648
Z1545_14097,Z1555_14096,355.9312343597412
Z1545_14097,Z1555_14097,1423.7249374389648
Z1545_14098,Z1542_14088,3617.952175140381
Z1545_14098,Z1542_14089,602.9920291900635
Z1545_14098,Z1542_14091,7235.904350280762
Z1545_14098,Z1542_14093,7235.904350280762
Z1545_14098,Z1543_14094,36179.52175140381
Z1545_14098,Z1543_14099,602.9920291900635
Z1545_14098,Z1543_14100,2411.968116760254
Z1545_14098,Z1543_14101,3617.952175140381
Z1545_14098,Z1543_14102,7235.904350280762
Z1545_14098,Z1544_14087,3617.952175140381
Z1545_14098,Z1544_14089,4220.944204330444
Z1545_14098,Z1544_14091,2411.968116760254
Z1545_14098,Z1544_14092,7235.904350280762
Z1545_14098,Z1544_14093,602.9920291900635
Z1545_14098,Z1544_14094,30149.601459503174
Z1545_14098,Z1544_14099,2411.968116760254
Z1545_14098,Z1544_14100,602.9920291900635
Z1545_14098,Z1544_14101,12662.832612991333
Z1545_14098,Z1544_14102,2411.968116760254
Z1545_14098,Z1545_14088,3617.952175140381
Z1545_14098,Z1545_14093,602.9920291900635
Z1545_14098,Z1545_14094,2411.968116760254
Z1545_14098,Z1545_14095,6029.920291900635
Z1545_14098,Z1545_14099,1808.9760875701904
Z1545_14098,Z1545_14101,602.9920291900635
Z1545_14098,Z1546_14089,9044.880437850952
Z1545_14098,Z1546_14090,602.9920291900635
Z1545_14098,Z1546_14091,3617.952175140381
Z1545_14098,Z1546_14092,1808.9760875701904
Z1545_14098,Z1546_14093,6029.920291900635
Z1545_14098,Z1546_14094,3617.952175140381
Z1545_14098,Z1546_14095,14471.808700561523
Z1545_14098,Z1546_14096,4823.936233520508
Z1545_14098,Z1547_14087,2411.968116760254
Z1545_14098,Z1547_14089,5426.928262710571
Z1545_14098,Z1547_14091,33164.56160545349
Z1545_14098,Z1547_14092,7838.896379470825
Z1545_14098,Z1547_14093,15074.800729751587
Z1545_14098,Z1547_14094,16883.776817321777
Z1545_14098,Z1547_14095,9044.880437850952
Z1545_14098,Z1547_14097,602.9920291900635
Z1545_14098,Z1548_14087,1808.9760875701904
Z1545_14098,Z1548_14089,6029.920291900635
Z1545_14098,Z1548_14091,3014.9601459503174
Z1545_14098,Z1548_14092,312349.8711204529
Z1545_14098,Z1548_14093,47636.370306015015
Z1545_14098,Z1548_14094,72359.04350280762
Z1545_14098,Z1548_14095,17486.76884651184
Z1545_14098,Z1548_14096,2411.968116760254
Z1545_14098,Z1548_14098,6632.912321090698
Z1545_14098,Z1548_14101,2411.968116760254
Z1545_14098,Z1549_14088,2411.968116760254
Z1545_14098,Z1549_14092,34973.53769302368
Z1545_14098,Z1549_14093,89242.8203201294
Z1545_14098,Z1549_14094,104317.62104988098
Z1545_14098,Z1549_14095,36782.51378059387
Z1545_14098,Z1549_14096,5426.928262710571
Z1545_14098,Z1549_14097,9044.880437850952
Z1545_14098,Z1549_14101,3617.952175140381
Z1545_14098,Z1550_14088,602.9920291900635
Z1545_14098,Z1550_14090,2411.968116760254
Z1545_14098,Z1550_14091,4823.936233520508
Z1545_14098,Z1550_14092,18089.760875701904
Z1545_14098,Z1550_14093,91654.78843688965
Z1545_14098,Z1550_14094,45827.394218444824
Z1545_14098,Z1550_14095,19898.736963272095
Z1545_14098,Z1550_14097,1205.984058380127
Z1545_14098,Z1550_14099,1808.9760875701904
Z1545_14098,Z1550_14100,602.9920291900635
Z1545_14098,Z1550_14102,602.9920291900635
Z1545_14098,Z1551_14086,3617.952175140381
Z1545_14098,Z1551_14090,3617.952175140381
Z1545_14098,Z1551_14092,1205.984058380127
Z1545_14098,Z1551_14094,11456.848554611206
Z1545_14098,Z1551_14095,25928.65725517273
Z1545_14098,Z1552_14088,2411.968116760254
Z1545_14098,Z1552_14092,4220.944204330444
Z1545_14098,Z1552_14094,3617.952175140381
Z1545_14098,Z1552_14095,12059.84058380127
Z1545_14098,Z1552_14096,7838.896379470825
Z1545_14098,Z1552_14101,602.9920291900635
Z1545_14098,Z1552_14102,602.9920291900635
Z1545_14098,Z1553_14086,2411.968116760254
Z1545_14098,Z1553_14092,4823.936233520508
Z1545_14098,Z1553_14093,3014.9601459503174
Z1545_14098,Z1553_14096,12059.84058380127
Z1545_14098,Z1554_14094,2411.968116760254
Z1545_14098,Z1554_14095,602.9920291900635
Z1545_14098,Z1554_14097,1808.9760875701904
Z1545_14098,Z1554_14098,3014.9601459503174
Z1545_14098,Z1554_14099,602.9920291900635
Z1545_14098,Z1554_14100,3014.9601459503174
Z1545_14098,Z1555_14090,2411.968116760254
Z1545_14098,Z1555_14091,602.9920291900635
Z1545_14098,Z1555_14093,602.9920291900635
Z1545_14098,Z1555_14095,2411.968116760254
Z1545_14098,Z1555_14096,602.9920291900635
Z1545_14098,Z1555_14097,2411.968116760254
Z1545_14099,Z1542_14088,6540.027151107788
Z1545_14099,Z1542_14089,1090.0045251846313
Z1545_14099,Z1542_14091,13080.054302215576
Z1545_14099,Z1542_14093,13080.054302215576
Z1545_14099,Z1543_14094,65400.27151107788
Z1545_14099,Z1543_14099,1090.0045251846313
Z1545_14099,Z1543_14100,4360.018100738525
Z1545_14099,Z1543_14101,6540.027151107788
Z1545_14099,Z1543_14102,13080.054302215576
Z1545_14099,Z1544_14087,6540.027151107788
Z1545_14099,Z1544_14089,7630.031676292419
Z1545_14099,Z1544_14091,4360.018100738525
Z1545_14099,Z1544_14092,13080.054302215576
Z1545_14099,Z1544_14093,1090.0045251846313
Z1545_14099,Z1544_14094,54500.22625923157
Z1545_14099,Z1544_14099,4360.018100738525
Z1545_14099,Z1544_14100,1090.0045251846313
Z1545_14099,Z1544_14101,22890.09502887726
Z1545_14099,Z1544_14102,4360.018100738525
Z1545_14099,Z1545_14088,6540.027151107788
Z1545_14099,Z1545_14093,1090.0045251846313
Z1545_14099,Z1545_14094,4360.018100738525
Z1545_14099,Z1545_14095,10900.045251846313
Z1545_14099,Z1545_14099,3270.013575553894
Z1545_14099,Z1545_14101,1090.0045251846313
Z1545_14099,Z1546_14089,16350.06787776947
Z1545_14099,Z1546_14090,1090.0045251846313
Z1545_14099,Z1546_14091,6540.027151107788
Z1545_14099,Z1546_14092,3270.013575553894
Z1545_14099,Z1546_14093,10900.045251846313
Z1545_14099,Z1546_14094,6540.027151107788
Z1545_14099,Z1546_14095,26160.108604431152
Z1545_14099,Z1546_14096,8720.03620147705
Z1545_14099,Z1547_14087,4360.018100738525
Z1545_14099,Z1547_14089,9810.040726661682
Z1545_14099,Z1547_14091,59950.248885154724
Z1545_14099,Z1547_14092,14170.058827400208
Z1545_14099,Z1547_14093,27250.113129615784
Z1545_14099,Z1547_14094,30520.126705169678
Z1545_14099,Z1547_14095,16350.06787776947
Z1545_14099,Z1547_14097,1090.0045251846313
Z1545_14099,Z1548_14087,3270.013575553894
Z1545_14099,Z1548_14089,10900.045251846313
Z1545_14099,Z1548_14091,5450.022625923157
Z1545_14099,Z1548_14092,564622.344045639
Z1545_14099,Z1548_14093,86110.35748958588
Z1545_14099,Z1548_14094,130800.54302215576
Z1545_14099,Z1548_14095,31610.13123035431
Z1545_14099,Z1548_14096,4360.018100738525
Z1545_14099,Z1548_14098,11990.049777030945
Z1545_14099,Z1548_14101,4360.018100738525
Z1545_14099,Z1549_14088,4360.018100738525
Z1545_14099,Z1549_14092,63220.26246070862
Z1545_14099,Z1549_14093,161320.66972732544
Z1545_14099,Z1549_14094,188570.78285694122
Z1545_14099,Z1549_14095,66490.27603626251
Z1545_14099,Z1549_14096,9810.040726661682
Z1545_14099,Z1549_14097,16350.06787776947
Z1545_14099,Z1549_14101,6540.027151107788
Z1545_14099,Z1550_14088,1090.0045251846313
Z1545_14099,Z1550_14090,4360.018100738525
Z1545_14099,Z1550_14091,8720.03620147705
Z1545_14099,Z1550_14092,32700.13575553894
Z1545_14099,Z1550_14093,165680.68782806396
Z1545_14099,Z1550_14094,82840.34391403198
Z1545_14099,Z1550_14095,35970.149331092834
Z1545_14099,Z1550_14097,2180.0090503692627
Z1545_14099,Z1550_14099,3270.013575553894
Z1545_14099,Z1550_14100,1090.0045251846313
Z1545_14099,Z1550_14102,1090.0045251846313
Z1545_14099,Z1551_14086,6540.027151107788
Z1545_14099,Z1551_14090,6540.027151107788
Z1545_14099,Z1551_14092,2180.0090503692627
Z1545_14099,Z1551_14094,20710.085978507996
Z1545_14099,Z1551_14095,46870.19458293915
Z1545_14099,Z1552_14088,4360.018100738525
Z1545_14099,Z1552_14092,7630.031676292419
Z1545_14099,Z1552_14094,6540.027151107788
Z1545_14099,Z1552_14095,21800.090503692627
Z1545_14099,Z1552_14096,14170.058827400208
Z1545_14099,Z1552_14101,1090.0045251846313
Z1545_14099,Z1552_14102,1090.0045251846313
Z1545_14099,Z1553_14086,4360.018100738525
Z1545_14099,Z1553_14092,8720.03620147705
Z1545_14099,Z1553_14093,5450.022625923157
Z1545_14099,Z1553_14096,21800.090503692627
Z1545_14099,Z1554_14094,4360.018100738525
Z1545_14099,Z1554_14095,1090.0045251846313
Z1545_14099,Z1554_14097,3270.013575553894
Z1545_14099,Z1554_14098,5450.022625923157
Z1545_14099,Z1554_14099,1090.0045251846313
Z1545_14099,Z1554_14100,5450.022625923157
Z1545_14099,Z1555_14090,4360.018100738525
Z1545_14099,Z1555_14091,1090.0045251846313
Z1545_14099,Z1555_14093,1090.0045251846313
Z1545_14099,Z1555_14095,4360.018100738525
Z1545_14099,Z1555_14096,1090.0045251846313
Z1545_14099,Z1555_14097,4360.018100738525
Z1545_14100,Z1542_14088,3365.621738433838
Z1545_14100,Z1542_14089,560.9369564056396
Z1545_14100,Z1542_14091,6731.243476867676
Z1545_14100,Z1542_14093,6731.243476867676
Z1545_14100,Z1543_14094,33656.21738433838
Z1545_14100,Z1543_14099,560.9369564056396
Z1545_14100,Z1543_14100,2243.7478256225586
Z1545_14100,Z1543_14101,3365.621738433838
Z1545_14100,Z1543_14102,6731.243476867676
Z1545_14100,Z1544_14087,3365.621738433838
Z1545_14100,Z1544_14089,3926.5586948394775
Z1545_14100,Z1544_14091,2243.7478256225586
Z1545_14100,Z1544_14092,6731.243476867676
Z1545_14100,Z1544_14093,560.9369564056396
Z1545_14100,Z1544_14094,28046.847820281982
Z1545_14100,Z1544_14099,2243.7478256225586
Z1545_14100,Z1544_14100,560.9369564056396
Z1545_14100,Z1544_14101,11779.676084518433
Z1545_14100,Z1544_14102,2243.7478256225586
Z1545_14100,Z1545_14088,3365.621738433838
Z1545_14100,Z1545_14093,560.9369564056396
Z1545_14100,Z1545_14094,2243.7478256225586
Z1545_14100,Z1545_14095,5609.3695640563965
Z1545_14100,Z1545_14099,1682.810869216919
Z1545_14100,Z1545_14101,560.9369564056396
Z1545_14100,Z1546_14089,8414.054346084595
Z1545_14100,Z1546_14090,560.9369564056396
Z1545_14100,Z1546_14091,3365.621738433838
Z1545_14100,Z1546_14092,1682.810869216919
Z1545_14100,Z1546_14093,5609.3695640563965
Z1545_14100,Z1546_14094,3365.621738433838
Z1545_14100,Z1546_14095,13462.486953735352
Z1545_14100,Z1546_14096,4487.495651245117
Z1545_14100,Z1547_14087,2243.7478256225586
Z1545_14100,Z1547_14089,5048.432607650757
Z1545_14100,Z1547_14091,30851.53260231018
Z1545_14100,Z1547_14092,7292.180433273315
Z1545_14100,Z1547_14093,14023.423910140991
Z1545_14100,Z1547_14094,15706.23477935791
Z1545_14100,Z1547_14095,8414.054346084595
Z1545_14100,Z1547_14097,560.9369564056396
Z1545_14100,Z1548_14087,1682.810869216919
Z1545_14100,Z1548_14089,5609.3695640563965
Z1545_14100,Z1548_14091,2804.6847820281982
Z1545_14100,Z1548_14092,290565.34341812134
Z1545_14100,Z1548_14093,44314.01955604553
Z1545_14100,Z1548_14094,67312.43476867676
Z1545_14100,Z1548_14095,16267.17173576355
Z1545_14100,Z1548_14096,2243.7478256225586
Z1545_14100,Z1548_14098,6170.306520462036
Z1545_14100,Z1548_14101,2243.7478256225586
Z1545_14100,Z1549_14088,2243.7478256225586
Z1545_14100,Z1549_14092,32534.3434715271
Z1545_14100,Z1549_14093,83018.66954803467
Z1545_14100,Z1549_14094,97042.09345817566
Z1545_14100,Z1549_14095,34217.15434074402
Z1545_14100,Z1549_14096,5048.432607650757
Z1545_14100,Z1549_14097,8414.054346084595
Z1545_14100,Z1549_14101,3365.621738433838
Z1545_14100,Z1550_14088,560.9369564056396
Z1545_14100,Z1550_14090,2243.7478256225586
Z1545_14100,Z1550_14091,4487.495651245117
Z1545_14100,Z1550_14092,16828.10869216919
Z1545_14100,Z1550_14093,85262.41737365723
Z1545_14100,Z1550_14094,42631.20868682861
Z1545_14100,Z1550_14095,18510.91956138611
Z1545_14100,Z1550_14097,1121.8739128112793
Z1545_14100,Z1550_14099,1682.810869216919
Z1545_14100,Z1550_14100,560.9369564056396
Z1545_14100,Z1550_14102,560.9369564056396
Z1545_14100,Z1551_14086,3365.621738433838
Z1545_14100,Z1551_14090,3365.621738433838
Z1545_14100,Z1551_14092,1121.8739128112793
Z1545_14100,Z1551_14094,10657.802171707153
Z1545_14100,Z1551_14095,24120.289125442505
Z1545_14100,Z1552_14088,2243.7478256225586
Z1545_14100,Z1552_14092,3926.5586948394775
Z1545_14100,Z1552_14094,3365.621738433838
Z1545_14100,Z1552_14095,11218.739128112793
Z1545_14100,Z1552_14096,7292.180433273315
Z1545_14100,Z1552_14101,560.9369564056396
Z1545_14100,Z1552_14102,560.9369564056396
Z1545_14100,Z1553_14086,2243.7478256225586
Z1545_14100,Z1553_14092,4487.495651245117
Z1545_14100,Z1553_14093,2804.6847820281982
Z1545_14100,Z1553_14096,11218.739128112793
Z1545_14100,Z1554_14094,2243.7478256225586
Z1545_14100,Z1554_14095,560.9369564056396
Z1545_14100,Z1554_14097,1682.810869216919
Z1545_14100,Z1554_14098,2804.6847820281982
Z1545_14100,Z1554_14099,560.9369564056396
Z1545_14100,Z1554_14100,2804.6847820281982
Z1545_14100,Z1555_14090,2243.7478256225586
Z1545_14100,Z1555_14091,560.9369564056396
Z1545_14100,Z1555_14093,560.9369564056396
Z1545_14100,Z1555_14095,2243.7478256225586
Z1545_14100,Z1555_14096,560.9369564056396
Z1545_14100,Z1555_14097,2243.7478256225586
Z1546_14089,Z1542_14088,6061.068692207336
Z1546_14089,Z1542_14089,1010.1781153678894
Z1546_14089,Z1542_14091,12122.137384414673
Z1546_14089,Z1542_14093,12122.137384414673
Z1546_14089,Z1543_14094,60610.686922073364
Z1546_14089,Z1543_14099,1010.1781153678894
Z1546_14089,Z1543_14100,4040.7124614715576
Z1546_14089,Z1543_14101,6061.068692207336
Z1546_14089,Z1543_14102,12122.137384414673
Z1546_14089,Z1544_14087,6061.068692207336
Z1546_14089,Z1544_14089,7071.246807575226
Z1546_14089,Z1544_14091,4040.7124614715576
Z1546_14089,Z1544_14092,12122.137384414673
Z1546_14089,Z1544_14093,1010.1781153678894
Z1546_14089,Z1544_14094,50508.90576839447
Z1546_14089,Z1544_14099,4040.7124614715576
Z1546_14089,Z1544_14100,1010.1781153678894
Z1546_14089,Z1544_14101,21213.740422725677
Z1546_14089,Z1544_14102,4040.7124614715576
Z1546_14089,Z1545_14088,6061.068692207336
Z1546_14089,Z1545_14093,1010.1781153678894
Z1546_14089,Z1545_14094,4040.7124614715576
Z1546_14089,Z1545_14095,10101.781153678894
Z1546_14089,Z1545_14099,3030.534346103668
Z1546_14089,Z1545_14101,1010.1781153678894
Z1546_14089,Z1546_14089,15152.671730518341
Z1546_14089,Z1546_14090,1010.1781153678894
Z1546_14089,Z1546_14091,6061.068692207336
Z1546_14089,Z1546_14092,3030.534346103668
Z1546_14089,Z1546_14093,10101.781153678894
Z1546_14089,Z1546_14094,6061.068692207336
Z1546_14089,Z1546_14095,24244.274768829346
Z1546_14089,Z1546_14096,8081.424922943115
Z1546_14089,Z1547_14087,4040.7124614715576
Z1546_14089,Z1547_14089,9091.603038311005
Z1546_14089,Z1547_14091,55559.79634523392
Z1546_14089,Z1547_14092,13132.315499782562
Z1546_14089,Z1547_14093,25254.452884197235
Z1546_14089,Z1547_14094,28284.987230300903
Z1546_14089,Z1547_14095,15152.671730518341
Z1546_14089,Z1547_14097,1010.1781153678894
Z1546_14089,Z1548_14087,3030.534346103668
Z1546_14089,Z1548_14089,10101.781153678894
Z1546_14089,Z1548_14091,5050.890576839447
Z1546_14089,Z1548_14092,523272.2637605667
Z1546_14089,Z1548_14093,79804.07111406326
Z1546_14089,Z1548_14094,121221.37384414673
Z1546_14089,Z1548_14095,29295.165345668793
Z1546_14089,Z1548_14096,4040.7124614715576
Z1546_14089,Z1548_14098,11111.959269046783
Z1546_14089,Z1548_14101,4040.7124614715576
Z1546_14089,Z1549_14088,4040.7124614715576
Z1546_14089,Z1549_14092,58590.330691337585
Z1546_14089,Z1549_14093,149506.36107444763
Z1546_14089,Z1549_14094,174760.81395864487
Z1546_14089,Z1549_14095,61620.865037441254
Z1546_14089,Z1549_14096,9091.603038311005
Z1546_14089,Z1549_14097,15152.671730518341
Z1546_14089,Z1549_14101,6061.068692207336
Z1546_14089,Z1550_14088,1010.1781153678894
Z1546_14089,Z1550_14090,4040.7124614715576
Z1546_14089,Z1550_14091,8081.424922943115
Z1546_14089,Z1550_14092,30305.343461036682
Z1546_14089,Z1550_14093,153547.0735359192
Z1546_14089,Z1550_14094,76773.5367679596
Z1546_14089,Z1550_14095,33335.87780714035
Z1546_14089,Z1550_14097,2020.3562307357788
Z1546_14089,Z1550_14099,3030.534346103668
Z1546_14089,Z1550_14100,1010.1781153678894
Z1546_14089,Z1550_14102,1010.1781153678894
Z1546_14089,Z1551_14086,6061.068692207336
Z1546_14089,Z1551_14090,6061.068692207336
Z1546_14089,Z1551_14092,2020.3562307357788
Z1546_14089,Z1551_14094,19193.3841919899
Z1546_14089,Z1551_14095,43437.658960819244
Z1546_14089,Z1552_14088,4040.7124614715576
Z1546_14089,Z1552_14092,7071.246807575226
Z1546_14089,Z1552_14094,6061.068692207336
Z1546_14089,Z1552_14095,20203.562307357788
Z1546_14089,Z1552_14096,13132.315499782562
Z1546_14089,Z1552_14101,1010.1781153678894
Z1546_14089,Z1552_14102,1010.1781153678894
Z1546_14089,Z1553_14086,4040.7124614715576
Z1546_14089,Z1553_14092,8081.424922943115
Z1546_14089,Z1553_14093,5050.890576839447
Z1546_14089,Z1553_14096,20203.562307357788
Z1546_14089,Z1554_14094,4040.7124614715576
Z1546_14089,Z1554_14095,1010.1781153678894
Z1546_14089,Z1554_14097,3030.534346103668
Z1546_14089,Z1554_14098,5050.890576839447
Z1546_14089,Z1554_14099,1010.1781153678894
Z1546_14089,Z1554_14100,5050.890576839447
Z1546_14089,Z1555_14090,4040.7124614715576
Z1546_14089,Z1555_14091,1010.1781153678894
Z1546_14089,Z1555_14093,1010.1781153678894
Z1546_14089,Z1555_14095,4040.7124614715576
Z1546_14089,Z1555_14096,1010.1781153678894
Z1546_14089,Z1555_14097,4040.7124614715576
Z1546_14090,Z1542_14088,3925.018730163574
Z1546_14090,Z1542_14089,654.1697883605957
Z1546_14090,Z1542_14091,7850.037460327148
Z1546_14090,Z1542_14093,7850.037460327148
Z1546_14090,Z1543_14094,39250.18730163574
Z1546_14090,Z1543_14099,654.1697883605957
Z1546_14090,Z1543_14100,2616.679153442383
Z1546_14090,Z1543_14101,3925.018730163574
Z1546_14090,Z1543_14102,7850.037460327148
Z1546_14090,Z1544_14087,3925.018730163574
Z1546_14090,Z1544_14089,4579.18851852417
Z1546_14090,Z1544_14091,2616.679153442383
Z1546_14090,Z1544_14092,7850.037460327148
Z1546_14090,Z1544_14093,654.1697883605957
Z1546_14090,Z1544_14094,32708.489418029785
Z1546_14090,Z1544_14099,2616.679153442383
Z1546_14090,Z1544_14100,654.1697883605957
Z1546_14090,Z1544_14101,13737.56555557251
Z1546_14090,Z1544_14102,2616.679153442383
Z1546_14090,Z1545_14088,3925.018730163574
Z1546_14090,Z1545_14093,654.1697883605957
Z1546_14090,Z1545_14094,2616.679153442383
Z1546_14090,Z1545_14095,6541.697883605957
Z1546_14090,Z1545_14099,1962.509365081787
Z1546_14090,Z1545_14101,654.1697883605957
Z1546_14090,Z1546_14089,9812.546825408936
Z1546_14090,Z1546_14090,654.1697883605957
Z1546_14090,Z1546_14091,3925.018730163574
Z1546_14090,Z1546_14092,1962.509365081787
Z1546_14090,Z1546_14093,6541.697883605957
Z1546_14090,Z1546_14094,3925.018730163574
Z1546_14090,Z1546_14095,15700.074920654297
Z1546_14090,Z1546_14096,5233.358306884766
Z1546_14090,Z1547_14087,2616.679153442383
Z1546_14090,Z1547_14089,5887.528095245361
Z1546_14090,Z1547_14091,35979.338359832764
Z1546_14090,Z1547_14092,8504.207248687744
Z1546_14090,Z1547_14093,16354.244709014893
Z1546_14090,Z1547_14094,18316.75407409668
Z1546_14090,Z1547_14095,9812.546825408936
Z1546_14090,Z1547_14097,654.1697883605957
Z1546_14090,Z1548_14087,1962.509365081787
Z1546_14090,Z1548_14089,6541.697883605957
Z1546_14090,Z1548_14091,3270.8489418029785
Z1546_14090,Z1548_14092,338859.9503707886
Z1546_14090,Z1548_14093,51679.41328048706
Z1546_14090,Z1548_14094,78500.37460327148
Z1546_14090,Z1548_14095,18970.923862457275
Z1546_14090,Z1548_14096,2616.679153442383
Z1546_14090,Z1548_14098,7195.867671966553
Z1546_14090,Z1548_14101,2616.679153442383
Z1546_14090,Z1549_14088,2616.679153442383
Z1546_14090,Z1549_14092,37941.84772491455
Z1546_14090,Z1549_14093,96817.12867736816
Z1546_14090,Z1549_14094,113171.37338638306
Z1546_14090,Z1549_14095,39904.35708999634
Z1546_14090,Z1549_14096,5887.528095245361
Z1546_14090,Z1549_14097,9812.546825408936
Z1546_14090,Z1549_14101,3925.018730163574
Z1546_14090,Z1550_14088,654.1697883605957
Z1546_14090,Z1550_14090,2616.679153442383
Z1546_14090,Z1550_14091,5233.358306884766
Z1546_14090,Z1550_14092,19625.09365081787
Z1546_14090,Z1550_14093,99433.80783081055
Z1546_14090,Z1550_14094,49716.90391540527
Z1546_14090,Z1550_14095,21587.60301589966
Z1546_14090,Z1550_14097,1308.3395767211914
Z1546_14090,Z1550_14099,1962.509365081787
Z1546_14090,Z1550_14100,654.1697883605957
Z1546_14090,Z1550_14102,654.1697883605957
Z1546_14090,Z1551_14086,3925.018730163574
Z1546_14090,Z1551_14090,3925.018730163574
Z1546_14090,Z1551_14092,1308.3395767211914
Z1546_14090,Z1551_14094,12429.225978851318
Z1546_14090,Z1551_14095,28129.300899505615
Z1546_14090,Z1552_14088,2616.679153442383
Z1546_14090,Z1552_14092,4579.18851852417
Z1546_14090,Z1552_14094,3925.018730163574
Z1546_14090,Z1552_14095,13083.395767211914
Z1546_14090,Z1552_14096,8504.207248687744
Z1546_14090,Z1552_14101,654.1697883605957
Z1546_14090,Z1552_14102,654.1697883605957
Z1546_14090,Z1553_14086,2616.679153442383
Z1546_14090,Z1553_14092,5233.358306884766
Z1546_14090,Z1553_14093,3270.8489418029785
Z1546_14090,Z1553_14096,13083.395767211914
Z1546_14090,Z1554_14094,2616.679153442383
Z1546_14090,Z1554_14095,654.1697883605957
Z1546_14090,Z1554_14097,1962.509365081787
Z1546_14090,Z1554_14098,3270.8489418029785
Z1546_14090,Z1554_14099,654.1697883605957
Z1546_14090,Z1554_14100,3270.8489418029785
Z1546_14090,Z1555_14090,2616.679153442383
Z1546_14090,Z1555_14091,654.1697883605957
Z1546_14090,Z1555_14093,654.1697883605957
Z1546_14090,Z1555_14095,2616.679153442383
Z1546_14090,Z1555_14096,654.1697883605957
Z1546_14090,Z1555_14097,2616.679153442383
Z1546_14091,Z1542_14088,7055.704350471497
Z1546_14091,Z1542_14089,1175.9507250785828
Z1546_14091,Z1542_14091,14111.408700942993
Z1546_14091,Z1542_14093,14111.408700942993
Z1546_14091,Z1543_14094,70557.04350471497
Z1546_14091,Z1543_14099,1175.9507250785828
Z1546_14091,Z1543_14100,4703.802900314331
Z1546_14091,Z1543_14101,7055.704350471497
Z1546_14091,Z1543_14102,14111.408700942993
Z1546_14091,Z1544_14087,7055.704350471497
Z1546_14091,Z1544_14089,8231.65507555008
Z1546_14091,Z1544_14091,4703.802900314331
Z1546_14091,Z1544_14092,14111.408700942993
Z1546_14091,Z1544_14093,1175.9507250785828
Z1546_14091,Z1544_14094,58797.53625392914
Z1546_14091,Z1544_14099,4703.802900314331
Z1546_14091,Z1544_14100,1175.9507250785828
Z1546_14091,Z1544_14101,24694.965226650238
Z1546_14091,Z1544_14102,4703.802900314331
Z1546_14091,Z1545_14088,7055.704350471497
Z1546_14091,Z1545_14093,1175.9507250785828
Z1546_14091,Z1545_14094,4703.802900314331
Z1546_14091,Z1545_14095,11759.507250785828
Z1546_14091,Z1545_14099,3527.8521752357483
Z1546_14091,Z1545_14101,1175.9507250785828
Z1546_14091,Z1546_14089,17639.26087617874
Z1546_14091,Z1546_14090,1175.9507250785828
Z1546_14091,Z1546_14091,7055.704350471497
Z1546_14091,Z1546_14092,3527.8521752357483
Z1546_14091,Z1546_14093,11759.507250785828
Z1546_14091,Z1546_14094,7055.704350471497
Z1546_14091,Z1546_14095,28222.817401885986
Z1546_14091,Z1546_14096,9407.605800628662
Z1546_14091,Z1547_14087,4703.802900314331
Z1546_14091,Z1547_14089,10583.556525707245
Z1546_14091,Z1547_14091,64677.28987932205
Z1546_14091,Z1547_14092,15287.359426021576
Z1546_14091,Z1547_14093,29398.76812696457
Z1546_14091,Z1547_14094,32926.62030220032
Z1546_14091,Z1547_14095,17639.26087617874
Z1546_14091,Z1547_14097,1175.9507250785828
Z1546_14091,Z1548_14087,3527.8521752357483
Z1546_14091,Z1548_14089,11759.507250785828
Z1546_14091,Z1548_14091,5879.753625392914
Z1546_14091,Z1548_14092,609142.4755907059
Z1546_14091,Z1548_14093,92900.10728120804
Z1546_14091,Z1548_14094,141114.08700942993
Z1546_14091,Z1548_14095,34102.5710272789
Z1546_14091,Z1548_14096,4703.802900314331
Z1546_14091,Z1548_14098,12935.45797586441
Z1546_14091,Z1548_14101,4703.802900314331
Z1546_14091,Z1549_14088,4703.802900314331
Z1546_14091,Z1549_14092,68205.1420545578
Z1546_14091,Z1549_14093,174040.70731163025
Z1546_14091,Z1549_14094,203439.47543859482
Z1546_14091,Z1549_14095,71732.99422979355
Z1546_14091,Z1549_14096,10583.556525707245
Z1546_14091,Z1549_14097,17639.26087617874
Z1546_14091,Z1549_14101,7055.704350471497
Z1546_14091,Z1550_14088,1175.9507250785828
Z1546_14091,Z1550_14090,4703.802900314331
Z1546_14091,Z1550_14091,9407.605800628662
Z1546_14091,Z1550_14092,35278.52175235748
Z1546_14091,Z1550_14093,178744.51021194458
Z1546_14091,Z1550_14094,89372.25510597229
Z1546_14091,Z1550_14095,38806.37392759323
Z1546_14091,Z1550_14097,2351.9014501571655
Z1546_14091,Z1550_14099,3527.8521752357483
Z1546_14091,Z1550_14100,1175.9507250785828
Z1546_14091,Z1550_14102,1175.9507250785828
Z1546_14091,Z1551_14086,7055.704350471497
Z1546_14091,Z1551_14090,7055.704350471497
Z1546_14091,Z1551_14092,2351.9014501571655
Z1546_14091,Z1551_14094,22343.063776493073
Z1546_14091,Z1551_14095,50565.88117837906
Z1546_14091,Z1552_14088,4703.802900314331
Z1546_14091,Z1552_14092,8231.65507555008
Z1546_14091,Z1552_14094,7055.704350471497
Z1546_14091,Z1552_14095,23519.014501571655
Z1546_14091,Z1552_14096,15287.359426021576
Z1546_14091,Z1552_14101,1175.9507250785828
Z1546_14091,Z1552_14102,1175.9507250785828
Z1546_14091,Z1553_14086,4703.802900314331
Z1546_14091,Z1553_14092,9407.605800628662
Z1546_14091,Z1553_14093,5879.753625392914
Z1546_14091,Z1553_14096,23519.014501571655
Z1546_14091,Z1554_14094,4703.802900314331
Z1546_14091,Z1554_14095,1175.9507250785828
Z1546_14091,Z1554_14097,3527.8521752357483
Z1546_14091,Z1554_14098,5879.753625392914
Z1546_14091,Z1554_14099,1175.9507250785828
Z1546_14091,Z1554_14100,5879.753625392914
Z1546_14091,Z1555_14090,4703.802900314331
Z1546_14091,Z1555_14091,1175.9507250785828
Z1546_14091,Z1555_14093,1175.9507250785828
Z1546_14091,Z1555_14095,4703.802900314331
Z1546_14091,Z1555_14096,1175.9507250785828
Z1546_14091,Z1555_14097,4703.802900314331
Z1546_14092,Z1542_14088,8807.448148727417
Z1546_14092,Z1542_14089,1467.9080247879028
Z1546_14092,Z1542_14091,17614.896297454834
Z1546_14092,Z1542_14093,17614.896297454834
Z1546_14092,Z1543_14094,88074.48148727417
Z1546_14092,Z1543_14099,1467.9080247879028
Z1546_14092,Z1543_14100,5871.632099151611
Z1546_14092,Z1543_14101,8807.448148727417
Z1546_14092,Z1543_14102,17614.896297454834
Z1546_14092,Z1544_14087,8807.448148727417
Z1546_14092,Z1544_14089,10275.35617351532
Z1546_14092,Z1544_14091,5871.632099151611
Z1546_14092,Z1544_14092,17614.896297454834
Z1546_14092,Z1544_14093,1467.9080247879028
Z1546_14092,Z1544_14094,73395.40123939514
Z1546_14092,Z1544_14099,5871.632099151611
Z1546_14092,Z1544_14100,1467.9080247879028
Z1546_14092,Z1544_14101,30826.06852054596
Z1546_14092,Z1544_14102,5871.632099151611
Z1546_14092,Z1545_14088,8807.448148727417
Z1546_14092,Z1545_14093,1467.9080247879028
Z1546_14092,Z1545_14094,5871.632099151611
Z1546_14092,Z1545_14095,14679.080247879028
Z1546_14092,Z1545_14099,4403.7240743637085
Z1546_14092,Z1545_14101,1467.9080247879028
Z1546_14092,Z1546_14089,22018.620371818542
Z1546_14092,Z1546_14090,1467.9080247879028
Z1546_14092,Z1546_14091,8807.448148727417
Z1546_14092,Z1546_14092,4403.7240743637085
Z1546_14092,Z1546_14093,14679.080247879028
Z1546_14092,Z1546_14094,8807.448148727417
Z1546_14092,Z1546_14095,35229.79259490967
Z1546_14092,Z1546_14096,11743.264198303223
Z1546_14092,Z1547_14087,5871.632099151611
Z1546_14092,Z1547_14089,13211.172223091125
Z1546_14092,Z1547_14091,80734.94136333466
Z1546_14092,Z1547_14092,19082.804322242737
Z1546_14092,Z1547_14093,36697.70061969757
Z1546_14092,Z1547_14094,41101.42469406128
Z1546_14092,Z1547_14095,22018.620371818542
Z1546_14092,Z1547_14097,1467.9080247879028
Z1546_14092,Z1548_14087,4403.7240743637085
Z1546_14092,Z1548_14089,14679.080247879028
Z1546_14092,Z1548_14091,7339.540123939514
Z1546_14092,Z1548_14092,760376.3568401337
Z1546_14092,Z1548_14093,115964.73395824432
Z1546_14092,Z1548_14094,176148.96297454834
Z1546_14092,Z1548_14095,42569.33271884918
Z1546_14092,Z1548_14096,5871.632099151611
Z1546_14092,Z1548_14098,16146.988272666931
Z1546_14092,Z1548_14101,5871.632099151611
Z1546_14092,Z1549_14088,5871.632099151611
Z1546_14092,Z1549_14092,85138.66543769836
Z1546_14092,Z1549_14093,217250.38766860962
Z1546_14092,Z1549_14094,253948.0882883072
Z1546_14092,Z1549_14095,89542.38951206207
Z1546_14092,Z1549_14096,13211.172223091125
Z1546_14092,Z1549_14097,22018.620371818542
Z1546_14092,Z1549_14101,8807.448148727417
Z1546_14092,Z1550_14088,1467.9080247879028
Z1546_14092,Z1550_14090,5871.632099151611
Z1546_14092,Z1550_14091,11743.264198303223
Z1546_14092,Z1550_14092,44037.240743637085
Z1546_14092,Z1550_14093,223122.01976776123
Z1546_14092,Z1550_14094,111561.00988388062
Z1546_14092,Z1550_14095,48440.96481800079
Z1546_14092,Z1550_14097,2935.8160495758057
Z1546_14092,Z1550_14099,4403.7240743637085
Z1546_14092,Z1550_14100,1467.9080247879028
Z1546_14092,Z1550_14102,1467.9080247879028
Z1546_14092,Z1551_14086,8807.448148727417
Z1546_14092,Z1551_14090,8807.448148727417
Z1546_14092,Z1551_14092,2935.8160495758057
Z1546_14092,Z1551_14094,27890.252470970154
Z1546_14092,Z1551_14095,63120.04506587982
Z1546_14092,Z1552_14088,5871.632099151611
Z1546_14092,Z1552_14092,10275.35617351532
Z1546_14092,Z1552_14094,8807.448148727417
Z1546_14092,Z1552_14095,29358.160495758057
Z1546_14092,Z1552_14096,19082.804322242737
Z1546_14092,Z1552_14101,1467.9080247879028
Z1546_14092,Z1552_14102,1467.9080247879028
Z1546_14092,Z1553_14086,5871.632099151611
Z1546_14092,Z1553_14092,11743.264198303223
Z1546_14092,Z1553_14093,7339.540123939514
Z1546_14092,Z1553_14096,29358.160495758057
Z1546_14092,Z1554_14094,5871.632099151611
Z1546_14092,Z1554_14095,1467.9080247879028
Z1546_14092,Z1554_14097,4403.7240743637085
Z1546_14092,Z1554_14098,7339.540123939514
Z1546_14092,Z1554_14099,1467.9080247879028
Z1546_14092,Z1554_14100,7339.540123939514
Z1546_14092,Z1555_14090,5871.632099151611
Z1546_14092,Z1555_14091,1467.9080247879028
Z1546_14092,Z1555_14093,1467.9080247879028
Z1546_14092,Z1555_14095,5871.632099151611
Z1546_14092,Z1555_14096,1467.9080247879028
Z1546_14092,Z1555_14097,5871.632099151611
Z1546_14093,Z1542_14088,16179.001207351685
Z1546_14093,Z1542_14089,2696.5002012252808
Z1546_14093,Z1542_14091,32358.00241470337
Z1546_14093,Z1542_14093,32358.00241470337
Z1546_14093,Z1543_14094,161790.01207351685
Z1546_14093,Z1543_14099,2696.5002012252808
Z1546_14093,Z1543_14100,10786.000804901123
Z1546_14093,Z1543_14101,16179.001207351685
Z1546_14093,Z1543_14102,32358.00241470337
Z1546_14093,Z1544_14087,16179.001207351685
Z1546_14093,Z1544_14089,18875.501408576965
Z1546_14093,Z1544_14091,10786.000804901123
Z1546_14093,Z1544_14092,32358.00241470337
Z1546_14093,Z1544_14093,2696.5002012252808
Z1546_14093,Z1544_14094,134825.01006126404
Z1546_14093,Z1544_14099,10786.000804901123
Z1546_14093,Z1544_14100,2696.5002012252808
Z1546_14093,Z1544_14101,56626.504225730896
Z1546_14093,Z1544_14102,10786.000804901123
Z1546_14093,Z1545_14088,16179.001207351685
Z1546_14093,Z1545_14093,2696.5002012252808
Z1546_14093,Z1545_14094,10786.000804901123
Z1546_14093,Z1545_14095,26965.002012252808
Z1546_14093,Z1545_14099,8089.500603675842
Z1546_14093,Z1545_14101,2696.5002012252808
Z1546_14093,Z1546_14089,40447.50301837921
Z1546_14093,Z1546_14090,2696.5002012252808
Z1546_14093,Z1546_14091,16179.001207351685
Z1546_14093,Z1546_14092,8089.500603675842
Z1546_14093,Z1546_14093,26965.002012252808
Z1546_14093,Z1546_14094,16179.001207351685
Z1546_14093,Z1546_14095,64716.00482940674
Z1546_14093,Z1546_14096,21572.001609802246
Z1546_14093,Z1547_14087,10786.000804901123
Z1546_14093,Z1547_14089,24268.501811027527
Z1546_14093,Z1547_14091,148307.51106739044
Z1546_14093,Z1547_14092,35054.50261592865
Z1546_14093,Z1547_14093,67412.50503063202
Z1546_14093,Z1547_14094,75502.00563430786
Z1546_14093,Z1547_14095,40447.50301837921
Z1546_14093,Z1547_14097,2696.5002012252808
Z1546_14093,Z1548_14087,8089.500603675842
Z1546_14093,Z1548_14089,26965.002012252808
Z1546_14093,Z1548_14091,13482.501006126404
Z1546_14093,Z1548_14092,1396787.1042346954
Z1546_14093,Z1548_14093,213023.51589679718
Z1546_14093,Z1548_14094,323580.0241470337
Z1546_14093,Z1548_14095,78198.50583553314
Z1546_14093,Z1548_14096,10786.000804901123
Z1546_14093,Z1548_14098,29661.50221347809
Z1546_14093,Z1548_14101,10786.000804901123
Z1546_14093,Z1549_14088,10786.000804901123
Z1546_14093,Z1549_14092,156397.01167106628
Z1546_14093,Z1549_14093,399082.02978134155
Z1546_14093,Z1549_14094,466494.5348119736
Z1546_14093,Z1549_14095,164486.51227474213
Z1546_14093,Z1549_14096,24268.501811027527
Z1546_14093,Z1549_14097,40447.50301837921
Z1546_14093,Z1549_14101,16179.001207351685
Z1546_14093,Z1550_14088,2696.5002012252808
Z1546_14093,Z1550_14090,10786.000804901123
Z1546_14093,Z1550_14091,21572.001609802246
Z1546_14093,Z1550_14092,80895.00603675842
Z1546_14093,Z1550_14093,409868.0305862427
Z1546_14093,Z1550_14094,204934.01529312134
Z1546_14093,Z1550_14095,88984.50664043427
Z1546_14093,Z1550_14097,5393.0004024505615
Z1546_14093,Z1550_14099,8089.500603675842
Z1546_14093,Z1550_14100,2696.5002012252808
Z1546_14093,Z1550_14102,2696.5002012252808
Z1546_14093,Z1551_14086,16179.001207351685
Z1546_14093,Z1551_14090,16179.001207351685
Z1546_14093,Z1551_14092,5393.0004024505615
Z1546_14093,Z1551_14094,51233.503823280334
Z1546_14093,Z1551_14095,115949.50865268707
Z1546_14093,Z1552_14088,10786.000804901123
Z1546_14093,Z1552_14092,18875.501408576965
Z1546_14093,Z1552_14094,16179.001207351685
Z1546_14093,Z1552_14095,53930.004024505615
Z1546_14093,Z1552_14096,35054.50261592865
Z1546_14093,Z1552_14101,2696.5002012252808
Z1546_14093,Z1552_14102,2696.5002012252808
Z1546_14093,Z1553_14086,10786.000804901123
Z1546_14093,Z1553_14092,21572.001609802246
Z1546_14093,Z1553_14093,13482.501006126404
Z1546_14093,Z1553_14096,53930.004024505615
Z1546_14093,Z1554_14094,10786.000804901123
Z1546_14093,Z1554_14095,2696.5002012252808
Z1546_14093,Z1554_14097,8089.500603675842
Z1546_14093,Z1554_14098,13482.501006126404
Z1546_14093,Z1554_14099,2696.5002012252808
Z1546_14093,Z1554_14100,13482.501006126404
Z1546_14093,Z1555_14090,10786.000804901123
Z1546_14093,Z1555_14091,2696.5002012252808
Z1546_14093,Z1555_14093,2696.5002012252808
Z1546_14093,Z1555_14095,10786.000804901123
Z1546_14093,Z1555_14096,2696.5002012252808
Z1546_14093,Z1555_14097,10786.000804901123
Z1546_14094,Z1542_14088,29668.93916130066
Z1546_14094,Z1542_14089,4944.82319355011
Z1546_14094,Z1542_14091,59337.87832260132
Z1546_14094,Z1542_14093,59337.87832260132
Z1546_14094,Z1543_14094,296689.3916130066
Z1546_14094,Z1543_14099,4944.82319355011
Z1546_14094,Z1543_14100,19779.29277420044
Z1546_14094,Z1543_14101,29668.93916130066
Z1546_14094,Z1543_14102,59337.87832260132
Z1546_14094,Z1544_14087,29668.93916130066
Z1546_14094,Z1544_14089,34613.76235485077
Z1546_14094,Z1544_14091,19779.29277420044
Z1546_14094,Z1544_14092,59337.87832260132
Z1546_14094,Z1544_14093,4944.82319355011
Z1546_14094,Z1544_14094,247241.1596775055
Z1546_14094,Z1544_14099,19779.29277420044
Z1546_14094,Z1544_14100,4944.82319355011
Z1546_14094,Z1544_14101,103841.2870645523
Z1546_14094,Z1544_14102,19779.29277420044
Z1546_14094,Z1545_14088,29668.93916130066
Z1546_14094,Z1545_14093,4944.82319355011
Z1546_14094,Z1545_14094,19779.29277420044
Z1546_14094,Z1545_14095,49448.2319355011
Z1546_14094,Z1545_14099,14834.46958065033
Z1546_14094,Z1545_14101,4944.82319355011
Z1546_14094,Z1546_14089,74172.34790325165
Z1546_14094,Z1546_14090,4944.82319355011
Z1546_14094,Z1546_14091,29668.93916130066
Z1546_14094,Z1546_14092,14834.46958065033
Z1546_14094,Z1546_14093,49448.2319355011
Z1546_14094,Z1546_14094,29668.93916130066
Z1546_14094,Z1546_14095,118675.75664520264
Z1546_14094,Z1546_14096,39558.58554840088
Z1546_14094,Z1547_14087,19779.29277420044
Z1546_14094,Z1547_14089,44503.40874195099
Z1546_14094,Z1547_14091,271965.27564525604
Z1546_14094,Z1547_14092,64282.70151615143
Z1546_14094,Z1547_14093,123620.57983875275
Z1546_14094,Z1547_14094,138455.04941940308
Z1546_14094,Z1547_14095,74172.34790325165
Z1546_14094,Z1547_14097,4944.82319355011
Z1546_14094,Z1548_14087,14834.46958065033
Z1546_14094,Z1548_14089,49448.2319355011
Z1546_14094,Z1548_14091,24724.11596775055
Z1546_14094,Z1548_14092,2561418.414258957
Z1546_14094,Z1548_14093,390641.0322904587
Z1546_14094,Z1548_14094,593378.7832260132
Z1546_14094,Z1548_14095,143399.8726129532
Z1546_14094,Z1548_14096,19779.29277420044
Z1546_14094,Z1548_14098,54393.05512905121
Z1546_14094,Z1548_14101,19779.29277420044
Z1546_14094,Z1549_14088,19779.29277420044
Z1546_14094,Z1549_14092,286799.7452259064
Z1546_14094,Z1549_14093,731833.8326454163
Z1546_14094,Z1549_14094,855454.412484169
Z1546_14094,Z1549_14095,301634.2148065567
Z1546_14094,Z1549_14096,44503.40874195099
Z1546_14094,Z1549_14097,74172.34790325165
Z1546_14094,Z1549_14101,29668.93916130066
Z1546_14094,Z1550_14088,4944.82319355011
Z1546_14094,Z1550_14090,19779.29277420044
Z1546_14094,Z1550_14091,39558.58554840088
Z1546_14094,Z1550_14092,148344.6958065033
Z1546_14094,Z1550_14093,751613.1254196167
Z1546_14094,Z1550_14094,375806.56270980835
Z1546_14094,Z1550_14095,163179.16538715363
Z1546_14094,Z1550_14097,9889.64638710022
Z1546_14094,Z1550_14099,14834.46958065033
Z1546_14094,Z1550_14100,4944.82319355011
Z1546_14094,Z1550_14102,4944.82319355011
Z1546_14094,Z1551_14086,29668.93916130066
Z1546_14094,Z1551_14090,29668.93916130066
Z1546_14094,Z1551_14092,9889.64638710022
Z1546_14094,Z1551_14094,93951.64067745209
Z1546_14094,Z1551_14095,212627.39732265472
Z1546_14094,Z1552_14088,19779.29277420044
Z1546_14094,Z1552_14092,34613.76235485077
Z1546_14094,Z1552_14094,29668.93916130066
Z1546_14094,Z1552_14095,98896.4638710022
Z1546_14094,Z1552_14096,64282.70151615143
Z1546_14094,Z1552_14101,4944.82319355011
Z1546_14094,Z1552_14102,4944.82319355011
Z1546_14094,Z1553_14086,19779.29277420044
Z1546_14094,Z1553_14092,39558.58554840088
Z1546_14094,Z1553_14093,24724.11596775055
Z1546_14094,Z1553_14096,98896.4638710022
Z1546_14094,Z1554_14094,19779.29277420044
Z1546_14094,Z1554_14095,4944.82319355011
Z1546_14094,Z1554_14097,14834.46958065033
Z1546_14094,Z1554_14098,24724.11596775055
Z1546_14094,Z1554_14099,4944.82319355011
Z1546_14094,Z1554_14100,24724.11596775055
Z1546_14094,Z1555_14090,19779.29277420044
Z1546_14094,Z1555_14091,4944.82319355011
Z1546_14094,Z1555_14093,4944.82319355011
Z1546_14094,Z1555_14095,19779.29277420044
Z1546_14094,Z1555_14096,4944.82319355011
Z1546_14094,Z1555_14097,19779.29277420044
Z1546_14095,Z1542_14088,16690.198316574097
Z1546_14095,Z1542_14089,2781.699719429016
Z1546_14095,Z1542_14091,33380.39663314819
Z1546_14095,Z1542_14093,33380.39663314819
Z1546_14095,Z1543_14094,166901.98316574097
Z1546_14095,Z1543_14099,2781.699719429016
Z1546_14095,Z1543_14100,11126.798877716064
Z1546_14095,Z1543_14101,16690.198316574097
Z1546_14095,Z1543_14102,33380.39663314819
Z1546_14095,Z1544_14087,16690.198316574097
Z1546_14095,Z1544_14089,19471.898036003113
Z1546_14095,Z1544_14091,11126.798877716064
Z1546_14095,Z1544_14092,33380.39663314819
Z1546_14095,Z1544_14093,2781.699719429016
Z1546_14095,Z1544_14094,139084.9859714508
Z1546_14095,Z1544_14099,11126.798877716064
Z1546_14095,Z1544_14100,2781.699719429016
Z1546_14095,Z1544_14101,58415.69410800934
Z1546_14095,Z1544_14102,11126.798877716064
Z1546_14095,Z1545_14088,16690.198316574097
Z1546_14095,Z1545_14093,2781.699719429016
Z1546_14095,Z1545_14094,11126.798877716064
Z1546_14095,Z1545_14095,27816.99719429016
Z1546_14095,Z1545_14099,8345.099158287048
Z1546_14095,Z1545_14101,2781.699719429016
Z1546_14095,Z1546_14089,41725.49579143524
Z1546_14095,Z1546_14090,2781.699719429016
Z1546_14095,Z1546_14091,16690.198316574097
Z1546_14095,Z1546_14092,8345.099158287048
Z1546_14095,Z1546_14093,27816.99719429016
Z1546_14095,Z1546_14094,16690.198316574097
Z1546_14095,Z1546_14095,66760.79326629639
Z1546_14095,Z1546_14096,22253.59775543213
Z1546_14095,Z1547_14087,11126.798877716064
Z1546_14095,Z1547_14089,25035.297474861145
Z1546_14095,Z1547_14091,152993.4845685959
Z1546_14095,Z1547_14092,36162.09635257721
Z1546_14095,Z1547_14093,69542.4929857254
Z1546_14095,Z1547_14094,77887.59214401245
Z1546_14095,Z1547_14095,41725.49579143524
Z1546_14095,Z1547_14097,2781.699719429016
Z1546_14095,Z1548_14087,8345.099158287048
Z1546_14095,Z1548_14089,27816.99719429016
Z1546_14095,Z1548_14091,13908.49859714508
Z1546_14095,Z1548_14092,1440920.4546642303
Z1546_14095,Z1548_14093,219754.27783489227
Z1546_14095,Z1548_14094,333803.96633148193
Z1546_14095,Z1548_14095,80669.29186344147
Z1546_14095,Z1548_14096,11126.798877716064
Z1546_14095,Z1548_14098,30598.696913719177
Z1546_14095,Z1548_14101,11126.798877716064
Z1546_14095,Z1549_14088,11126.798877716064
Z1546_14095,Z1549_14092,161338.58372688293
Z1546_14095,Z1549_14093,411691.5584754944
Z1546_14095,Z1549_14094,481234.0514612198
Z1546_14095,Z1549_14095,169683.68288516998
Z1546_14095,Z1549_14096,25035.297474861145
Z1546_14095,Z1549_14097,41725.49579143524
Z1546_14095,Z1549_14101,16690.198316574097
Z1546_14095,Z1550_14088,2781.699719429016
Z1546_14095,Z1550_14090,11126.798877716064
Z1546_14095,Z1550_14091,22253.59775543213
Z1546_14095,Z1550_14092,83450.99158287048
Z1546_14095,Z1550_14093,422818.35735321045
Z1546_14095,Z1550_14094,211409.17867660522
Z1546_14095,Z1550_14095,91796.09074115753
Z1546_14095,Z1550_14097,5563.399438858032
Z1546_14095,Z1550_14099,8345.099158287048
Z1546_14095,Z1550_14100,2781.699719429016
Z1546_14095,Z1550_14102,2781.699719429016
Z1546_14095,Z1551_14086,16690.198316574097
Z1546_14095,Z1551_14090,16690.198316574097
Z1546_14095,Z1551_14092,5563.399438858032
Z1546_14095,Z1551_14094,52852.294669151306
Z1546_14095,Z1551_14095,119613.0879354477
Z1546_14095,Z1552_14088,11126.798877716064
Z1546_14095,Z1552_14092,19471.898036003113
Z1546_14095,Z1552_14094,16690.198316574097
Z1546_14095,Z1552_14095,55633.99438858032
Z1546_14095,Z1552_14096,36162.09635257721
Z1546_14095,Z1552_14101,2781.699719429016
Z1546_14095,Z1552_14102,2781.699719429016
Z1546_14095,Z1553_14086,11126.798877716064
Z1546_14095,Z1553_14092,22253.59775543213
Z1546_14095,Z1553_14093,13908.49859714508
Z1546_14095,Z1553_14096,55633.99438858032
Z1546_14095,Z1554_14094,11126.798877716064
Z1546_14095,Z1554_14095,2781.699719429016
Z1546_14095,Z1554_14097,8345.099158287048
Z1546_14095,Z1554_14098,13908.49859714508
Z1546_14095,Z1554_14099,2781.699719429016
Z1546_14095,Z1554_14100,13908.49859714508
Z1546_14095,Z1555_14090,11126.798877716064
Z1546_14095,Z1555_14091,2781.699719429016
Z1546_14095,Z1555_14093,2781.699719429016
Z1546_14095,Z1555_14095,11126.798877716064
Z1546_14095,Z1555_14096,2781.699719429016
Z1546_14095,Z1555_14097,11126.798877716064
Z1546_14096,Z1542_14088,8680.09168624878
Z1546_14096,Z1542_14089,1446.6819477081299
Z1546_14096,Z1542_14091,17360.18337249756
Z1546_14096,Z1542_14093,17360.18337249756
Z1546_14096,Z1543_14094,86800.9168624878
Z1546_14096,Z1543_14099,1446.6819477081299
Z1546_14096,Z1543_14100,5786.7277908325195
Z1546_14096,Z1543_14101,8680.09168624878
Z1546_14096,Z1543_14102,17360.18337249756
Z1546_14096,Z1544_14087,8680.09168624878
Z1546_14096,Z1544_14089,10126.77363395691
Z1546_14096,Z1544_14091,5786.7277908325195
Z1546_14096,Z1544_14092,17360.18337249756
Z1546_14096,Z1544_14093,1446.6819477081299
Z1546_14096,Z1544_14094,72334.0973854065
Z1546_14096,Z1544_14099,5786.7277908325195
Z1546_14096,Z1544_14100,1446.6819477081299
Z1546_14096,Z1544_14101,30380.320901870728
Z1546_14096,Z1544_14102,5786.7277908325195
Z1546_14096,Z1545_14088,8680.09168624878
Z1546_14096,Z1545_14093,1446.6819477081299
Z1546_14096,Z1545_14094,5786.7277908325195
Z1546_14096,Z1545_14095,14466.819477081299
Z1546_14096,Z1545_14099,4340.04584312439
Z1546_14096,Z1545_14101,1446.6819477081299
Z1546_14096,Z1546_14089,21700.22921562195
Z1546_14096,Z1546_14090,1446.6819477081299
Z1546_14096,Z1546_14091,8680.09168624878
Z1546_14096,Z1546_14092,4340.04584312439
Z1546_14096,Z1546_14093,14466.819477081299
Z1546_14096,Z1546_14094,8680.09168624878
Z1546_14096,Z1546_14095,34720.36674499512
Z1546_14096,Z1546_14096,11573.455581665039
Z1546_14096,Z1547_14087,5786.7277908325195
Z1546_14096,Z1547_14089,13020.137529373169
Z1546_14096,Z1547_14091,79567.50712394714
Z1546_14096,Z1547_14092,18806.86532020569
Z1546_14096,Z1547_14093,36167.04869270325
Z1546_14096,Z1547_14094,40507.09453582764
Z1546_14096,Z1547_14095,21700.22921562195
Z1546_14096,Z1547_14097,1446.6819477081299
Z1546_14096,Z1548_14087,4340.04584312439
Z1546_14096,Z1548_14089,14466.819477081299
Z1546_14096,Z1548_14091,7233.409738540649
Z1546_14096,Z1548_14092,749381.2489128113
Z1546_14096,Z1548_14093,114287.87386894226
Z1546_14096,Z1548_14094,173601.8337249756
Z1546_14096,Z1548_14095,41953.77648353577
Z1546_14096,Z1548_14096,5786.7277908325195
Z1546_14096,Z1548_14098,15913.501424789429
Z1546_14096,Z1548_14101,5786.7277908325195
Z1546_14096,Z1549_14088,5786.7277908325195
Z1546_14096,Z1549_14092,83907.55296707153
Z1546_14096,Z1549_14093,214108.92826080322
Z1546_14096,Z1549_14094,250275.97695350647
Z1546_14096,Z1549_14095,88247.59881019592
Z1546_14096,Z1549_14096,13020.137529373169
Z1546_14096,Z1549_14097,21700.22921562195
Z1546_14096,Z1549_14101,8680.09168624878
Z1546_14096,Z1550_14088,1446.6819477081299
Z1546_14096,Z1550_14090,5786.7277908325195
Z1546_14096,Z1550_14091,11573.455581665039
Z1546_14096,Z1550_14092,43400.4584312439
Z1546_14096,Z1550_14093,219895.65605163574
Z1546_14096,Z1550_14094,109947.82802581787
Z1546_14096,Z1550_14095,47740.504274368286
Z1546_14096,Z1550_14097,2893.3638954162598
Z1546_14096,Z1550_14099,4340.04584312439
Z1546_14096,Z1550_14100,1446.6819477081299
Z1546_14096,Z1550_14102,1446.6819477081299
Z1546_14096,Z1551_14086,8680.09168624878
Z1546_14096,Z1551_14090,8680.09168624878
Z1546_14096,Z1551_14092,2893.3638954162598
Z1546_14096,Z1551_14094,27486.957006454468
Z1546_14096,Z1551_14095,62207.323751449585
Z1546_14096,Z1552_14088,5786.7277908325195
Z1546_14096,Z1552_14092,10126.77363395691
Z1546_14096,Z1552_14094,8680.09168624878
Z1546_14096,Z1552_14095,28933.638954162598
Z1546_14096,Z1552_14096,18806.86532020569
Z1546_14096,Z1552_14101,1446.6819477081299
Z1546_14096,Z1552_14102,1446.6819477081299
Z1546_14096,Z1553_14086,5786.7277908325195
Z1546_14096,Z1553_14092,11573.455581665039
Z1546_14096,Z1553_14093,7233.409738540649
Z1546_14096,Z1553_14096,28933.638954162598
Z1546_14096,Z1554_14094,5786.7277908325195
Z1546_14096,Z1554_14095,1446.6819477081299
Z1546_14096,Z1554_14097,4340.04584312439
Z1546_14096,Z1554_14098,7233.409738540649
Z1546_14096,Z1554_14099,1446.6819477081299
Z1546_14096,Z1554_14100,7233.409738540649
Z1546_14096,Z1555_14090,5786.7277908325195
Z1546_14096,Z1555_14091,1446.6819477081299
Z1546_14096,Z1555_14093,1446.6819477081299
Z1546_14096,Z1555_14095,5786.7277908325195
Z1546_14096,Z1555_14096,1446.6819477081299
Z1546_14096,Z1555_14097,5786.7277908325195
Z1546_14097,Z1542_14088,5316.1225390434265
Z1546_14097,Z1542_14089,886.0204231739044
Z1546_14097,Z1542_14091,10632.245078086853
Z1546_14097,Z1542_14093,10632.245078086853
Z1546_14097,Z1543_14094,53161.225390434265
Z1546_14097,Z1543_14099,886.0204231739044
Z1546_14097,Z1543_14100,3544.0816926956177
Z1546_14097,Z1543_14101,5316.1225390434265
Z1546_14097,Z1543_14102,10632.245078086853
Z1546_14097,Z1544_14087,5316.1225390434265
Z1546_14097,Z1544_14089,6202.142962217331
Z1546_14097,Z1544_14091,3544.0816926956177
Z1546_14097,Z1544_14092,10632.245078086853
Z1546_14097,Z1544_14093,886.0204231739044
Z1546_14097,Z1544_14094,44301.02115869522
Z1546_14097,Z1544_14099,3544.0816926956177
Z1546_14097,Z1544_14100,886.0204231739044
Z1546_14097,Z1544_14101,18606.428886651993
Z1546_14097,Z1544_14102,3544.0816926956177
Z1546_14097,Z1545_14088,5316.1225390434265
Z1546_14097,Z1545_14093,886.0204231739044
Z1546_14097,Z1545_14094,3544.0816926956177
Z1546_14097,Z1545_14095,8860.204231739044
Z1546_14097,Z1545_14099,2658.0612695217133
Z1546_14097,Z1545_14101,886.0204231739044
Z1546_14097,Z1546_14089,13290.306347608566
Z1546_14097,Z1546_14090,886.0204231739044
Z1546_14097,Z1546_14091,5316.1225390434265
Z1546_14097,Z1546_14092,2658.0612695217133
Z1546_14097,Z1546_14093,8860.204231739044
Z1546_14097,Z1546_14094,5316.1225390434265
Z1546_14097,Z1546_14095,21264.490156173706
Z1546_14097,Z1546_14096,7088.163385391235
Z1546_14097,Z1547_14087,3544.0816926956177
Z1546_14097,Z1547_14089,7974.18380856514
Z1546_14097,Z1547_14091,48731.12327456474
Z1546_14097,Z1547_14092,11518.265501260757
Z1546_14097,Z1547_14093,22150.51057934761
Z1546_14097,Z1547_14094,24808.571848869324
Z1546_14097,Z1547_14095,13290.306347608566
Z1546_14097,Z1547_14097,886.0204231739044
Z1546_14097,Z1548_14087,2658.0612695217133
Z1546_14097,Z1548_14089,8860.204231739044
Z1546_14097,Z1548_14091,4430.102115869522
Z1546_14097,Z1548_14092,458958.5792040825
Z1546_14097,Z1548_14093,69995.61343073845
Z1546_14097,Z1548_14094,106322.45078086853
Z1546_14097,Z1548_14095,25694.592272043228
Z1546_14097,Z1548_14096,3544.0816926956177
Z1546_14097,Z1548_14098,9746.224654912949
Z1546_14097,Z1548_14101,3544.0816926956177
Z1546_14097,Z1549_14088,3544.0816926956177
Z1546_14097,Z1549_14092,51389.184544086456
Z1546_14097,Z1549_14093,131131.02262973785
Z1546_14097,Z1549_14094,153281.53320908546
Z1546_14097,Z1549_14095,54047.24581360817
Z1546_14097,Z1549_14096,7974.18380856514
Z1546_14097,Z1549_14097,13290.306347608566
Z1546_14097,Z1549_14101,5316.1225390434265
Z1546_14097,Z1550_14088,886.0204231739044
Z1546_14097,Z1550_14090,3544.0816926956177
Z1546_14097,Z1550_14091,7088.163385391235
Z1546_14097,Z1550_14092,26580.612695217133
Z1546_14097,Z1550_14093,134675.10432243347
Z1546_14097,Z1550_14094,67337.55216121674
Z1546_14097,Z1550_14095,29238.673964738846
Z1546_14097,Z1550_14097,1772.0408463478088
Z1546_14097,Z1550_14099,2658.0612695217133
Z1546_14097,Z1550_14100,886.0204231739044
Z1546_14097,Z1550_14102,886.0204231739044
Z1546_14097,Z1551_14086,5316.1225390434265
Z1546_14097,Z1551_14090,5316.1225390434265
Z1546_14097,Z1551_14092,1772.0408463478088
Z1546_14097,Z1551_14094,16834.388040304184
Z1546_14097,Z1551_14095,38098.87819647789
Z1546_14097,Z1552_14088,3544.0816926956177
Z1546_14097,Z1552_14092,6202.142962217331
Z1546_14097,Z1552_14094,5316.1225390434265
Z1546_14097,Z1552_14095,17720.40846347809
Z1546_14097,Z1552_14096,11518.265501260757
Z1546_14097,Z1552_14101,886.0204231739044
Z1546_14097,Z1552_14102,886.0204231739044
Z1546_14097,Z1553_14086,3544.0816926956177
Z1546_14097,Z1553_14092,7088.163385391235
Z1546_14097,Z1553_14093,4430.102115869522
Z1546_14097,Z1553_14096,17720.40846347809
Z1546_14097,Z1554_14094,3544.0816926956177
Z1546_14097,Z1554_14095,886.0204231739044
Z1546_14097,Z1554_14097,2658.0612695217133
Z1546_14097,Z1554_14098,4430.102115869522
Z1546_14097,Z1554_14099,886.0204231739044
Z1546_14097,Z1554_14100,4430.102115869522
Z1546_14097,Z1555_14090,3544.0816926956177
Z1546_14097,Z1555_14091,886.0204231739044
Z1546_14097,Z1555_14093,886.0204231739044
Z1546_14097,Z1555_14095,3544.0816926956177
Z1546_14097,Z1555_14096,886.0204231739044
Z1546_14097,Z1555_14097,3544.0816926956177
Z1546_14098,Z1542_14088,5759.672255516052
Z1546_14098,Z1542_14089,959.945375919342
Z1546_14098,Z1542_14091,11519.344511032104
Z1546_14098,Z1542_14093,11519.344511032104
Z1546_14098,Z1543_14094,57596.72255516052
Z1546_14098,Z1543_14099,959.945375919342
Z1546_14098,Z1543_14100,3839.781503677368
Z1546_14098,Z1543_14101,5759.672255516052
Z1546_14098,Z1543_14102,11519.344511032104
Z1546_14098,Z1544_14087,5759.672255516052
Z1546_14098,Z1544_14089,6719.617631435394
Z1546_14098,Z1544_14091,3839.781503677368
Z1546_14098,Z1544_14092,11519.344511032104
Z1546_14098,Z1544_14093,959.945375919342
Z1546_14098,Z1544_14094,47997.2687959671
Z1546_14098,Z1544_14099,3839.781503677368
Z1546_14098,Z1544_14100,959.945375919342
Z1546_14098,Z1544_14101,20158.852894306183
Z1546_14098,Z1544_14102,3839.781503677368
Z1546_14098,Z1545_14088,5759.672255516052
Z1546_14098,Z1545_14093,959.945375919342
Z1546_14098,Z1545_14094,3839.781503677368
Z1546_14098,Z1545_14095,9599.45375919342
Z1546_14098,Z1545_14099,2879.836127758026
Z1546_14098,Z1545_14101,959.945375919342
Z1546_14098,Z1546_14089,14399.18063879013
Z1546_14098,Z1546_14090,959.945375919342
Z1546_14098,Z1546_14091,5759.672255516052
Z1546_14098,Z1546_14092,2879.836127758026
Z1546_14098,Z1546_14093,9599.45375919342
Z1546_14098,Z1546_14094,5759.672255516052
Z1546_14098,Z1546_14095,23038.68902206421
Z1546_14098,Z1546_14096,7679.563007354736
Z1546_14098,Z1547_14087,3839.781503677368
Z1546_14098,Z1547_14089,8639.508383274078
Z1546_14098,Z1547_14091,52796.99567556381
Z1546_14098,Z1547_14092,12479.289886951447
Z1546_14098,Z1547_14093,23998.63439798355
Z1546_14098,Z1547_14094,26878.470525741577
Z1546_14098,Z1547_14095,14399.18063879013
Z1546_14098,Z1547_14097,959.945375919342
Z1546_14098,Z1548_14087,2879.836127758026
Z1546_14098,Z1548_14089,9599.45375919342
Z1546_14098,Z1548_14091,4799.72687959671
Z1546_14098,Z1548_14092,497251.7047262192
Z1546_14098,Z1548_14093,75835.68469762802
Z1546_14098,Z1548_14094,115193.44511032104
Z1546_14098,Z1548_14095,27838.41590166092
Z1546_14098,Z1548_14096,3839.781503677368
Z1546_14098,Z1548_14098,10559.399135112762
Z1546_14098,Z1548_14101,3839.781503677368
Z1546_14098,Z1549_14088,3839.781503677368
Z1546_14098,Z1549_14092,55676.83180332184
Z1546_14098,Z1549_14093,142071.91563606262
Z1546_14098,Z1549_14094,166070.55003404617
Z1546_14098,Z1549_14095,58556.667931079865
Z1546_14098,Z1549_14096,8639.508383274078
Z1546_14098,Z1549_14097,14399.18063879013
Z1546_14098,Z1549_14101,5759.672255516052
Z1546_14098,Z1550_14088,959.945375919342
Z1546_14098,Z1550_14090,3839.781503677368
Z1546_14098,Z1550_14091,7679.563007354736
Z1546_14098,Z1550_14092,28798.36127758026
Z1546_14098,Z1550_14093,145911.69713974
Z1546_14098,Z1550_14094,72955.84856987
Z1546_14098,Z1550_14095,31678.197405338287
Z1546_14098,Z1550_14097,1919.890751838684
Z1546_14098,Z1550_14099,2879.836127758026
Z1546_14098,Z1550_14100,959.945375919342
Z1546_14098,Z1550_14102,959.945375919342
Z1546_14098,Z1551_14086,5759.672255516052
Z1546_14098,Z1551_14090,5759.672255516052
Z1546_14098,Z1551_14092,1919.890751838684
Z1546_14098,Z1551_14094,18238.9621424675
Z1546_14098,Z1551_14095,41277.65116453171
Z1546_14098,Z1552_14088,3839.781503677368
Z1546_14098,Z1552_14092,6719.617631435394
Z1546_14098,Z1552_14094,5759.672255516052
Z1546_14098,Z1552_14095,19198.90751838684
Z1546_14098,Z1552_14096,12479.289886951447
Z1546_14098,Z1552_14101,959.945375919342
Z1546_14098,Z1552_14102,959.945375919342
Z1546_14098,Z1553_14086,3839.781503677368
Z1546_14098,Z1553_14092,7679.563007354736
Z1546_14098,Z1553_14093,4799.72687959671
Z1546_14098,Z1553_14096,19198.90751838684
Z1546_14098,Z1554_14094,3839.781503677368
Z1546_14098,Z1554_14095,959.945375919342
Z1546_14098,Z1554_14097,2879.836127758026
Z1546_14098,Z1554_14098,4799.72687959671
Z1546_14098,Z1554_14099,959.945375919342
Z1546_14098,Z1554_14100,4799.72687959671
Z1546_14098,Z1555_14090,3839.781503677368
Z1546_14098,Z1555_14091,959.945375919342
Z1546_14098,Z1555_14093,959.945375919342
Z1546_14098,Z1555_14095,3839.781503677368
Z1546_14098,Z1555_14096,959.945375919342
Z1546_14098,Z1555_14097,3839.781503677368
Z1546_14099,Z1542_14088,5441.865241527557
Z1546_14099,Z1542_14089,906.9775402545929
Z1546_14099,Z1542_14091,10883.730483055115
Z1546_14099,Z1542_14093,10883.730483055115
Z1546_14099,Z1543_14094,54418.652415275574
Z1546_14099,Z1543_14099,906.9775402545929
Z1546_14099,Z1543_14100,3627.9101610183716
Z1546_14099,Z1543_14101,5441.865241527557
Z1546_14099,Z1543_14102,10883.730483055115
Z1546_14099,Z1544_14087,5441.865241527557
Z1546_14099,Z1544_14089,6348.84278178215
Z1546_14099,Z1544_14091,3627.9101610183716
Z1546_14099,Z1544_14092,10883.730483055115
Z1546_14099,Z1544_14093,906.9775402545929
Z1546_14099,Z1544_14094,45348.877012729645
Z1546_14099,Z1544_14099,3627.9101610183716
Z1546_14099,Z1544_14100,906.9775402545929
Z1546_14099,Z1544_14101,19046.52834534645
Z1546_14099,Z1544_14102,3627.9101610183716
Z1546_14099,Z1545_14088,5441.865241527557
Z1546_14099,Z1545_14093,906.9775402545929
Z1546_14099,Z1545_14094,3627.9101610183716
Z1546_14099,Z1545_14095,9069.775402545929
Z1546_14099,Z1545_14099,2720.9326207637787
Z1546_14099,Z1545_14101,906.9775402545929
Z1546_14099,Z1546_14089,13604.663103818893
Z1546_14099,Z1546_14090,906.9775402545929
Z1546_14099,Z1546_14091,5441.865241527557
Z1546_14099,Z1546_14092,2720.9326207637787
Z1546_14099,Z1546_14093,9069.775402545929
Z1546_14099,Z1546_14094,5441.865241527557
Z1546_14099,Z1546_14095,21767.46096611023
Z1546_14099,Z1546_14096,7255.820322036743
Z1546_14099,Z1547_14087,3627.9101610183716
Z1546_14099,Z1547_14089,8162.797862291336
Z1546_14099,Z1547_14091,49883.76471400261
Z1546_14099,Z1547_14092,11790.708023309708
Z1546_14099,Z1547_14093,22674.438506364822
Z1546_14099,Z1547_14094,25395.3711271286
Z1546_14099,Z1547_14095,13604.663103818893
Z1546_14099,Z1547_14097,906.9775402545929
Z1546_14099,Z1548_14087,2720.9326207637787
Z1546_14099,Z1548_14089,9069.775402545929
Z1546_14099,Z1548_14091,4534.8877012729645
Z1546_14099,Z1548_14092,469814.3658518791
Z1546_14099,Z1548_14093,71651.22568011284
Z1546_14099,Z1548_14094,108837.30483055115
Z1546_14099,Z1548_14095,26302.348667383194
Z1546_14099,Z1548_14096,3627.9101610183716
Z1546_14099,Z1548_14098,9976.752942800522
Z1546_14099,Z1548_14101,3627.9101610183716
Z1546_14099,Z1549_14088,3627.9101610183716
Z1546_14099,Z1549_14092,52604.69733476639
Z1546_14099,Z1549_14093,134232.67595767975
Z1546_14099,Z1549_14094,156907.11446404457
Z1546_14099,Z1549_14095,55325.62995553017
Z1546_14099,Z1549_14096,8162.797862291336
Z1546_14099,Z1549_14097,13604.663103818893
Z1546_14099,Z1549_14101,5441.865241527557
Z1546_14099,Z1550_14088,906.9775402545929
Z1546_14099,Z1550_14090,3627.9101610183716
Z1546_14099,Z1550_14091,7255.820322036743
Z1546_14099,Z1550_14092,27209.326207637787
Z1546_14099,Z1550_14093,137860.58611869812
Z1546_14099,Z1550_14094,68930.29305934906
Z1546_14099,Z1550_14095,29930.258828401566
Z1546_14099,Z1550_14097,1813.9550805091858
Z1546_14099,Z1550_14099,2720.9326207637787
Z1546_14099,Z1550_14100,906.9775402545929
Z1546_14099,Z1550_14102,906.9775402545929
Z1546_14099,Z1551_14086,5441.865241527557
Z1546_14099,Z1551_14090,5441.865241527557
Z1546_14099,Z1551_14092,1813.9550805091858
Z1546_14099,Z1551_14094,17232.573264837265
Z1546_14099,Z1551_14095,39000.034230947495
Z1546_14099,Z1552_14088,3627.9101610183716
Z1546_14099,Z1552_14092,6348.84278178215
Z1546_14099,Z1552_14094,5441.865241527557
Z1546_14099,Z1552_14095,18139.550805091858
Z1546_14099,Z1552_14096,11790.708023309708
Z1546_14099,Z1552_14101,906.9775402545929
Z1546_14099,Z1552_14102,906.9775402545929
Z1546_14099,Z1553_14086,3627.9101610183716
Z1546_14099,Z1553_14092,7255.820322036743
Z1546_14099,Z1553_14093,4534.8877012729645
Z1546_14099,Z1553_14096,18139.550805091858
Z1546_14099,Z1554_14094,3627.9101610183716
Z1546_14099,Z1554_14095,906.9775402545929
Z1546_14099,Z1554_14097,2720.9326207637787
Z1546_14099,Z1554_14098,4534.8877012729645
Z1546_14099,Z1554_14099,906.9775402545929
Z1546_14099,Z1554_14100,4534.8877012729645
Z1546_14099,Z1555_14090,3627.9101610183716
Z1546_14099,Z1555_14091,906.9775402545929
Z1546_14099,Z1555_14093,906.9775402545929
Z1546_14099,Z1555_14095,3627.9101610183716
Z1546_14099,Z1555_14096,906.9775402545929
Z1546_14099,Z1555_14097,3627.9101610183716
Z1546_14100,Z1542_14088,1211.2554502487183
Z1546_14100,Z1542_14089,201.87590837478638
Z1546_14100,Z1542_14091,2422.5109004974365
Z1546_14100,Z1542_14093,2422.5109004974365
Z1546_14100,Z1543_14094,12112.554502487183
Z1546_14100,Z1543_14099,201.87590837478638
Z1546_14100,Z1543_14100,807.5036334991455
Z1546_14100,Z1543_14101,1211.2554502487183
Z1546_14100,Z1543_14102,2422.5109004974365
Z1546_14100,Z1544_14087,1211.2554502487183
Z1546_14100,Z1544_14089,1413.1313586235046
Z1546_14100,Z1544_14091,807.5036334991455
Z1546_14100,Z1544_14092,2422.5109004974365
Z1546_14100,Z1544_14093,201.87590837478638
Z1546_14100,Z1544_14094,10093.795418739319
Z1546_14100,Z1544_14099,807.5036334991455
Z1546_14100,Z1544_14100,201.87590837478638
Z1546_14100,Z1544_14101,4239.394075870514
Z1546_14100,Z1544_14102,807.5036334991455
Z1546_14100,Z1545_14088,1211.2554502487183
Z1546_14100,Z1545_14093,201.87590837478638
Z1546_14100,Z1545_14094,807.5036334991455
Z1546_14100,Z1545_14095,2018.7590837478638
Z1546_14100,Z1545_14099,605.6277251243591
Z1546_14100,Z1545_14101,201.87590837478638
Z1546_14100,Z1546_14089,3028.1386256217957
Z1546_14100,Z1546_14090,201.87590837478638
Z1546_14100,Z1546_14091,1211.2554502487183
Z1546_14100,Z1546_14092,605.6277251243591
Z1546_14100,Z1546_14093,2018.7590837478638
Z1546_14100,Z1546_14094,1211.2554502487183
Z1546_14100,Z1546_14095,4845.021800994873
Z1546_14100,Z1546_14096,1615.007266998291
Z1546_14100,Z1547_14087,807.5036334991455
Z1546_14100,Z1547_14089,1816.8831753730774
Z1546_14100,Z1547_14091,11103.17496061325
Z1546_14100,Z1547_14092,2624.386808872223
Z1546_14100,Z1547_14093,5046.897709369659
Z1546_14100,Z1547_14094,5652.525434494019
Z1546_14100,Z1547_14095,3028.1386256217957
Z1546_14100,Z1547_14097,201.87590837478638
Z1546_14100,Z1548_14087,605.6277251243591
Z1546_14100,Z1548_14089,2018.7590837478638
Z1546_14100,Z1548_14091,1009.3795418739319
Z1546_14100,Z1548_14092,104571.72053813934
Z1546_14100,Z1548_14093,15948.196761608124
Z1546_14100,Z1548_14094,24225.109004974365
Z1546_14100,Z1548_14095,5854.401342868805
Z1546_14100,Z1548_14096,807.5036334991455
Z1546_14100,Z1548_14098,2220.63499212265
Z1546_14100,Z1548_14101,807.5036334991455
Z1546_14100,Z1549_14088,807.5036334991455
Z1546_14100,Z1549_14092,11708.80268573761
Z1546_14100,Z1549_14093,29877.634439468384
Z1546_14100,Z1549_14094,34924.53214883804
Z1546_14100,Z1549_14095,12314.430410861969
Z1546_14100,Z1549_14096,1816.8831753730774
Z1546_14100,Z1549_14097,3028.1386256217957
Z1546_14100,Z1549_14101,1211.2554502487183
Z1546_14100,Z1550_14088,201.87590837478638
Z1546_14100,Z1550_14090,807.5036334991455
Z1546_14100,Z1550_14091,1615.007266998291
Z1546_14100,Z1550_14092,6056.277251243591
Z1546_14100,Z1550_14093,30685.13807296753
Z1546_14100,Z1550_14094,15342.569036483765
Z1546_14100,Z1550_14095,6661.90497636795
Z1546_14100,Z1550_14097,403.75181674957275
Z1546_14100,Z1550_14099,605.6277251243591
Z1546_14100,Z1550_14100,201.87590837478638
Z1546_14100,Z1550_14102,201.87590837478638
Z1546_14100,Z1551_14086,1211.2554502487183
Z1546_14100,Z1551_14090,1211.2554502487183
Z1546_14100,Z1551_14092,403.75181674957275
Z1546_14100,Z1551_14094,3835.642259120941
Z1546_14100,Z1551_14095,8680.664060115814
Z1546_14100,Z1552_14088,807.5036334991455
Z1546_14100,Z1552_14092,1413.1313586235046
Z1546_14100,Z1552_14094,1211.2554502487183
Z1546_14100,Z1552_14095,4037.5181674957275
Z1546_14100,Z1552_14096,2624.386808872223
Z1546_14100,Z1552_14101,201.87590837478638
Z1546_14100,Z1552_14102,201.87590837478638
Z1546_14100,Z1553_14086,807.5036334991455
Z1546_14100,Z1553_14092,1615.007266998291
Z1546_14100,Z1553_14093,1009.3795418739319
Z1546_14100,Z1553_14096,4037.5181674957275
Z1546_14100,Z1554_14094,807.5036334991455
Z1546_14100,Z1554_14095,201.87590837478638
Z1546_14100,Z1554_14097,605.6277251243591
Z1546_14100,Z1554_14098,1009.3795418739319
Z1546_14100,Z1554_14099,201.87590837478638
Z1546_14100,Z1554_14100,1009.3795418739319
Z1546_14100,Z1555_14090,807.5036334991455
Z1546_14100,Z1555_14091,201.87590837478638
Z1546_14100,Z1555_14093,201.87590837478638
Z1546_14100,Z1555_14095,807.5036334991455
Z1546_14100,Z1555_14096,201.87590837478638
Z1546_14100,Z1555_14097,807.5036334991455
Z1547_14089,Z1542_14088,9331.122951507568
Z1547_14089,Z1542_14089,1555.1871585845947
Z1547_14089,Z1542_14091,18662.245903015137
Z1547_14089,Z1542_14093,18662.245903015137
Z1547_14089,Z1543_14094,93311.22951507568
Z1547_14089,Z1543_14099,1555.1871585845947
Z1547_14089,Z1543_14100,6220.748634338379
Z1547_14089,Z1543_14101,9331.122951507568
Z1547_14089,Z1543_14102,18662.245903015137
Z1547_14089,Z1544_14087,9331.122951507568
Z1547_14089,Z1544_14089,10886.310110092163
Z1547_14089,Z1544_14091,6220.748634338379
Z1547_14089,Z1544_14092,18662.245903015137
Z1547_14089,Z1544_14093,1555.1871585845947
Z1547_14089,Z1544_14094,77759.35792922974
Z1547_14089,Z1544_14099,6220.748634338379
Z1547_14089,Z1544_14100,1555.1871585845947
Z1547_14089,Z1544_14101,32658.93033027649
Z1547_14089,Z1544_14102,6220.748634338379
Z1547_14089,Z1545_14088,9331.122951507568
Z1547_14089,Z1545_14093,1555.1871585845947
Z1547_14089,Z1545_14094,6220.748634338379
Z1547_14089,Z1545_14095,15551.871585845947
Z1547_14089,Z1545_14099,4665.561475753784
Z1547_14089,Z1545_14101,1555.1871585845947
Z1547_14089,Z1546_14089,23327.80737876892
Z1547_14089,Z1546_14090,1555.1871585845947
Z1547_14089,Z1546_14091,9331.122951507568
Z1547_14089,Z1546_14092,4665.561475753784
Z1547_14089,Z1546_14093,15551.871585845947
Z1547_14089,Z1546_14094,9331.122951507568
Z1547_14089,Z1546_14095,37324.49180603027
Z1547_14089,Z1546_14096,12441.497268676758
Z1547_14089,Z1547_14087,6220.748634338379
Z1547_14089,Z1547_14089,13996.684427261353
Z1547_14089,Z1547_14091,85535.29372215271
Z1547_14089,Z1547_14092,20217.43306159973
Z1547_14089,Z1547_14093,38879.67896461487
Z1547_14089,Z1547_14094,43545.24044036865
Z1547_14089,Z1547_14095,23327.80737876892
Z1547_14089,Z1547_14097,1555.1871585845947
Z1547_14089,Z1548_14087,4665.561475753784
Z1547_14089,Z1548_14089,15551.871585845947
Z1547_14089,Z1548_14091,7775.935792922974
Z1547_14089,Z1548_14092,805586.9481468201
Z1547_14089,Z1548_14093,122859.78552818298
Z1547_14089,Z1548_14094,186622.45903015137
Z1547_14089,Z1548_14095,45100.42759895325
Z1547_14089,Z1548_14096,6220.748634338379
Z1547_14089,Z1548_14098,17107.058744430542
Z1547_14089,Z1548_14101,6220.748634338379
Z1547_14089,Z1549_14088,6220.748634338379
Z1547_14089,Z1549_14092,90200.8551979065
Z1547_14089,Z1549_14093,230167.69947052002
Z1547_14089,Z1549_14094,269047.3784351349
Z1547_14089,Z1549_14095,94866.41667366028
Z1547_14089,Z1549_14096,13996.684427261353
Z1547_14089,Z1549_14097,23327.80737876892
Z1547_14089,Z1549_14101,9331.122951507568
Z1547_14089,Z1550_14088,1555.1871585845947
Z1547_14089,Z1550_14090,6220.748634338379
Z1547_14089,Z1550_14091,12441.497268676758
Z1547_14089,Z1550_14092,46655.61475753784
Z1547_14089,Z1550_14093,236388.4481048584
Z1547_14089,Z1550_14094,118194.2240524292
Z1547_14089,Z1550_14095,51321.176233291626
Z1547_14089,Z1550_14097,3110.3743171691895
Z1547_14089,Z1550_14099,4665.561475753784
Z1547_14089,Z1550_14100,1555.1871585845947
Z1547_14089,Z1550_14102,1555.1871585845947
Z1547_14089,Z1551_14086,9331.122951507568
Z1547_14089,Z1551_14090,9331.122951507568
Z1547_14089,Z1551_14092,3110.3743171691895
Z1547_14089,Z1551_14094,29548.5560131073
Z1547_14089,Z1551_14095,66873.04781913757
Z1547_14089,Z1552_14088,6220.748634338379
Z1547_14089,Z1552_14092,10886.310110092163
Z1547_14089,Z1552_14094,9331.122951507568
Z1547_14089,Z1552_14095,31103.743171691895
Z1547_14089,Z1552_14096,20217.43306159973
Z1547_14089,Z1552_14101,1555.1871585845947
Z1547_14089,Z1552_14102,1555.1871585845947
Z1547_14089,Z1553_14086,6220.748634338379
Z1547_14089,Z1553_14092,12441.497268676758
Z1547_14089,Z1553_14093,7775.935792922974
Z1547_14089,Z1553_14096,31103.743171691895
Z1547_14089,Z1554_14094,6220.748634338379
Z1547_14089,Z1554_14095,1555.1871585845947
Z1547_14089,Z1554_14097,4665.561475753784
Z1547_14089,Z1554_14098,7775.935792922974
Z1547_14089,Z1554_14099,1555.1871585845947
Z1547_14089,Z1554_14100,7775.935792922974
Z1547_14089,Z1555_14090,6220.748634338379
Z1547_14089,Z1555_14091,1555.1871585845947
Z1547_14089,Z1555_14093,1555.1871585845947
Z1547_14089,Z1555_14095,6220.748634338379
Z1547_14089,Z1555_14096,1555.1871585845947
Z1547_14089,Z1555_14097,6220.748634338379
Z1547_14090,Z1542_14088,5745.957269668579
Z1547_14090,Z1542_14089,957.6595449447632
Z1547_14090,Z1542_14091,11491.914539337158
Z1547_14090,Z1542_14093,11491.914539337158
Z1547_14090,Z1543_14094,57459.57269668579
Z1547_14090,Z1543_14099,957.6595449447632
Z1547_14090,Z1543_14100,3830.6381797790527
Z1547_14090,Z1543_14101,5745.957269668579
Z1547_14090,Z1543_14102,11491.914539337158
Z1547_14090,Z1544_14087,5745.957269668579
Z1547_14090,Z1544_14089,6703.616814613342
Z1547_14090,Z1544_14091,3830.6381797790527
Z1547_14090,Z1544_14092,11491.914539337158
Z1547_14090,Z1544_14093,957.6595449447632
Z1547_14090,Z1544_14094,47882.97724723816
Z1547_14090,Z1544_14099,3830.6381797790527
Z1547_14090,Z1544_14100,957.6595449447632
Z1547_14090,Z1544_14101,20110.850443840027
Z1547_14090,Z1544_14102,3830.6381797790527
Z1547_14090,Z1545_14088,5745.957269668579
Z1547_14090,Z1545_14093,957.6595449447632
Z1547_14090,Z1545_14094,3830.6381797790527
Z1547_14090,Z1545_14095,9576.595449447632
Z1547_14090,Z1545_14099,2872.9786348342896
Z1547_14090,Z1545_14101,957.6595449447632
Z1547_14090,Z1546_14089,14364.893174171448
Z1547_14090,Z1546_14090,957.6595449447632
Z1547_14090,Z1546_14091,5745.957269668579
Z1547_14090,Z1546_14092,2872.9786348342896
Z1547_14090,Z1546_14093,9576.595449447632
Z1547_14090,Z1546_14094,5745.957269668579
Z1547_14090,Z1546_14095,22983.829078674316
Z1547_14090,Z1546_14096,7661.2763595581055
Z1547_14090,Z1547_14087,3830.6381797790527
Z1547_14090,Z1547_14089,8618.935904502869
Z1547_14090,Z1547_14091,52671.274971961975
Z1547_14090,Z1547_14092,12449.574084281921
Z1547_14090,Z1547_14093,23941.48862361908
Z1547_14090,Z1547_14094,26814.46725845337
Z1547_14090,Z1547_14095,14364.893174171448
Z1547_14090,Z1547_14097,957.6595449447632
Z1547_14090,Z1548_14087,2872.9786348342896
Z1547_14090,Z1548_14089,9576.595449447632
Z1547_14090,Z1548_14091,4788.297724723816
Z1547_14090,Z1548_14092,496067.6442813873
Z1547_14090,Z1548_14093,75655.10405063629
Z1547_14090,Z1548_14094,114919.14539337158
Z1547_14090,Z1548_14095,27772.126803398132
Z1547_14090,Z1548_14096,3830.6381797790527
Z1547_14090,Z1548_14098,10534.254994392395
Z1547_14090,Z1548_14101,3830.6381797790527
Z1547_14090,Z1549_14088,3830.6381797790527
Z1547_14090,Z1549_14092,55544.253606796265
Z1547_14090,Z1549_14093,141733.61265182495
Z1547_14090,Z1549_14094,165675.10127544403
Z1547_14090,Z1549_14095,58417.232241630554
Z1547_14090,Z1549_14096,8618.935904502869
Z1547_14090,Z1549_14097,14364.893174171448
Z1547_14090,Z1549_14101,5745.957269668579
Z1547_14090,Z1550_14088,957.6595449447632
Z1547_14090,Z1550_14090,3830.6381797790527
Z1547_14090,Z1550_14091,7661.2763595581055
Z1547_14090,Z1550_14092,28729.786348342896
Z1547_14090,Z1550_14093,145564.250831604
Z1547_14090,Z1550_14094,72782.125415802
Z1547_14090,Z1550_14095,31602.764983177185
Z1547_14090,Z1550_14097,1915.3190898895264
Z1547_14090,Z1550_14099,2872.9786348342896
Z1547_14090,Z1550_14100,957.6595449447632
Z1547_14090,Z1550_14102,957.6595449447632
Z1547_14090,Z1551_14086,5745.957269668579
Z1547_14090,Z1551_14090,5745.957269668579
Z1547_14090,Z1551_14092,1915.3190898895264
Z1547_14090,Z1551_14094,18195.5313539505
Z1547_14090,Z1551_14095,41179.36043262482
Z1547_14090,Z1552_14088,3830.6381797790527
Z1547_14090,Z1552_14092,6703.616814613342
Z1547_14090,Z1552_14094,5745.957269668579
Z1547_14090,Z1552_14095,19153.190898895264
Z1547_14090,Z1552_14096,12449.574084281921
Z1547_14090,Z1552_14101,957.6595449447632
Z1547_14090,Z1552_14102,957.6595449447632
Z1547_14090,Z1553_14086,3830.6381797790527
Z1547_14090,Z1553_14092,7661.2763595581055
Z1547_14090,Z1553_14093,4788.297724723816
Z1547_14090,Z1553_14096,19153.190898895264
Z1547_14090,Z1554_14094,3830.6381797790527
Z1547_14090,Z1554_14095,957.6595449447632
Z1547_14090,Z1554_14097,2872.9786348342896
Z1547_14090,Z1554_14098,4788.297724723816
Z1547_14090,Z1554_14099,957.6595449447632
Z1547_14090,Z1554_14100,4788.297724723816
Z1547_14090,Z1555_14090,3830.6381797790527
Z1547_14090,Z1555_14091,957.6595449447632
Z1547_14090,Z1555_14093,957.6595449447632
Z1547_14090,Z1555_14095,3830.6381797790527
Z1547_14090,Z1555_14096,957.6595449447632
Z1547_14090,Z1555_14097,3830.6381797790527
Z1547_14091,Z1542_14088,9582.345042228699
Z1547_14091,Z1542_14089,1597.0575070381165
Z1547_14091,Z1542_14091,19164.690084457397
Z1547_14091,Z1542_14093,19164.690084457397
Z1547_14091,Z1543_14094,95823.45042228699
Z1547_14091,Z1543_14099,1597.0575070381165
Z1547_14091,Z1543_14100,6388.230028152466
Z1547_14091,Z1543_14101,9582.345042228699
Z1547_14091,Z1543_14102,19164.690084457397
Z1547_14091,Z1544_14087,9582.345042228699
Z1547_14091,Z1544_14089,11179.402549266815
Z1547_14091,Z1544_14091,6388.230028152466
Z1547_14091,Z1544_14092,19164.690084457397
Z1547_14091,Z1544_14093,1597.0575070381165
Z1547_14091,Z1544_14094,79852.87535190582
Z1547_14091,Z1544_14099,6388.230028152466
Z1547_14091,Z1544_14100,1597.0575070381165
Z1547_14091,Z1544_14101,33538.207647800446
Z1547_14091,Z1544_14102,6388.230028152466
Z1547_14091,Z1545_14088,9582.345042228699
Z1547_14091,Z1545_14093,1597.0575070381165
Z1547_14091,Z1545_14094,6388.230028152466
Z1547_14091,Z1545_14095,15970.575070381165
Z1547_14091,Z1545_14099,4791.172521114349
Z1547_14091,Z1545_14101,1597.0575070381165
Z1547_14091,Z1546_14089,23955.862605571747
Z1547_14091,Z1546_14090,1597.0575070381165
Z1547_14091,Z1546_14091,9582.345042228699
Z1547_14091,Z1546_14092,4791.172521114349
Z1547_14091,Z1546_14093,15970.575070381165
Z1547_14091,Z1546_14094,9582.345042228699
Z1547_14091,Z1546_14095,38329.380168914795
Z1547_14091,Z1546_14096,12776.460056304932
Z1547_14091,Z1547_14087,6388.230028152466
Z1547_14091,Z1547_14089,14373.517563343048
Z1547_14091,Z1547_14091,87838.1628870964
Z1547_14091,Z1547_14092,20761.747591495514
Z1547_14091,Z1547_14093,39926.43767595291
Z1547_14091,Z1547_14094,44717.61019706726
Z1547_14091,Z1547_14095,23955.862605571747
Z1547_14091,Z1547_14097,1597.0575070381165
Z1547_14091,Z1548_14087,4791.172521114349
Z1547_14091,Z1548_14089,15970.575070381165
Z1547_14091,Z1548_14091,7985.287535190582
Z1547_14091,Z1548_14092,827275.7886457443
Z1547_14091,Z1548_14093,126167.5430560112
Z1547_14091,Z1548_14094,191646.90084457397
Z1547_14091,Z1548_14095,46314.66770410538
Z1547_14091,Z1548_14096,6388.230028152466
Z1547_14091,Z1548_14098,17567.63257741928
Z1547_14091,Z1548_14101,6388.230028152466
Z1547_14091,Z1549_14088,6388.230028152466
Z1547_14091,Z1549_14092,92629.33540821075
Z1547_14091,Z1549_14093,236364.51104164124
Z1547_14091,Z1549_14094,276290.94871759415
Z1547_14091,Z1549_14095,97420.5079293251
Z1547_14091,Z1549_14096,14373.517563343048
Z1547_14091,Z1549_14097,23955.862605571747
Z1547_14091,Z1549_14101,9582.345042228699
Z1547_14091,Z1550_14088,1597.0575070381165
Z1547_14091,Z1550_14090,6388.230028152466
Z1547_14091,Z1550_14091,12776.460056304932
Z1547_14091,Z1550_14092,47911.725211143494
Z1547_14091,Z1550_14093,242752.7410697937
Z1547_14091,Z1550_14094,121376.37053489685
Z1547_14091,Z1550_14095,52702.89773225784
Z1547_14091,Z1550_14097,3194.115014076233
Z1547_14091,Z1550_14099,4791.172521114349
Z1547_14091,Z1550_14100,1597.0575070381165
Z1547_14091,Z1550_14102,1597.0575070381165
Z1547_14091,Z1551_14086,9582.345042228699
Z1547_14091,Z1551_14090,9582.345042228699
Z1547_14091,Z1551_14092,3194.115014076233
Z1547_14091,Z1551_14094,30344.092633724213
Z1547_14091,Z1551_14095,68673.47280263901
Z1547_14091,Z1552_14088,6388.230028152466
Z1547_14091,Z1552_14092,11179.402549266815
Z1547_14091,Z1552_14094,9582.345042228699
Z1547_14091,Z1552_14095,31941.15014076233
Z1547_14091,Z1552_14096,20761.747591495514
Z1547_14091,Z1552_14101,1597.0575070381165
Z1547_14091,Z1552_14102,1597.0575070381165
Z1547_14091,Z1553_14086,6388.230028152466
Z1547_14091,Z1553_14092,12776.460056304932
Z1547_14091,Z1553_14093,7985.287535190582
Z1547_14091,Z1553_14096,31941.15014076233
Z1547_14091,Z1554_14094,6388.230028152466
Z1547_14091,Z1554_14095,1597.0575070381165
Z1547_14091,Z1554_14097,4791.172521114349
Z1547_14091,Z1554_14098,7985.287535190582
Z1547_14091,Z1554_14099,1597.0575070381165
Z1547_14091,Z1554_14100,7985.287535190582
Z1547_14091,Z1555_14090,6388.230028152466
Z1547_14091,Z1555_14091,1597.0575070381165
Z1547_14091,Z1555_14093,1597.0575070381165
Z1547_14091,Z1555_14095,6388.230028152466
Z1547_14091,Z1555_14096,1597.0575070381165
Z1547_14091,Z1555_14097,6388.230028152466
Z1547_14092,Z1542_14088,20040.645217895508
Z1547_14092,Z1542_14089,3340.107536315918
Z1547_14092,Z1542_14091,40081.290435791016
Z1547_14092,Z1542_14093,40081.290435791016
Z1547_14092,Z1543_14094,200406.45217895508
Z1547_14092,Z1543_14099,3340.107536315918
Z1547_14092,Z1543_14100,13360.430145263672
Z1547_14092,Z1543_14101,20040.645217895508
Z1547_14092,Z1543_14102,40081.290435791016
Z1547_14092,Z1544_14087,20040.645217895508
Z1547_14092,Z1544_14089,23380.752754211426
Z1547_14092,Z1544_14091,13360.430145263672
Z1547_14092,Z1544_14092,40081.290435791016
Z1547_14092,Z1544_14093,3340.107536315918
Z1547_14092,Z1544_14094,167005.3768157959
Z1547_14092,Z1544_14099,13360.430145263672
Z1547_14092,Z1544_14100,3340.107536315918
Z1547_14092,Z1544_14101,70142.25826263428
Z1547_14092,Z1544_14102,13360.430145263672
Z1547_14092,Z1545_14088,20040.645217895508
Z1547_14092,Z1545_14093,3340.107536315918
Z1547_14092,Z1545_14094,13360.430145263672
Z1547_14092,Z1545_14095,33401.07536315918
Z1547_14092,Z1545_14099,10020.322608947754
Z1547_14092,Z1545_14101,3340.107536315918
Z1547_14092,Z1546_14089,50101.61304473877
Z1547_14092,Z1546_14090,3340.107536315918
Z1547_14092,Z1546_14091,20040.645217895508
Z1547_14092,Z1546_14092,10020.322608947754
Z1547_14092,Z1546_14093,33401.07536315918
Z1547_14092,Z1546_14094,20040.645217895508
Z1547_14092,Z1546_14095,80162.58087158203
Z1547_14092,Z1546_14096,26720.860290527344
Z1547_14092,Z1547_14087,13360.430145263672
Z1547_14092,Z1547_14089,30060.96782684326
Z1547_14092,Z1547_14091,183705.9144973755
Z1547_14092,Z1547_14092,43421.39797210693
Z1547_14092,Z1547_14093,83502.68840789795
Z1547_14092,Z1547_14094,93523.0110168457
Z1547_14092,Z1547_14095,50101.61304473877
Z1547_14092,Z1547_14097,3340.107536315918
Z1547_14092,Z1548_14087,10020.322608947754
Z1547_14092,Z1548_14089,33401.07536315918
Z1547_14092,Z1548_14091,16700.53768157959
Z1547_14092,Z1548_14092,1730175.7038116455
Z1547_14092,Z1548_14093,263868.4953689575
Z1547_14092,Z1548_14094,400812.90435791016
Z1547_14092,Z1548_14095,96863.11855316162
Z1547_14092,Z1548_14096,13360.430145263672
Z1547_14092,Z1548_14098,36741.1828994751
Z1547_14092,Z1548_14101,13360.430145263672
Z1547_14092,Z1549_14088,13360.430145263672
Z1547_14092,Z1549_14092,193726.23710632324
Z1547_14092,Z1549_14093,494335.91537475586
Z1547_14092,Z1549_14094,577838.6037826538
Z1547_14092,Z1549_14095,203746.559715271
Z1547_14092,Z1549_14096,30060.96782684326
Z1547_14092,Z1549_14097,50101.61304473877
Z1547_14092,Z1549_14101,20040.645217895508
Z1547_14092,Z1550_14088,3340.107536315918
Z1547_14092,Z1550_14090,13360.430145263672
Z1547_14092,Z1550_14091,26720.860290527344
Z1547_14092,Z1550_14092,100203.22608947754
Z1547_14092,Z1550_14093,507696.34552001953
Z1547_14092,Z1550_14094,253848.17276000977
Z1547_14092,Z1550_14095,110223.5486984253
Z1547_14092,Z1550_14097,6680.215072631836
Z1547_14092,Z1550_14099,10020.322608947754
Z1547_14092,Z1550_14100,3340.107536315918
Z1547_14092,Z1550_14102,3340.107536315918
Z1547_14092,Z1551_14086,20040.645217895508
Z1547_14092,Z1551_14090,20040.645217895508
Z1547_14092,Z1551_14092,6680.215072631836
Z1547_14092,Z1551_14094,63462.04319000244
Z1547_14092,Z1551_14095,143624.62406158447
Z1547_14092,Z1552_14088,13360.430145263672
Z1547_14092,Z1552_14092,23380.752754211426
Z1547_14092,Z1552_14094,20040.645217895508
Z1547_14092,Z1552_14095,66802.15072631836
Z1547_14092,Z1552_14096,43421.39797210693
Z1547_14092,Z1552_14101,3340.107536315918
Z1547_14092,Z1552_14102,3340.107536315918
Z1547_14092,Z1553_14086,13360.430145263672
Z1547_14092,Z1553_14092,26720.860290527344
Z1547_14092,Z1553_14093,16700.53768157959
Z1547_14092,Z1553_14096,66802.15072631836
Z1547_14092,Z1554_14094,13360.430145263672
Z1547_14092,Z1554_14095,3340.107536315918
Z1547_14092,Z1554_14097,10020.322608947754
Z1547_14092,Z1554_14098,16700.53768157959
Z1547_14092,Z1554_14099,3340.107536315918
Z1547_14092,Z1554_14100,16700.53768157959
Z1547_14092,Z1555_14090,13360.430145263672
Z1547_14092,Z1555_14091,3340.107536315918
Z1547_14092,Z1555_14093,3340.107536315918
Z1547_14092,Z1555_14095,13360.430145263672
Z1547_14092,Z1555_14096,3340.107536315918
Z1547_14092,Z1555_14097,13360.430145263672
Z1547_14093,Z1542_14088,22211.000804901123
Z1547_14093,Z1542_14089,3701.8334674835205
Z1547_14093,Z1542_14091,44422.001609802246
Z1547_14093,Z1542_14093,44422.001609802246
Z1547_14093,Z1543_14094,222110.00804901123
Z1547_14093,Z1543_14099,3701.8334674835205
Z1547_14093,Z1543_14100,14807.333869934082
Z1547_14093,Z1543_14101,22211.000804901123
Z1547_14093,Z1543_14102,44422.001609802246
Z1547_14093,Z1544_14087,22211.000804901123
Z1547_14093,Z1544_14089,25912.834272384644
Z1547_14093,Z1544_14091,14807.333869934082
Z1547_14093,Z1544_14092,44422.001609802246
Z1547_14093,Z1544_14093,3701.8334674835205
Z1547_14093,Z1544_14094,185091.67337417603
Z1547_14093,Z1544_14099,14807.333869934082
Z1547_14093,Z1544_14100,3701.8334674835205
Z1547_14093,Z1544_14101,77738.50281715393
Z1547_14093,Z1544_14102,14807.333869934082
Z1547_14093,Z1545_14088,22211.000804901123
Z1547_14093,Z1545_14093,3701.8334674835205
Z1547_14093,Z1545_14094,14807.333869934082
Z1547_14093,Z1545_14095,37018.334674835205
Z1547_14093,Z1545_14099,11105.500402450562
Z1547_14093,Z1545_14101,3701.8334674835205
Z1547_14093,Z1546_14089,55527.50201225281
Z1547_14093,Z1546_14090,3701.8334674835205
Z1547_14093,Z1546_14091,22211.000804901123
Z1547_14093,Z1546_14092,11105.500402450562
Z1547_14093,Z1546_14093,37018.334674835205
Z1547_14093,Z1546_14094,22211.000804901123
Z1547_14093,Z1546_14095,88844.00321960449
Z1547_14093,Z1546_14096,29614.667739868164
Z1547_14093,Z1547_14087,14807.333869934082
Z1547_14093,Z1547_14089,33316.501207351685
Z1547_14093,Z1547_14091,203600.84071159363
Z1547_14093,Z1547_14092,48123.83507728577
Z1547_14093,Z1547_14093,92545.83668708801
Z1547_14093,Z1547_14094,103651.33708953857
Z1547_14093,Z1547_14095,55527.50201225281
Z1547_14093,Z1547_14097,3701.8334674835205
Z1547_14093,Z1548_14087,11105.500402450562
Z1547_14093,Z1548_14089,37018.334674835205
Z1547_14093,Z1548_14091,18509.167337417603
Z1547_14093,Z1548_14092,1917549.7361564636
Z1547_14093,Z1548_14093,292444.8439311981
Z1547_14093,Z1548_14094,444220.01609802246
Z1547_14093,Z1548_14095,107353.1705570221
Z1547_14093,Z1548_14096,14807.333869934082
Z1547_14093,Z1548_14098,40720.168142318726
Z1547_14093,Z1548_14101,14807.333869934082
Z1547_14093,Z1549_14088,14807.333869934082
Z1547_14093,Z1549_14092,214706.3411140442
Z1547_14093,Z1549_14093,547871.353187561
Z1547_14093,Z1549_14094,640417.189874649
Z1547_14093,Z1549_14095,225811.84151649475
Z1547_14093,Z1549_14096,33316.501207351685
Z1547_14093,Z1549_14097,55527.50201225281
Z1547_14093,Z1549_14101,22211.000804901123
Z1547_14093,Z1550_14088,3701.8334674835205
Z1547_14093,Z1550_14090,14807.333869934082
Z1547_14093,Z1550_14091,29614.667739868164
Z1547_14093,Z1550_14092,111055.00402450562
Z1547_14093,Z1550_14093,562678.6870574951
Z1547_14093,Z1550_14094,281339.34352874756
Z1547_14093,Z1550_14095,122160.50442695618
Z1547_14093,Z1550_14097,7403.666934967041
Z1547_14093,Z1550_14099,11105.500402450562
Z1547_14093,Z1550_14100,3701.8334674835205
Z1547_14093,Z1550_14102,3701.8334674835205
Z1547_14093,Z1551_14086,22211.000804901123
Z1547_14093,Z1551_14090,22211.000804901123
Z1547_14093,Z1551_14092,7403.666934967041
Z1547_14093,Z1551_14094,70334.83588218689
Z1547_14093,Z1551_14095,159178.83910179138
Z1547_14093,Z1552_14088,14807.333869934082
Z1547_14093,Z1552_14092,25912.834272384644
Z1547_14093,Z1552_14094,22211.000804901123
Z1547_14093,Z1552_14095,74036.66934967041
Z1547_14093,Z1552_14096,48123.83507728577
Z1547_14093,Z1552_14101,3701.8334674835205
Z1547_14093,Z1552_14102,3701.8334674835205
Z1547_14093,Z1553_14086,14807.333869934082
Z1547_14093,Z1553_14092,29614.667739868164
Z1547_14093,Z1553_14093,18509.167337417603
Z1547_14093,Z1553_14096,74036.66934967041
Z1547_14093,Z1554_14094,14807.333869934082
Z1547_14093,Z1554_14095,3701.8334674835205
Z1547_14093,Z1554_14097,11105.500402450562
Z1547_14093,Z1554_14098,18509.167337417603
Z1547_14093,Z1554_14099,3701.8334674835205
Z1547_14093,Z1554_14100,18509.167337417603
Z1547_14093,Z1555_14090,14807.333869934082
Z1547_14093,Z1555_14091,3701.8334674835205
Z1547_14093,Z1555_14093,3701.8334674835205
Z1547_14093,Z1555_14095,14807.333869934082
Z1547_14093,Z1555_14096,3701.8334674835205
Z1547_14093,Z1555_14097,14807.333869934082
Z1547_14094,Z1542_14088,39492.97908782959
Z1547_14094,Z1542_14089,6582.163181304932
Z1547_14094,Z1542_14091,78985.95817565918
Z1547_14094,Z1542_14093,78985.95817565918
Z1547_14094,Z1543_14094,394929.7908782959
Z1547_14094,Z1543_14099,6582.163181304932
Z1547_14094,Z1543_14100,26328.652725219727
Z1547_14094,Z1543_14101,39492.97908782959
Z1547_14094,Z1543_14102,78985.95817565918
Z1547_14094,Z1544_14087,39492.97908782959
Z1547_14094,Z1544_14089,46075.14226913452
Z1547_14094,Z1544_14091,26328.652725219727
Z1547_14094,Z1544_14092,78985.95817565918
Z1547_14094,Z1544_14093,6582.163181304932
Z1547_14094,Z1544_14094,329108.1590652466
Z1547_14094,Z1544_14099,26328.652725219727
Z1547_14094,Z1544_14100,6582.163181304932
Z1547_14094,Z1544_14101,138225.42680740356
Z1547_14094,Z1544_14102,26328.652725219727
Z1547_14094,Z1545_14088,39492.97908782959
Z1547_14094,Z1545_14093,6582.163181304932
Z1547_14094,Z1545_14094,26328.652725219727
Z1547_14094,Z1545_14095,65821.63181304932
Z1547_14094,Z1545_14099,19746.489543914795
Z1547_14094,Z1545_14101,6582.163181304932
Z1547_14094,Z1546_14089,98732.44771957397
Z1547_14094,Z1546_14090,6582.163181304932
Z1547_14094,Z1546_14091,39492.97908782959
Z1547_14094,Z1546_14092,19746.489543914795
Z1547_14094,Z1546_14093,65821.63181304932
Z1547_14094,Z1546_14094,39492.97908782959
Z1547_14094,Z1546_14095,157971.91635131836
Z1547_14094,Z1546_14096,52657.30545043945
Z1547_14094,Z1547_14087,26328.652725219727
Z1547_14094,Z1547_14089,59239.468631744385
Z1547_14094,Z1547_14091,362018.97497177124
Z1547_14094,Z1547_14092,85568.12135696411
Z1547_14094,Z1547_14093,164554.0795326233
Z1547_14094,Z1547_14094,184300.5690765381
Z1547_14094,Z1547_14095,98732.44771957397
Z1547_14094,Z1547_14097,6582.163181304932
Z1547_14094,Z1548_14087,19746.489543914795
Z1547_14094,Z1548_14089,65821.63181304932
Z1547_14094,Z1548_14091,32910.81590652466
Z1547_14094,Z1548_14092,3409560.5279159546
Z1547_14094,Z1548_14093,519990.8913230896
Z1547_14094,Z1548_14094,789859.5817565918
Z1547_14094,Z1548_14095,190882.73225784302
Z1547_14094,Z1548_14096,26328.652725219727
Z1547_14094,Z1548_14098,72403.79499435425
Z1547_14094,Z1548_14101,26328.652725219727
Z1547_14094,Z1549_14088,26328.652725219727
Z1547_14094,Z1549_14092,381765.46451568604
Z1547_14094,Z1549_14093,974160.1508331299
Z1547_14094,Z1549_14094,1138714.2303657532
Z1547_14094,Z1549_14095,401511.95405960083
Z1547_14094,Z1549_14096,59239.468631744385
Z1547_14094,Z1549_14097,98732.44771957397
Z1547_14094,Z1549_14101,39492.97908782959
Z1547_14094,Z1550_14088,6582.163181304932
Z1547_14094,Z1550_14090,26328.652725219727
Z1547_14094,Z1550_14091,52657.30545043945
Z1547_14094,Z1550_14092,197464.89543914795
Z1547_14094,Z1550_14093,1000488.8035583496
Z1547_14094,Z1550_14094,500244.4017791748
Z1547_14094,Z1550_14095,217211.38498306274
Z1547_14094,Z1550_14097,13164.326362609863
Z1547_14094,Z1550_14099,19746.489543914795
Z1547_14094,Z1550_14100,6582.163181304932
Z1547_14094,Z1550_14102,6582.163181304932
Z1547_14094,Z1551_14086,39492.97908782959
Z1547_14094,Z1551_14090,39492.97908782959
Z1547_14094,Z1551_14092,13164.326362609863
Z1547_14094,Z1551_14094,125061.1004447937
Z1547_14094,Z1551_14095,283033.01679611206
Z1547_14094,Z1552_14088,26328.652725219727
Z1547_14094,Z1552_14092,46075.14226913452
Z1547_14094,Z1552_14094,39492.97908782959
Z1547_14094,Z1552_14095,131643.26362609863
Z1547_14094,Z1552_14096,85568.12135696411
Z1547_14094,Z1552_14101,6582.163181304932
Z1547_14094,Z1552_14102,6582.163181304932
Z1547_14094,Z1553_14086,26328.652725219727
Z1547_14094,Z1553_14092,52657.30545043945
Z1547_14094,Z1553_14093,32910.81590652466
Z1547_14094,Z1553_14096,131643.26362609863
Z1547_14094,Z1554_14094,26328.652725219727
Z1547_14094,Z1554_14095,6582.163181304932
Z1547_14094,Z1554_14097,19746.489543914795
Z1547_14094,Z1554_14098,32910.81590652466
Z1547_14094,Z1554_14099,6582.163181304932
Z1547_14094,Z1554_14100,32910.81590652466
Z1547_14094,Z1555_14090,26328.652725219727
Z1547_14094,Z1555_14091,6582.163181304932
Z1547_14094,Z1555_14093,6582.163181304932
Z1547_14094,Z1555_14095,26328.652725219727
Z1547_14094,Z1555_14096,6582.163181304932
Z1547_14094,Z1555_14097,26328.652725219727
Z1547_14095,Z1542_14088,23756.07258796692
Z1547_14095,Z1542_14089,3959.34543132782
Z1547_14095,Z1542_14091,47512.14517593384
Z1547_14095,Z1542_14093,47512.14517593384
Z1547_14095,Z1543_14094,237560.7258796692
Z1547_14095,Z1543_14099,3959.34543132782
Z1547_14095,Z1543_14100,15837.38172531128
Z1547_14095,Z1543_14101,23756.07258796692
Z1547_14095,Z1543_14102,47512.14517593384
Z1547_14095,Z1544_14087,23756.07258796692
Z1547_14095,Z1544_14089,27715.41801929474
Z1547_14095,Z1544_14091,15837.38172531128
Z1547_14095,Z1544_14092,47512.14517593384
Z1547_14095,Z1544_14093,3959.34543132782
Z1547_14095,Z1544_14094,197967.271566391
Z1547_14095,Z1544_14099,15837.38172531128
Z1547_14095,Z1544_14100,3959.34543132782
Z1547_14095,Z1544_14101,83146.25405788422
Z1547_14095,Z1544_14102,15837.38172531128
Z1547_14095,Z1545_14088,23756.07258796692
Z1547_14095,Z1545_14093,3959.34543132782
Z1547_14095,Z1545_14094,15837.38172531128
Z1547_14095,Z1545_14095,39593.4543132782
Z1547_14095,Z1545_14099,11878.03629398346
Z1547_14095,Z1545_14101,3959.34543132782
Z1547_14095,Z1546_14089,59390.1814699173
Z1547_14095,Z1546_14090,3959.34543132782
Z1547_14095,Z1546_14091,23756.07258796692
Z1547_14095,Z1546_14092,11878.03629398346
Z1547_14095,Z1546_14093,39593.4543132782
Z1547_14095,Z1546_14094,23756.07258796692
Z1547_14095,Z1546_14095,95024.29035186768
Z1547_14095,Z1546_14096,31674.76345062256
Z1547_14095,Z1547_14087,15837.38172531128
Z1547_14095,Z1547_14089,35634.10888195038
Z1547_14095,Z1547_14091,217763.9987230301
Z1547_14095,Z1547_14092,51471.49060726166
Z1547_14095,Z1547_14093,98983.6357831955
Z1547_14095,Z1547_14094,110861.67207717896
Z1547_14095,Z1547_14095,59390.1814699173
Z1547_14095,Z1547_14097,3959.34543132782
Z1547_14095,Z1548_14087,11878.03629398346
Z1547_14095,Z1548_14089,39593.4543132782
Z1547_14095,Z1548_14091,19796.7271566391
Z1547_14095,Z1548_14092,2050940.9334278107
Z1547_14095,Z1548_14093,312788.28907489777
Z1547_14095,Z1548_14094,475121.4517593384
Z1547_14095,Z1548_14095,114821.01750850677
Z1547_14095,Z1548_14096,15837.38172531128
Z1547_14095,Z1548_14098,43552.79974460602
Z1547_14095,Z1548_14101,15837.38172531128
Z1547_14095,Z1549_14088,15837.38172531128
Z1547_14095,Z1549_14092,229642.03501701355
Z1547_14095,Z1549_14093,585983.1238365173
Z1547_14095,Z1549_14094,684966.7596197128
Z1547_14095,Z1549_14095,241520.071310997
Z1547_14095,Z1549_14096,35634.10888195038
Z1547_14095,Z1549_14097,59390.1814699173
Z1547_14095,Z1549_14101,23756.07258796692
Z1547_14095,Z1550_14088,3959.34543132782
Z1547_14095,Z1550_14090,15837.38172531128
Z1547_14095,Z1550_14091,31674.76345062256
Z1547_14095,Z1550_14092,118780.3629398346
Z1547_14095,Z1550_14093,601820.5055618286
Z1547_14095,Z1550_14094,300910.2527809143
Z1547_14095,Z1550_14095,130658.39923381805
Z1547_14095,Z1550_14097,7918.69086265564
Z1547_14095,Z1550_14099,11878.03629398346
Z1547_14095,Z1550_14100,3959.34543132782
Z1547_14095,Z1550_14102,3959.34543132782
Z1547_14095,Z1551_14086,23756.07258796692
Z1547_14095,Z1551_14090,23756.07258796692
Z1547_14095,Z1551_14092,7918.69086265564
Z1547_14095,Z1551_14094,75227.56319522858
Z1547_14095,Z1551_14095,170251.85354709625
Z1547_14095,Z1552_14088,15837.38172531128
Z1547_14095,Z1552_14092,27715.41801929474
Z1547_14095,Z1552_14094,23756.07258796692
Z1547_14095,Z1552_14095,79186.9086265564
Z1547_14095,Z1552_14096,51471.49060726166
Z1547_14095,Z1552_14101,3959.34543132782
Z1547_14095,Z1552_14102,3959.34543132782
Z1547_14095,Z1553_14086,15837.38172531128
Z1547_14095,Z1553_14092,31674.76345062256
Z1547_14095,Z1553_14093,19796.7271566391
Z1547_14095,Z1553_14096,79186.9086265564
Z1547_14095,Z1554_14094,15837.38172531128
Z1547_14095,Z1554_14095,3959.34543132782
Z1547_14095,Z1554_14097,11878.03629398346
Z1547_14095,Z1554_14098,19796.7271566391
Z1547_14095,Z1554_14099,3959.34543132782
Z1547_14095,Z1554_14100,19796.7271566391
Z1547_14095,Z1555_14090,15837.38172531128
Z1547_14095,Z1555_14091,3959.34543132782
Z1547_14095,Z1555_14093,3959.34543132782
Z1547_14095,Z1555_14095,15837.38172531128
Z1547_14095,Z1555_14096,3959.34543132782
Z1547_14095,Z1555_14097,15837.38172531128
Z1547_14096,Z1542_14088,12961.940274238586
Z1547_14096,Z1542_14089,2160.3233790397644
Z1547_14096,Z1542_14091,25923.880548477173
Z1547_14096,Z1542_14093,25923.880548477173
Z1547_14096,Z1543_14094,129619.40274238586
Z1547_14096,Z1543_14099,2160.3233790397644
Z1547_14096,Z1543_14100,8641.293516159058
Z1547_14096,Z1543_14101,12961.940274238586
Z1547_14096,Z1543_14102,25923.880548477173
Z1547_14096,Z1544_14087,12961.940274238586
Z1547_14096,Z1544_14089,15122.26365327835
Z1547_14096,Z1544_14091,8641.293516159058
Z1547_14096,Z1544_14092,25923.880548477173
Z1547_14096,Z1544_14093,2160.3233790397644
Z1547_14096,Z1544_14094,108016.16895198822
Z1547_14096,Z1544_14099,8641.293516159058
Z1547_14096,Z1544_14100,2160.3233790397644
Z1547_14096,Z1544_14101,45366.79095983505
Z1547_14096,Z1544_14102,8641.293516159058
Z1547_14096,Z1545_14088,12961.940274238586
Z1547_14096,Z1545_14093,2160.3233790397644
Z1547_14096,Z1545_14094,8641.293516159058
Z1547_14096,Z1545_14095,21603.233790397644
Z1547_14096,Z1545_14099,6480.970137119293
Z1547_14096,Z1545_14101,2160.3233790397644
Z1547_14096,Z1546_14089,32404.850685596466
Z1547_14096,Z1546_14090,2160.3233790397644
Z1547_14096,Z1546_14091,12961.940274238586
Z1547_14096,Z1546_14092,6480.970137119293
Z1547_14096,Z1546_14093,21603.233790397644
Z1547_14096,Z1546_14094,12961.940274238586
Z1547_14096,Z1546_14095,51847.761096954346
Z1547_14096,Z1546_14096,17282.587032318115
Z1547_14096,Z1547_14087,8641.293516159058
Z1547_14096,Z1547_14089,19442.91041135788
Z1547_14096,Z1547_14091,118817.78584718704
Z1547_14096,Z1547_14092,28084.203927516937
Z1547_14096,Z1547_14093,54008.08447599411
Z1547_14096,Z1547_14094,60489.0546131134
Z1547_14096,Z1547_14095,32404.850685596466
Z1547_14096,Z1547_14097,2160.3233790397644
Z1547_14096,Z1548_14087,6480.970137119293
Z1547_14096,Z1548_14089,21603.233790397644
Z1547_14096,Z1548_14091,10801.616895198822
Z1547_14096,Z1548_14092,1119047.510342598
Z1547_14096,Z1548_14093,170665.5469441414
Z1547_14096,Z1548_14094,259238.80548477173
Z1547_14096,Z1548_14095,62649.37799215317
Z1547_14096,Z1548_14096,8641.293516159058
Z1547_14096,Z1548_14098,23763.55716943741
Z1547_14096,Z1548_14101,8641.293516159058
Z1547_14096,Z1549_14088,8641.293516159058
Z1547_14096,Z1549_14092,125298.75598430634
Z1547_14096,Z1549_14093,319727.86009788513
Z1547_14096,Z1549_14094,373735.94457387924
Z1547_14096,Z1549_14095,131779.72612142563
Z1547_14096,Z1549_14096,19442.91041135788
Z1547_14096,Z1549_14097,32404.850685596466
Z1547_14096,Z1549_14101,12961.940274238586
Z1547_14096,Z1550_14088,2160.3233790397644
Z1547_14096,Z1550_14090,8641.293516159058
Z1547_14096,Z1550_14091,17282.587032318115
Z1547_14096,Z1550_14092,64809.70137119293
Z1547_14096,Z1550_14093,328369.1536140442
Z1547_14096,Z1550_14094,164184.5768070221
Z1547_14096,Z1550_14095,71290.67150831223
Z1547_14096,Z1550_14097,4320.646758079529
Z1547_14096,Z1550_14099,6480.970137119293
Z1547_14096,Z1550_14100,2160.3233790397644
Z1547_14096,Z1550_14102,2160.3233790397644
Z1547_14096,Z1551_14086,12961.940274238586
Z1547_14096,Z1551_14090,12961.940274238586
Z1547_14096,Z1551_14092,4320.646758079529
Z1547_14096,Z1551_14094,41046.144201755524
Z1547_14096,Z1551_14095,92893.90529870987
Z1547_14096,Z1552_14088,8641.293516159058
Z1547_14096,Z1552_14092,15122.26365327835
Z1547_14096,Z1552_14094,12961.940274238586
Z1547_14096,Z1552_14095,43206.46758079529
Z1547_14096,Z1552_14096,28084.203927516937
Z1547_14096,Z1552_14101,2160.3233790397644
Z1547_14096,Z1552_14102,2160.3233790397644
Z1547_14096,Z1553_14086,8641.293516159058
Z1547_14096,Z1553_14092,17282.587032318115
Z1547_14096,Z1553_14093,10801.616895198822
Z1547_14096,Z1553_14096,43206.46758079529
Z1547_14096,Z1554_14094,8641.293516159058
Z1547_14096,Z1554_14095,2160.3233790397644
Z1547_14096,Z1554_14097,6480.970137119293
Z1547_14096,Z1554_14098,10801.616895198822
Z1547_14096,Z1554_14099,2160.3233790397644
Z1547_14096,Z1554_14100,10801.616895198822
Z1547_14096,Z1555_14090,8641.293516159058
Z1547_14096,Z1555_14091,2160.3233790397644
Z1547_14096,Z1555_14093,2160.3233790397644
Z1547_14096,Z1555_14095,8641.293516159058
Z1547_14096,Z1555_14096,2160.3233790397644
Z1547_14096,Z1555_14097,8641.293516159058
Z1547_14097,Z1542_14088,13691.531038284302
Z1547_14097,Z1542_14089,2281.9218397140503
Z1547_14097,Z1542_14091,27383.062076568604
Z1547_14097,Z1542_14093,27383.062076568604
Z1547_14097,Z1543_14094,136915.31038284302
Z1547_14097,Z1543_14099,2281.9218397140503
Z1547_14097,Z1543_14100,9127.687358856201
Z1547_14097,Z1543_14101,13691.531038284302
Z1547_14097,Z1543_14102,27383.062076568604
Z1547_14097,Z1544_14087,13691.531038284302
Z1547_14097,Z1544_14089,15973.452877998352
Z1547_14097,Z1544_14091,9127.687358856201
Z1547_14097,Z1544_14092,27383.062076568604
Z1547_14097,Z1544_14093,2281.9218397140503
Z1547_14097,Z1544_14094,114096.09198570251
Z1547_14097,Z1544_14099,9127.687358856201
Z1547_14097,Z1544_14100,2281.9218397140503
Z1547_14097,Z1544_14101,47920.358633995056
Z1547_14097,Z1544_14102,9127.687358856201
Z1547_14097,Z1545_14088,13691.531038284302
Z1547_14097,Z1545_14093,2281.9218397140503
Z1547_14097,Z1545_14094,9127.687358856201
Z1547_14097,Z1545_14095,22819.218397140503
Z1547_14097,Z1545_14099,6845.765519142151
Z1547_14097,Z1545_14101,2281.9218397140503
Z1547_14097,Z1546_14089,34228.827595710754
Z1547_14097,Z1546_14090,2281.9218397140503
Z1547_14097,Z1546_14091,13691.531038284302
Z1547_14097,Z1546_14092,6845.765519142151
Z1547_14097,Z1546_14093,22819.218397140503
Z1547_14097,Z1546_14094,13691.531038284302
Z1547_14097,Z1546_14095,54766.12415313721
Z1547_14097,Z1546_14096,18255.374717712402
Z1547_14097,Z1547_14087,9127.687358856201
Z1547_14097,Z1547_14089,20537.296557426453
Z1547_14097,Z1547_14091,125505.70118427277
Z1547_14097,Z1547_14092,29664.983916282654
Z1547_14097,Z1547_14093,57048.04599285126
Z1547_14097,Z1547_14094,63893.81151199341
Z1547_14097,Z1547_14095,34228.827595710754
Z1547_14097,Z1547_14097,2281.9218397140503
Z1547_14097,Z1548_14087,6845.765519142151
Z1547_14097,Z1548_14089,22819.218397140503
Z1547_14097,Z1548_14091,11409.609198570251
Z1547_14097,Z1548_14092,1182035.512971878
Z1547_14097,Z1548_14093,180271.82533740997
Z1547_14097,Z1548_14094,273830.62076568604
Z1547_14097,Z1548_14095,66175.73335170746
Z1547_14097,Z1548_14096,9127.687358856201
Z1547_14097,Z1548_14098,25101.140236854553
Z1547_14097,Z1548_14101,9127.687358856201
Z1547_14097,Z1549_14088,9127.687358856201
Z1547_14097,Z1549_14092,132351.46670341492
Z1547_14097,Z1549_14093,337724.43227767944
Z1547_14097,Z1549_14094,394772.4782705307
Z1547_14097,Z1549_14095,139197.23222255707
Z1547_14097,Z1549_14096,20537.296557426453
Z1547_14097,Z1549_14097,34228.827595710754
Z1547_14097,Z1549_14101,13691.531038284302
Z1547_14097,Z1550_14088,2281.9218397140503
Z1547_14097,Z1550_14090,9127.687358856201
Z1547_14097,Z1550_14091,18255.374717712402
Z1547_14097,Z1550_14092,68457.65519142151
Z1547_14097,Z1550_14093,346852.11963653564
Z1547_14097,Z1550_14094,173426.05981826782
Z1547_14097,Z1550_14095,75303.42071056366
Z1547_14097,Z1550_14097,4563.843679428101
Z1547_14097,Z1550_14099,6845.765519142151
Z1547_14097,Z1550_14100,2281.9218397140503
Z1547_14097,Z1550_14102,2281.9218397140503
Z1547_14097,Z1551_14086,13691.531038284302
Z1547_14097,Z1551_14090,13691.531038284302
Z1547_14097,Z1551_14092,4563.843679428101
Z1547_14097,Z1551_14094,43356.514954566956
Z1547_14097,Z1551_14095,98122.63910770416
Z1547_14097,Z1552_14088,9127.687358856201
Z1547_14097,Z1552_14092,15973.452877998352
Z1547_14097,Z1552_14094,13691.531038284302
Z1547_14097,Z1552_14095,45638.436794281006
Z1547_14097,Z1552_14096,29664.983916282654
Z1547_14097,Z1552_14101,2281.9218397140503
Z1547_14097,Z1552_14102,2281.9218397140503
Z1547_14097,Z1553_14086,9127.687358856201
Z1547_14097,Z1553_14092,18255.374717712402
Z1547_14097,Z1553_14093,11409.609198570251
Z1547_14097,Z1553_14096,45638.436794281006
Z1547_14097,Z1554_14094,9127.687358856201
Z1547_14097,Z1554_14095,2281.9218397140503
Z1547_14097,Z1554_14097,6845.765519142151
Z1547_14097,Z1554_14098,11409.609198570251
Z1547_14097,Z1554_14099,2281.9218397140503
Z1547_14097,Z1554_14100,11409.609198570251
Z1547_14097,Z1555_14090,9127.687358856201
Z1547_14097,Z1555_14091,2281.9218397140503
Z1547_14097,Z1555_14093,2281.9218397140503
Z1547_14097,Z1555_14095,9127.687358856201
Z1547_14097,Z1555_14096,2281.9218397140503
Z1547_14097,Z1555_14097,9127.687358856201
Z1547_14098,Z1542_14088,7924.303393363953
Z1547_14098,Z1542_14089,1320.7172322273254
Z1547_14098,Z1542_14091,15848.606786727905
Z1547_14098,Z1542_14093,15848.606786727905
Z1547_14098,Z1543_14094,79243.03393363953
Z1547_14098,Z1543_14099,1320.7172322273254
Z1547_14098,Z1543_14100,5282.868928909302
Z1547_14098,Z1543_14101,7924.303393363953
Z1547_14098,Z1543_14102,15848.606786727905
Z1547_14098,Z1544_14087,7924.303393363953
Z1547_14098,Z1544_14089,9245.020625591278
Z1547_14098,Z1544_14091,5282.868928909302
Z1547_14098,Z1544_14092,15848.606786727905
Z1547_14098,Z1544_14093,1320.7172322273254
Z1547_14098,Z1544_14094,66035.86161136627
Z1547_14098,Z1544_14099,5282.868928909302
Z1547_14098,Z1544_14100,1320.7172322273254
Z1547_14098,Z1544_14101,27735.061876773834
Z1547_14098,Z1544_14102,5282.868928909302
Z1547_14098,Z1545_14088,7924.303393363953
Z1547_14098,Z1545_14093,1320.7172322273254
Z1547_14098,Z1545_14094,5282.868928909302
Z1547_14098,Z1545_14095,13207.172322273254
Z1547_14098,Z1545_14099,3962.1516966819763
Z1547_14098,Z1545_14101,1320.7172322273254
Z1547_14098,Z1546_14089,19810.75848340988
Z1547_14098,Z1546_14090,1320.7172322273254
Z1547_14098,Z1546_14091,7924.303393363953
Z1547_14098,Z1546_14092,3962.1516966819763
Z1547_14098,Z1546_14093,13207.172322273254
Z1547_14098,Z1546_14094,7924.303393363953
Z1547_14098,Z1546_14095,31697.21357345581
Z1547_14098,Z1546_14096,10565.737857818604
Z1547_14098,Z1547_14087,5282.868928909302
Z1547_14098,Z1547_14089,11886.455090045929
Z1547_14098,Z1547_14091,72639.4477725029
Z1547_14098,Z1547_14092,17169.32401895523
Z1547_14098,Z1547_14093,33017.930805683136
Z1547_14098,Z1547_14094,36980.08250236511
Z1547_14098,Z1547_14095,19810.75848340988
Z1547_14098,Z1547_14097,1320.7172322273254
Z1547_14098,Z1548_14087,3962.1516966819763
Z1547_14098,Z1548_14089,13207.172322273254
Z1547_14098,Z1548_14091,6603.586161136627
Z1547_14098,Z1548_14092,684131.5262937546
Z1547_14098,Z1548_14093,104336.66134595871
Z1547_14098,Z1548_14094,158486.06786727905
Z1547_14098,Z1548_14095,38300.79973459244
Z1547_14098,Z1548_14096,5282.868928909302
Z1547_14098,Z1548_14098,14527.88955450058
Z1547_14098,Z1548_14101,5282.868928909302
Z1547_14098,Z1549_14088,5282.868928909302
Z1547_14098,Z1549_14092,76601.59946918488
Z1547_14098,Z1549_14093,195466.15036964417
Z1547_14098,Z1549_14094,228484.0811753273
Z1547_14098,Z1549_14095,80563.75116586685
Z1547_14098,Z1549_14096,11886.455090045929
Z1547_14098,Z1549_14097,19810.75848340988
Z1547_14098,Z1549_14101,7924.303393363953
Z1547_14098,Z1550_14088,1320.7172322273254
Z1547_14098,Z1550_14090,5282.868928909302
Z1547_14098,Z1550_14091,10565.737857818604
Z1547_14098,Z1550_14092,39621.51696681976
Z1547_14098,Z1550_14093,200749.01929855347
Z1547_14098,Z1550_14094,100374.50964927673
Z1547_14098,Z1550_14095,43583.66866350174
Z1547_14098,Z1550_14097,2641.434464454651
Z1547_14098,Z1550_14099,3962.1516966819763
Z1547_14098,Z1550_14100,1320.7172322273254
Z1547_14098,Z1550_14102,1320.7172322273254
Z1547_14098,Z1551_14086,7924.303393363953
Z1547_14098,Z1551_14090,7924.303393363953
Z1547_14098,Z1551_14092,2641.434464454651
Z1547_14098,Z1551_14094,25093.627412319183
Z1547_14098,Z1551_14095,56790.840985774994
Z1547_14098,Z1552_14088,5282.868928909302
Z1547_14098,Z1552_14092,9245.020625591278
Z1547_14098,Z1552_14094,7924.303393363953
Z1547_14098,Z1552_14095,26414.34464454651
Z1547_14098,Z1552_14096,17169.32401895523
Z1547_14098,Z1552_14101,1320.7172322273254
Z1547_14098,Z1552_14102,1320.7172322273254
Z1547_14098,Z1553_14086,5282.868928909302
Z1547_14098,Z1553_14092,10565.737857818604
Z1547_14098,Z1553_14093,6603.586161136627
Z1547_14098,Z1553_14096,26414.34464454651
Z1547_14098,Z1554_14094,5282.868928909302
Z1547_14098,Z1554_14095,1320.7172322273254
Z1547_14098,Z1554_14097,3962.1516966819763
Z1547_14098,Z1554_14098,6603.586161136627
Z1547_14098,Z1554_14099,1320.7172322273254
Z1547_14098,Z1554_14100,6603.586161136627
Z1547_14098,Z1555_14090,5282.868928909302
Z1547_14098,Z1555_14091,1320.7172322273254
Z1547_14098,Z1555_14093,1320.7172322273254
Z1547_14098,Z1555_14095,5282.868928909302
Z1547_14098,Z1555_14096,1320.7172322273254
Z1547_14098,Z1555_14097,5282.868928909302
Z1547_14099,Z1542_14088,5029.109630584717
Z1547_14099,Z1542_14089,838.1849384307861
Z1547_14099,Z1542_14091,10058.219261169434
Z1547_14099,Z1542_14093,10058.219261169434
Z1547_14099,Z1543_14094,50291.09630584717
Z1547_14099,Z1543_14099,838.1849384307861
Z1547_14099,Z1543_14100,3352.7397537231445
Z1547_14099,Z1543_14101,5029.109630584717
Z1547_14099,Z1543_14102,10058.219261169434
Z1547_14099,Z1544_14087,5029.109630584717
Z1547_14099,Z1544_14089,5867.294569015503
Z1547_14099,Z1544_14091,3352.7397537231445
Z1547_14099,Z1544_14092,10058.219261169434
Z1547_14099,Z1544_14093,838.1849384307861
Z1547_14099,Z1544_14094,41909.24692153931
Z1547_14099,Z1544_14099,3352.7397537231445
Z1547_14099,Z1544_14100,838.1849384307861
Z1547_14099,Z1544_14101,17601.88370704651
Z1547_14099,Z1544_14102,3352.7397537231445
Z1547_14099,Z1545_14088,5029.109630584717
Z1547_14099,Z1545_14093,838.1849384307861
Z1547_14099,Z1545_14094,3352.7397537231445
Z1547_14099,Z1545_14095,8381.849384307861
Z1547_14099,Z1545_14099,2514.5548152923584
Z1547_14099,Z1545_14101,838.1849384307861
Z1547_14099,Z1546_14089,12572.774076461792
Z1547_14099,Z1546_14090,838.1849384307861
Z1547_14099,Z1546_14091,5029.109630584717
Z1547_14099,Z1546_14092,2514.5548152923584
Z1547_14099,Z1546_14093,8381.849384307861
Z1547_14099,Z1546_14094,5029.109630584717
Z1547_14099,Z1546_14095,20116.438522338867
Z1547_14099,Z1546_14096,6705.479507446289
Z1547_14099,Z1547_14087,3352.7397537231445
Z1547_14099,Z1547_14089,7543.664445877075
Z1547_14099,Z1547_14091,46100.17161369324
Z1547_14099,Z1547_14092,10896.40419960022
Z1547_14099,Z1547_14093,20954.623460769653
Z1547_14099,Z1547_14094,23469.17827606201
Z1547_14099,Z1547_14095,12572.774076461792
Z1547_14099,Z1547_14097,838.1849384307861
Z1547_14099,Z1548_14087,2514.5548152923584
Z1547_14099,Z1548_14089,8381.849384307861
Z1547_14099,Z1548_14091,4190.924692153931
Z1547_14099,Z1548_14092,434179.7981071472
Z1547_14099,Z1548_14093,66216.6101360321
Z1547_14099,Z1548_14094,100582.19261169434
Z1547_14099,Z1548_14095,24307.363214492798
Z1547_14099,Z1548_14096,3352.7397537231445
Z1547_14099,Z1548_14098,9220.034322738647
Z1547_14099,Z1548_14101,3352.7397537231445
Z1547_14099,Z1549_14088,3352.7397537231445
Z1547_14099,Z1549_14092,48614.726428985596
Z1547_14099,Z1549_14093,124051.37088775635
Z1547_14099,Z1549_14094,145005.994348526
Z1547_14099,Z1549_14095,51129.281244277954
Z1547_14099,Z1549_14096,7543.664445877075
Z1547_14099,Z1549_14097,12572.774076461792
Z1547_14099,Z1549_14101,5029.109630584717
Z1547_14099,Z1550_14088,838.1849384307861
Z1547_14099,Z1550_14090,3352.7397537231445
Z1547_14099,Z1550_14091,6705.479507446289
Z1547_14099,Z1550_14092,25145.548152923584
Z1547_14099,Z1550_14093,127404.11064147949
Z1547_14099,Z1550_14094,63702.055320739746
Z1547_14099,Z1550_14095,27660.102968215942
Z1547_14099,Z1550_14097,1676.3698768615723
Z1547_14099,Z1550_14099,2514.5548152923584
Z1547_14099,Z1550_14100,838.1849384307861
Z1547_14099,Z1550_14102,838.1849384307861
Z1547_14099,Z1551_14086,5029.109630584717
Z1547_14099,Z1551_14090,5029.109630584717
Z1547_14099,Z1551_14092,1676.3698768615723
Z1547_14099,Z1551_14094,15925.513830184937
Z1547_14099,Z1551_14095,36041.952352523804
Z1547_14099,Z1552_14088,3352.7397537231445
Z1547_14099,Z1552_14092,5867.294569015503
Z1547_14099,Z1552_14094,5029.109630584717
Z1547_14099,Z1552_14095,16763.698768615723
Z1547_14099,Z1552_14096,10896.40419960022
Z1547_14099,Z1552_14101,838.1849384307861
Z1547_14099,Z1552_14102,838.1849384307861
Z1547_14099,Z1553_14086,3352.7397537231445
Z1547_14099,Z1553_14092,6705.479507446289
Z1547_14099,Z1553_14093,4190.924692153931
Z1547_14099,Z1553_14096,16763.698768615723
Z1547_14099,Z1554_14094,3352.7397537231445
Z1547_14099,Z1554_14095,838.1849384307861
Z1547_14099,Z1554_14097,2514.5548152923584
Z1547_14099,Z1554_14098,4190.924692153931
Z1547_14099,Z1554_14099,838.1849384307861
Z1547_14099,Z1554_14100,4190.924692153931
Z1547_14099,Z1555_14090,3352.7397537231445
Z1547_14099,Z1555_14091,838.1849384307861
Z1547_14099,Z1555_14093,838.1849384307861
Z1547_14099,Z1555_14095,3352.7397537231445
Z1547_14099,Z1555_14096,838.1849384307861
Z1547_14099,Z1555_14097,3352.7397537231445
Z1547_14100,Z1542_14088,972.7460646629333
Z1547_14100,Z1542_14089,162.1243441104889
Z1547_14100,Z1542_14091,1945.4921293258667
Z1547_14100,Z1542_14093,1945.4921293258667
Z1547_14100,Z1543_14094,9727.460646629333
Z1547_14100,Z1543_14099,162.1243441104889
Z1547_14100,Z1543_14100,648.4973764419556
Z1547_14100,Z1543_14101,972.7460646629333
Z1547_14100,Z1543_14102,1945.4921293258667
Z1547_14100,Z1544_14087,972.7460646629333
Z1547_14100,Z1544_14089,1134.8704087734222
Z1547_14100,Z1544_14091,648.4973764419556
Z1547_14100,Z1544_14092,1945.4921293258667
Z1547_14100,Z1544_14093,162.1243441104889
Z1547_14100,Z1544_14094,8106.217205524445
Z1547_14100,Z1544_14099,648.4973764419556
Z1547_14100,Z1544_14100,162.1243441104889
Z1547_14100,Z1544_14101,3404.6112263202667
Z1547_14100,Z1544_14102,648.4973764419556
Z1547_14100,Z1545_14088,972.7460646629333
Z1547_14100,Z1545_14093,162.1243441104889
Z1547_14100,Z1545_14094,648.4973764419556
Z1547_14100,Z1545_14095,1621.243441104889
Z1547_14100,Z1545_14099,486.3730323314667
Z1547_14100,Z1545_14101,162.1243441104889
Z1547_14100,Z1546_14089,2431.8651616573334
Z1547_14100,Z1546_14090,162.1243441104889
Z1547_14100,Z1546_14091,972.7460646629333
Z1547_14100,Z1546_14092,486.3730323314667
Z1547_14100,Z1546_14093,1621.243441104889
Z1547_14100,Z1546_14094,972.7460646629333
Z1547_14100,Z1546_14095,3890.9842586517334
Z1547_14100,Z1546_14096,1296.9947528839111
Z1547_14100,Z1547_14087,648.4973764419556
Z1547_14100,Z1547_14089,1459.1190969944
Z1547_14100,Z1547_14091,8916.838926076889
Z1547_14100,Z1547_14092,2107.6164734363556
Z1547_14100,Z1547_14093,4053.1086027622223
Z1547_14100,Z1547_14094,4539.481635093689
Z1547_14100,Z1547_14095,2431.8651616573334
Z1547_14100,Z1547_14097,162.1243441104889
Z1547_14100,Z1548_14087,486.3730323314667
Z1547_14100,Z1548_14089,1621.243441104889
Z1547_14100,Z1548_14091,810.6217205524445
Z1547_14100,Z1548_14092,83980.41024923325
Z1547_14100,Z1548_14093,12807.823184728622
Z1547_14100,Z1548_14094,19454.921293258667
Z1547_14100,Z1548_14095,4701.605979204178
Z1547_14100,Z1548_14096,648.4973764419556
Z1547_14100,Z1548_14098,1783.3677852153778
Z1547_14100,Z1548_14101,648.4973764419556
Z1547_14100,Z1549_14088,648.4973764419556
Z1547_14100,Z1549_14092,9403.211958408356
Z1547_14100,Z1549_14093,23994.402928352356
Z1547_14100,Z1549_14094,28047.51153111458
Z1547_14100,Z1549_14095,9889.584990739822
Z1547_14100,Z1549_14096,1459.1190969944
Z1547_14100,Z1549_14097,2431.8651616573334
Z1547_14100,Z1549_14101,972.7460646629333
Z1547_14100,Z1550_14088,162.1243441104889
Z1547_14100,Z1550_14090,648.4973764419556
Z1547_14100,Z1550_14091,1296.9947528839111
Z1547_14100,Z1550_14092,4863.730323314667
Z1547_14100,Z1550_14093,24642.90030479431
Z1547_14100,Z1550_14094,12321.450152397156
Z1547_14100,Z1550_14095,5350.103355646133
Z1547_14100,Z1550_14097,324.2486882209778
Z1547_14100,Z1550_14099,486.3730323314667
Z1547_14100,Z1550_14100,162.1243441104889
Z1547_14100,Z1550_14102,162.1243441104889
Z1547_14100,Z1551_14086,972.7460646629333
Z1547_14100,Z1551_14090,972.7460646629333
Z1547_14100,Z1551_14092,324.2486882209778
Z1547_14100,Z1551_14094,3080.362538099289
Z1547_14100,Z1551_14095,6971.346796751022
Z1547_14100,Z1552_14088,648.4973764419556
Z1547_14100,Z1552_14092,1134.8704087734222
Z1547_14100,Z1552_14094,972.7460646629333
Z1547_14100,Z1552_14095,3242.486882209778
Z1547_14100,Z1552_14096,2107.6164734363556
Z1547_14100,Z1552_14101,162.1243441104889
Z1547_14100,Z1552_14102,162.1243441104889
Z1547_14100,Z1553_14086,648.4973764419556
Z1547_14100,Z1553_14092,1296.9947528839111
Z1547_14100,Z1553_14093,810.6217205524445
Z1547_14100,Z1553_14096,3242.486882209778
Z1547_14100,Z1554_14094,648.4973764419556
Z1547_14100,Z1554_14095,162.1243441104889
Z1547_14100,Z1554_14097,486.3730323314667
Z1547_14100,Z1554_14098,810.6217205524445
Z1547_14100,Z1554_14099,162.1243441104889
Z1547_14100,Z1554_14100,810.6217205524445
Z1547_14100,Z1555_14090,648.4973764419556
Z1547_14100,Z1555_14091,162.1243441104889
Z1547_14100,Z1555_14093,162.1243441104889
Z1547_14100,Z1555_14095,648.4973764419556
Z1547_14100,Z1555_14096,162.1243441104889
Z1547_14100,Z1555_14097,648.4973764419556
Z1548_14089,Z1542_14088,15160.331583023071
Z1548_14089,Z1542_14089,2526.721930503845
Z1548_14089,Z1542_14091,30320.663166046143
Z1548_14089,Z1542_14093,30320.663166046143
Z1548_14089,Z1543_14094,151603.3158302307
Z1548_14089,Z1543_14099,2526.721930503845
Z1548_14089,Z1543_14100,10106.88772201538
Z1548_14089,Z1543_14101,15160.331583023071
Z1548_14089,Z1543_14102,30320.663166046143
Z1548_14089,Z1544_14087,15160.331583023071
Z1548_14089,Z1544_14089,17687.053513526917
Z1548_14089,Z1544_14091,10106.88772201538
Z1548_14089,Z1544_14092,30320.663166046143
Z1548_14089,Z1544_14093,2526.721930503845
Z1548_14089,Z1544_14094,126336.09652519226
Z1548_14089,Z1544_14099,10106.88772201538
Z1548_14089,Z1544_14100,2526.721930503845
Z1548_14089,Z1544_14101,53061.16054058075
Z1548_14089,Z1544_14102,10106.88772201538
Z1548_14089,Z1545_14088,15160.331583023071
Z1548_14089,Z1545_14093,2526.721930503845
Z1548_14089,Z1545_14094,10106.88772201538
Z1548_14089,Z1545_14095,25267.219305038452
Z1548_14089,Z1545_14099,7580.165791511536
Z1548_14089,Z1545_14101,2526.721930503845
Z1548_14089,Z1546_14089,37900.82895755768
Z1548_14089,Z1546_14090,2526.721930503845
Z1548_14089,Z1546_14091,15160.331583023071
Z1548_14089,Z1546_14092,7580.165791511536
Z1548_14089,Z1546_14093,25267.219305038452
Z1548_14089,Z1546_14094,15160.331583023071
Z1548_14089,Z1546_14095,60641.326332092285
Z1548_14089,Z1546_14096,20213.77544403076
Z1548_14089,Z1547_14087,10106.88772201538
Z1548_14089,Z1547_14089,22740.497374534607
Z1548_14089,Z1547_14091,138969.7061777115
Z1548_14089,Z1547_14092,32847.38509654999
Z1548_14089,Z1547_14093,63168.04826259613
Z1548_14089,Z1547_14094,70748.21405410767
Z1548_14089,Z1547_14095,37900.82895755768
Z1548_14089,Z1547_14097,2526.721930503845
Z1548_14089,Z1548_14087,7580.165791511536
Z1548_14089,Z1548_14089,25267.219305038452
Z1548_14089,Z1548_14091,12633.609652519226
Z1548_14089,Z1548_14092,1308841.9600009918
Z1548_14089,Z1548_14093,199611.03250980377
Z1548_14089,Z1548_14094,303206.6316604614
Z1548_14089,Z1548_14095,73274.93598461151
Z1548_14089,Z1548_14096,10106.88772201538
Z1548_14089,Z1548_14098,27793.941235542297
Z1548_14089,Z1548_14101,10106.88772201538
Z1548_14089,Z1549_14088,10106.88772201538
Z1548_14089,Z1549_14092,146549.87196922302
Z1548_14089,Z1549_14093,373954.8457145691
Z1548_14089,Z1549_14094,437122.8939771652
Z1548_14089,Z1549_14095,154130.03776073456
Z1548_14089,Z1549_14096,22740.497374534607
Z1548_14089,Z1549_14097,37900.82895755768
Z1548_14089,Z1549_14101,15160.331583023071
Z1548_14089,Z1550_14088,2526.721930503845
Z1548_14089,Z1550_14090,10106.88772201538
Z1548_14089,Z1550_14091,20213.77544403076
Z1548_14089,Z1550_14092,75801.65791511536
Z1548_14089,Z1550_14093,384061.7334365845
Z1548_14089,Z1550_14094,192030.86671829224
Z1548_14089,Z1550_14095,83381.82370662689
Z1548_14089,Z1550_14097,5053.44386100769
Z1548_14089,Z1550_14099,7580.165791511536
Z1548_14089,Z1550_14100,2526.721930503845
Z1548_14089,Z1550_14102,2526.721930503845
Z1548_14089,Z1551_14086,15160.331583023071
Z1548_14089,Z1551_14090,15160.331583023071
Z1548_14089,Z1551_14092,5053.44386100769
Z1548_14089,Z1551_14094,48007.71667957306
Z1548_14089,Z1551_14095,108649.04301166534
Z1548_14089,Z1552_14088,10106.88772201538
Z1548_14089,Z1552_14092,17687.053513526917
Z1548_14089,Z1552_14094,15160.331583023071
Z1548_14089,Z1552_14095,50534.438610076904
Z1548_14089,Z1552_14096,32847.38509654999
Z1548_14089,Z1552_14101,2526.721930503845
Z1548_14089,Z1552_14102,2526.721930503845
Z1548_14089,Z1553_14086,10106.88772201538
Z1548_14089,Z1553_14092,20213.77544403076
Z1548_14089,Z1553_14093,12633.609652519226
Z1548_14089,Z1553_14096,50534.438610076904
Z1548_14089,Z1554_14094,10106.88772201538
Z1548_14089,Z1554_14095,2526.721930503845
Z1548_14089,Z1554_14097,7580.165791511536
Z1548_14089,Z1554_14098,12633.609652519226
Z1548_14089,Z1554_14099,2526.721930503845
Z1548_14089,Z1554_14100,12633.609652519226
Z1548_14089,Z1555_14090,10106.88772201538
Z1548_14089,Z1555_14091,2526.721930503845
Z1548_14089,Z1555_14093,2526.721930503845
Z1548_14089,Z1555_14095,10106.88772201538
Z1548_14089,Z1555_14096,2526.721930503845
Z1548_14089,Z1555_14097,10106.88772201538
Z1548_14090,Z1542_14088,12639.713230133057
Z1548_14090,Z1542_14089,2106.618871688843
Z1548_14090,Z1542_14091,25279.426460266113
Z1548_14090,Z1542_14093,25279.426460266113
Z1548_14090,Z1543_14094,126397.13230133057
Z1548_14090,Z1543_14099,2106.618871688843
Z1548_14090,Z1543_14100,8426.475486755371
Z1548_14090,Z1543_14101,12639.713230133057
Z1548_14090,Z1543_14102,25279.426460266113
Z1548_14090,Z1544_14087,12639.713230133057
Z1548_14090,Z1544_14089,14746.3321018219
Z1548_14090,Z1544_14091,8426.475486755371
Z1548_14090,Z1544_14092,25279.426460266113
Z1548_14090,Z1544_14093,2106.618871688843
Z1548_14090,Z1544_14094,105330.94358444214
Z1548_14090,Z1544_14099,8426.475486755371
Z1548_14090,Z1544_14100,2106.618871688843
Z1548_14090,Z1544_14101,44238.9963054657
Z1548_14090,Z1544_14102,8426.475486755371
Z1548_14090,Z1545_14088,12639.713230133057
Z1548_14090,Z1545_14093,2106.618871688843
Z1548_14090,Z1545_14094,8426.475486755371
Z1548_14090,Z1545_14095,21066.188716888428
Z1548_14090,Z1545_14099,6319.856615066528
Z1548_14090,Z1545_14101,2106.618871688843
Z1548_14090,Z1546_14089,31599.28307533264
Z1548_14090,Z1546_14090,2106.618871688843
Z1548_14090,Z1546_14091,12639.713230133057
Z1548_14090,Z1546_14092,6319.856615066528
Z1548_14090,Z1546_14093,21066.188716888428
Z1548_14090,Z1546_14094,12639.713230133057
Z1548_14090,Z1546_14095,50558.85292053223
Z1548_14090,Z1546_14096,16852.950973510742
Z1548_14090,Z1547_14087,8426.475486755371
Z1548_14090,Z1547_14089,18959.569845199585
Z1548_14090,Z1547_14091,115864.03794288635
Z1548_14090,Z1547_14092,27386.045331954956
Z1548_14090,Z1547_14093,52665.47179222107
Z1548_14090,Z1547_14094,58985.3284072876
Z1548_14090,Z1547_14095,31599.28307533264
Z1548_14090,Z1547_14097,2106.618871688843
Z1548_14090,Z1548_14087,6319.856615066528
Z1548_14090,Z1548_14089,21066.188716888428
Z1548_14090,Z1548_14091,10533.094358444214
Z1548_14090,Z1548_14092,1091228.5755348206
Z1548_14090,Z1548_14093,166422.89086341858
Z1548_14090,Z1548_14094,252794.26460266113
Z1548_14090,Z1548_14095,61091.94727897644
Z1548_14090,Z1548_14096,8426.475486755371
Z1548_14090,Z1548_14098,23172.80758857727
Z1548_14090,Z1548_14101,8426.475486755371
Z1548_14090,Z1549_14088,8426.475486755371
Z1548_14090,Z1549_14092,122183.89455795288
Z1548_14090,Z1549_14093,311779.59300994873
Z1548_14090,Z1549_14094,364445.0648021698
Z1548_14090,Z1549_14095,128503.75117301941
Z1548_14090,Z1549_14096,18959.569845199585
Z1548_14090,Z1549_14097,31599.28307533264
Z1548_14090,Z1549_14101,12639.713230133057
Z1548_14090,Z1550_14088,2106.618871688843
Z1548_14090,Z1550_14090,8426.475486755371
Z1548_14090,Z1550_14091,16852.950973510742
Z1548_14090,Z1550_14092,63198.56615066528
Z1548_14090,Z1550_14093,320206.0684967041
Z1548_14090,Z1550_14094,160103.03424835205
Z1548_14090,Z1550_14095,69518.42276573181
Z1548_14090,Z1550_14097,4213.237743377686
Z1548_14090,Z1550_14099,6319.856615066528
Z1548_14090,Z1550_14100,2106.618871688843
Z1548_14090,Z1550_14102,2106.618871688843
Z1548_14090,Z1551_14086,12639.713230133057
Z1548_14090,Z1551_14090,12639.713230133057
Z1548_14090,Z1551_14092,4213.237743377686
Z1548_14090,Z1551_14094,40025.75856208801
Z1548_14090,Z1551_14095,90584.61148262024
Z1548_14090,Z1552_14088,8426.475486755371
Z1548_14090,Z1552_14092,14746.3321018219
Z1548_14090,Z1552_14094,12639.713230133057
Z1548_14090,Z1552_14095,42132.377433776855
Z1548_14090,Z1552_14096,27386.045331954956
Z1548_14090,Z1552_14101,2106.618871688843
Z1548_14090,Z1552_14102,2106.618871688843
Z1548_14090,Z1553_14086,8426.475486755371
Z1548_14090,Z1553_14092,16852.950973510742
Z1548_14090,Z1553_14093,10533.094358444214
Z1548_14090,Z1553_14096,42132.377433776855
Z1548_14090,Z1554_14094,8426.475486755371
Z1548_14090,Z1554_14095,2106.618871688843
Z1548_14090,Z1554_14097,6319.856615066528
Z1548_14090,Z1554_14098,10533.094358444214
Z1548_14090,Z1554_14099,2106.618871688843
Z1548_14090,Z1554_14100,10533.094358444214
Z1548_14090,Z1555_14090,8426.475486755371
Z1548_14090,Z1555_14091,2106.618871688843
Z1548_14090,Z1555_14093,2106.618871688843
Z1548_14090,Z1555_14095,8426.475486755371
Z1548_14090,Z1555_14096,2106.618871688843
Z1548_14090,Z1555_14097,8426.475486755371
Z1548_14091,Z1542_14088,22746.11177444458
Z1548_14091,Z1542_14089,3791.0186290740967
Z1548_14091,Z1542_14091,45492.22354888916
Z1548_14091,Z1542_14093,45492.22354888916
Z1548_14091,Z1543_14094,227461.1177444458
Z1548_14091,Z1543_14099,3791.0186290740967
Z1548_14091,Z1543_14100,15164.074516296387
Z1548_14091,Z1543_14101,22746.11177444458
Z1548_14091,Z1543_14102,45492.22354888916
Z1548_14091,Z1544_14087,22746.11177444458
Z1548_14091,Z1544_14089,26537.130403518677
Z1548_14091,Z1544_14091,15164.074516296387
Z1548_14091,Z1544_14092,45492.22354888916
Z1548_14091,Z1544_14093,3791.0186290740967
Z1548_14091,Z1544_14094,189550.93145370483
Z1548_14091,Z1544_14099,15164.074516296387
Z1548_14091,Z1544_14100,3791.0186290740967
Z1548_14091,Z1544_14101,79611.39121055603
Z1548_14091,Z1544_14102,15164.074516296387
Z1548_14091,Z1545_14088,22746.11177444458
Z1548_14091,Z1545_14093,3791.0186290740967
Z1548_14091,Z1545_14094,15164.074516296387
Z1548_14091,Z1545_14095,37910.18629074097
Z1548_14091,Z1545_14099,11373.05588722229
Z1548_14091,Z1545_14101,3791.0186290740967
Z1548_14091,Z1546_14089,56865.27943611145
Z1548_14091,Z1546_14090,3791.0186290740967
Z1548_14091,Z1546_14091,22746.11177444458
Z1548_14091,Z1546_14092,11373.05588722229
Z1548_14091,Z1546_14093,37910.18629074097
Z1548_14091,Z1546_14094,22746.11177444458
Z1548_14091,Z1546_14095,90984.44709777832
Z1548_14091,Z1546_14096,30328.149032592773
Z1548_14091,Z1547_14087,15164.074516296387
Z1548_14091,Z1547_14089,34119.16766166687
Z1548_14091,Z1547_14091,208506.02459907532
Z1548_14091,Z1547_14092,49283.24217796326
Z1548_14091,Z1547_14093,94775.46572685242
Z1548_14091,Z1547_14094,106148.5216140747
Z1548_14091,Z1547_14095,56865.27943611145
Z1548_14091,Z1547_14097,3791.0186290740967
Z1548_14091,Z1548_14087,11373.05588722229
Z1548_14091,Z1548_14089,37910.18629074097
Z1548_14091,Z1548_14091,18955.093145370483
Z1548_14091,Z1548_14092,1963747.649860382
Z1548_14091,Z1548_14093,299490.47169685364
Z1548_14091,Z1548_14094,454922.2354888916
Z1548_14091,Z1548_14095,109939.5402431488
Z1548_14091,Z1548_14096,15164.074516296387
Z1548_14091,Z1548_14098,41701.20491981506
Z1548_14091,Z1548_14101,15164.074516296387
Z1548_14091,Z1549_14088,15164.074516296387
Z1548_14091,Z1549_14092,219879.0804862976
Z1548_14091,Z1549_14093,561070.7571029663
Z1548_14091,Z1549_14094,655846.2228298187
Z1548_14091,Z1549_14095,231252.1363735199
Z1548_14091,Z1549_14096,34119.16766166687
Z1548_14091,Z1549_14097,56865.27943611145
Z1548_14091,Z1549_14101,22746.11177444458
Z1548_14091,Z1550_14088,3791.0186290740967
Z1548_14091,Z1550_14090,15164.074516296387
Z1548_14091,Z1550_14091,30328.149032592773
Z1548_14091,Z1550_14092,113730.5588722229
Z1548_14091,Z1550_14093,576234.8316192627
Z1548_14091,Z1550_14094,288117.41580963135
Z1548_14091,Z1550_14095,125103.61475944519
Z1548_14091,Z1550_14097,7582.037258148193
Z1548_14091,Z1550_14099,11373.05588722229
Z1548_14091,Z1550_14100,3791.0186290740967
Z1548_14091,Z1550_14102,3791.0186290740967
Z1548_14091,Z1551_14086,22746.11177444458
Z1548_14091,Z1551_14090,22746.11177444458
Z1548_14091,Z1551_14092,7582.037258148193
Z1548_14091,Z1551_14094,72029.35395240784
Z1548_14091,Z1551_14095,163013.80105018616
Z1548_14091,Z1552_14088,15164.074516296387
Z1548_14091,Z1552_14092,26537.130403518677
Z1548_14091,Z1552_14094,22746.11177444458
Z1548_14091,Z1552_14095,75820.37258148193
Z1548_14091,Z1552_14096,49283.24217796326
Z1548_14091,Z1552_14101,3791.0186290740967
Z1548_14091,Z1552_14102,3791.0186290740967
Z1548_14091,Z1553_14086,15164.074516296387
Z1548_14091,Z1553_14092,30328.149032592773
Z1548_14091,Z1553_14093,18955.093145370483
Z1548_14091,Z1553_14096,75820.37258148193
Z1548_14091,Z1554_14094,15164.074516296387
Z1548_14091,Z1554_14095,3791.0186290740967
Z1548_14091,Z1554_14097,11373.05588722229
Z1548_14091,Z1554_14098,18955.093145370483
Z1548_14091,Z1554_14099,3791.0186290740967
Z1548_14091,Z1554_14100,18955.093145370483
Z1548_14091,Z1555_14090,15164.074516296387
Z1548_14091,Z1555_14091,3791.0186290740967
Z1548_14091,Z1555_14093,3791.0186290740967
Z1548_14091,Z1555_14095,15164.074516296387
Z1548_14091,Z1555_14096,3791.0186290740967
Z1548_14091,Z1555_14097,15164.074516296387
Z1548_14092,Z1542_14088,24893.118896484375
Z1548_14092,Z1542_14089,4148.8531494140625
Z1548_14092,Z1542_14091,49786.23779296875
Z1548_14092,Z1542_14093,49786.23779296875
Z1548_14092,Z1543_14094,248931.18896484375
Z1548_14092,Z1543_14099,4148.8531494140625
Z1548_14092,Z1543_14100,16595.41259765625
Z1548_14092,Z1543_14101,24893.118896484375
Z1548_14092,Z1543_14102,49786.23779296875
Z1548_14092,Z1544_14087,24893.118896484375
Z1548_14092,Z1544_14089,29041.972045898438
Z1548_14092,Z1544_14091,16595.41259765625
Z1548_14092,Z1544_14092,49786.23779296875
Z1548_14092,Z1544_14093,4148.8531494140625
Z1548_14092,Z1544_14094,207442.65747070312
Z1548_14092,Z1544_14099,16595.41259765625
Z1548_14092,Z1544_14100,4148.8531494140625
Z1548_14092,Z1544_14101,87125.91613769531
Z1548_14092,Z1544_14102,16595.41259765625
Z1548_14092,Z1545_14088,24893.118896484375
Z1548_14092,Z1545_14093,4148.8531494140625
Z1548_14092,Z1545_14094,16595.41259765625
Z1548_14092,Z1545_14095,41488.531494140625
Z1548_14092,Z1545_14099,12446.559448242188
Z1548_14092,Z1545_14101,4148.8531494140625
Z1548_14092,Z1546_14089,62232.79724121094
Z1548_14092,Z1546_14090,4148.8531494140625
Z1548_14092,Z1546_14091,24893.118896484375
Z1548_14092,Z1546_14092,12446.559448242188
Z1548_14092,Z1546_14093,41488.531494140625
Z1548_14092,Z1546_14094,24893.118896484375
Z1548_14092,Z1546_14095,99572.4755859375
Z1548_14092,Z1546_14096,33190.8251953125
Z1548_14092,Z1547_14087,16595.41259765625
Z1548_14092,Z1547_14089,37339.67834472656
Z1548_14092,Z1547_14091,228186.92321777344
Z1548_14092,Z1547_14092,53935.09094238281
Z1548_14092,Z1547_14093,103721.32873535156
Z1548_14092,Z1547_14094,116167.88818359375
Z1548_14092,Z1547_14095,62232.79724121094
Z1548_14092,Z1547_14097,4148.8531494140625
Z1548_14092,Z1548_14087,12446.559448242188
Z1548_14092,Z1548_14089,41488.531494140625
Z1548_14092,Z1548_14091,20744.265747070312
Z1548_14092,Z1548_14092,2149105.9313964844
Z1548_14092,Z1548_14093,327759.39880371094
Z1548_14092,Z1548_14094,497862.3779296875
Z1548_14092,Z1548_14095,120316.74133300781
Z1548_14092,Z1548_14096,16595.41259765625
Z1548_14092,Z1548_14098,45637.38464355469
Z1548_14092,Z1548_14101,16595.41259765625
Z1548_14092,Z1549_14088,16595.41259765625
Z1548_14092,Z1549_14092,240633.48266601562
Z1548_14092,Z1549_14093,614030.2661132812
Z1548_14092,Z1549_14094,717751.5948486328
Z1548_14092,Z1549_14095,253080.0421142578
Z1548_14092,Z1549_14096,37339.67834472656
Z1548_14092,Z1549_14097,62232.79724121094
Z1548_14092,Z1549_14101,24893.118896484375
Z1548_14092,Z1550_14088,4148.8531494140625
Z1548_14092,Z1550_14090,16595.41259765625
Z1548_14092,Z1550_14091,33190.8251953125
Z1548_14092,Z1550_14092,124465.59448242188
Z1548_14092,Z1550_14093,630625.6787109375
Z1548_14092,Z1550_14094,315312.83935546875
Z1548_14092,Z1550_14095,136912.15393066406
Z1548_14092,Z1550_14097,8297.706298828125
Z1548_14092,Z1550_14099,12446.559448242188
Z1548_14092,Z1550_14100,4148.8531494140625
Z1548_14092,Z1550_14102,4148.8531494140625
Z1548_14092,Z1551_14086,24893.118896484375
Z1548_14092,Z1551_14090,24893.118896484375
Z1548_14092,Z1551_14092,8297.706298828125
Z1548_14092,Z1551_14094,78828.20983886719
Z1548_14092,Z1551_14095,178400.6854248047
Z1548_14092,Z1552_14088,16595.41259765625
Z1548_14092,Z1552_14092,29041.972045898438
Z1548_14092,Z1552_14094,24893.118896484375
Z1548_14092,Z1552_14095,82977.06298828125
Z1548_14092,Z1552_14096,53935.09094238281
Z1548_14092,Z1552_14101,4148.8531494140625
Z1548_14092,Z1552_14102,4148.8531494140625
Z1548_14092,Z1553_14086,16595.41259765625
Z1548_14092,Z1553_14092,33190.8251953125
Z1548_14092,Z1553_14093,20744.265747070312
Z1548_14092,Z1553_14096,82977.06298828125
Z1548_14092,Z1554_14094,16595.41259765625
Z1548_14092,Z1554_14095,4148.8531494140625
Z1548_14092,Z1554_14097,12446.559448242188
Z1548_14092,Z1554_14098,20744.265747070312
Z1548_14092,Z1554_14099,4148.8531494140625
Z1548_14092,Z1554_14100,20744.265747070312
Z1548_14092,Z1555_14090,16595.41259765625
Z1548_14092,Z1555_14091,4148.8531494140625
Z1548_14092,Z1555_14093,4148.8531494140625
Z1548_14092,Z1555_14095,16595.41259765625
Z1548_14092,Z1555_14096,4148.8531494140625
Z1548_14092,Z1555_14097,16595.41259765625
Z1548_14093,Z1542_14088,24405.477504730225
Z1548_14093,Z1542_14089,4067.579584121704
Z1548_14093,Z1542_14091,48810.95500946045
Z1548_14093,Z1542_14093,48810.95500946045
Z1548_14093,Z1543_14094,244054.77504730225
Z1548_14093,Z1543_14099,4067.579584121704
Z1548_14093,Z1543_14100,16270.318336486816
Z1548_14093,Z1543_14101,24405.477504730225
Z1548_14093,Z1543_14102,48810.95500946045
Z1548_14093,Z1544_14087,24405.477504730225
Z1548_14093,Z1544_14089,28473.05708885193
Z1548_14093,Z1544_14091,16270.318336486816
Z1548_14093,Z1544_14092,48810.95500946045
Z1548_14093,Z1544_14093,4067.579584121704
Z1548_14093,Z1544_14094,203378.9792060852
Z1548_14093,Z1544_14099,16270.318336486816
Z1548_14093,Z1544_14100,4067.579584121704
Z1548_14093,Z1544_14101,85419.17126655579
Z1548_14093,Z1544_14102,16270.318336486816
Z1548_14093,Z1545_14088,24405.477504730225
Z1548_14093,Z1545_14093,4067.579584121704
Z1548_14093,Z1545_14094,16270.318336486816
Z1548_14093,Z1545_14095,40675.79584121704
Z1548_14093,Z1545_14099,12202.738752365112
Z1548_14093,Z1545_14101,4067.579584121704
Z1548_14093,Z1546_14089,61013.69376182556
Z1548_14093,Z1546_14090,4067.579584121704
Z1548_14093,Z1546_14091,24405.477504730225
Z1548_14093,Z1546_14092,12202.738752365112
Z1548_14093,Z1546_14093,40675.79584121704
Z1548_14093,Z1546_14094,24405.477504730225
Z1548_14093,Z1546_14095,97621.9100189209
Z1548_14093,Z1546_14096,32540.636672973633
Z1548_14093,Z1547_14087,16270.318336486816
Z1548_14093,Z1547_14089,36608.21625709534
Z1548_14093,Z1547_14091,223716.87712669373
Z1548_14093,Z1547_14092,52878.53459358215
Z1548_14093,Z1547_14093,101689.4896030426
Z1548_14093,Z1547_14094,113892.22835540771
Z1548_14093,Z1547_14095,61013.69376182556
Z1548_14093,Z1547_14097,4067.579584121704
Z1548_14093,Z1548_14087,12202.738752365112
Z1548_14093,Z1548_14089,40675.79584121704
Z1548_14093,Z1548_14091,20337.89792060852
Z1548_14093,Z1548_14092,2107006.2245750427
Z1548_14093,Z1548_14093,321338.7871456146
Z1548_14093,Z1548_14094,488109.5500946045
Z1548_14093,Z1548_14095,117959.80793952942
Z1548_14093,Z1548_14096,16270.318336486816
Z1548_14093,Z1548_14098,44743.375425338745
Z1548_14093,Z1548_14101,16270.318336486816
Z1548_14093,Z1549_14088,16270.318336486816
Z1548_14093,Z1549_14092,235919.61587905884
Z1548_14093,Z1549_14093,602001.7784500122
Z1548_14093,Z1549_14094,703691.2680530548
Z1548_14093,Z1549_14095,248122.35463142395
Z1548_14093,Z1549_14096,36608.21625709534
Z1548_14093,Z1549_14097,61013.69376182556
Z1548_14093,Z1549_14101,24405.477504730225
Z1548_14093,Z1550_14088,4067.579584121704
Z1548_14093,Z1550_14090,16270.318336486816
Z1548_14093,Z1550_14091,32540.636672973633
Z1548_14093,Z1550_14092,122027.38752365112
Z1548_14093,Z1550_14093,618272.096786499
Z1548_14093,Z1550_14094,309136.0483932495
Z1548_14093,Z1550_14095,134230.12627601624
Z1548_14093,Z1550_14097,8135.159168243408
Z1548_14093,Z1550_14099,12202.738752365112
Z1548_14093,Z1550_14100,4067.579584121704
Z1548_14093,Z1550_14102,4067.579584121704
Z1548_14093,Z1551_14086,24405.477504730225
Z1548_14093,Z1551_14090,24405.477504730225
Z1548_14093,Z1551_14092,8135.159168243408
Z1548_14093,Z1551_14094,77284.01209831238
Z1548_14093,Z1551_14095,174905.92211723328
Z1548_14093,Z1552_14088,16270.318336486816
Z1548_14093,Z1552_14092,28473.05708885193
Z1548_14093,Z1552_14094,24405.477504730225
Z1548_14093,Z1552_14095,81351.59168243408
Z1548_14093,Z1552_14096,52878.53459358215
Z1548_14093,Z1552_14101,4067.579584121704
Z1548_14093,Z1552_14102,4067.579584121704
Z1548_14093,Z1553_14086,16270.318336486816
Z1548_14093,Z1553_14092,32540.636672973633
Z1548_14093,Z1553_14093,20337.89792060852
Z1548_14093,Z1553_14096,81351.59168243408
Z1548_14093,Z1554_14094,16270.318336486816
Z1548_14093,Z1554_14095,4067.579584121704
Z1548_14093,Z1554_14097,12202.738752365112
Z1548_14093,Z1554_14098,20337.89792060852
Z1548_14093,Z1554_14099,4067.579584121704
Z1548_14093,Z1554_14100,20337.89792060852
Z1548_14093,Z1555_14090,16270.318336486816
Z1548_14093,Z1555_14091,4067.579584121704
Z1548_14093,Z1555_14093,4067.579584121704
Z1548_14093,Z1555_14095,16270.318336486816
Z1548_14093,Z1555_14096,4067.579584121704
Z1548_14093,Z1555_14097,16270.318336486816
Z1548_14094,Z1542_14088,35500.93952178955
Z1548_14094,Z1542_14089,5916.823253631592
Z1548_14094,Z1542_14091,71001.8790435791
Z1548_14094,Z1542_14093,71001.8790435791
Z1548_14094,Z1543_14094,355009.3952178955
Z1548_14094,Z1543_14099,5916.823253631592
Z1548_14094,Z1543_14100,23667.293014526367
Z1548_14094,Z1543_14101,35500.93952178955
Z1548_14094,Z1543_14102,71001.8790435791
Z1548_14094,Z1544_14087,35500.93952178955
Z1548_14094,Z1544_14089,41417.76277542114
Z1548_14094,Z1544_14091,23667.293014526367
Z1548_14094,Z1544_14092,71001.8790435791
Z1548_14094,Z1544_14093,5916.823253631592
Z1548_14094,Z1544_14094,295841.1626815796
Z1548_14094,Z1544_14099,23667.293014526367
Z1548_14094,Z1544_14100,5916.823253631592
Z1548_14094,Z1544_14101,124253.28832626343
Z1548_14094,Z1544_14102,23667.293014526367
Z1548_14094,Z1545_14088,35500.93952178955
Z1548_14094,Z1545_14093,5916.823253631592
Z1548_14094,Z1545_14094,23667.293014526367
Z1548_14094,Z1545_14095,59168.23253631592
Z1548_14094,Z1545_14099,17750.469760894775
Z1548_14094,Z1545_14101,5916.823253631592
Z1548_14094,Z1546_14089,88752.34880447388
Z1548_14094,Z1546_14090,5916.823253631592
Z1548_14094,Z1546_14091,35500.93952178955
Z1548_14094,Z1546_14092,17750.469760894775
Z1548_14094,Z1546_14093,59168.23253631592
Z1548_14094,Z1546_14094,35500.93952178955
Z1548_14094,Z1546_14095,142003.7580871582
Z1548_14094,Z1546_14096,47334.586029052734
Z1548_14094,Z1547_14087,23667.293014526367
Z1548_14094,Z1547_14089,53251.409282684326
Z1548_14094,Z1547_14091,325425.27894973755
Z1548_14094,Z1547_14092,76918.7022972107
Z1548_14094,Z1547_14093,147920.5813407898
Z1548_14094,Z1547_14094,165671.05110168457
Z1548_14094,Z1547_14095,88752.34880447388
Z1548_14094,Z1547_14097,5916.823253631592
Z1548_14094,Z1548_14087,17750.469760894775
Z1548_14094,Z1548_14089,59168.23253631592
Z1548_14094,Z1548_14091,29584.11626815796
Z1548_14094,Z1548_14092,3064914.4453811646
Z1548_14094,Z1548_14093,467429.03703689575
Z1548_14094,Z1548_14094,710018.790435791
Z1548_14094,Z1548_14095,171587.87435531616
Z1548_14094,Z1548_14096,23667.293014526367
Z1548_14094,Z1548_14098,65085.05578994751
Z1548_14094,Z1548_14101,23667.293014526367
Z1548_14094,Z1549_14088,23667.293014526367
Z1548_14094,Z1549_14092,343175.7487106323
Z1548_14094,Z1549_14093,875689.8415374756
Z1548_14094,Z1549_14094,1023610.4228782654
Z1548_14094,Z1549_14095,360926.2184715271
Z1548_14094,Z1549_14096,53251.409282684326
Z1548_14094,Z1549_14097,88752.34880447388
Z1548_14094,Z1549_14101,35500.93952178955
Z1548_14094,Z1550_14088,5916.823253631592
Z1548_14094,Z1550_14090,23667.293014526367
Z1548_14094,Z1550_14091,47334.586029052734
Z1548_14094,Z1550_14092,177504.69760894775
Z1548_14094,Z1550_14093,899357.134552002
Z1548_14094,Z1550_14094,449678.567276001
Z1548_14094,Z1550_14095,195255.16736984253
Z1548_14094,Z1550_14097,11833.646507263184
Z1548_14094,Z1550_14099,17750.469760894775
Z1548_14094,Z1550_14100,5916.823253631592
Z1548_14094,Z1550_14102,5916.823253631592
Z1548_14094,Z1551_14086,35500.93952178955
Z1548_14094,Z1551_14090,35500.93952178955
Z1548_14094,Z1551_14092,11833.646507263184
Z1548_14094,Z1551_14094,112419.64181900024
Z1548_14094,Z1551_14095,254423.39990615845
Z1548_14094,Z1552_14088,23667.293014526367
Z1548_14094,Z1552_14092,41417.76277542114
Z1548_14094,Z1552_14094,35500.93952178955
Z1548_14094,Z1552_14095,118336.46507263184
Z1548_14094,Z1552_14096,76918.7022972107
Z1548_14094,Z1552_14101,5916.823253631592
Z1548_14094,Z1552_14102,5916.823253631592
Z1548_14094,Z1553_14086,23667.293014526367
Z1548_14094,Z1553_14092,47334.586029052734
Z1548_14094,Z1553_14093,29584.11626815796
Z1548_14094,Z1553_14096,118336.46507263184
Z1548_14094,Z1554_14094,23667.293014526367
Z1548_14094,Z1554_14095,5916.823253631592
Z1548_14094,Z1554_14097,17750.469760894775
Z1548_14094,Z1554_14098,29584.11626815796
Z1548_14094,Z1554_14099,5916.823253631592
Z1548_14094,Z1554_14100,29584.11626815796
Z1548_14094,Z1555_14090,23667.293014526367
Z1548_14094,Z1555_14091,5916.823253631592
Z1548_14094,Z1555_14093,5916.823253631592
Z1548_14094,Z1555_14095,23667.293014526367
Z1548_14094,Z1555_14096,5916.823253631592
Z1548_14094,Z1555_14097,23667.293014526367
Z1548_14095,Z1542_14088,33719.692153930664
Z1548_14095,Z1542_14089,5619.948692321777
Z1548_14095,Z1542_14091,67439.38430786133
Z1548_14095,Z1542_14093,67439.38430786133
Z1548_14095,Z1543_14094,337196.92153930664
Z1548_14095,Z1543_14099,5619.948692321777
Z1548_14095,Z1543_14100,22479.79476928711
Z1548_14095,Z1543_14101,33719.692153930664
Z1548_14095,Z1543_14102,67439.38430786133
Z1548_14095,Z1544_14087,33719.692153930664
Z1548_14095,Z1544_14089,39339.64084625244
Z1548_14095,Z1544_14091,22479.79476928711
Z1548_14095,Z1544_14092,67439.38430786133
Z1548_14095,Z1544_14093,5619.948692321777
Z1548_14095,Z1544_14094,280997.43461608887
Z1548_14095,Z1544_14099,22479.79476928711
Z1548_14095,Z1544_14100,5619.948692321777
Z1548_14095,Z1544_14101,118018.92253875732
Z1548_14095,Z1544_14102,22479.79476928711
Z1548_14095,Z1545_14088,33719.692153930664
Z1548_14095,Z1545_14093,5619.948692321777
Z1548_14095,Z1545_14094,22479.79476928711
Z1548_14095,Z1545_14095,56199.48692321777
Z1548_14095,Z1545_14099,16859.846076965332
Z1548_14095,Z1545_14101,5619.948692321777
Z1548_14095,Z1546_14089,84299.23038482666
Z1548_14095,Z1546_14090,5619.948692321777
Z1548_14095,Z1546_14091,33719.692153930664
Z1548_14095,Z1546_14092,16859.846076965332
Z1548_14095,Z1546_14093,56199.48692321777
Z1548_14095,Z1546_14094,33719.692153930664
Z1548_14095,Z1546_14095,134878.76861572266
Z1548_14095,Z1546_14096,44959.58953857422
Z1548_14095,Z1547_14087,22479.79476928711
Z1548_14095,Z1547_14089,50579.538230895996
Z1548_14095,Z1547_14091,309097.17807769775
Z1548_14095,Z1547_14092,73059.3330001831
Z1548_14095,Z1547_14093,140498.71730804443
Z1548_14095,Z1547_14094,157358.56338500977
Z1548_14095,Z1547_14095,84299.23038482666
Z1548_14095,Z1547_14097,5619.948692321777
Z1548_14095,Z1548_14087,16859.846076965332
Z1548_14095,Z1548_14089,56199.48692321777
Z1548_14095,Z1548_14091,28099.743461608887
Z1548_14095,Z1548_14092,2911133.4226226807
Z1548_14095,Z1548_14093,443975.9466934204
Z1548_14095,Z1548_14094,674393.8430786133
Z1548_14095,Z1548_14095,162978.51207733154
Z1548_14095,Z1548_14096,22479.79476928711
Z1548_14095,Z1548_14098,61819.43561553955
Z1548_14095,Z1548_14101,22479.79476928711
Z1548_14095,Z1549_14088,22479.79476928711
Z1548_14095,Z1549_14092,325957.0241546631
Z1548_14095,Z1549_14093,831752.406463623
Z1548_14095,Z1549_14094,972251.1237716675
Z1548_14095,Z1549_14095,342816.8702316284
Z1548_14095,Z1549_14096,50579.538230895996
Z1548_14095,Z1549_14097,84299.23038482666
Z1548_14095,Z1549_14101,33719.692153930664
Z1548_14095,Z1550_14088,5619.948692321777
Z1548_14095,Z1550_14090,22479.79476928711
Z1548_14095,Z1550_14091,44959.58953857422
Z1548_14095,Z1550_14092,168598.46076965332
Z1548_14095,Z1550_14093,854232.2012329102
Z1548_14095,Z1550_14094,427116.1006164551
Z1548_14095,Z1550_14095,185458.30684661865
Z1548_14095,Z1550_14097,11239.897384643555
Z1548_14095,Z1550_14099,16859.846076965332
Z1548_14095,Z1550_14100,5619.948692321777
Z1548_14095,Z1550_14102,5619.948692321777
Z1548_14095,Z1551_14086,33719.692153930664
Z1548_14095,Z1551_14090,33719.692153930664
Z1548_14095,Z1551_14092,11239.897384643555
Z1548_14095,Z1551_14094,106779.02515411377
Z1548_14095,Z1551_14095,241657.79376983643
Z1548_14095,Z1552_14088,22479.79476928711
Z1548_14095,Z1552_14092,39339.64084625244
Z1548_14095,Z1552_14094,33719.692153930664
Z1548_14095,Z1552_14095,112398.97384643555
Z1548_14095,Z1552_14096,73059.3330001831
Z1548_14095,Z1552_14101,5619.948692321777
Z1548_14095,Z1552_14102,5619.948692321777
Z1548_14095,Z1553_14086,22479.79476928711
Z1548_14095,Z1553_14092,44959.58953857422
Z1548_14095,Z1553_14093,28099.743461608887
Z1548_14095,Z1553_14096,112398.97384643555
Z1548_14095,Z1554_14094,22479.79476928711
Z1548_14095,Z1554_14095,5619.948692321777
Z1548_14095,Z1554_14097,16859.846076965332
Z1548_14095,Z1554_14098,28099.743461608887
Z1548_14095,Z1554_14099,5619.948692321777
Z1548_14095,Z1554_14100,28099.743461608887
Z1548_14095,Z1555_14090,22479.79476928711
Z1548_14095,Z1555_14091,5619.948692321777
Z1548_14095,Z1555_14093,5619.948692321777
Z1548_14095,Z1555_14095,22479.79476928711
Z1548_14095,Z1555_14096,5619.948692321777
Z1548_14095,Z1555_14097,22479.79476928711
Z1548_14096,Z1542_14088,20295.195064544678
Z1548_14096,Z1542_14089,3382.5325107574463
Z1548_14096,Z1542_14091,40590.390129089355
Z1548_14096,Z1542_14093,40590.390129089355
Z1548_14096,Z1543_14094,202951.95064544678
Z1548_14096,Z1543_14099,3382.5325107574463
Z1548_14096,Z1543_14100,13530.130043029785
Z1548_14096,Z1543_14101,20295.195064544678
Z1548_14096,Z1543_14102,40590.390129089355
Z1548_14096,Z1544_14087,20295.195064544678
Z1548_14096,Z1544_14089,23677.727575302124
Z1548_14096,Z1544_14091,13530.130043029785
Z1548_14096,Z1544_14092,40590.390129089355
Z1548_14096,Z1544_14093,3382.5325107574463
Z1548_14096,Z1544_14094,169126.6255378723
Z1548_14096,Z1544_14099,13530.130043029785
Z1548_14096,Z1544_14100,3382.5325107574463
Z1548_14096,Z1544_14101,71033.18272590637
Z1548_14096,Z1544_14102,13530.130043029785
Z1548_14096,Z1545_14088,20295.195064544678
Z1548_14096,Z1545_14093,3382.5325107574463
Z1548_14096,Z1545_14094,13530.130043029785
Z1548_14096,Z1545_14095,33825.32510757446
Z1548_14096,Z1545_14099,10147.597532272339
Z1548_14096,Z1545_14101,3382.5325107574463
Z1548_14096,Z1546_14089,50737.987661361694
Z1548_14096,Z1546_14090,3382.5325107574463
Z1548_14096,Z1546_14091,20295.195064544678
Z1548_14096,Z1546_14092,10147.597532272339
Z1548_14096,Z1546_14093,33825.32510757446
Z1548_14096,Z1546_14094,20295.195064544678
Z1548_14096,Z1546_14095,81180.78025817871
Z1548_14096,Z1546_14096,27060.26008605957
Z1548_14096,Z1547_14087,13530.130043029785
Z1548_14096,Z1547_14089,30442.792596817017
Z1548_14096,Z1547_14091,186039.28809165955
Z1548_14096,Z1547_14092,43972.9226398468
Z1548_14096,Z1547_14093,84563.31276893616
Z1548_14096,Z1547_14094,94710.9103012085
Z1548_14096,Z1547_14095,50737.987661361694
Z1548_14096,Z1547_14097,3382.5325107574463
Z1548_14096,Z1548_14087,10147.597532272339
Z1548_14096,Z1548_14089,33825.32510757446
Z1548_14096,Z1548_14091,16912.66255378723
Z1548_14096,Z1548_14092,1752151.8405723572
Z1548_14096,Z1548_14093,267220.06834983826
Z1548_14096,Z1548_14094,405903.90129089355
Z1548_14096,Z1548_14095,98093.44281196594
Z1548_14096,Z1548_14096,13530.130043029785
Z1548_14096,Z1548_14098,37207.85761833191
Z1548_14096,Z1548_14101,13530.130043029785
Z1548_14096,Z1549_14088,13530.130043029785
Z1548_14096,Z1549_14092,196186.88562393188
Z1548_14096,Z1549_14093,500614.81159210205
Z1548_14096,Z1549_14094,585178.1243610382
Z1548_14096,Z1549_14095,206334.48315620422
Z1548_14096,Z1549_14096,30442.792596817017
Z1548_14096,Z1549_14097,50737.987661361694
Z1548_14096,Z1549_14101,20295.195064544678
Z1548_14096,Z1550_14088,3382.5325107574463
Z1548_14096,Z1550_14090,13530.130043029785
Z1548_14096,Z1550_14091,27060.26008605957
Z1548_14096,Z1550_14092,101475.97532272339
Z1548_14096,Z1550_14093,514144.94163513184
Z1548_14096,Z1550_14094,257072.47081756592
Z1548_14096,Z1550_14095,111623.57285499573
Z1548_14096,Z1550_14097,6765.065021514893
Z1548_14096,Z1550_14099,10147.597532272339
Z1548_14096,Z1550_14100,3382.5325107574463
Z1548_14096,Z1550_14102,3382.5325107574463
Z1548_14096,Z1551_14086,20295.195064544678
Z1548_14096,Z1551_14090,20295.195064544678
Z1548_14096,Z1551_14092,6765.065021514893
Z1548_14096,Z1551_14094,64268.11770439148
Z1548_14096,Z1551_14095,145448.8979625702
Z1548_14096,Z1552_14088,13530.130043029785
Z1548_14096,Z1552_14092,23677.727575302124
Z1548_14096,Z1552_14094,20295.195064544678
Z1548_14096,Z1552_14095,67650.65021514893
Z1548_14096,Z1552_14096,43972.9226398468
Z1548_14096,Z1552_14101,3382.5325107574463
Z1548_14096,Z1552_14102,3382.5325107574463
Z1548_14096,Z1553_14086,13530.130043029785
Z1548_14096,Z1553_14092,27060.26008605957
Z1548_14096,Z1553_14093,16912.66255378723
Z1548_14096,Z1553_14096,67650.65021514893
Z1548_14096,Z1554_14094,13530.130043029785
Z1548_14096,Z1554_14095,3382.5325107574463
Z1548_14096,Z1554_14097,10147.597532272339
Z1548_14096,Z1554_14098,16912.66255378723
Z1548_14096,Z1554_14099,3382.5325107574463
Z1548_14096,Z1554_14100,16912.66255378723
Z1548_14096,Z1555_14090,13530.130043029785
Z1548_14096,Z1555_14091,3382.5325107574463
Z1548_14096,Z1555_14093,3382.5325107574463
Z1548_14096,Z1555_14095,13530.130043029785
Z1548_14096,Z1555_14096,3382.5325107574463
Z1548_14096,Z1555_14097,13530.130043029785
Z1548_14097,Z1542_14088,11699.279680252075
Z1548_14097,Z1542_14089,1949.8799467086792
Z1548_14097,Z1542_14091,23398.55936050415
Z1548_14097,Z1542_14093,23398.55936050415
Z1548_14097,Z1543_14094,116992.79680252075
Z1548_14097,Z1543_14099,1949.8799467086792
Z1548_14097,Z1543_14100,7799.519786834717
Z1548_14097,Z1543_14101,11699.279680252075
Z1548_14097,Z1543_14102,23398.55936050415
Z1548_14097,Z1544_14087,11699.279680252075
Z1548_14097,Z1544_14089,13649.159626960754
Z1548_14097,Z1544_14091,7799.519786834717
Z1548_14097,Z1544_14092,23398.55936050415
Z1548_14097,Z1544_14093,1949.8799467086792
Z1548_14097,Z1544_14094,97493.99733543396
Z1548_14097,Z1544_14099,7799.519786834717
Z1548_14097,Z1544_14100,1949.8799467086792
Z1548_14097,Z1544_14101,40947.47888088226
Z1548_14097,Z1544_14102,7799.519786834717
Z1548_14097,Z1545_14088,11699.279680252075
Z1548_14097,Z1545_14093,1949.8799467086792
Z1548_14097,Z1545_14094,7799.519786834717
Z1548_14097,Z1545_14095,19498.799467086792
Z1548_14097,Z1545_14099,5849.639840126038
Z1548_14097,Z1545_14101,1949.8799467086792
Z1548_14097,Z1546_14089,29248.199200630188
Z1548_14097,Z1546_14090,1949.8799467086792
Z1548_14097,Z1546_14091,11699.279680252075
Z1548_14097,Z1546_14092,5849.639840126038
Z1548_14097,Z1546_14093,19498.799467086792
Z1548_14097,Z1546_14094,11699.279680252075
Z1548_14097,Z1546_14095,46797.1187210083
Z1548_14097,Z1546_14096,15599.039573669434
Z1548_14097,Z1547_14087,7799.519786834717
Z1548_14097,Z1547_14089,17548.919520378113
Z1548_14097,Z1547_14091,107243.39706897736
Z1548_14097,Z1547_14092,25348.43930721283
Z1548_14097,Z1547_14093,48746.99866771698
Z1548_14097,Z1547_14094,54596.63850784302
Z1548_14097,Z1547_14095,29248.199200630188
Z1548_14097,Z1547_14097,1949.8799467086792
Z1548_14097,Z1548_14087,5849.639840126038
Z1548_14097,Z1548_14089,19498.799467086792
Z1548_14097,Z1548_14091,9749.399733543396
Z1548_14097,Z1548_14092,1010037.8123950958
Z1548_14097,Z1548_14093,154040.51578998566
Z1548_14097,Z1548_14094,233985.5936050415
Z1548_14097,Z1548_14095,56546.5184545517
Z1548_14097,Z1548_14096,7799.519786834717
Z1548_14097,Z1548_14098,21448.67941379547
Z1548_14097,Z1548_14101,7799.519786834717
Z1548_14097,Z1549_14088,7799.519786834717
Z1548_14097,Z1549_14092,113093.0369091034
Z1548_14097,Z1549_14093,288582.2321128845
Z1548_14097,Z1549_14094,337329.2307806015
Z1548_14097,Z1549_14095,118942.67674922943
Z1548_14097,Z1549_14096,17548.919520378113
Z1548_14097,Z1549_14097,29248.199200630188
Z1548_14097,Z1549_14101,11699.279680252075
Z1548_14097,Z1550_14088,1949.8799467086792
Z1548_14097,Z1550_14090,7799.519786834717
Z1548_14097,Z1550_14091,15599.039573669434
Z1548_14097,Z1550_14092,58496.398401260376
Z1548_14097,Z1550_14093,296381.75189971924
Z1548_14097,Z1550_14094,148190.87594985962
Z1548_14097,Z1550_14095,64346.03824138641
Z1548_14097,Z1550_14097,3899.7598934173584
Z1548_14097,Z1550_14099,5849.639840126038
Z1548_14097,Z1550_14100,1949.8799467086792
Z1548_14097,Z1550_14102,1949.8799467086792
Z1548_14097,Z1551_14086,11699.279680252075
Z1548_14097,Z1551_14090,11699.279680252075
Z1548_14097,Z1551_14092,3899.7598934173584
Z1548_14097,Z1551_14094,37047.718987464905
Z1548_14097,Z1551_14095,83844.8377084732
Z1548_14097,Z1552_14088,7799.519786834717
Z1548_14097,Z1552_14092,13649.159626960754
Z1548_14097,Z1552_14094,11699.279680252075
Z1548_14097,Z1552_14095,38997.598934173584
Z1548_14097,Z1552_14096,25348.43930721283
Z1548_14097,Z1552_14101,1949.8799467086792
Z1548_14097,Z1552_14102,1949.8799467086792
Z1548_14097,Z1553_14086,7799.519786834717
Z1548_14097,Z1553_14092,15599.039573669434
Z1548_14097,Z1553_14093,9749.399733543396
Z1548_14097,Z1553_14096,38997.598934173584
Z1548_14097,Z1554_14094,7799.519786834717
Z1548_14097,Z1554_14095,1949.8799467086792
Z1548_14097,Z1554_14097,5849.639840126038
Z1548_14097,Z1554_14098,9749.399733543396
Z1548_14097,Z1554_14099,1949.8799467086792
Z1548_14097,Z1554_14100,9749.399733543396
Z1548_14097,Z1555_14090,7799.519786834717
Z1548_14097,Z1555_14091,1949.8799467086792
Z1548_14097,Z1555_14093,1949.8799467086792
Z1548_14097,Z1555_14095,7799.519786834717
Z1548_14097,Z1555_14096,1949.8799467086792
Z1548_14097,Z1555_14097,7799.519786834717
Z1548_14098,Z1542_14088,11713.776369094849
Z1548_14098,Z1542_14089,1952.296061515808
Z1548_14098,Z1542_14091,23427.552738189697
Z1548_14098,Z1542_14093,23427.552738189697
Z1548_14098,Z1543_14094,117137.76369094849
Z1548_14098,Z1543_14099,1952.296061515808
Z1548_14098,Z1543_14100,7809.184246063232
Z1548_14098,Z1543_14101,11713.776369094849
Z1548_14098,Z1543_14102,23427.552738189697
Z1548_14098,Z1544_14087,11713.776369094849
Z1548_14098,Z1544_14089,13666.072430610657
Z1548_14098,Z1544_14091,7809.184246063232
Z1548_14098,Z1544_14092,23427.552738189697
Z1548_14098,Z1544_14093,1952.296061515808
Z1548_14098,Z1544_14094,97614.8030757904
Z1548_14098,Z1544_14099,7809.184246063232
Z1548_14098,Z1544_14100,1952.296061515808
Z1548_14098,Z1544_14101,40998.21729183197
Z1548_14098,Z1544_14102,7809.184246063232
Z1548_14098,Z1545_14088,11713.776369094849
Z1548_14098,Z1545_14093,1952.296061515808
Z1548_14098,Z1545_14094,7809.184246063232
Z1548_14098,Z1545_14095,19522.96061515808
Z1548_14098,Z1545_14099,5856.888184547424
Z1548_14098,Z1545_14101,1952.296061515808
Z1548_14098,Z1546_14089,29284.44092273712
Z1548_14098,Z1546_14090,1952.296061515808
Z1548_14098,Z1546_14091,11713.776369094849
Z1548_14098,Z1546_14092,5856.888184547424
Z1548_14098,Z1546_14093,19522.96061515808
Z1548_14098,Z1546_14094,11713.776369094849
Z1548_14098,Z1546_14095,46855.105476379395
Z1548_14098,Z1546_14096,15618.368492126465
Z1548_14098,Z1547_14087,7809.184246063232
Z1548_14098,Z1547_14089,17570.664553642273
Z1548_14098,Z1547_14091,107376.28338336945
Z1548_14098,Z1547_14092,25379.848799705505
Z1548_14098,Z1547_14093,48807.4015378952
Z1548_14098,Z1547_14094,54664.28972244263
Z1548_14098,Z1547_14095,29284.44092273712
Z1548_14098,Z1547_14097,1952.296061515808
Z1548_14098,Z1548_14087,5856.888184547424
Z1548_14098,Z1548_14089,19522.96061515808
Z1548_14098,Z1548_14091,9761.48030757904
Z1548_14098,Z1548_14092,1011289.3598651886
Z1548_14098,Z1548_14093,154231.38885974884
Z1548_14098,Z1548_14094,234275.52738189697
Z1548_14098,Z1548_14095,56616.585783958435
Z1548_14098,Z1548_14096,7809.184246063232
Z1548_14098,Z1548_14098,21475.25667667389
Z1548_14098,Z1548_14101,7809.184246063232
Z1548_14098,Z1549_14088,7809.184246063232
Z1548_14098,Z1549_14092,113233.17156791687
Z1548_14098,Z1549_14093,288939.8171043396
Z1548_14098,Z1549_14094,337747.2186422348
Z1548_14098,Z1549_14095,119090.0597524643
Z1548_14098,Z1549_14096,17570.664553642273
Z1548_14098,Z1549_14097,29284.44092273712
Z1548_14098,Z1549_14101,11713.776369094849
Z1548_14098,Z1550_14088,1952.296061515808
Z1548_14098,Z1550_14090,7809.184246063232
Z1548_14098,Z1550_14091,15618.368492126465
Z1548_14098,Z1550_14092,58568.88184547424
Z1548_14098,Z1550_14093,296749.00135040283
Z1548_14098,Z1550_14094,148374.50067520142
Z1548_14098,Z1550_14095,64425.77003002167
Z1548_14098,Z1550_14097,3904.592123031616
Z1548_14098,Z1550_14099,5856.888184547424
Z1548_14098,Z1550_14100,1952.296061515808
Z1548_14098,Z1550_14102,1952.296061515808
Z1548_14098,Z1551_14086,11713.776369094849
Z1548_14098,Z1551_14090,11713.776369094849
Z1548_14098,Z1551_14092,3904.592123031616
Z1548_14098,Z1551_14094,37093.625168800354
Z1548_14098,Z1551_14095,83948.73064517975
Z1548_14098,Z1552_14088,7809.184246063232
Z1548_14098,Z1552_14092,13666.072430610657
Z1548_14098,Z1552_14094,11713.776369094849
Z1548_14098,Z1552_14095,39045.92123031616
Z1548_14098,Z1552_14096,25379.848799705505
Z1548_14098,Z1552_14101,1952.296061515808
Z1548_14098,Z1552_14102,1952.296061515808
Z1548_14098,Z1553_14086,7809.184246063232
Z1548_14098,Z1553_14092,15618.368492126465
Z1548_14098,Z1553_14093,9761.48030757904
Z1548_14098,Z1553_14096,39045.92123031616
Z1548_14098,Z1554_14094,7809.184246063232
Z1548_14098,Z1554_14095,1952.296061515808
Z1548_14098,Z1554_14097,5856.888184547424
Z1548_14098,Z1554_14098,9761.48030757904
Z1548_14098,Z1554_14099,1952.296061515808
Z1548_14098,Z1554_14100,9761.48030757904
Z1548_14098,Z1555_14090,7809.184246063232
Z1548_14098,Z1555_14091,1952.296061515808
Z1548_14098,Z1555_14093,1952.296061515808
Z1548_14098,Z1555_14095,7809.184246063232
Z1548_14098,Z1555_14096,1952.296061515808
Z1548_14098,Z1555_14097,7809.184246063232
Z1548_14099,Z1542_14088,7541.4148235321045
Z1548_14099,Z1542_14089,1256.902470588684
Z1548_14099,Z1542_14091,15082.829647064209
Z1548_14099,Z1542_14093,15082.829647064209
Z1548_14099,Z1543_14094,75414.14823532104
Z1548_14099,Z1543_14099,1256.902470588684
Z1548_14099,Z1543_14100,5027.609882354736
Z1548_14099,Z1543_14101,7541.4148235321045
Z1548_14099,Z1543_14102,15082.829647064209
Z1548_14099,Z1544_14087,7541.4148235321045
Z1548_14099,Z1544_14089,8798.317294120789
Z1548_14099,Z1544_14091,5027.609882354736
Z1548_14099,Z1544_14092,15082.829647064209
Z1548_14099,Z1544_14093,1256.902470588684
Z1548_14099,Z1544_14094,62845.123529434204
Z1548_14099,Z1544_14099,5027.609882354736
Z1548_14099,Z1544_14100,1256.902470588684
Z1548_14099,Z1544_14101,26394.951882362366
Z1548_14099,Z1544_14102,5027.609882354736
Z1548_14099,Z1545_14088,7541.4148235321045
Z1548_14099,Z1545_14093,1256.902470588684
Z1548_14099,Z1545_14094,5027.609882354736
Z1548_14099,Z1545_14095,12569.02470588684
Z1548_14099,Z1545_14099,3770.7074117660522
Z1548_14099,Z1545_14101,1256.902470588684
Z1548_14099,Z1546_14089,18853.53705883026
Z1548_14099,Z1546_14090,1256.902470588684
Z1548_14099,Z1546_14091,7541.4148235321045
Z1548_14099,Z1546_14092,3770.7074117660522
Z1548_14099,Z1546_14093,12569.02470588684
Z1548_14099,Z1546_14094,7541.4148235321045
Z1548_14099,Z1546_14095,30165.659294128418
Z1548_14099,Z1546_14096,10055.219764709473
Z1548_14099,Z1547_14087,5027.609882354736
Z1548_14099,Z1547_14089,11312.122235298157
Z1548_14099,Z1547_14091,69129.63588237762
Z1548_14099,Z1547_14092,16339.732117652893
Z1548_14099,Z1547_14093,31422.561764717102
Z1548_14099,Z1547_14094,35193.269176483154
Z1548_14099,Z1547_14095,18853.53705883026
Z1548_14099,Z1547_14097,1256.902470588684
Z1548_14099,Z1548_14087,3770.7074117660522
Z1548_14099,Z1548_14089,12569.02470588684
Z1548_14099,Z1548_14091,6284.51235294342
Z1548_14099,Z1548_14092,651075.4797649384
Z1548_14099,Z1548_14093,99295.29517650604
Z1548_14099,Z1548_14094,150828.2964706421
Z1548_14099,Z1548_14095,36450.17164707184
Z1548_14099,Z1548_14096,5027.609882354736
Z1548_14099,Z1548_14098,13825.927176475525
Z1548_14099,Z1548_14101,5027.609882354736
Z1548_14099,Z1549_14088,5027.609882354736
Z1548_14099,Z1549_14092,72900.34329414368
Z1548_14099,Z1549_14093,186021.56564712524
Z1548_14099,Z1549_14094,217444.12741184235
Z1548_14099,Z1549_14095,76671.05070590973
Z1548_14099,Z1549_14096,11312.122235298157
Z1548_14099,Z1549_14097,18853.53705883026
Z1548_14099,Z1549_14101,7541.4148235321045
Z1548_14099,Z1550_14088,1256.902470588684
Z1548_14099,Z1550_14090,5027.609882354736
Z1548_14099,Z1550_14091,10055.219764709473
Z1548_14099,Z1550_14092,37707.07411766052
Z1548_14099,Z1550_14093,191049.17552947998
Z1548_14099,Z1550_14094,95524.58776473999
Z1548_14099,Z1550_14095,41477.781529426575
Z1548_14099,Z1550_14097,2513.804941177368
Z1548_14099,Z1550_14099,3770.7074117660522
Z1548_14099,Z1550_14100,1256.902470588684
Z1548_14099,Z1550_14102,1256.902470588684
Z1548_14099,Z1551_14086,7541.4148235321045
Z1548_14099,Z1551_14090,7541.4148235321045
Z1548_14099,Z1551_14092,2513.804941177368
Z1548_14099,Z1551_14094,23881.146941184998
Z1548_14099,Z1551_14095,54046.806235313416
Z1548_14099,Z1552_14088,5027.609882354736
Z1548_14099,Z1552_14092,8798.317294120789
Z1548_14099,Z1552_14094,7541.4148235321045
Z1548_14099,Z1552_14095,25138.04941177368
Z1548_14099,Z1552_14096,16339.732117652893
Z1548_14099,Z1552_14101,1256.902470588684
Z1548_14099,Z1552_14102,1256.902470588684
Z1548_14099,Z1553_14086,5027.609882354736
Z1548_14099,Z1553_14092,10055.219764709473
Z1548_14099,Z1553_14093,6284.51235294342
Z1548_14099,Z1553_14096,25138.04941177368
Z1548_14099,Z1554_14094,5027.609882354736
Z1548_14099,Z1554_14095,1256.902470588684
Z1548_14099,Z1554_14097,3770.7074117660522
Z1548_14099,Z1554_14098,6284.51235294342
Z1548_14099,Z1554_14099,1256.902470588684
Z1548_14099,Z1554_14100,6284.51235294342
Z1548_14099,Z1555_14090,5027.609882354736
Z1548_14099,Z1555_14091,1256.902470588684
Z1548_14099,Z1555_14093,1256.902470588684
Z1548_14099,Z1555_14095,5027.609882354736
Z1548_14099,Z1555_14096,1256.902470588684
Z1548_14099,Z1555_14097,5027.609882354736
Z1548_14100,Z1542_14088,1675.006127357483
Z1548_14100,Z1542_14089,279.1676878929138
Z1548_14100,Z1542_14091,3350.012254714966
Z1548_14100,Z1542_14093,3350.012254714966
Z1548_14100,Z1543_14094,16750.06127357483
Z1548_14100,Z1543_14099,279.1676878929138
Z1548_14100,Z1543_14100,1116.6707515716553
Z1548_14100,Z1543_14101,1675.006127357483
Z1548_14100,Z1543_14102,3350.012254714966
Z1548_14100,Z1544_14087,1675.006127357483
Z1548_14100,Z1544_14089,1954.1738152503967
Z1548_14100,Z1544_14091,1116.6707515716553
Z1548_14100,Z1544_14092,3350.012254714966
Z1548_14100,Z1544_14093,279.1676878929138
Z1548_14100,Z1544_14094,13958.384394645691
Z1548_14100,Z1544_14099,1116.6707515716553
Z1548_14100,Z1544_14100,279.1676878929138
Z1548_14100,Z1544_14101,5862.52144575119
Z1548_14100,Z1544_14102,1116.6707515716553
Z1548_14100,Z1545_14088,1675.006127357483
Z1548_14100,Z1545_14093,279.1676878929138
Z1548_14100,Z1545_14094,1116.6707515716553
Z1548_14100,Z1545_14095,2791.676878929138
Z1548_14100,Z1545_14099,837.5030636787415
Z1548_14100,Z1545_14101,279.1676878929138
Z1548_14100,Z1546_14089,4187.515318393707
Z1548_14100,Z1546_14090,279.1676878929138
Z1548_14100,Z1546_14091,1675.006127357483
Z1548_14100,Z1546_14092,837.5030636787415
Z1548_14100,Z1546_14093,2791.676878929138
Z1548_14100,Z1546_14094,1675.006127357483
Z1548_14100,Z1546_14095,6700.024509429932
Z1548_14100,Z1546_14096,2233.3415031433105
Z1548_14100,Z1547_14087,1116.6707515716553
Z1548_14100,Z1547_14089,2512.5091910362244
Z1548_14100,Z1547_14091,15354.22283411026
Z1548_14100,Z1547_14092,3629.1799426078796
Z1548_14100,Z1547_14093,6979.1921973228455
Z1548_14100,Z1547_14094,7816.695261001587
Z1548_14100,Z1547_14095,4187.515318393707
Z1548_14100,Z1547_14097,279.1676878929138
Z1548_14100,Z1548_14087,837.5030636787415
Z1548_14100,Z1548_14089,2791.676878929138
Z1548_14100,Z1548_14091,1395.838439464569
Z1548_14100,Z1548_14092,144608.86232852936
Z1548_14100,Z1548_14093,22054.24734354019
Z1548_14100,Z1548_14094,33500.12254714966
Z1548_14100,Z1548_14095,8095.862948894501
Z1548_14100,Z1548_14096,1116.6707515716553
Z1548_14100,Z1548_14098,3070.844566822052
Z1548_14100,Z1548_14101,1116.6707515716553
Z1548_14100,Z1549_14088,1116.6707515716553
Z1548_14100,Z1549_14092,16191.725897789001
Z1548_14100,Z1549_14093,41316.817808151245
Z1548_14100,Z1549_14094,48296.01000547409
Z1548_14100,Z1549_14095,17029.228961467743
Z1548_14100,Z1549_14096,2512.5091910362244
Z1548_14100,Z1549_14097,4187.515318393707
Z1548_14100,Z1549_14101,1675.006127357483
Z1548_14100,Z1550_14088,279.1676878929138
Z1548_14100,Z1550_14090,1116.6707515716553
Z1548_14100,Z1550_14091,2233.3415031433105
Z1548_14100,Z1550_14092,8375.030636787415
Z1548_14100,Z1550_14093,42433.4885597229
Z1548_14100,Z1550_14094,21216.74427986145
Z1548_14100,Z1550_14095,9212.533700466156
Z1548_14100,Z1550_14097,558.3353757858276
Z1548_14100,Z1550_14099,837.5030636787415
Z1548_14100,Z1550_14100,279.1676878929138
Z1548_14100,Z1550_14102,279.1676878929138
Z1548_14100,Z1551_14086,1675.006127357483
Z1548_14100,Z1551_14090,1675.006127357483
Z1548_14100,Z1551_14092,558.3353757858276
Z1548_14100,Z1551_14094,5304.186069965363
Z1548_14100,Z1551_14095,12004.210579395294
Z1548_14100,Z1552_14088,1116.6707515716553
Z1548_14100,Z1552_14092,1954.1738152503967
Z1548_14100,Z1552_14094,1675.006127357483
Z1548_14100,Z1552_14095,5583.353757858276
Z1548_14100,Z1552_14096,3629.1799426078796
Z1548_14100,Z1552_14101,279.1676878929138
Z1548_14100,Z1552_14102,279.1676878929138
Z1548_14100,Z1553_14086,1116.6707515716553
Z1548_14100,Z1553_14092,2233.3415031433105
Z1548_14100,Z1553_14093,1395.838439464569
Z1548_14100,Z1553_14096,5583.353757858276
Z1548_14100,Z1554_14094,1116.6707515716553
Z1548_14100,Z1554_14095,279.1676878929138
Z1548_14100,Z1554_14097,837.5030636787415
Z1548_14100,Z1554_14098,1395.838439464569
Z1548_14100,Z1554_14099,279.1676878929138
Z1548_14100,Z1554_14100,1395.838439464569
Z1548_14100,Z1555_14090,1116.6707515716553
Z1548_14100,Z1555_14091,279.1676878929138
Z1548_14100,Z1555_14093,279.1676878929138
Z1548_14100,Z1555_14095,1116.6707515716553
Z1548_14100,Z1555_14096,279.1676878929138
Z1548_14100,Z1555_14097,1116.6707515716553
Z1549_14089,Z1542_14088,10797.10859298706
Z1549_14089,Z1542_14089,1799.5180988311768
Z1549_14089,Z1542_14091,21594.21718597412
Z1549_14089,Z1542_14093,21594.21718597412
Z1549_14089,Z1543_14094,107971.0859298706
Z1549_14089,Z1543_14099,1799.5180988311768
Z1549_14089,Z1543_14100,7198.072395324707
Z1549_14089,Z1543_14101,10797.10859298706
Z1549_14089,Z1543_14102,21594.21718597412
Z1549_14089,Z1544_14087,10797.10859298706
Z1549_14089,Z1544_14089,12596.626691818237
Z1549_14089,Z1544_14091,7198.072395324707
Z1549_14089,Z1544_14092,21594.21718597412
Z1549_14089,Z1544_14093,1799.5180988311768
Z1549_14089,Z1544_14094,89975.90494155884
Z1549_14089,Z1544_14099,7198.072395324707
Z1549_14089,Z1544_14100,1799.5180988311768
Z1549_14089,Z1544_14101,37789.88007545471
Z1549_14089,Z1544_14102,7198.072395324707
Z1549_14089,Z1545_14088,10797.10859298706
Z1549_14089,Z1545_14093,1799.5180988311768
Z1549_14089,Z1545_14094,7198.072395324707
Z1549_14089,Z1545_14095,17995.180988311768
Z1549_14089,Z1545_14099,5398.55429649353
Z1549_14089,Z1545_14101,1799.5180988311768
Z1549_14089,Z1546_14089,26992.77148246765
Z1549_14089,Z1546_14090,1799.5180988311768
Z1549_14089,Z1546_14091,10797.10859298706
Z1549_14089,Z1546_14092,5398.55429649353
Z1549_14089,Z1546_14093,17995.180988311768
Z1549_14089,Z1546_14094,10797.10859298706
Z1549_14089,Z1546_14095,43188.43437194824
Z1549_14089,Z1546_14096,14396.144790649414
Z1549_14089,Z1547_14087,7198.072395324707
Z1549_14089,Z1547_14089,16195.66288948059
Z1549_14089,Z1547_14091,98973.49543571472
Z1549_14089,Z1547_14092,23393.735284805298
Z1549_14089,Z1547_14093,44987.95247077942
Z1549_14089,Z1547_14094,50386.50676727295
Z1549_14089,Z1547_14095,26992.77148246765
Z1549_14089,Z1547_14097,1799.5180988311768
Z1549_14089,Z1548_14087,5398.55429649353
Z1549_14089,Z1548_14089,17995.180988311768
Z1549_14089,Z1548_14091,8997.590494155884
Z1549_14089,Z1548_14092,932150.3751945496
Z1549_14089,Z1548_14093,142161.92980766296
Z1549_14089,Z1548_14094,215942.1718597412
Z1549_14089,Z1548_14095,52186.024866104126
Z1549_14089,Z1548_14096,7198.072395324707
Z1549_14089,Z1548_14098,19794.699087142944
Z1549_14089,Z1548_14101,7198.072395324707
Z1549_14089,Z1549_14088,7198.072395324707
Z1549_14089,Z1549_14092,104372.04973220825
Z1549_14089,Z1549_14093,266328.67862701416
Z1549_14089,Z1549_14094,311316.6310977936
Z1549_14089,Z1549_14095,109770.60402870178
Z1549_14089,Z1549_14096,16195.66288948059
Z1549_14089,Z1549_14097,26992.77148246765
Z1549_14089,Z1549_14101,10797.10859298706
Z1549_14089,Z1550_14088,1799.5180988311768
Z1549_14089,Z1550_14090,7198.072395324707
Z1549_14089,Z1550_14091,14396.144790649414
Z1549_14089,Z1550_14092,53985.5429649353
Z1549_14089,Z1550_14093,273526.75102233887
Z1549_14089,Z1550_14094,136763.37551116943
Z1549_14089,Z1550_14095,59384.09726142883
Z1549_14089,Z1550_14097,3599.0361976623535
Z1549_14089,Z1550_14099,5398.55429649353
Z1549_14089,Z1550_14100,1799.5180988311768
Z1549_14089,Z1550_14102,1799.5180988311768
Z1549_14089,Z1551_14086,10797.10859298706
Z1549_14089,Z1551_14090,10797.10859298706
Z1549_14089,Z1551_14092,3599.0361976623535
Z1549_14089,Z1551_14094,34190.84387779236
Z1549_14089,Z1551_14095,77379.2782497406
Z1549_14089,Z1552_14088,7198.072395324707
Z1549_14089,Z1552_14092,12596.626691818237
Z1549_14089,Z1552_14094,10797.10859298706
Z1549_14089,Z1552_14095,35990.361976623535
Z1549_14089,Z1552_14096,23393.735284805298
Z1549_14089,Z1552_14101,1799.5180988311768
Z1549_14089,Z1552_14102,1799.5180988311768
Z1549_14089,Z1553_14086,7198.072395324707
Z1549_14089,Z1553_14092,14396.144790649414
Z1549_14089,Z1553_14093,8997.590494155884
Z1549_14089,Z1553_14096,35990.361976623535
Z1549_14089,Z1554_14094,7198.072395324707
Z1549_14089,Z1554_14095,1799.5180988311768
Z1549_14089,Z1554_14097,5398.55429649353
Z1549_14089,Z1554_14098,8997.590494155884
Z1549_14089,Z1554_14099,1799.5180988311768
Z1549_14089,Z1554_14100,8997.590494155884
Z1549_14089,Z1555_14090,7198.072395324707
Z1549_14089,Z1555_14091,1799.5180988311768
Z1549_14089,Z1555_14093,1799.5180988311768
Z1549_14089,Z1555_14095,7198.072395324707
Z1549_14089,Z1555_14096,1799.5180988311768
Z1549_14089,Z1555_14097,7198.072395324707
Z1549_14090,Z1542_14088,11505.9774684906
Z1549_14090,Z1542_14089,1917.6629114151
Z1549_14090,Z1542_14091,23011.9549369812
Z1549_14090,Z1542_14093,23011.9549369812
Z1549_14090,Z1543_14094,115059.774684906
Z1549_14090,Z1543_14099,1917.6629114151
Z1549_14090,Z1543_14100,7670.6516456604
Z1549_14090,Z1543_14101,11505.9774684906
Z1549_14090,Z1543_14102,23011.9549369812
Z1549_14090,Z1544_14087,11505.9774684906
Z1549_14090,Z1544_14089,13423.6403799057
Z1549_14090,Z1544_14091,7670.6516456604
Z1549_14090,Z1544_14092,23011.9549369812
Z1549_14090,Z1544_14093,1917.6629114151
Z1549_14090,Z1544_14094,95883.145570755
Z1549_14090,Z1544_14099,7670.6516456604
Z1549_14090,Z1544_14100,1917.6629114151
Z1549_14090,Z1544_14101,40270.9211397171
Z1549_14090,Z1544_14102,7670.6516456604
Z1549_14090,Z1545_14088,11505.9774684906
Z1549_14090,Z1545_14093,1917.6629114151
Z1549_14090,Z1545_14094,7670.6516456604
Z1549_14090,Z1545_14095,19176.629114151
Z1549_14090,Z1545_14099,5752.9887342453
Z1549_14090,Z1545_14101,1917.6629114151
Z1549_14090,Z1546_14089,28764.9436712265
Z1549_14090,Z1546_14090,1917.6629114151
Z1549_14090,Z1546_14091,11505.9774684906
Z1549_14090,Z1546_14092,5752.9887342453
Z1549_14090,Z1546_14093,19176.629114151
Z1549_14090,Z1546_14094,11505.9774684906
Z1549_14090,Z1546_14095,46023.9098739624
Z1549_14090,Z1546_14096,15341.3032913208
Z1549_14090,Z1547_14087,7670.6516456604
Z1549_14090,Z1547_14089,17258.9662027359
Z1549_14090,Z1547_14091,105471.4601278305
Z1549_14090,Z1547_14092,24929.6178483963
Z1549_14090,Z1547_14093,47941.5727853775
Z1549_14090,Z1547_14094,53694.5615196228
Z1549_14090,Z1547_14095,28764.9436712265
Z1549_14090,Z1547_14097,1917.6629114151
Z1549_14090,Z1548_14087,5752.9887342453
Z1549_14090,Z1548_14089,19176.629114151
Z1549_14090,Z1548_14091,9588.3145570755
Z1549_14090,Z1548_14092,993349.3881130219
Z1549_14090,Z1548_14093,151495.3700017929
Z1549_14090,Z1548_14094,230119.549369812
Z1549_14090,Z1548_14095,55612.2244310379
Z1549_14090,Z1548_14096,7670.6516456604
Z1549_14090,Z1548_14098,21094.2920255661
Z1549_14090,Z1548_14101,7670.6516456604
Z1549_14090,Z1549_14088,7670.6516456604
Z1549_14090,Z1549_14092,111224.4488620758
Z1549_14090,Z1549_14093,283814.1108894348
Z1549_14090,Z1549_14094,331755.6836748123
Z1549_14090,Z1549_14095,116977.4375963211
Z1549_14090,Z1549_14096,17258.9662027359
Z1549_14090,Z1549_14097,28764.9436712265
Z1549_14090,Z1549_14101,11505.9774684906
Z1549_14090,Z1550_14088,1917.6629114151
Z1549_14090,Z1550_14090,7670.6516456604
Z1549_14090,Z1550_14091,15341.3032913208
Z1549_14090,Z1550_14092,57529.887342453
Z1549_14090,Z1550_14093,291484.7625350952
Z1549_14090,Z1550_14094,145742.3812675476
Z1549_14090,Z1550_14095,63282.8760766983
Z1549_14090,Z1550_14097,3835.3258228302
Z1549_14090,Z1550_14099,5752.9887342453
Z1549_14090,Z1550_14100,1917.6629114151
Z1549_14090,Z1550_14102,1917.6629114151
Z1549_14090,Z1551_14086,11505.9774684906
Z1549_14090,Z1551_14090,11505.9774684906
Z1549_14090,Z1551_14092,3835.3258228302
Z1549_14090,Z1551_14094,36435.5953168869
Z1549_14090,Z1551_14095,82459.5051908493
Z1549_14090,Z1552_14088,7670.6516456604
Z1549_14090,Z1552_14092,13423.6403799057
Z1549_14090,Z1552_14094,11505.9774684906
Z1549_14090,Z1552_14095,38353.258228302
Z1549_14090,Z1552_14096,24929.6178483963
Z1549_14090,Z1552_14101,1917.6629114151
Z1549_14090,Z1552_14102,1917.6629114151
Z1549_14090,Z1553_14086,7670.6516456604
Z1549_14090,Z1553_14092,15341.3032913208
Z1549_14090,Z1553_14093,9588.3145570755
Z1549_14090,Z1553_14096,38353.258228302
Z1549_14090,Z1554_14094,7670.6516456604
Z1549_14090,Z1554_14095,1917.6629114151
Z1549_14090,Z1554_14097,5752.9887342453
Z1549_14090,Z1554_14098,9588.3145570755
Z1549_14090,Z1554_14099,1917.6629114151
Z1549_14090,Z1554_14100,9588.3145570755
Z1549_14090,Z1555_14090,7670.6516456604
Z1549_14090,Z1555_14091,1917.6629114151
Z1549_14090,Z1555_14093,1917.6629114151
Z1549_14090,Z1555_14095,7670.6516456604
Z1549_14090,Z1555_14096,1917.6629114151
Z1549_14090,Z1555_14097,7670.6516456604
Z1549_14091,Z1542_14088,26760.292739868164
Z1549_14091,Z1542_14089,4460.048789978027
Z1549_14091,Z1542_14091,53520.58547973633
Z1549_14091,Z1542_14093,53520.58547973633
Z1549_14091,Z1543_14094,267602.92739868164
Z1549_14091,Z1543_14099,4460.048789978027
Z1549_14091,Z1543_14100,17840.19515991211
Z1549_14091,Z1543_14101,26760.292739868164
Z1549_14091,Z1543_14102,53520.58547973633
Z1549_14091,Z1544_14087,26760.292739868164
Z1549_14091,Z1544_14089,31220.34152984619
Z1549_14091,Z1544_14091,17840.19515991211
Z1549_14091,Z1544_14092,53520.58547973633
Z1549_14091,Z1544_14093,4460.048789978027
Z1549_14091,Z1544_14094,223002.43949890137
Z1549_14091,Z1544_14099,17840.19515991211
Z1549_14091,Z1544_14100,4460.048789978027
Z1549_14091,Z1544_14101,93661.02458953857
Z1549_14091,Z1544_14102,17840.19515991211
Z1549_14091,Z1545_14088,26760.292739868164
Z1549_14091,Z1545_14093,4460.048789978027
Z1549_14091,Z1545_14094,17840.19515991211
Z1549_14091,Z1545_14095,44600.48789978027
Z1549_14091,Z1545_14099,13380.146369934082
Z1549_14091,Z1545_14101,4460.048789978027
Z1549_14091,Z1546_14089,66900.73184967041
Z1549_14091,Z1546_14090,4460.048789978027
Z1549_14091,Z1546_14091,26760.292739868164
Z1549_14091,Z1546_14092,13380.146369934082
Z1549_14091,Z1546_14093,44600.48789978027
Z1549_14091,Z1546_14094,26760.292739868164
Z1549_14091,Z1546_14095,107041.17095947266
Z1549_14091,Z1546_14096,35680.39031982422
Z1549_14091,Z1547_14087,17840.19515991211
Z1549_14091,Z1547_14089,40140.439109802246
Z1549_14091,Z1547_14091,245302.6834487915
Z1549_14091,Z1547_14092,57980.634269714355
Z1549_14091,Z1547_14093,111501.21974945068
Z1549_14091,Z1547_14094,124881.36611938477
Z1549_14091,Z1547_14095,66900.73184967041
Z1549_14091,Z1547_14097,4460.048789978027
Z1549_14091,Z1548_14087,13380.146369934082
Z1549_14091,Z1548_14089,44600.48789978027
Z1549_14091,Z1548_14091,22300.243949890137
Z1549_14091,Z1548_14092,2310305.273208618
Z1549_14091,Z1548_14093,352343.85440826416
Z1549_14091,Z1548_14094,535205.8547973633
Z1549_14091,Z1548_14095,129341.4149093628
Z1549_14091,Z1548_14096,17840.19515991211
Z1549_14091,Z1548_14098,49060.5366897583
Z1549_14091,Z1548_14101,17840.19515991211
Z1549_14091,Z1549_14088,17840.19515991211
Z1549_14091,Z1549_14092,258682.8298187256
Z1549_14091,Z1549_14093,660087.220916748
Z1549_14091,Z1549_14094,771588.4406661987
Z1549_14091,Z1549_14095,272062.97618865967
Z1549_14091,Z1549_14096,40140.439109802246
Z1549_14091,Z1549_14097,66900.73184967041
Z1549_14091,Z1549_14101,26760.292739868164
Z1549_14091,Z1550_14088,4460.048789978027
Z1549_14091,Z1550_14090,17840.19515991211
Z1549_14091,Z1550_14091,35680.39031982422
Z1549_14091,Z1550_14092,133801.46369934082
Z1549_14091,Z1550_14093,677927.4160766602
Z1549_14091,Z1550_14094,338963.7080383301
Z1549_14091,Z1550_14095,147181.6100692749
Z1549_14091,Z1550_14097,8920.097579956055
Z1549_14091,Z1550_14099,13380.146369934082
Z1549_14091,Z1550_14100,4460.048789978027
Z1549_14091,Z1550_14102,4460.048789978027
Z1549_14091,Z1551_14086,26760.292739868164
Z1549_14091,Z1551_14090,26760.292739868164
Z1549_14091,Z1551_14092,8920.097579956055
Z1549_14091,Z1551_14094,84740.92700958252
Z1549_14091,Z1551_14095,191782.09796905518
Z1549_14091,Z1552_14088,17840.19515991211
Z1549_14091,Z1552_14092,31220.34152984619
Z1549_14091,Z1552_14094,26760.292739868164
Z1549_14091,Z1552_14095,89200.97579956055
Z1549_14091,Z1552_14096,57980.634269714355
Z1549_14091,Z1552_14101,4460.048789978027
Z1549_14091,Z1552_14102,4460.048789978027
Z1549_14091,Z1553_14086,17840.19515991211
Z1549_14091,Z1553_14092,35680.39031982422
Z1549_14091,Z1553_14093,22300.243949890137
Z1549_14091,Z1553_14096,89200.97579956055
Z1549_14091,Z1554_14094,17840.19515991211
Z1549_14091,Z1554_14095,4460.048789978027
Z1549_14091,Z1554_14097,13380.146369934082
Z1549_14091,Z1554_14098,22300.243949890137
Z1549_14091,Z1554_14099,4460.048789978027
Z1549_14091,Z1554_14100,22300.243949890137
Z1549_14091,Z1555_14090,17840.19515991211
Z1549_14091,Z1555_14091,4460.048789978027
Z1549_14091,Z1555_14093,4460.048789978027
Z1549_14091,Z1555_14095,17840.19515991211
Z1549_14091,Z1555_14096,4460.048789978027
Z1549_14091,Z1555_14097,17840.19515991211
Z1549_14092,Z1542_14088,30352.81042098999
Z1549_14092,Z1542_14089,5058.801736831665
Z1549_14092,Z1542_14091,60705.62084197998
Z1549_14092,Z1542_14093,60705.62084197998
Z1549_14092,Z1543_14094,303528.1042098999
Z1549_14092,Z1543_14099,5058.801736831665
Z1549_14092,Z1543_14100,20235.20694732666
Z1549_14092,Z1543_14101,30352.81042098999
Z1549_14092,Z1543_14102,60705.62084197998
Z1549_14092,Z1544_14087,30352.81042098999
Z1549_14092,Z1544_14089,35411.612157821655
Z1549_14092,Z1544_14091,20235.20694732666
Z1549_14092,Z1544_14092,60705.62084197998
Z1549_14092,Z1544_14093,5058.801736831665
Z1549_14092,Z1544_14094,252940.08684158325
Z1549_14092,Z1544_14099,20235.20694732666
Z1549_14092,Z1544_14100,5058.801736831665
Z1549_14092,Z1544_14101,106234.83647346497
Z1549_14092,Z1544_14102,20235.20694732666
Z1549_14092,Z1545_14088,30352.81042098999
Z1549_14092,Z1545_14093,5058.801736831665
Z1549_14092,Z1545_14094,20235.20694732666
Z1549_14092,Z1545_14095,50588.01736831665
Z1549_14092,Z1545_14099,15176.405210494995
Z1549_14092,Z1545_14101,5058.801736831665
Z1549_14092,Z1546_14089,75882.02605247498
Z1549_14092,Z1546_14090,5058.801736831665
Z1549_14092,Z1546_14091,30352.81042098999
Z1549_14092,Z1546_14092,15176.405210494995
Z1549_14092,Z1546_14093,50588.01736831665
Z1549_14092,Z1546_14094,30352.81042098999
Z1549_14092,Z1546_14095,121411.24168395996
Z1549_14092,Z1546_14096,40470.41389465332
Z1549_14092,Z1547_14087,20235.20694732666
Z1549_14092,Z1547_14089,45529.215631484985
Z1549_14092,Z1547_14091,278234.0955257416
Z1549_14092,Z1547_14092,65764.42257881165
Z1549_14092,Z1547_14093,126470.04342079163
Z1549_14092,Z1547_14094,141646.44863128662
Z1549_14092,Z1547_14095,75882.02605247498
Z1549_14092,Z1547_14097,5058.801736831665
Z1549_14092,Z1548_14087,15176.405210494995
Z1549_14092,Z1548_14089,50588.01736831665
Z1549_14092,Z1548_14091,25294.008684158325
Z1549_14092,Z1548_14092,2620459.2996788025
Z1549_14092,Z1548_14093,399645.33720970154
Z1549_14092,Z1548_14094,607056.2084197998
Z1549_14092,Z1548_14095,146705.2503681183
Z1549_14092,Z1548_14096,20235.20694732666
Z1549_14092,Z1548_14098,55646.819105148315
Z1549_14092,Z1548_14101,20235.20694732666
Z1549_14092,Z1549_14088,20235.20694732666
Z1549_14092,Z1549_14092,293410.5007362366
Z1549_14092,Z1549_14093,748702.6570510864
Z1549_14092,Z1549_14094,875172.700471878
Z1549_14092,Z1549_14095,308586.90594673157
Z1549_14092,Z1549_14096,45529.215631484985
Z1549_14092,Z1549_14097,75882.02605247498
Z1549_14092,Z1549_14101,30352.81042098999
Z1549_14092,Z1550_14088,5058.801736831665
Z1549_14092,Z1550_14090,20235.20694732666
Z1549_14092,Z1550_14091,40470.41389465332
Z1549_14092,Z1550_14092,151764.05210494995
Z1549_14092,Z1550_14093,768937.8639984131
Z1549_14092,Z1550_14094,384468.93199920654
Z1549_14092,Z1550_14095,166940.45731544495
Z1549_14092,Z1550_14097,10117.60347366333
Z1549_14092,Z1550_14099,15176.405210494995
Z1549_14092,Z1550_14100,5058.801736831665
Z1549_14092,Z1550_14102,5058.801736831665
Z1549_14092,Z1551_14086,30352.81042098999
Z1549_14092,Z1551_14090,30352.81042098999
Z1549_14092,Z1551_14092,10117.60347366333
Z1549_14092,Z1551_14094,96117.23299980164
Z1549_14092,Z1551_14095,217528.4746837616
Z1549_14092,Z1552_14088,20235.20694732666
Z1549_14092,Z1552_14092,35411.612157821655
Z1549_14092,Z1552_14094,30352.81042098999
Z1549_14092,Z1552_14095,101176.0347366333
Z1549_14092,Z1552_14096,65764.42257881165
Z1549_14092,Z1552_14101,5058.801736831665
Z1549_14092,Z1552_14102,5058.801736831665
Z1549_14092,Z1553_14086,20235.20694732666
Z1549_14092,Z1553_14092,40470.41389465332
Z1549_14092,Z1553_14093,25294.008684158325
Z1549_14092,Z1553_14096,101176.0347366333
Z1549_14092,Z1554_14094,20235.20694732666
Z1549_14092,Z1554_14095,5058.801736831665
Z1549_14092,Z1554_14097,15176.405210494995
Z1549_14092,Z1554_14098,25294.008684158325
Z1549_14092,Z1554_14099,5058.801736831665
Z1549_14092,Z1554_14100,25294.008684158325
Z1549_14092,Z1555_14090,20235.20694732666
Z1549_14092,Z1555_14091,5058.801736831665
Z1549_14092,Z1555_14093,5058.801736831665
Z1549_14092,Z1555_14095,20235.20694732666
Z1549_14092,Z1555_14096,5058.801736831665
Z1549_14092,Z1555_14097,20235.20694732666
Z1549_14093,Z1542_14088,34325.56589126587
Z1549_14093,Z1542_14089,5720.9276485443115
Z1549_14093,Z1542_14091,68651.13178253174
Z1549_14093,Z1542_14093,68651.13178253174
Z1549_14093,Z1543_14094,343255.6589126587
Z1549_14093,Z1543_14099,5720.9276485443115
Z1549_14093,Z1543_14100,22883.710594177246
Z1549_14093,Z1543_14101,34325.56589126587
Z1549_14093,Z1543_14102,68651.13178253174
Z1549_14093,Z1544_14087,34325.56589126587
Z1549_14093,Z1544_14089,40046.49353981018
Z1549_14093,Z1544_14091,22883.710594177246
Z1549_14093,Z1544_14092,68651.13178253174
Z1549_14093,Z1544_14093,5720.9276485443115
Z1549_14093,Z1544_14094,286046.3824272156
Z1549_14093,Z1544_14099,22883.710594177246
Z1549_14093,Z1544_14100,5720.9276485443115
Z1549_14093,Z1544_14101,120139.48061943054
Z1549_14093,Z1544_14102,22883.710594177246
Z1549_14093,Z1545_14088,34325.56589126587
Z1549_14093,Z1545_14093,5720.9276485443115
Z1549_14093,Z1545_14094,22883.710594177246
Z1549_14093,Z1545_14095,57209.276485443115
Z1549_14093,Z1545_14099,17162.782945632935
Z1549_14093,Z1545_14101,5720.9276485443115
Z1549_14093,Z1546_14089,85813.91472816467
Z1549_14093,Z1546_14090,5720.9276485443115
Z1549_14093,Z1546_14091,34325.56589126587
Z1549_14093,Z1546_14092,17162.782945632935
Z1549_14093,Z1546_14093,57209.276485443115
Z1549_14093,Z1546_14094,34325.56589126587
Z1549_14093,Z1546_14095,137302.26356506348
Z1549_14093,Z1546_14096,45767.42118835449
Z1549_14093,Z1547_14087,22883.710594177246
Z1549_14093,Z1547_14089,51488.348836898804
Z1549_14093,Z1547_14091,314651.02066993713
Z1549_14093,Z1547_14092,74372.05943107605
Z1549_14093,Z1547_14093,143023.1912136078
Z1549_14093,Z1547_14094,160185.97415924072
Z1549_14093,Z1547_14095,85813.91472816467
Z1549_14093,Z1547_14097,5720.9276485443115
Z1549_14093,Z1548_14087,17162.782945632935
Z1549_14093,Z1548_14089,57209.276485443115
Z1549_14093,Z1548_14091,28604.638242721558
Z1549_14093,Z1548_14092,2963440.5219459534
Z1549_14093,Z1548_14093,451953.2842350006
Z1549_14093,Z1548_14094,686511.3178253174
Z1549_14093,Z1548_14095,165906.90180778503
Z1549_14093,Z1548_14096,22883.710594177246
Z1549_14093,Z1548_14098,62930.20413398743
Z1549_14093,Z1548_14101,22883.710594177246
Z1549_14093,Z1549_14088,22883.710594177246
Z1549_14093,Z1549_14092,331813.80361557007
Z1549_14093,Z1549_14093,846697.2919845581
Z1549_14093,Z1549_14094,989720.4831981659
Z1549_14093,Z1549_14095,348976.586561203
Z1549_14093,Z1549_14096,51488.348836898804
Z1549_14093,Z1549_14097,85813.91472816467
Z1549_14093,Z1549_14101,34325.56589126587
Z1549_14093,Z1550_14088,5720.9276485443115
Z1549_14093,Z1550_14090,22883.710594177246
Z1549_14093,Z1550_14091,45767.42118835449
Z1549_14093,Z1550_14092,171627.82945632935
Z1549_14093,Z1550_14093,869581.0025787354
Z1549_14093,Z1550_14094,434790.5012893677
Z1549_14093,Z1550_14095,188790.61240196228
Z1549_14093,Z1550_14097,11441.855297088623
Z1549_14093,Z1550_14099,17162.782945632935
Z1549_14093,Z1550_14100,5720.9276485443115
Z1549_14093,Z1550_14102,5720.9276485443115
Z1549_14093,Z1551_14086,34325.56589126587
Z1549_14093,Z1551_14090,34325.56589126587
Z1549_14093,Z1551_14092,11441.855297088623
Z1549_14093,Z1551_14094,108697.62532234192
Z1549_14093,Z1551_14095,245999.8888874054
Z1549_14093,Z1552_14088,22883.710594177246
Z1549_14093,Z1552_14092,40046.49353981018
Z1549_14093,Z1552_14094,34325.56589126587
Z1549_14093,Z1552_14095,114418.55297088623
Z1549_14093,Z1552_14096,74372.05943107605
Z1549_14093,Z1552_14101,5720.9276485443115
Z1549_14093,Z1552_14102,5720.9276485443115
Z1549_14093,Z1553_14086,22883.710594177246
Z1549_14093,Z1553_14092,45767.42118835449
Z1549_14093,Z1553_14093,28604.638242721558
Z1549_14093,Z1553_14096,114418.55297088623
Z1549_14093,Z1554_14094,22883.710594177246
Z1549_14093,Z1554_14095,5720.9276485443115
Z1549_14093,Z1554_14097,17162.782945632935
Z1549_14093,Z1554_14098,28604.638242721558
Z1549_14093,Z1554_14099,5720.9276485443115
Z1549_14093,Z1554_14100,28604.638242721558
Z1549_14093,Z1555_14090,22883.710594177246
Z1549_14093,Z1555_14091,5720.9276485443115
Z1549_14093,Z1555_14093,5720.9276485443115
Z1549_14093,Z1555_14095,22883.710594177246
Z1549_14093,Z1555_14096,5720.9276485443115
Z1549_14093,Z1555_14097,22883.710594177246
Z1549_14094,Z1542_14088,40693.733825683594
Z1549_14094,Z1542_14089,6782.288970947266
Z1549_14094,Z1542_14091,81387.46765136719
Z1549_14094,Z1542_14093,81387.46765136719
Z1549_14094,Z1543_14094,406937.33825683594
Z1549_14094,Z1543_14099,6782.288970947266
Z1549_14094,Z1543_14100,27129.155883789062
Z1549_14094,Z1543_14101,40693.733825683594
Z1549_14094,Z1543_14102,81387.46765136719
Z1549_14094,Z1544_14087,40693.733825683594
Z1549_14094,Z1544_14089,47476.02279663086
Z1549_14094,Z1544_14091,27129.155883789062
Z1549_14094,Z1544_14092,81387.46765136719
Z1549_14094,Z1544_14093,6782.288970947266
Z1549_14094,Z1544_14094,339114.4485473633
Z1549_14094,Z1544_14099,27129.155883789062
Z1549_14094,Z1544_14100,6782.288970947266
Z1549_14094,Z1544_14101,142428.06838989258
Z1549_14094,Z1544_14102,27129.155883789062
Z1549_14094,Z1545_14088,40693.733825683594
Z1549_14094,Z1545_14093,6782.288970947266
Z1549_14094,Z1545_14094,27129.155883789062
Z1549_14094,Z1545_14095,67822.88970947266
Z1549_14094,Z1545_14099,20346.866912841797
Z1549_14094,Z1545_14101,6782.288970947266
Z1549_14094,Z1546_14089,101734.33456420898
Z1549_14094,Z1546_14090,6782.288970947266
Z1549_14094,Z1546_14091,40693.733825683594
Z1549_14094,Z1546_14092,20346.866912841797
Z1549_14094,Z1546_14093,67822.88970947266
Z1549_14094,Z1546_14094,40693.733825683594
Z1549_14094,Z1546_14095,162774.93530273438
Z1549_14094,Z1546_14096,54258.311767578125
Z1549_14094,Z1547_14087,27129.155883789062
Z1549_14094,Z1547_14089,61040.60073852539
Z1549_14094,Z1547_14091,373025.8934020996
Z1549_14094,Z1547_14092,88169.75662231445
Z1549_14094,Z1547_14093,169557.22427368164
Z1549_14094,Z1547_14094,189904.09118652344
Z1549_14094,Z1547_14095,101734.33456420898
Z1549_14094,Z1547_14097,6782.288970947266
Z1549_14094,Z1548_14087,20346.866912841797
Z1549_14094,Z1548_14089,67822.88970947266
Z1549_14094,Z1548_14091,33911.44485473633
Z1549_14094,Z1548_14092,3513225.6869506836
Z1549_14094,Z1548_14093,535800.828704834
Z1549_14094,Z1548_14094,813874.6765136719
Z1549_14094,Z1548_14095,196686.3801574707
Z1549_14094,Z1548_14096,27129.155883789062
Z1549_14094,Z1548_14098,74605.17868041992
Z1549_14094,Z1548_14101,27129.155883789062
Z1549_14094,Z1549_14088,27129.155883789062
Z1549_14094,Z1549_14092,393372.7603149414
Z1549_14094,Z1549_14093,1003778.7677001953
Z1549_14094,Z1549_14094,1173335.991973877
Z1549_14094,Z1549_14095,413719.6272277832
Z1549_14094,Z1549_14096,61040.60073852539
Z1549_14094,Z1549_14097,101734.33456420898
Z1549_14094,Z1549_14101,40693.733825683594
Z1549_14094,Z1550_14088,6782.288970947266
Z1549_14094,Z1550_14090,27129.155883789062
Z1549_14094,Z1550_14091,54258.311767578125
Z1549_14094,Z1550_14092,203468.66912841797
Z1549_14094,Z1550_14093,1030907.9235839844
Z1549_14094,Z1550_14094,515453.9617919922
Z1549_14094,Z1550_14095,223815.53604125977
Z1549_14094,Z1550_14097,13564.577941894531
Z1549_14094,Z1550_14099,20346.866912841797
Z1549_14094,Z1550_14100,6782.288970947266
Z1549_14094,Z1550_14102,6782.288970947266
Z1549_14094,Z1551_14086,40693.733825683594
Z1549_14094,Z1551_14090,40693.733825683594
Z1549_14094,Z1551_14092,13564.577941894531
Z1549_14094,Z1551_14094,128863.49044799805
Z1549_14094,Z1551_14095,291638.4257507324
Z1549_14094,Z1552_14088,27129.155883789062
Z1549_14094,Z1552_14092,47476.02279663086
Z1549_14094,Z1552_14094,40693.733825683594
Z1549_14094,Z1552_14095,135645.7794189453
Z1549_14094,Z1552_14096,88169.75662231445
Z1549_14094,Z1552_14101,6782.288970947266
Z1549_14094,Z1552_14102,6782.288970947266
Z1549_14094,Z1553_14086,27129.155883789062
Z1549_14094,Z1553_14092,54258.311767578125
Z1549_14094,Z1553_14093,33911.44485473633
Z1549_14094,Z1553_14096,135645.7794189453
Z1549_14094,Z1554_14094,27129.155883789062
Z1549_14094,Z1554_14095,6782.288970947266
Z1549_14094,Z1554_14097,20346.866912841797
Z1549_14094,Z1554_14098,33911.44485473633
Z1549_14094,Z1554_14099,6782.288970947266
Z1549_14094,Z1554_14100,33911.44485473633
Z1549_14094,Z1555_14090,27129.155883789062
Z1549_14094,Z1555_14091,6782.288970947266
Z1549_14094,Z1555_14093,6782.288970947266
Z1549_14094,Z1555_14095,27129.155883789062
Z1549_14094,Z1555_14096,6782.288970947266
Z1549_14094,Z1555_14097,27129.155883789062
Z1549_14095,Z1542_14088,31301.993865966797
Z1549_14095,Z1542_14089,5216.998977661133
Z1549_14095,Z1542_14091,62603.987731933594
Z1549_14095,Z1542_14093,62603.987731933594
Z1549_14095,Z1543_14094,313019.93865966797
Z1549_14095,Z1543_14099,5216.998977661133
Z1549_14095,Z1543_14100,20867.99591064453
Z1549_14095,Z1543_14101,31301.993865966797
Z1549_14095,Z1543_14102,62603.987731933594
Z1549_14095,Z1544_14087,31301.993865966797
Z1549_14095,Z1544_14089,36518.99284362793
Z1549_14095,Z1544_14091,20867.99591064453
Z1549_14095,Z1544_14092,62603.987731933594
Z1549_14095,Z1544_14093,5216.998977661133
Z1549_14095,Z1544_14094,260849.94888305664
Z1549_14095,Z1544_14099,20867.99591064453
Z1549_14095,Z1544_14100,5216.998977661133
Z1549_14095,Z1544_14101,109556.97853088379
Z1549_14095,Z1544_14102,20867.99591064453
Z1549_14095,Z1545_14088,31301.993865966797
Z1549_14095,Z1545_14093,5216.998977661133
Z1549_14095,Z1545_14094,20867.99591064453
Z1549_14095,Z1545_14095,52169.98977661133
Z1549_14095,Z1545_14099,15650.996932983398
Z1549_14095,Z1545_14101,5216.998977661133
Z1549_14095,Z1546_14089,78254.98466491699
Z1549_14095,Z1546_14090,5216.998977661133
Z1549_14095,Z1546_14091,31301.993865966797
Z1549_14095,Z1546_14092,15650.996932983398
Z1549_14095,Z1546_14093,52169.98977661133
Z1549_14095,Z1546_14094,31301.993865966797
Z1549_14095,Z1546_14095,125207.97546386719
Z1549_14095,Z1546_14096,41735.99182128906
Z1549_14095,Z1547_14087,20867.99591064453
Z1549_14095,Z1547_14089,46952.990798950195
Z1549_14095,Z1547_14091,286934.9437713623
Z1549_14095,Z1547_14092,67820.98670959473
Z1549_14095,Z1547_14093,130424.97444152832
Z1549_14095,Z1547_14094,146075.97137451172
Z1549_14095,Z1547_14095,78254.98466491699
Z1549_14095,Z1547_14097,5216.998977661133
Z1549_14095,Z1548_14087,15650.996932983398
Z1549_14095,Z1548_14089,52169.98977661133
Z1549_14095,Z1548_14091,26084.994888305664
Z1549_14095,Z1548_14092,2702405.470428467
Z1549_14095,Z1548_14093,412142.9192352295
Z1549_14095,Z1548_14094,626039.8773193359
Z1549_14095,Z1548_14095,151292.97035217285
Z1549_14095,Z1548_14096,20867.99591064453
Z1549_14095,Z1548_14098,57386.98875427246
Z1549_14095,Z1548_14101,20867.99591064453
Z1549_14095,Z1549_14088,20867.99591064453
Z1549_14095,Z1549_14092,302585.9407043457
Z1549_14095,Z1549_14093,772115.8486938477
Z1549_14095,Z1549_14094,902540.823135376
Z1549_14095,Z1549_14095,318236.9376373291
Z1549_14095,Z1549_14096,46952.990798950195
Z1549_14095,Z1549_14097,78254.98466491699
Z1549_14095,Z1549_14101,31301.993865966797
Z1549_14095,Z1550_14088,5216.998977661133
Z1549_14095,Z1550_14090,20867.99591064453
Z1549_14095,Z1550_14091,41735.99182128906
Z1549_14095,Z1550_14092,156509.96932983398
Z1549_14095,Z1550_14093,792983.8446044922
Z1549_14095,Z1550_14094,396491.9223022461
Z1549_14095,Z1550_14095,172160.96626281738
Z1549_14095,Z1550_14097,10433.997955322266
Z1549_14095,Z1550_14099,15650.996932983398
Z1549_14095,Z1550_14100,5216.998977661133
Z1549_14095,Z1550_14102,5216.998977661133
Z1549_14095,Z1551_14086,31301.993865966797
Z1549_14095,Z1551_14090,31301.993865966797
Z1549_14095,Z1551_14092,10433.997955322266
Z1549_14095,Z1551_14094,99122.98057556152
Z1549_14095,Z1551_14095,224330.9560394287
Z1549_14095,Z1552_14088,20867.99591064453
Z1549_14095,Z1552_14092,36518.99284362793
Z1549_14095,Z1552_14094,31301.993865966797
Z1549_14095,Z1552_14095,104339.97955322266
Z1549_14095,Z1552_14096,67820.98670959473
Z1549_14095,Z1552_14101,5216.998977661133
Z1549_14095,Z1552_14102,5216.998977661133
Z1549_14095,Z1553_14086,20867.99591064453
Z1549_14095,Z1553_14092,41735.99182128906
Z1549_14095,Z1553_14093,26084.994888305664
Z1549_14095,Z1553_14096,104339.97955322266
Z1549_14095,Z1554_14094,20867.99591064453
Z1549_14095,Z1554_14095,5216.998977661133
Z1549_14095,Z1554_14097,15650.996932983398
Z1549_14095,Z1554_14098,26084.994888305664
Z1549_14095,Z1554_14099,5216.998977661133
Z1549_14095,Z1554_14100,26084.994888305664
Z1549_14095,Z1555_14090,20867.99591064453
Z1549_14095,Z1555_14091,5216.998977661133
Z1549_14095,Z1555_14093,5216.998977661133
Z1549_14095,Z1555_14095,20867.99591064453
Z1549_14095,Z1555_14096,5216.998977661133
Z1549_14095,Z1555_14097,20867.99591064453
Z1549_14096,Z1542_14088,26289.575443267822
Z1549_14096,Z1542_14089,4381.595907211304
Z1549_14096,Z1542_14091,52579.150886535645
Z1549_14096,Z1542_14093,52579.150886535645
Z1549_14096,Z1543_14094,262895.7544326782
Z1549_14096,Z1543_14099,4381.595907211304
Z1549_14096,Z1543_14100,17526.383628845215
Z1549_14096,Z1543_14101,26289.575443267822
Z1549_14096,Z1543_14102,52579.150886535645
Z1549_14096,Z1544_14087,26289.575443267822
Z1549_14096,Z1544_14089,30671.171350479126
Z1549_14096,Z1544_14091,17526.383628845215
Z1549_14096,Z1544_14092,52579.150886535645
Z1549_14096,Z1544_14093,4381.595907211304
Z1549_14096,Z1544_14094,219079.7953605652
Z1549_14096,Z1544_14099,17526.383628845215
Z1549_14096,Z1544_14100,4381.595907211304
Z1549_14096,Z1544_14101,92013.51405143738
Z1549_14096,Z1544_14102,17526.383628845215
Z1549_14096,Z1545_14088,26289.575443267822
Z1549_14096,Z1545_14093,4381.595907211304
Z1549_14096,Z1545_14094,17526.383628845215
Z1549_14096,Z1545_14095,43815.95907211304
Z1549_14096,Z1545_14099,13144.787721633911
Z1549_14096,Z1545_14101,4381.595907211304
Z1549_14096,Z1546_14089,65723.93860816956
Z1549_14096,Z1546_14090,4381.595907211304
Z1549_14096,Z1546_14091,26289.575443267822
Z1549_14096,Z1546_14092,13144.787721633911
Z1549_14096,Z1546_14093,43815.95907211304
Z1549_14096,Z1546_14094,26289.575443267822
Z1549_14096,Z1546_14095,105158.30177307129
Z1549_14096,Z1546_14096,35052.76725769043
Z1549_14096,Z1547_14087,17526.383628845215
Z1549_14096,Z1547_14089,39434.36316490173
Z1549_14096,Z1547_14091,240987.7748966217
Z1549_14096,Z1547_14092,56960.74679374695
Z1549_14096,Z1547_14093,109539.8976802826
Z1549_14096,Z1547_14094,122684.6854019165
Z1549_14096,Z1547_14095,65723.93860816956
Z1549_14096,Z1547_14097,4381.595907211304
Z1549_14096,Z1548_14087,13144.787721633911
Z1549_14096,Z1548_14089,43815.95907211304
Z1549_14096,Z1548_14091,21907.97953605652
Z1549_14096,Z1548_14092,2269666.6799354553
Z1549_14096,Z1548_14093,346146.076669693
Z1549_14096,Z1548_14094,525791.5088653564
Z1549_14096,Z1548_14095,127066.28130912781
Z1549_14096,Z1548_14096,17526.383628845215
Z1549_14096,Z1548_14098,48197.55497932434
Z1549_14096,Z1548_14101,17526.383628845215
Z1549_14096,Z1549_14088,17526.383628845215
Z1549_14096,Z1549_14092,254132.56261825562
Z1549_14096,Z1549_14093,648476.194267273
Z1549_14096,Z1549_14094,758016.0919475555
Z1549_14096,Z1549_14095,267277.3503398895
Z1549_14096,Z1549_14096,39434.36316490173
Z1549_14096,Z1549_14097,65723.93860816956
Z1549_14096,Z1549_14101,26289.575443267822
Z1549_14096,Z1550_14088,4381.595907211304
Z1549_14096,Z1550_14090,17526.383628845215
Z1549_14096,Z1550_14091,35052.76725769043
Z1549_14096,Z1550_14092,131447.8772163391
Z1549_14096,Z1550_14093,666002.5778961182
Z1549_14096,Z1550_14094,333001.2889480591
Z1549_14096,Z1550_14095,144592.66493797302
Z1549_14096,Z1550_14097,8763.191814422607
Z1549_14096,Z1550_14099,13144.787721633911
Z1549_14096,Z1550_14100,4381.595907211304
Z1549_14096,Z1550_14102,4381.595907211304
Z1549_14096,Z1551_14086,26289.575443267822
Z1549_14096,Z1551_14090,26289.575443267822
Z1549_14096,Z1551_14092,8763.191814422607
Z1549_14096,Z1551_14094,83250.32223701477
Z1549_14096,Z1551_14095,188408.62401008606
Z1549_14096,Z1552_14088,17526.383628845215
Z1549_14096,Z1552_14092,30671.171350479126
Z1549_14096,Z1552_14094,26289.575443267822
Z1549_14096,Z1552_14095,87631.91814422607
Z1549_14096,Z1552_14096,56960.74679374695
Z1549_14096,Z1552_14101,4381.595907211304
Z1549_14096,Z1552_14102,4381.595907211304
Z1549_14096,Z1553_14086,17526.383628845215
Z1549_14096,Z1553_14092,35052.76725769043
Z1549_14096,Z1553_14093,21907.97953605652
Z1549_14096,Z1553_14096,87631.91814422607
Z1549_14096,Z1554_14094,17526.383628845215
Z1549_14096,Z1554_14095,4381.595907211304
Z1549_14096,Z1554_14097,13144.787721633911
Z1549_14096,Z1554_14098,21907.97953605652
Z1549_14096,Z1554_14099,4381.595907211304
Z1549_14096,Z1554_14100,21907.97953605652
Z1549_14096,Z1555_14090,17526.383628845215
Z1549_14096,Z1555_14091,4381.595907211304
Z1549_14096,Z1555_14093,4381.595907211304
Z1549_14096,Z1555_14095,17526.383628845215
Z1549_14096,Z1555_14096,4381.595907211304
Z1549_14096,Z1555_14097,17526.383628845215
Z1549_14097,Z1542_14088,23095.746116638184
Z1549_14097,Z1542_14089,3849.2910194396973
Z1549_14097,Z1542_14091,46191.49223327637
Z1549_14097,Z1542_14093,46191.49223327637
Z1549_14097,Z1543_14094,230957.46116638184
Z1549_14097,Z1543_14099,3849.2910194396973
Z1549_14097,Z1543_14100,15397.164077758789
Z1549_14097,Z1543_14101,23095.746116638184
Z1549_14097,Z1543_14102,46191.49223327637
Z1549_14097,Z1544_14087,23095.746116638184
Z1549_14097,Z1544_14089,26945.03713607788
Z1549_14097,Z1544_14091,15397.164077758789
Z1549_14097,Z1544_14092,46191.49223327637
Z1549_14097,Z1544_14093,3849.2910194396973
Z1549_14097,Z1544_14094,192464.55097198486
Z1549_14097,Z1544_14099,15397.164077758789
Z1549_14097,Z1544_14100,3849.2910194396973
Z1549_14097,Z1544_14101,80835.11140823364
Z1549_14097,Z1544_14102,15397.164077758789
Z1549_14097,Z1545_14088,23095.746116638184
Z1549_14097,Z1545_14093,3849.2910194396973
Z1549_14097,Z1545_14094,15397.164077758789
Z1549_14097,Z1545_14095,38492.91019439697
Z1549_14097,Z1545_14099,11547.873058319092
Z1549_14097,Z1545_14101,3849.2910194396973
Z1549_14097,Z1546_14089,57739.36529159546
Z1549_14097,Z1546_14090,3849.2910194396973
Z1549_14097,Z1546_14091,23095.746116638184
Z1549_14097,Z1546_14092,11547.873058319092
Z1549_14097,Z1546_14093,38492.91019439697
Z1549_14097,Z1546_14094,23095.746116638184
Z1549_14097,Z1546_14095,92382.98446655273
Z1549_14097,Z1546_14096,30794.328155517578
Z1549_14097,Z1547_14087,15397.164077758789
Z1549_14097,Z1547_14089,34643.619174957275
Z1549_14097,Z1547_14091,211711.00606918335
Z1549_14097,Z1547_14092,50040.783252716064
Z1549_14097,Z1547_14093,96232.27548599243
Z1549_14097,Z1547_14094,107780.14854431152
Z1549_14097,Z1547_14095,57739.36529159546
Z1549_14097,Z1547_14097,3849.2910194396973
Z1549_14097,Z1548_14087,11547.873058319092
Z1549_14097,Z1548_14089,38492.91019439697
Z1549_14097,Z1548_14091,19246.455097198486
Z1549_14097,Z1548_14092,1993932.7480697632
Z1549_14097,Z1548_14093,304093.9905357361
Z1549_14097,Z1548_14094,461914.9223327637
Z1549_14097,Z1548_14095,111629.43956375122
Z1549_14097,Z1548_14096,15397.164077758789
Z1549_14097,Z1548_14098,42342.20121383667
Z1549_14097,Z1548_14101,15397.164077758789
Z1549_14097,Z1549_14088,15397.164077758789
Z1549_14097,Z1549_14092,223258.87912750244
Z1549_14097,Z1549_14093,569695.0708770752
Z1549_14097,Z1549_14094,665927.3463630676
Z1549_14097,Z1549_14095,234806.75218582153
Z1549_14097,Z1549_14096,34643.619174957275
Z1549_14097,Z1549_14097,57739.36529159546
Z1549_14097,Z1549_14101,23095.746116638184
Z1549_14097,Z1550_14088,3849.2910194396973
Z1549_14097,Z1550_14090,15397.164077758789
Z1549_14097,Z1550_14091,30794.328155517578
Z1549_14097,Z1550_14092,115478.73058319092
Z1549_14097,Z1550_14093,585092.234954834
Z1549_14097,Z1550_14094,292546.117477417
Z1549_14097,Z1550_14095,127026.60364151001
Z1549_14097,Z1550_14097,7698.5820388793945
Z1549_14097,Z1550_14099,11547.873058319092
Z1549_14097,Z1550_14100,3849.2910194396973
Z1549_14097,Z1550_14102,3849.2910194396973
Z1549_14097,Z1551_14086,23095.746116638184
Z1549_14097,Z1551_14090,23095.746116638184
Z1549_14097,Z1551_14092,7698.5820388793945
Z1549_14097,Z1551_14094,73136.52936935425
Z1549_14097,Z1551_14095,165519.51383590698
Z1549_14097,Z1552_14088,15397.164077758789
Z1549_14097,Z1552_14092,26945.03713607788
Z1549_14097,Z1552_14094,23095.746116638184
Z1549_14097,Z1552_14095,76985.82038879395
Z1549_14097,Z1552_14096,50040.783252716064
Z1549_14097,Z1552_14101,3849.2910194396973
Z1549_14097,Z1552_14102,3849.2910194396973
Z1549_14097,Z1553_14086,15397.164077758789
Z1549_14097,Z1553_14092,30794.328155517578
Z1549_14097,Z1553_14093,19246.455097198486
Z1549_14097,Z1553_14096,76985.82038879395
Z1549_14097,Z1554_14094,15397.164077758789
Z1549_14097,Z1554_14095,3849.2910194396973
Z1549_14097,Z1554_14097,11547.873058319092
Z1549_14097,Z1554_14098,19246.455097198486
Z1549_14097,Z1554_14099,3849.2910194396973
Z1549_14097,Z1554_14100,19246.455097198486
Z1549_14097,Z1555_14090,15397.164077758789
Z1549_14097,Z1555_14091,3849.2910194396973
Z1549_14097,Z1555_14093,3849.2910194396973
Z1549_14097,Z1555_14095,15397.164077758789
Z1549_14097,Z1555_14096,3849.2910194396973
Z1549_14097,Z1555_14097,15397.164077758789
Z1549_14098,Z1542_14088,12762.160949707031
Z1549_14098,Z1542_14089,2127.026824951172
Z1549_14098,Z1542_14091,25524.321899414062
Z1549_14098,Z1542_14093,25524.321899414062
Z1549_14098,Z1543_14094,127621.60949707031
Z1549_14098,Z1543_14099,2127.026824951172
Z1549_14098,Z1543_14100,8508.107299804688
Z1549_14098,Z1543_14101,12762.160949707031
Z1549_14098,Z1543_14102,25524.321899414062
Z1549_14098,Z1544_14087,12762.160949707031
Z1549_14098,Z1544_14089,14889.187774658203
Z1549_14098,Z1544_14091,8508.107299804688
Z1549_14098,Z1544_14092,25524.321899414062
Z1549_14098,Z1544_14093,2127.026824951172
Z1549_14098,Z1544_14094,106351.3412475586
Z1549_14098,Z1544_14099,8508.107299804688
Z1549_14098,Z1544_14100,2127.026824951172
Z1549_14098,Z1544_14101,44667.56332397461
Z1549_14098,Z1544_14102,8508.107299804688
Z1549_14098,Z1545_14088,12762.160949707031
Z1549_14098,Z1545_14093,2127.026824951172
Z1549_14098,Z1545_14094,8508.107299804688
Z1549_14098,Z1545_14095,21270.26824951172
Z1549_14098,Z1545_14099,6381.080474853516
Z1549_14098,Z1545_14101,2127.026824951172
Z1549_14098,Z1546_14089,31905.402374267578
Z1549_14098,Z1546_14090,2127.026824951172
Z1549_14098,Z1546_14091,12762.160949707031
Z1549_14098,Z1546_14092,6381.080474853516
Z1549_14098,Z1546_14093,21270.26824951172
Z1549_14098,Z1546_14094,12762.160949707031
Z1549_14098,Z1546_14095,51048.643798828125
Z1549_14098,Z1546_14096,17016.214599609375
Z1549_14098,Z1547_14087,8508.107299804688
Z1549_14098,Z1547_14089,19143.241424560547
Z1549_14098,Z1547_14091,116986.47537231445
Z1549_14098,Z1547_14092,27651.348724365234
Z1549_14098,Z1547_14093,53175.6706237793
Z1549_14098,Z1547_14094,59556.75109863281
Z1549_14098,Z1547_14095,31905.402374267578
Z1549_14098,Z1547_14097,2127.026824951172
Z1549_14098,Z1548_14087,6381.080474853516
Z1549_14098,Z1548_14089,21270.26824951172
Z1549_14098,Z1548_14091,10635.13412475586
Z1549_14098,Z1548_14092,1101799.895324707
Z1549_14098,Z1548_14093,168035.11917114258
Z1549_14098,Z1548_14094,255243.21899414062
Z1549_14098,Z1548_14095,61683.777923583984
Z1549_14098,Z1548_14096,8508.107299804688
Z1549_14098,Z1548_14098,23397.29507446289
Z1549_14098,Z1548_14101,8508.107299804688
Z1549_14098,Z1549_14088,8508.107299804688
Z1549_14098,Z1549_14092,123367.55584716797
Z1549_14098,Z1549_14093,314799.97009277344
Z1549_14098,Z1549_14094,367975.64071655273
Z1549_14098,Z1549_14095,129748.63632202148
Z1549_14098,Z1549_14096,19143.241424560547
Z1549_14098,Z1549_14097,31905.402374267578
Z1549_14098,Z1549_14101,12762.160949707031
Z1549_14098,Z1550_14088,2127.026824951172
Z1549_14098,Z1550_14090,8508.107299804688
Z1549_14098,Z1550_14091,17016.214599609375
Z1549_14098,Z1550_14092,63810.804748535156
Z1549_14098,Z1550_14093,323308.0773925781
Z1549_14098,Z1550_14094,161654.03869628906
Z1549_14098,Z1550_14095,70191.88522338867
Z1549_14098,Z1550_14097,4254.053649902344
Z1549_14098,Z1550_14099,6381.080474853516
Z1549_14098,Z1550_14100,2127.026824951172
Z1549_14098,Z1550_14102,2127.026824951172
Z1549_14098,Z1551_14086,12762.160949707031
Z1549_14098,Z1551_14090,12762.160949707031
Z1549_14098,Z1551_14092,4254.053649902344
Z1549_14098,Z1551_14094,40413.509674072266
Z1549_14098,Z1551_14095,91462.15347290039
Z1549_14098,Z1552_14088,8508.107299804688
Z1549_14098,Z1552_14092,14889.187774658203
Z1549_14098,Z1552_14094,12762.160949707031
Z1549_14098,Z1552_14095,42540.53649902344
Z1549_14098,Z1552_14096,27651.348724365234
Z1549_14098,Z1552_14101,2127.026824951172
Z1549_14098,Z1552_14102,2127.026824951172
Z1549_14098,Z1553_14086,8508.107299804688
Z1549_14098,Z1553_14092,17016.214599609375
Z1549_14098,Z1553_14093,10635.13412475586
Z1549_14098,Z1553_14096,42540.53649902344
Z1549_14098,Z1554_14094,8508.107299804688
Z1549_14098,Z1554_14095,2127.026824951172
Z1549_14098,Z1554_14097,6381.080474853516
Z1549_14098,Z1554_14098,10635.13412475586
Z1549_14098,Z1554_14099,2127.026824951172
Z1549_14098,Z1554_14100,10635.13412475586
Z1549_14098,Z1555_14090,8508.107299804688
Z1549_14098,Z1555_14091,2127.026824951172
Z1549_14098,Z1555_14093,2127.026824951172
Z1549_14098,Z1555_14095,8508.107299804688
Z1549_14098,Z1555_14096,2127.026824951172
Z1549_14098,Z1555_14097,8508.107299804688
Z1549_14099,Z1542_14088,17384.264516830444
Z1549_14099,Z1542_14089,2897.3774194717407
Z1549_14099,Z1542_14091,34768.52903366089
Z1549_14099,Z1542_14093,34768.52903366089
Z1549_14099,Z1543_14094,173842.64516830444
Z1549_14099,Z1543_14099,2897.3774194717407
Z1549_14099,Z1543_14100,11589.509677886963
Z1549_14099,Z1543_14101,17384.264516830444
Z1549_14099,Z1543_14102,34768.52903366089
Z1549_14099,Z1544_14087,17384.264516830444
Z1549_14099,Z1544_14089,20281.641936302185
Z1549_14099,Z1544_14091,11589.509677886963
Z1549_14099,Z1544_14092,34768.52903366089
Z1549_14099,Z1544_14093,2897.3774194717407
Z1549_14099,Z1544_14094,144868.87097358704
Z1549_14099,Z1544_14099,11589.509677886963
Z1549_14099,Z1544_14100,2897.3774194717407
Z1549_14099,Z1544_14101,60844.925808906555
Z1549_14099,Z1544_14102,11589.509677886963
Z1549_14099,Z1545_14088,17384.264516830444
Z1549_14099,Z1545_14093,2897.3774194717407
Z1549_14099,Z1545_14094,11589.509677886963
Z1549_14099,Z1545_14095,28973.774194717407
Z1549_14099,Z1545_14099,8692.132258415222
Z1549_14099,Z1545_14101,2897.3774194717407
Z1549_14099,Z1546_14089,43460.66129207611
Z1549_14099,Z1546_14090,2897.3774194717407
Z1549_14099,Z1546_14091,17384.264516830444
Z1549_14099,Z1546_14092,8692.132258415222
Z1549_14099,Z1546_14093,28973.774194717407
Z1549_14099,Z1546_14094,17384.264516830444
Z1549_14099,Z1546_14095,69537.05806732178
Z1549_14099,Z1546_14096,23179.019355773926
Z1549_14099,Z1547_14087,11589.509677886963
Z1549_14099,Z1547_14089,26076.396775245667
Z1549_14099,Z1547_14091,159355.75807094574
Z1549_14099,Z1547_14092,37665.90645313263
Z1549_14099,Z1547_14093,72434.43548679352
Z1549_14099,Z1547_14094,81126.56774520874
Z1549_14099,Z1547_14095,43460.66129207611
Z1549_14099,Z1547_14097,2897.3774194717407
Z1549_14099,Z1548_14087,8692.132258415222
Z1549_14099,Z1548_14089,28973.774194717407
Z1549_14099,Z1548_14091,14486.887097358704
Z1549_14099,Z1548_14092,1500841.5032863617
Z1549_14099,Z1548_14093,228892.81613826752
Z1549_14099,Z1548_14094,347685.2903366089
Z1549_14099,Z1548_14095,84023.94516468048
Z1549_14099,Z1548_14096,11589.509677886963
Z1549_14099,Z1548_14098,31871.151614189148
Z1549_14099,Z1548_14101,11589.509677886963
Z1549_14099,Z1549_14088,11589.509677886963
Z1549_14099,Z1549_14092,168047.89032936096
Z1549_14099,Z1549_14093,428811.8580818176
Z1549_14099,Z1549_14094,501246.29356861115
Z1549_14099,Z1549_14095,176740.02258777618
Z1549_14099,Z1549_14096,26076.396775245667
Z1549_14099,Z1549_14097,43460.66129207611
Z1549_14099,Z1549_14101,17384.264516830444
Z1549_14099,Z1550_14088,2897.3774194717407
Z1549_14099,Z1550_14090,11589.509677886963
Z1549_14099,Z1550_14091,23179.019355773926
Z1549_14099,Z1550_14092,86921.32258415222
Z1549_14099,Z1550_14093,440401.3677597046
Z1549_14099,Z1550_14094,220200.6838798523
Z1549_14099,Z1550_14095,95613.45484256744
Z1549_14099,Z1550_14097,5794.754838943481
Z1549_14099,Z1550_14099,8692.132258415222
Z1549_14099,Z1550_14100,2897.3774194717407
Z1549_14099,Z1550_14102,2897.3774194717407
Z1549_14099,Z1551_14086,17384.264516830444
Z1549_14099,Z1551_14090,17384.264516830444
Z1549_14099,Z1551_14092,5794.754838943481
Z1549_14099,Z1551_14094,55050.170969963074
Z1549_14099,Z1551_14095,124587.22903728485
Z1549_14099,Z1552_14088,11589.509677886963
Z1549_14099,Z1552_14092,20281.641936302185
Z1549_14099,Z1552_14094,17384.264516830444
Z1549_14099,Z1552_14095,57947.548389434814
Z1549_14099,Z1552_14096,37665.90645313263
Z1549_14099,Z1552_14101,2897.3774194717407
Z1549_14099,Z1552_14102,2897.3774194717407
Z1549_14099,Z1553_14086,11589.509677886963
Z1549_14099,Z1553_14092,23179.019355773926
Z1549_14099,Z1553_14093,14486.887097358704
Z1549_14099,Z1553_14096,57947.548389434814
Z1549_14099,Z1554_14094,11589.509677886963
Z1549_14099,Z1554_14095,2897.3774194717407
Z1549_14099,Z1554_14097,8692.132258415222
Z1549_14099,Z1554_14098,14486.887097358704
Z1549_14099,Z1554_14099,2897.3774194717407
Z1549_14099,Z1554_14100,14486.887097358704
Z1549_14099,Z1555_14090,11589.509677886963
Z1549_14099,Z1555_14091,2897.3774194717407
Z1549_14099,Z1555_14093,2897.3774194717407
Z1549_14099,Z1555_14095,11589.509677886963
Z1549_14099,Z1555_14096,2897.3774194717407
Z1549_14099,Z1555_14097,11589.509677886963
Z1549_14100,Z1542_14088,4936.849479675293
Z1549_14100,Z1542_14089,822.8082466125488
Z1549_14100,Z1542_14091,9873.698959350586
Z1549_14100,Z1542_14093,9873.698959350586
Z1549_14100,Z1543_14094,49368.49479675293
Z1549_14100,Z1543_14099,822.8082466125488
Z1549_14100,Z1543_14100,3291.2329864501953
Z1549_14100,Z1543_14101,4936.849479675293
Z1549_14100,Z1543_14102,9873.698959350586
Z1549_14100,Z1544_14087,4936.849479675293
Z1549_14100,Z1544_14089,5759.657726287842
Z1549_14100,Z1544_14091,3291.2329864501953
Z1549_14100,Z1544_14092,9873.698959350586
Z1549_14100,Z1544_14093,822.8082466125488
Z1549_14100,Z1544_14094,41140.41233062744
Z1549_14100,Z1544_14099,3291.2329864501953
Z1549_14100,Z1544_14100,822.8082466125488
Z1549_14100,Z1544_14101,17278.973178863525
Z1549_14100,Z1544_14102,3291.2329864501953
Z1549_14100,Z1545_14088,4936.849479675293
Z1549_14100,Z1545_14093,822.8082466125488
Z1549_14100,Z1545_14094,3291.2329864501953
Z1549_14100,Z1545_14095,8228.082466125488
Z1549_14100,Z1545_14099,2468.4247398376465
Z1549_14100,Z1545_14101,822.8082466125488
Z1549_14100,Z1546_14089,12342.123699188232
Z1549_14100,Z1546_14090,822.8082466125488
Z1549_14100,Z1546_14091,4936.849479675293
Z1549_14100,Z1546_14092,2468.4247398376465
Z1549_14100,Z1546_14093,8228.082466125488
Z1549_14100,Z1546_14094,4936.849479675293
Z1549_14100,Z1546_14095,19747.397918701172
Z1549_14100,Z1546_14096,6582.465972900391
Z1549_14100,Z1547_14087,3291.2329864501953
Z1549_14100,Z1547_14089,7405.274219512939
Z1549_14100,Z1547_14091,45254.453563690186
Z1549_14100,Z1547_14092,10696.507205963135
Z1549_14100,Z1547_14093,20570.20616531372
Z1549_14100,Z1547_14094,23038.630905151367
Z1549_14100,Z1547_14095,12342.123699188232
Z1549_14100,Z1547_14097,822.8082466125488
Z1549_14100,Z1548_14087,2468.4247398376465
Z1549_14100,Z1548_14089,8228.082466125488
Z1549_14100,Z1548_14091,4114.041233062744
Z1549_14100,Z1548_14092,426214.6717453003
Z1549_14100,Z1548_14093,65001.85148239136
Z1549_14100,Z1548_14094,98736.98959350586
Z1549_14100,Z1548_14095,23861.439151763916
Z1549_14100,Z1548_14096,3291.2329864501953
Z1549_14100,Z1548_14098,9050.890712738037
Z1549_14100,Z1548_14101,3291.2329864501953
Z1549_14100,Z1549_14088,3291.2329864501953
Z1549_14100,Z1549_14092,47722.87830352783
Z1549_14100,Z1549_14093,121775.62049865723
Z1549_14100,Z1549_14094,142345.82666397095
Z1549_14100,Z1549_14095,50191.30304336548
Z1549_14100,Z1549_14096,7405.274219512939
Z1549_14100,Z1549_14097,12342.123699188232
Z1549_14100,Z1549_14101,4936.849479675293
Z1549_14100,Z1550_14088,822.8082466125488
Z1549_14100,Z1550_14090,3291.2329864501953
Z1549_14100,Z1550_14091,6582.465972900391
Z1549_14100,Z1550_14092,24684.247398376465
Z1549_14100,Z1550_14093,125066.85348510742
Z1549_14100,Z1550_14094,62533.42674255371
Z1549_14100,Z1550_14095,27152.67213821411
Z1549_14100,Z1550_14097,1645.6164932250977
Z1549_14100,Z1550_14099,2468.4247398376465
Z1549_14100,Z1550_14100,822.8082466125488
Z1549_14100,Z1550_14102,822.8082466125488
Z1549_14100,Z1551_14086,4936.849479675293
Z1549_14100,Z1551_14090,4936.849479675293
Z1549_14100,Z1551_14092,1645.6164932250977
Z1549_14100,Z1551_14094,15633.356685638428
Z1549_14100,Z1551_14095,35380.7546043396
Z1549_14100,Z1552_14088,3291.2329864501953
Z1549_14100,Z1552_14092,5759.657726287842
Z1549_14100,Z1552_14094,4936.849479675293
Z1549_14100,Z1552_14095,16456.164932250977
Z1549_14100,Z1552_14096,10696.507205963135
Z1549_14100,Z1552_14101,822.8082466125488
Z1549_14100,Z1552_14102,822.8082466125488
Z1549_14100,Z1553_14086,3291.2329864501953
Z1549_14100,Z1553_14092,6582.465972900391
Z1549_14100,Z1553_14093,4114.041233062744
Z1549_14100,Z1553_14096,16456.164932250977
Z1549_14100,Z1554_14094,3291.2329864501953
Z1549_14100,Z1554_14095,822.8082466125488
Z1549_14100,Z1554_14097,2468.4247398376465
Z1549_14100,Z1554_14098,4114.041233062744
Z1549_14100,Z1554_14099,822.8082466125488
Z1549_14100,Z1554_14100,4114.041233062744
Z1549_14100,Z1555_14090,3291.2329864501953
Z1549_14100,Z1555_14091,822.8082466125488
Z1549_14100,Z1555_14093,822.8082466125488
Z1549_14100,Z1555_14095,3291.2329864501953
Z1549_14100,Z1555_14096,822.8082466125488
Z1549_14100,Z1555_14097,3291.2329864501953
Z1550_14089,Z1542_14088,10134.464921951294
Z1550_14089,Z1542_14089,1689.0774869918823
Z1550_14089,Z1542_14091,20268.929843902588
Z1550_14089,Z1542_14093,20268.929843902588
Z1550_14089,Z1543_14094,101344.64921951294
Z1550_14089,Z1543_14099,1689.0774869918823
Z1550_14089,Z1543_14100,6756.309947967529
Z1550_14089,Z1543_14101,10134.464921951294
Z1550_14089,Z1543_14102,20268.929843902588
Z1550_14089,Z1544_14087,10134.464921951294
Z1550_14089,Z1544_14089,11823.542408943176
Z1550_14089,Z1544_14091,6756.309947967529
Z1550_14089,Z1544_14092,20268.929843902588
Z1550_14089,Z1544_14093,1689.0774869918823
Z1550_14089,Z1544_14094,84453.87434959412
Z1550_14089,Z1544_14099,6756.309947967529
Z1550_14089,Z1544_14100,1689.0774869918823
Z1550_14089,Z1544_14101,35470.62722682953
Z1550_14089,Z1544_14102,6756.309947967529
Z1550_14089,Z1545_14088,10134.464921951294
Z1550_14089,Z1545_14093,1689.0774869918823
Z1550_14089,Z1545_14094,6756.309947967529
Z1550_14089,Z1545_14095,16890.774869918823
Z1550_14089,Z1545_14099,5067.232460975647
Z1550_14089,Z1545_14101,1689.0774869918823
Z1550_14089,Z1546_14089,25336.162304878235
Z1550_14089,Z1546_14090,1689.0774869918823
Z1550_14089,Z1546_14091,10134.464921951294
Z1550_14089,Z1546_14092,5067.232460975647
Z1550_14089,Z1546_14093,16890.774869918823
Z1550_14089,Z1546_14094,10134.464921951294
Z1550_14089,Z1546_14095,40537.859687805176
Z1550_14089,Z1546_14096,13512.619895935059
Z1550_14089,Z1547_14087,6756.309947967529
Z1550_14089,Z1547_14089,15201.697382926941
Z1550_14089,Z1547_14091,92899.26178455353
Z1550_14089,Z1547_14092,21958.00733089447
Z1550_14089,Z1547_14093,42226.93717479706
Z1550_14089,Z1547_14094,47294.169635772705
Z1550_14089,Z1547_14095,25336.162304878235
Z1550_14089,Z1547_14097,1689.0774869918823
Z1550_14089,Z1548_14087,5067.232460975647
Z1550_14089,Z1548_14089,16890.774869918823
Z1550_14089,Z1548_14091,8445.387434959412
Z1550_14089,Z1548_14092,874942.138261795
Z1550_14089,Z1548_14093,133437.1214723587
Z1550_14089,Z1548_14094,202689.29843902588
Z1550_14089,Z1548_14095,48983.24712276459
Z1550_14089,Z1548_14096,6756.309947967529
Z1550_14089,Z1548_14098,18579.852356910706
Z1550_14089,Z1548_14101,6756.309947967529
Z1550_14089,Z1549_14088,6756.309947967529
Z1550_14089,Z1549_14092,97966.49424552917
Z1550_14089,Z1549_14093,249983.46807479858
Z1550_14089,Z1549_14094,292210.40524959564
Z1550_14089,Z1549_14095,103033.72670650482
Z1550_14089,Z1549_14096,15201.697382926941
Z1550_14089,Z1549_14097,25336.162304878235
Z1550_14089,Z1549_14101,10134.464921951294
Z1550_14089,Z1550_14088,1689.0774869918823
Z1550_14089,Z1550_14090,6756.309947967529
Z1550_14089,Z1550_14091,13512.619895935059
Z1550_14089,Z1550_14092,50672.32460975647
Z1550_14089,Z1550_14093,256739.7780227661
Z1550_14089,Z1550_14094,128369.88901138306
Z1550_14089,Z1550_14095,55739.55707073212
Z1550_14089,Z1550_14097,3378.1549739837646
Z1550_14089,Z1550_14099,5067.232460975647
Z1550_14089,Z1550_14100,1689.0774869918823
Z1550_14089,Z1550_14102,1689.0774869918823
Z1550_14089,Z1551_14086,10134.464921951294
Z1550_14089,Z1551_14090,10134.464921951294
Z1550_14089,Z1551_14092,3378.1549739837646
Z1550_14089,Z1551_14094,32092.472252845764
Z1550_14089,Z1551_14095,72630.33194065094
Z1550_14089,Z1552_14088,6756.309947967529
Z1550_14089,Z1552_14092,11823.542408943176
Z1550_14089,Z1552_14094,10134.464921951294
Z1550_14089,Z1552_14095,33781.54973983765
Z1550_14089,Z1552_14096,21958.00733089447
Z1550_14089,Z1552_14101,1689.0774869918823
Z1550_14089,Z1552_14102,1689.0774869918823
Z1550_14089,Z1553_14086,6756.309947967529
Z1550_14089,Z1553_14092,13512.619895935059
Z1550_14089,Z1553_14093,8445.387434959412
Z1550_14089,Z1553_14096,33781.54973983765
Z1550_14089,Z1554_14094,6756.309947967529
Z1550_14089,Z1554_14095,1689.0774869918823
Z1550_14089,Z1554_14097,5067.232460975647
Z1550_14089,Z1554_14098,8445.387434959412
Z1550_14089,Z1554_14099,1689.0774869918823
Z1550_14089,Z1554_14100,8445.387434959412
Z1550_14089,Z1555_14090,6756.309947967529
Z1550_14089,Z1555_14091,1689.0774869918823
Z1550_14089,Z1555_14093,1689.0774869918823
Z1550_14089,Z1555_14095,6756.309947967529
Z1550_14089,Z1555_14096,1689.0774869918823
Z1550_14089,Z1555_14097,6756.309947967529
Z1550_14090,Z1542_14088,13154.12893295288
Z1550_14090,Z1542_14089,2192.3548221588135
Z1550_14090,Z1542_14091,26308.25786590576
Z1550_14090,Z1542_14093,26308.25786590576
Z1550_14090,Z1543_14094,131541.2893295288
Z1550_14090,Z1543_14099,2192.3548221588135
Z1550_14090,Z1543_14100,8769.419288635254
Z1550_14090,Z1543_14101,13154.12893295288
Z1550_14090,Z1543_14102,26308.25786590576
Z1550_14090,Z1544_14087,13154.12893295288
Z1550_14090,Z1544_14089,15346.483755111694
Z1550_14090,Z1544_14091,8769.419288635254
Z1550_14090,Z1544_14092,26308.25786590576
Z1550_14090,Z1544_14093,2192.3548221588135
Z1550_14090,Z1544_14094,109617.74110794067
Z1550_14090,Z1544_14099,8769.419288635254
Z1550_14090,Z1544_14100,2192.3548221588135
Z1550_14090,Z1544_14101,46039.45126533508
Z1550_14090,Z1544_14102,8769.419288635254
Z1550_14090,Z1545_14088,13154.12893295288
Z1550_14090,Z1545_14093,2192.3548221588135
Z1550_14090,Z1545_14094,8769.419288635254
Z1550_14090,Z1545_14095,21923.548221588135
Z1550_14090,Z1545_14099,6577.06446647644
Z1550_14090,Z1545_14101,2192.3548221588135
Z1550_14090,Z1546_14089,32885.3223323822
Z1550_14090,Z1546_14090,2192.3548221588135
Z1550_14090,Z1546_14091,13154.12893295288
Z1550_14090,Z1546_14092,6577.06446647644
Z1550_14090,Z1546_14093,21923.548221588135
Z1550_14090,Z1546_14094,13154.12893295288
Z1550_14090,Z1546_14095,52616.51573181152
Z1550_14090,Z1546_14096,17538.838577270508
Z1550_14090,Z1547_14087,8769.419288635254
Z1550_14090,Z1547_14089,19731.19339942932
Z1550_14090,Z1547_14091,120579.51521873474
Z1550_14090,Z1547_14092,28500.612688064575
Z1550_14090,Z1547_14093,54808.87055397034
Z1550_14090,Z1547_14094,61385.93502044678
Z1550_14090,Z1547_14095,32885.3223323822
Z1550_14090,Z1547_14097,2192.3548221588135
Z1550_14090,Z1548_14087,6577.06446647644
Z1550_14090,Z1548_14089,21923.548221588135
Z1550_14090,Z1548_14091,10961.774110794067
Z1550_14090,Z1548_14092,1135639.7978782654
Z1550_14090,Z1548_14093,173196.03095054626
Z1550_14090,Z1548_14094,263082.5786590576
Z1550_14090,Z1548_14095,63578.28984260559
Z1550_14090,Z1548_14096,8769.419288635254
Z1550_14090,Z1548_14098,24115.90304374695
Z1550_14090,Z1548_14101,8769.419288635254
Z1550_14090,Z1549_14088,8769.419288635254
Z1550_14090,Z1549_14092,127156.57968521118
Z1550_14090,Z1549_14093,324468.5136795044
Z1550_14090,Z1549_14094,379277.38423347473
Z1550_14090,Z1549_14095,133733.64415168762
Z1550_14090,Z1549_14096,19731.19339942932
Z1550_14090,Z1549_14097,32885.3223323822
Z1550_14090,Z1549_14101,13154.12893295288
Z1550_14090,Z1550_14088,2192.3548221588135
Z1550_14090,Z1550_14090,8769.419288635254
Z1550_14090,Z1550_14091,17538.838577270508
Z1550_14090,Z1550_14092,65770.6446647644
Z1550_14090,Z1550_14093,333237.93296813965
Z1550_14090,Z1550_14094,166618.96648406982
Z1550_14090,Z1550_14095,72347.70913124084
Z1550_14090,Z1550_14097,4384.709644317627
Z1550_14090,Z1550_14099,6577.06446647644
Z1550_14090,Z1550_14100,2192.3548221588135
Z1550_14090,Z1550_14102,2192.3548221588135
Z1550_14090,Z1551_14086,13154.12893295288
Z1550_14090,Z1551_14090,13154.12893295288
Z1550_14090,Z1551_14092,4384.709644317627
Z1550_14090,Z1551_14094,41654.741621017456
Z1550_14090,Z1551_14095,94271.25735282898
Z1550_14090,Z1552_14088,8769.419288635254
Z1550_14090,Z1552_14092,15346.483755111694
Z1550_14090,Z1552_14094,13154.12893295288
Z1550_14090,Z1552_14095,43847.09644317627
Z1550_14090,Z1552_14096,28500.612688064575
Z1550_14090,Z1552_14101,2192.3548221588135
Z1550_14090,Z1552_14102,2192.3548221588135
Z1550_14090,Z1553_14086,8769.419288635254
Z1550_14090,Z1553_14092,17538.838577270508
Z1550_14090,Z1553_14093,10961.774110794067
Z1550_14090,Z1553_14096,43847.09644317627
Z1550_14090,Z1554_14094,8769.419288635254
Z1550_14090,Z1554_14095,2192.3548221588135
Z1550_14090,Z1554_14097,6577.06446647644
Z1550_14090,Z1554_14098,10961.774110794067
Z1550_14090,Z1554_14099,2192.3548221588135
Z1550_14090,Z1554_14100,10961.774110794067
Z1550_14090,Z1555_14090,8769.419288635254
Z1550_14090,Z1555_14091,2192.3548221588135
Z1550_14090,Z1555_14093,2192.3548221588135
Z1550_14090,Z1555_14095,8769.419288635254
Z1550_14090,Z1555_14096,2192.3548221588135
Z1550_14090,Z1555_14097,8769.419288635254
Z1550_14091,Z1542_14088,19543.393363952637
Z1550_14091,Z1542_14089,3257.2322273254395
Z1550_14091,Z1542_14091,39086.78672790527
Z1550_14091,Z1542_14093,39086.78672790527
Z1550_14091,Z1543_14094,195433.93363952637
Z1550_14091,Z1543_14099,3257.2322273254395
Z1550_14091,Z1543_14100,13028.928909301758
Z1550_14091,Z1543_14101,19543.393363952637
Z1550_14091,Z1543_14102,39086.78672790527
Z1550_14091,Z1544_14087,19543.393363952637
Z1550_14091,Z1544_14089,22800.625591278076
Z1550_14091,Z1544_14091,13028.928909301758
Z1550_14091,Z1544_14092,39086.78672790527
Z1550_14091,Z1544_14093,3257.2322273254395
Z1550_14091,Z1544_14094,162861.61136627197
Z1550_14091,Z1544_14099,13028.928909301758
Z1550_14091,Z1544_14100,3257.2322273254395
Z1550_14091,Z1544_14101,68401.87677383423
Z1550_14091,Z1544_14102,13028.928909301758
Z1550_14091,Z1545_14088,19543.393363952637
Z1550_14091,Z1545_14093,3257.2322273254395
Z1550_14091,Z1545_14094,13028.928909301758
Z1550_14091,Z1545_14095,32572.322273254395
Z1550_14091,Z1545_14099,9771.696681976318
Z1550_14091,Z1545_14101,3257.2322273254395
Z1550_14091,Z1546_14089,48858.48340988159
Z1550_14091,Z1546_14090,3257.2322273254395
Z1550_14091,Z1546_14091,19543.393363952637
Z1550_14091,Z1546_14092,9771.696681976318
Z1550_14091,Z1546_14093,32572.322273254395
Z1550_14091,Z1546_14094,19543.393363952637
Z1550_14091,Z1546_14095,78173.57345581055
Z1550_14091,Z1546_14096,26057.857818603516
Z1550_14091,Z1547_14087,13028.928909301758
Z1550_14091,Z1547_14089,29315.090045928955
Z1550_14091,Z1547_14091,179147.77250289917
Z1550_14091,Z1547_14092,42344.01895523071
Z1550_14091,Z1547_14093,81430.80568313599
Z1550_14091,Z1547_14094,91202.5023651123
Z1550_14091,Z1547_14095,48858.48340988159
Z1550_14091,Z1547_14097,3257.2322273254395
Z1550_14091,Z1548_14087,9771.696681976318
Z1550_14091,Z1548_14089,32572.322273254395
Z1550_14091,Z1548_14091,16286.161136627197
Z1550_14091,Z1548_14092,1687246.2937545776
Z1550_14091,Z1548_14093,257321.34595870972
Z1550_14091,Z1548_14094,390867.86727905273
Z1550_14091,Z1548_14095,94459.73459243774
Z1550_14091,Z1548_14096,13028.928909301758
Z1550_14091,Z1548_14098,35829.554500579834
Z1550_14091,Z1548_14101,13028.928909301758
Z1550_14091,Z1549_14088,13028.928909301758
Z1550_14091,Z1549_14092,188919.4691848755
Z1550_14091,Z1549_14093,482070.36964416504
Z1550_14091,Z1549_14094,563501.175327301
Z1550_14091,Z1549_14095,198691.1658668518
Z1550_14091,Z1549_14096,29315.090045928955
Z1550_14091,Z1549_14097,48858.48340988159
Z1550_14091,Z1549_14101,19543.393363952637
Z1550_14091,Z1550_14088,3257.2322273254395
Z1550_14091,Z1550_14090,13028.928909301758
Z1550_14091,Z1550_14091,26057.857818603516
Z1550_14091,Z1550_14092,97716.96681976318
Z1550_14091,Z1550_14093,495099.2985534668
Z1550_14091,Z1550_14094,247549.6492767334
Z1550_14091,Z1550_14095,107488.6635017395
Z1550_14091,Z1550_14097,6514.464454650879
Z1550_14091,Z1550_14099,9771.696681976318
Z1550_14091,Z1550_14100,3257.2322273254395
Z1550_14091,Z1550_14102,3257.2322273254395
Z1550_14091,Z1551_14086,19543.393363952637
Z1550_14091,Z1551_14090,19543.393363952637
Z1550_14091,Z1551_14092,6514.464454650879
Z1550_14091,Z1551_14094,61887.41231918335
Z1550_14091,Z1551_14095,140060.9857749939
Z1550_14091,Z1552_14088,13028.928909301758
Z1550_14091,Z1552_14092,22800.625591278076
Z1550_14091,Z1552_14094,19543.393363952637
Z1550_14091,Z1552_14095,65144.64454650879
Z1550_14091,Z1552_14096,42344.01895523071
Z1550_14091,Z1552_14101,3257.2322273254395
Z1550_14091,Z1552_14102,3257.2322273254395
Z1550_14091,Z1553_14086,13028.928909301758
Z1550_14091,Z1553_14092,26057.857818603516
Z1550_14091,Z1553_14093,16286.161136627197
Z1550_14091,Z1553_14096,65144.64454650879
Z1550_14091,Z1554_14094,13028.928909301758
Z1550_14091,Z1554_14095,3257.2322273254395
Z1550_14091,Z1554_14097,9771.696681976318
Z1550_14091,Z1554_14098,16286.161136627197
Z1550_14091,Z1554_14099,3257.2322273254395
Z1550_14091,Z1554_14100,16286.161136627197
Z1550_14091,Z1555_14090,13028.928909301758
Z1550_14091,Z1555_14091,3257.2322273254395
Z1550_14091,Z1555_14093,3257.2322273254395
Z1550_14091,Z1555_14095,13028.928909301758
Z1550_14091,Z1555_14096,3257.2322273254395
Z1550_14091,Z1555_14097,13028.928909301758
Z1550_14092,Z1542_14088,25983.33300590515
Z1550_14092,Z1542_14089,4330.555500984192
Z1550_14092,Z1542_14091,51966.6660118103
Z1550_14092,Z1542_14093,51966.6660118103
Z1550_14092,Z1543_14094,259833.3300590515
Z1550_14092,Z1543_14099,4330.555500984192
Z1550_14092,Z1543_14100,17322.222003936768
Z1550_14092,Z1543_14101,25983.33300590515
Z1550_14092,Z1543_14102,51966.6660118103
Z1550_14092,Z1544_14087,25983.33300590515
Z1550_14092,Z1544_14089,30313.888506889343
Z1550_14092,Z1544_14091,17322.222003936768
Z1550_14092,Z1544_14092,51966.6660118103
Z1550_14092,Z1544_14093,4330.555500984192
Z1550_14092,Z1544_14094,216527.7750492096
Z1550_14092,Z1544_14099,17322.222003936768
Z1550_14092,Z1544_14100,4330.555500984192
Z1550_14092,Z1544_14101,90941.66552066803
Z1550_14092,Z1544_14102,17322.222003936768
Z1550_14092,Z1545_14088,25983.33300590515
Z1550_14092,Z1545_14093,4330.555500984192
Z1550_14092,Z1545_14094,17322.222003936768
Z1550_14092,Z1545_14095,43305.55500984192
Z1550_14092,Z1545_14099,12991.666502952576
Z1550_14092,Z1545_14101,4330.555500984192
Z1550_14092,Z1546_14089,64958.33251476288
Z1550_14092,Z1546_14090,4330.555500984192
Z1550_14092,Z1546_14091,25983.33300590515
Z1550_14092,Z1546_14092,12991.666502952576
Z1550_14092,Z1546_14093,43305.55500984192
Z1550_14092,Z1546_14094,25983.33300590515
Z1550_14092,Z1546_14095,103933.3320236206
Z1550_14092,Z1546_14096,34644.444007873535
Z1550_14092,Z1547_14087,17322.222003936768
Z1550_14092,Z1547_14089,38974.99950885773
Z1550_14092,Z1547_14091,238180.55255413055
Z1550_14092,Z1547_14092,56297.221512794495
Z1550_14092,Z1547_14093,108263.8875246048
Z1550_14092,Z1547_14094,121255.55402755737
Z1550_14092,Z1547_14095,64958.33251476288
Z1550_14092,Z1547_14097,4330.555500984192
Z1550_14092,Z1548_14087,12991.666502952576
Z1550_14092,Z1548_14089,43305.55500984192
Z1550_14092,Z1548_14091,21652.77750492096
Z1550_14092,Z1548_14092,2243227.7495098114
Z1550_14092,Z1548_14093,342113.88457775116
Z1550_14092,Z1548_14094,519666.660118103
Z1550_14092,Z1548_14095,125586.10952854156
Z1550_14092,Z1548_14096,17322.222003936768
Z1550_14092,Z1548_14098,47636.11051082611
Z1550_14092,Z1548_14101,17322.222003936768
Z1550_14092,Z1549_14088,17322.222003936768
Z1550_14092,Z1549_14092,251172.21905708313
Z1550_14092,Z1549_14093,640922.2141456604
Z1550_14092,Z1549_14094,749186.1016702652
Z1550_14092,Z1549_14095,264163.8855600357
Z1550_14092,Z1549_14096,38974.99950885773
Z1550_14092,Z1549_14097,64958.33251476288
Z1550_14092,Z1549_14101,25983.33300590515
Z1550_14092,Z1550_14088,4330.555500984192
Z1550_14092,Z1550_14090,17322.222003936768
Z1550_14092,Z1550_14091,34644.444007873535
Z1550_14092,Z1550_14092,129916.66502952576
Z1550_14092,Z1550_14093,658244.4361495972
Z1550_14092,Z1550_14094,329122.2180747986
Z1550_14092,Z1550_14095,142908.33153247833
Z1550_14092,Z1550_14097,8661.111001968384
Z1550_14092,Z1550_14099,12991.666502952576
Z1550_14092,Z1550_14100,4330.555500984192
Z1550_14092,Z1550_14102,4330.555500984192
Z1550_14092,Z1551_14086,25983.33300590515
Z1550_14092,Z1551_14090,25983.33300590515
Z1550_14092,Z1551_14092,8661.111001968384
Z1550_14092,Z1551_14094,82280.55451869965
Z1550_14092,Z1551_14095,186213.88654232025
Z1550_14092,Z1552_14088,17322.222003936768
Z1550_14092,Z1552_14092,30313.888506889343
Z1550_14092,Z1552_14094,25983.33300590515
Z1550_14092,Z1552_14095,86611.11001968384
Z1550_14092,Z1552_14096,56297.221512794495
Z1550_14092,Z1552_14101,4330.555500984192
Z1550_14092,Z1552_14102,4330.555500984192
Z1550_14092,Z1553_14086,17322.222003936768
Z1550_14092,Z1553_14092,34644.444007873535
Z1550_14092,Z1553_14093,21652.77750492096
Z1550_14092,Z1553_14096,86611.11001968384
Z1550_14092,Z1554_14094,17322.222003936768
Z1550_14092,Z1554_14095,4330.555500984192
Z1550_14092,Z1554_14097,12991.666502952576
Z1550_14092,Z1554_14098,21652.77750492096
Z1550_14092,Z1554_14099,4330.555500984192
Z1550_14092,Z1554_14100,21652.77750492096
Z1550_14092,Z1555_14090,17322.222003936768
Z1550_14092,Z1555_14091,4330.555500984192
Z1550_14092,Z1555_14093,4330.555500984192
Z1550_14092,Z1555_14095,17322.222003936768
Z1550_14092,Z1555_14096,4330.555500984192
Z1550_14092,Z1555_14097,17322.222003936768
Z1550_14093,Z1542_14088,35006.75308227539
Z1550_14093,Z1542_14089,5834.458847045898
Z1550_14093,Z1542_14091,70013.50616455078
Z1550_14093,Z1542_14093,70013.50616455078
Z1550_14093,Z1543_14094,350067.5308227539
Z1550_14093,Z1543_14099,5834.458847045898
Z1550_14093,Z1543_14100,23337.835388183594
Z1550_14093,Z1543_14101,35006.75308227539
Z1550_14093,Z1543_14102,70013.50616455078
Z1550_14093,Z1544_14087,35006.75308227539
Z1550_14093,Z1544_14089,40841.21192932129
Z1550_14093,Z1544_14091,23337.835388183594
Z1550_14093,Z1544_14092,70013.50616455078
Z1550_14093,Z1544_14093,5834.458847045898
Z1550_14093,Z1544_14094,291722.9423522949
Z1550_14093,Z1544_14099,23337.835388183594
Z1550_14093,Z1544_14100,5834.458847045898
Z1550_14093,Z1544_14101,122523.63578796387
Z1550_14093,Z1544_14102,23337.835388183594
Z1550_14093,Z1545_14088,35006.75308227539
Z1550_14093,Z1545_14093,5834.458847045898
Z1550_14093,Z1545_14094,23337.835388183594
Z1550_14093,Z1545_14095,58344.588470458984
Z1550_14093,Z1545_14099,17503.376541137695
Z1550_14093,Z1545_14101,5834.458847045898
Z1550_14093,Z1546_14089,87516.88270568848
Z1550_14093,Z1546_14090,5834.458847045898
Z1550_14093,Z1546_14091,35006.75308227539
Z1550_14093,Z1546_14092,17503.376541137695
Z1550_14093,Z1546_14093,58344.588470458984
Z1550_14093,Z1546_14094,35006.75308227539
Z1550_14093,Z1546_14095,140027.01232910156
Z1550_14093,Z1546_14096,46675.67077636719
Z1550_14093,Z1547_14087,23337.835388183594
Z1550_14093,Z1547_14089,52510.129623413086
Z1550_14093,Z1547_14091,320895.2365875244
Z1550_14093,Z1547_14092,75847.96501159668
Z1550_14093,Z1547_14093,145861.47117614746
Z1550_14093,Z1547_14094,163364.84771728516
Z1550_14093,Z1547_14095,87516.88270568848
Z1550_14093,Z1547_14097,5834.458847045898
Z1550_14093,Z1548_14087,17503.376541137695
Z1550_14093,Z1548_14089,58344.588470458984
Z1550_14093,Z1548_14091,29172.294235229492
Z1550_14093,Z1548_14092,3022249.6827697754
Z1550_14093,Z1548_14093,460922.248916626
Z1550_14093,Z1548_14094,700135.0616455078
Z1550_14093,Z1548_14095,169199.30656433105
Z1550_14093,Z1548_14096,23337.835388183594
Z1550_14093,Z1548_14098,64179.04731750488
Z1550_14093,Z1548_14101,23337.835388183594
Z1550_14093,Z1549_14088,23337.835388183594
Z1550_14093,Z1549_14092,338398.6131286621
Z1550_14093,Z1549_14093,863499.909362793
Z1550_14093,Z1549_14094,1009361.3805389404
Z1550_14093,Z1549_14095,355901.9896697998
Z1550_14093,Z1549_14096,52510.129623413086
Z1550_14093,Z1549_14097,87516.88270568848
Z1550_14093,Z1549_14101,35006.75308227539
Z1550_14093,Z1550_14088,5834.458847045898
Z1550_14093,Z1550_14090,23337.835388183594
Z1550_14093,Z1550_14091,46675.67077636719
Z1550_14093,Z1550_14092,175033.76541137695
Z1550_14093,Z1550_14093,886837.7447509766
Z1550_14093,Z1550_14094,443418.8723754883
Z1550_14093,Z1550_14095,192537.14195251465
Z1550_14093,Z1550_14097,11668.917694091797
Z1550_14093,Z1550_14099,17503.376541137695
Z1550_14093,Z1550_14100,5834.458847045898
Z1550_14093,Z1550_14102,5834.458847045898
Z1550_14093,Z1551_14086,35006.75308227539
Z1550_14093,Z1551_14090,35006.75308227539
Z1550_14093,Z1551_14092,11668.917694091797
Z1550_14093,Z1551_14094,110854.71809387207
Z1550_14093,Z1551_14095,250881.73042297363
Z1550_14093,Z1552_14088,23337.835388183594
Z1550_14093,Z1552_14092,40841.21192932129
Z1550_14093,Z1552_14094,35006.75308227539
Z1550_14093,Z1552_14095,116689.17694091797
Z1550_14093,Z1552_14096,75847.96501159668
Z1550_14093,Z1552_14101,5834.458847045898
Z1550_14093,Z1552_14102,5834.458847045898
Z1550_14093,Z1553_14086,23337.835388183594
Z1550_14093,Z1553_14092,46675.67077636719
Z1550_14093,Z1553_14093,29172.294235229492
Z1550_14093,Z1553_14096,116689.17694091797
Z1550_14093,Z1554_14094,23337.835388183594
Z1550_14093,Z1554_14095,5834.458847045898
Z1550_14093,Z1554_14097,17503.376541137695
Z1550_14093,Z1554_14098,29172.294235229492
Z1550_14093,Z1554_14099,5834.458847045898
Z1550_14093,Z1554_14100,29172.294235229492
Z1550_14093,Z1555_14090,23337.835388183594
Z1550_14093,Z1555_14091,5834.458847045898
Z1550_14093,Z1555_14093,5834.458847045898
Z1550_14093,Z1555_14095,23337.835388183594
Z1550_14093,Z1555_14096,5834.458847045898
Z1550_14093,Z1555_14097,23337.835388183594
Z1550_14094,Z1542_14088,42067.30293273926
Z1550_14094,Z1542_14089,7011.217155456543
Z1550_14094,Z1542_14091,84134.60586547852
Z1550_14094,Z1542_14093,84134.60586547852
Z1550_14094,Z1543_14094,420673.0293273926
Z1550_14094,Z1543_14099,7011.217155456543
Z1550_14094,Z1543_14100,28044.868621826172
Z1550_14094,Z1543_14101,42067.30293273926
Z1550_14094,Z1543_14102,84134.60586547852
Z1550_14094,Z1544_14087,42067.30293273926
Z1550_14094,Z1544_14089,49078.5200881958
Z1550_14094,Z1544_14091,28044.868621826172
Z1550_14094,Z1544_14092,84134.60586547852
Z1550_14094,Z1544_14093,7011.217155456543
Z1550_14094,Z1544_14094,350560.85777282715
Z1550_14094,Z1544_14099,28044.868621826172
Z1550_14094,Z1544_14100,7011.217155456543
Z1550_14094,Z1544_14101,147235.5602645874
Z1550_14094,Z1544_14102,28044.868621826172
Z1550_14094,Z1545_14088,42067.30293273926
Z1550_14094,Z1545_14093,7011.217155456543
Z1550_14094,Z1545_14094,28044.868621826172
Z1550_14094,Z1545_14095,70112.17155456543
Z1550_14094,Z1545_14099,21033.65146636963
Z1550_14094,Z1545_14101,7011.217155456543
Z1550_14094,Z1546_14089,105168.25733184814
Z1550_14094,Z1546_14090,7011.217155456543
Z1550_14094,Z1546_14091,42067.30293273926
Z1550_14094,Z1546_14092,21033.65146636963
Z1550_14094,Z1546_14093,70112.17155456543
Z1550_14094,Z1546_14094,42067.30293273926
Z1550_14094,Z1546_14095,168269.21173095703
Z1550_14094,Z1546_14096,56089.737243652344
Z1550_14094,Z1547_14087,28044.868621826172
Z1550_14094,Z1547_14089,63100.95439910889
Z1550_14094,Z1547_14091,385616.94355010986
Z1550_14094,Z1547_14092,91145.82302093506
Z1550_14094,Z1547_14093,175280.42888641357
Z1550_14094,Z1547_14094,196314.0803527832
Z1550_14094,Z1547_14095,105168.25733184814
Z1550_14094,Z1547_14097,7011.217155456543
Z1550_14094,Z1548_14087,21033.65146636963
Z1550_14094,Z1548_14089,70112.17155456543
Z1550_14094,Z1548_14091,35056.085777282715
Z1550_14094,Z1548_14092,3631810.4865264893
Z1550_14094,Z1548_14093,553886.1552810669
Z1550_14094,Z1548_14094,841346.0586547852
Z1550_14094,Z1548_14095,203325.29750823975
Z1550_14094,Z1548_14096,28044.868621826172
Z1550_14094,Z1548_14098,77123.38871002197
Z1550_14094,Z1548_14101,28044.868621826172
Z1550_14094,Z1549_14088,28044.868621826172
Z1550_14094,Z1549_14092,406650.5950164795
Z1550_14094,Z1549_14093,1037660.1390075684
Z1550_14094,Z1549_14094,1212940.567893982
Z1550_14094,Z1549_14095,427684.2464828491
Z1550_14094,Z1549_14096,63100.95439910889
Z1550_14094,Z1549_14097,105168.25733184814
Z1550_14094,Z1549_14101,42067.30293273926
Z1550_14094,Z1550_14088,7011.217155456543
Z1550_14094,Z1550_14090,28044.868621826172
Z1550_14094,Z1550_14091,56089.737243652344
Z1550_14094,Z1550_14092,210336.5146636963
Z1550_14094,Z1550_14093,1065705.0076293945
Z1550_14094,Z1550_14094,532852.5038146973
Z1550_14094,Z1550_14095,231370.16613006592
Z1550_14094,Z1550_14097,14022.434310913086
Z1550_14094,Z1550_14099,21033.65146636963
Z1550_14094,Z1550_14100,7011.217155456543
Z1550_14094,Z1550_14102,7011.217155456543
Z1550_14094,Z1551_14086,42067.30293273926
Z1550_14094,Z1551_14090,42067.30293273926
Z1550_14094,Z1551_14092,14022.434310913086
Z1550_14094,Z1551_14094,133213.12595367432
Z1550_14094,Z1551_14095,301482.33768463135
Z1550_14094,Z1552_14088,28044.868621826172
Z1550_14094,Z1552_14092,49078.5200881958
Z1550_14094,Z1552_14094,42067.30293273926
Z1550_14094,Z1552_14095,140224.34310913086
Z1550_14094,Z1552_14096,91145.82302093506
Z1550_14094,Z1552_14101,7011.217155456543
Z1550_14094,Z1552_14102,7011.217155456543
Z1550_14094,Z1553_14086,28044.868621826172
Z1550_14094,Z1553_14092,56089.737243652344
Z1550_14094,Z1553_14093,35056.085777282715
Z1550_14094,Z1553_14096,140224.34310913086
Z1550_14094,Z1554_14094,28044.868621826172
Z1550_14094,Z1554_14095,7011.217155456543
Z1550_14094,Z1554_14097,21033.65146636963
Z1550_14094,Z1554_14098,35056.085777282715
Z1550_14094,Z1554_14099,7011.217155456543
Z1550_14094,Z1554_14100,35056.085777282715
Z1550_14094,Z1555_14090,28044.868621826172
Z1550_14094,Z1555_14091,7011.217155456543
Z1550_14094,Z1555_14093,7011.217155456543
Z1550_14094,Z1555_14095,28044.868621826172
Z1550_14094,Z1555_14096,7011.217155456543
Z1550_14094,Z1555_14097,28044.868621826172
Z1550_14095,Z1542_14088,45308.302631378174
Z1550_14095,Z1542_14089,7551.383771896362
Z1550_14095,Z1542_14091,90616.60526275635
Z1550_14095,Z1542_14093,90616.60526275635
Z1550_14095,Z1543_14094,453083.02631378174
Z1550_14095,Z1543_14099,7551.383771896362
Z1550_14095,Z1543_14100,30205.53508758545
Z1550_14095,Z1543_14101,45308.302631378174
Z1550_14095,Z1543_14102,90616.60526275635
Z1550_14095,Z1544_14087,45308.302631378174
Z1550_14095,Z1544_14089,52859.686403274536
Z1550_14095,Z1544_14091,30205.53508758545
Z1550_14095,Z1544_14092,90616.60526275635
Z1550_14095,Z1544_14093,7551.383771896362
Z1550_14095,Z1544_14094,377569.1885948181
Z1550_14095,Z1544_14099,30205.53508758545
Z1550_14095,Z1544_14100,7551.383771896362
Z1550_14095,Z1544_14101,158579.0592098236
Z1550_14095,Z1544_14102,30205.53508758545
Z1550_14095,Z1545_14088,45308.302631378174
Z1550_14095,Z1545_14093,7551.383771896362
Z1550_14095,Z1545_14094,30205.53508758545
Z1550_14095,Z1545_14095,75513.83771896362
Z1550_14095,Z1545_14099,22654.151315689087
Z1550_14095,Z1545_14101,7551.383771896362
Z1550_14095,Z1546_14089,113270.75657844543
Z1550_14095,Z1546_14090,7551.383771896362
Z1550_14095,Z1546_14091,45308.302631378174
Z1550_14095,Z1546_14092,22654.151315689087
Z1550_14095,Z1546_14093,75513.83771896362
Z1550_14095,Z1546_14094,45308.302631378174
Z1550_14095,Z1546_14095,181233.2105255127
Z1550_14095,Z1546_14096,60411.0701751709
Z1550_14095,Z1547_14087,30205.53508758545
Z1550_14095,Z1547_14089,67962.45394706726
Z1550_14095,Z1547_14091,415326.1074542999
Z1550_14095,Z1547_14092,98167.98903465271
Z1550_14095,Z1547_14093,188784.59429740906
Z1550_14095,Z1547_14094,211438.74561309814
Z1550_14095,Z1547_14095,113270.75657844543
Z1550_14095,Z1547_14097,7551.383771896362
Z1550_14095,Z1548_14087,22654.151315689087
Z1550_14095,Z1548_14089,75513.83771896362
Z1550_14095,Z1548_14091,37756.91885948181
Z1550_14095,Z1548_14092,3911616.7938423157
Z1550_14095,Z1548_14093,596559.3179798126
Z1550_14095,Z1548_14094,906166.0526275635
Z1550_14095,Z1548_14095,218990.1293849945
Z1550_14095,Z1548_14096,30205.53508758545
Z1550_14095,Z1548_14098,83065.22149085999
Z1550_14095,Z1548_14101,30205.53508758545
Z1550_14095,Z1549_14088,30205.53508758545
Z1550_14095,Z1549_14092,437980.258769989
Z1550_14095,Z1549_14093,1117604.7982406616
Z1550_14095,Z1549_14094,1306389.3925380707
Z1550_14095,Z1549_14095,460634.4100856781
Z1550_14095,Z1549_14096,67962.45394706726
Z1550_14095,Z1549_14097,113270.75657844543
Z1550_14095,Z1549_14101,45308.302631378174
Z1550_14095,Z1550_14088,7551.383771896362
Z1550_14095,Z1550_14090,30205.53508758545
Z1550_14095,Z1550_14091,60411.0701751709
Z1550_14095,Z1550_14092,226541.51315689087
Z1550_14095,Z1550_14093,1147810.333328247
Z1550_14095,Z1550_14094,573905.1666641235
Z1550_14095,Z1550_14095,249195.66447257996
Z1550_14095,Z1550_14097,15102.767543792725
Z1550_14095,Z1550_14099,22654.151315689087
Z1550_14095,Z1550_14100,7551.383771896362
Z1550_14095,Z1550_14102,7551.383771896362
Z1550_14095,Z1551_14086,45308.302631378174
Z1550_14095,Z1551_14090,45308.302631378174
Z1550_14095,Z1551_14092,15102.767543792725
Z1550_14095,Z1551_14094,143476.29166603088
Z1550_14095,Z1551_14095,324709.5021915436
Z1550_14095,Z1552_14088,30205.53508758545
Z1550_14095,Z1552_14092,52859.686403274536
Z1550_14095,Z1552_14094,45308.302631378174
Z1550_14095,Z1552_14095,151027.67543792725
Z1550_14095,Z1552_14096,98167.98903465271
Z1550_14095,Z1552_14101,7551.383771896362
Z1550_14095,Z1552_14102,7551.383771896362
Z1550_14095,Z1553_14086,30205.53508758545
Z1550_14095,Z1553_14092,60411.0701751709
Z1550_14095,Z1553_14093,37756.91885948181
Z1550_14095,Z1553_14096,151027.67543792725
Z1550_14095,Z1554_14094,30205.53508758545
Z1550_14095,Z1554_14095,7551.383771896362
Z1550_14095,Z1554_14097,22654.151315689087
Z1550_14095,Z1554_14098,37756.91885948181
Z1550_14095,Z1554_14099,7551.383771896362
Z1550_14095,Z1554_14100,37756.91885948181
Z1550_14095,Z1555_14090,30205.53508758545
Z1550_14095,Z1555_14091,7551.383771896362
Z1550_14095,Z1555_14093,7551.383771896362
Z1550_14095,Z1555_14095,30205.53508758545
Z1550_14095,Z1555_14096,7551.383771896362
Z1550_14095,Z1555_14097,30205.53508758545
Z1550_14096,Z1542_14088,33918.911361694336
Z1550_14096,Z1542_14089,5653.151893615723
Z1550_14096,Z1542_14091,67837.82272338867
Z1550_14096,Z1542_14093,67837.82272338867
Z1550_14096,Z1543_14094,339189.11361694336
Z1550_14096,Z1543_14099,5653.151893615723
Z1550_14096,Z1543_14100,22612.60757446289
Z1550_14096,Z1543_14101,33918.911361694336
Z1550_14096,Z1543_14102,67837.82272338867
Z1550_14096,Z1544_14087,33918.911361694336
Z1550_14096,Z1544_14089,39572.06325531006
Z1550_14096,Z1544_14091,22612.60757446289
Z1550_14096,Z1544_14092,67837.82272338867
Z1550_14096,Z1544_14093,5653.151893615723
Z1550_14096,Z1544_14094,282657.59468078613
Z1550_14096,Z1544_14099,22612.60757446289
Z1550_14096,Z1544_14100,5653.151893615723
Z1550_14096,Z1544_14101,118716.18976593018
Z1550_14096,Z1544_14102,22612.60757446289
Z1550_14096,Z1545_14088,33918.911361694336
Z1550_14096,Z1545_14093,5653.151893615723
Z1550_14096,Z1545_14094,22612.60757446289
Z1550_14096,Z1545_14095,56531.51893615723
Z1550_14096,Z1545_14099,16959.455680847168
Z1550_14096,Z1545_14101,5653.151893615723
Z1550_14096,Z1546_14089,84797.27840423584
Z1550_14096,Z1546_14090,5653.151893615723
Z1550_14096,Z1546_14091,33918.911361694336
Z1550_14096,Z1546_14092,16959.455680847168
Z1550_14096,Z1546_14093,56531.51893615723
Z1550_14096,Z1546_14094,33918.911361694336
Z1550_14096,Z1546_14095,135675.64544677734
Z1550_14096,Z1546_14096,45225.21514892578
Z1550_14096,Z1547_14087,22612.60757446289
Z1550_14096,Z1547_14089,50878.367042541504
Z1550_14096,Z1547_14091,310923.35414886475
Z1550_14096,Z1547_14092,73490.9746170044
Z1550_14096,Z1547_14093,141328.79734039307
Z1550_14096,Z1547_14094,158288.25302124023
Z1550_14096,Z1547_14095,84797.27840423584
Z1550_14096,Z1547_14097,5653.151893615723
Z1550_14096,Z1548_14087,16959.455680847168
Z1550_14096,Z1548_14089,56531.51893615723
Z1550_14096,Z1548_14091,28265.759468078613
Z1550_14096,Z1548_14092,2928332.6808929443
Z1550_14096,Z1548_14093,446598.9995956421
Z1550_14096,Z1548_14094,678378.2272338867
Z1550_14096,Z1548_14095,163941.40491485596
Z1550_14096,Z1548_14096,22612.60757446289
Z1550_14096,Z1548_14098,62184.67082977295
Z1550_14096,Z1548_14101,22612.60757446289
Z1550_14096,Z1549_14088,22612.60757446289
Z1550_14096,Z1549_14092,327882.8098297119
Z1550_14096,Z1549_14093,836666.480255127
Z1550_14096,Z1549_14094,977995.27759552
Z1550_14096,Z1549_14095,344842.2655105591
Z1550_14096,Z1549_14096,50878.367042541504
Z1550_14096,Z1549_14097,84797.27840423584
Z1550_14096,Z1549_14101,33918.911361694336
Z1550_14096,Z1550_14088,5653.151893615723
Z1550_14096,Z1550_14090,22612.60757446289
Z1550_14096,Z1550_14091,45225.21514892578
Z1550_14096,Z1550_14092,169594.55680847168
Z1550_14096,Z1550_14093,859279.0878295898
Z1550_14096,Z1550_14094,429639.5439147949
Z1550_14096,Z1550_14095,186554.01248931885
Z1550_14096,Z1550_14097,11306.303787231445
Z1550_14096,Z1550_14099,16959.455680847168
Z1550_14096,Z1550_14100,5653.151893615723
Z1550_14096,Z1550_14102,5653.151893615723
Z1550_14096,Z1551_14086,33918.911361694336
Z1550_14096,Z1551_14090,33918.911361694336
Z1550_14096,Z1551_14092,11306.303787231445
Z1550_14096,Z1551_14094,107409.88597869873
Z1550_14096,Z1551_14095,243085.53142547607
Z1550_14096,Z1552_14088,22612.60757446289
Z1550_14096,Z1552_14092,39572.06325531006
Z1550_14096,Z1552_14094,33918.911361694336
Z1550_14096,Z1552_14095,113063.03787231445
Z1550_14096,Z1552_14096,73490.9746170044
Z1550_14096,Z1552_14101,5653.151893615723
Z1550_14096,Z1552_14102,5653.151893615723
Z1550_14096,Z1553_14086,22612.60757446289
Z1550_14096,Z1553_14092,45225.21514892578
Z1550_14096,Z1553_14093,28265.759468078613
Z1550_14096,Z1553_14096,113063.03787231445
Z1550_14096,Z1554_14094,22612.60757446289
Z1550_14096,Z1554_14095,5653.151893615723
Z1550_14096,Z1554_14097,16959.455680847168
Z1550_14096,Z1554_14098,28265.759468078613
Z1550_14096,Z1554_14099,5653.151893615723
Z1550_14096,Z1554_14100,28265.759468078613
Z1550_14096,Z1555_14090,22612.60757446289
Z1550_14096,Z1555_14091,5653.151893615723
Z1550_14096,Z1555_14093,5653.151893615723
Z1550_14096,Z1555_14095,22612.60757446289
Z1550_14096,Z1555_14096,5653.151893615723
Z1550_14096,Z1555_14097,22612.60757446289
Z1550_14097,Z1542_14088,20784.69560623169
Z1550_14097,Z1542_14089,3464.1159343719482
Z1550_14097,Z1542_14091,41569.39121246338
Z1550_14097,Z1542_14093,41569.39121246338
Z1550_14097,Z1543_14094,207846.9560623169
Z1550_14097,Z1543_14099,3464.1159343719482
Z1550_14097,Z1543_14100,13856.463737487793
Z1550_14097,Z1543_14101,20784.69560623169
Z1550_14097,Z1543_14102,41569.39121246338
Z1550_14097,Z1544_14087,20784.69560623169
Z1550_14097,Z1544_14089,24248.811540603638
Z1550_14097,Z1544_14091,13856.463737487793
Z1550_14097,Z1544_14092,41569.39121246338
Z1550_14097,Z1544_14093,3464.1159343719482
Z1550_14097,Z1544_14094,173205.7967185974
Z1550_14097,Z1544_14099,13856.463737487793
Z1550_14097,Z1544_14100,3464.1159343719482
Z1550_14097,Z1544_14101,72746.43462181091
Z1550_14097,Z1544_14102,13856.463737487793
Z1550_14097,Z1545_14088,20784.69560623169
Z1550_14097,Z1545_14093,3464.1159343719482
Z1550_14097,Z1545_14094,13856.463737487793
Z1550_14097,Z1545_14095,34641.15934371948
Z1550_14097,Z1545_14099,10392.347803115845
Z1550_14097,Z1545_14101,3464.1159343719482
Z1550_14097,Z1546_14089,51961.73901557922
Z1550_14097,Z1546_14090,3464.1159343719482
Z1550_14097,Z1546_14091,20784.69560623169
Z1550_14097,Z1546_14092,10392.347803115845
Z1550_14097,Z1546_14093,34641.15934371948
Z1550_14097,Z1546_14094,20784.69560623169
Z1550_14097,Z1546_14095,83138.78242492676
Z1550_14097,Z1546_14096,27712.927474975586
Z1550_14097,Z1547_14087,13856.463737487793
Z1550_14097,Z1547_14089,31177.043409347534
Z1550_14097,Z1547_14091,190526.37639045715
Z1550_14097,Z1547_14092,45033.50714683533
Z1550_14097,Z1547_14093,86602.8983592987
Z1550_14097,Z1547_14094,96995.24616241455
Z1550_14097,Z1547_14095,51961.73901557922
Z1550_14097,Z1547_14097,3464.1159343719482
Z1550_14097,Z1548_14087,10392.347803115845
Z1550_14097,Z1548_14089,34641.15934371948
Z1550_14097,Z1548_14091,17320.57967185974
Z1550_14097,Z1548_14092,1794412.0540046692
Z1550_14097,Z1548_14093,273665.1588153839
Z1550_14097,Z1548_14094,415693.9121246338
Z1550_14097,Z1548_14095,100459.3620967865
Z1550_14097,Z1548_14096,13856.463737487793
Z1550_14097,Z1548_14098,38105.27527809143
Z1550_14097,Z1548_14101,13856.463737487793
Z1550_14097,Z1549_14088,13856.463737487793
Z1550_14097,Z1549_14092,200918.724193573
Z1550_14097,Z1549_14093,512689.15828704834
Z1550_14097,Z1549_14094,599292.056646347
Z1550_14097,Z1549_14095,211311.07199668884
Z1550_14097,Z1549_14096,31177.043409347534
Z1550_14097,Z1549_14097,51961.73901557922
Z1550_14097,Z1549_14101,20784.69560623169
Z1550_14097,Z1550_14088,3464.1159343719482
Z1550_14097,Z1550_14090,13856.463737487793
Z1550_14097,Z1550_14091,27712.927474975586
Z1550_14097,Z1550_14092,103923.47803115845
Z1550_14097,Z1550_14093,526545.6220245361
Z1550_14097,Z1550_14094,263272.81101226807
Z1550_14097,Z1550_14095,114315.82583427429
Z1550_14097,Z1550_14097,6928.2318687438965
Z1550_14097,Z1550_14099,10392.347803115845
Z1550_14097,Z1550_14100,3464.1159343719482
Z1550_14097,Z1550_14102,3464.1159343719482
Z1550_14097,Z1551_14086,20784.69560623169
Z1550_14097,Z1551_14090,20784.69560623169
Z1550_14097,Z1551_14092,6928.2318687438965
Z1550_14097,Z1551_14094,65818.20275306702
Z1550_14097,Z1551_14095,148956.98517799377
Z1550_14097,Z1552_14088,13856.463737487793
Z1550_14097,Z1552_14092,24248.811540603638
Z1550_14097,Z1552_14094,20784.69560623169
Z1550_14097,Z1552_14095,69282.31868743896
Z1550_14097,Z1552_14096,45033.50714683533
Z1550_14097,Z1552_14101,3464.1159343719482
Z1550_14097,Z1552_14102,3464.1159343719482
Z1550_14097,Z1553_14086,13856.463737487793
Z1550_14097,Z1553_14092,27712.927474975586
Z1550_14097,Z1553_14093,17320.57967185974
Z1550_14097,Z1553_14096,69282.31868743896
Z1550_14097,Z1554_14094,13856.463737487793
Z1550_14097,Z1554_14095,3464.1159343719482
Z1550_14097,Z1554_14097,10392.347803115845
Z1550_14097,Z1554_14098,17320.57967185974
Z1550_14097,Z1554_14099,3464.1159343719482
Z1550_14097,Z1554_14100,17320.57967185974
Z1550_14097,Z1555_14090,13856.463737487793
Z1550_14097,Z1555_14091,3464.1159343719482
Z1550_14097,Z1555_14093,3464.1159343719482
Z1550_14097,Z1555_14095,13856.463737487793
Z1550_14097,Z1555_14096,3464.1159343719482
Z1550_14097,Z1555_14097,13856.463737487793
Z1550_14098,Z1542_14088,15412.058544158936
Z1550_14098,Z1542_14089,2568.6764240264893
Z1550_14098,Z1542_14091,30824.11708831787
Z1550_14098,Z1542_14093,30824.11708831787
Z1550_14098,Z1543_14094,154120.58544158936
Z1550_14098,Z1543_14099,2568.6764240264893
Z1550_14098,Z1543_14100,10274.705696105957
Z1550_14098,Z1543_14101,15412.058544158936
Z1550_14098,Z1543_14102,30824.11708831787
Z1550_14098,Z1544_14087,15412.058544158936
Z1550_14098,Z1544_14089,17980.734968185425
Z1550_14098,Z1544_14091,10274.705696105957
Z1550_14098,Z1544_14092,30824.11708831787
Z1550_14098,Z1544_14093,2568.6764240264893
Z1550_14098,Z1544_14094,128433.82120132446
Z1550_14098,Z1544_14099,10274.705696105957
Z1550_14098,Z1544_14100,2568.6764240264893
Z1550_14098,Z1544_14101,53942.204904556274
Z1550_14098,Z1544_14102,10274.705696105957
Z1550_14098,Z1545_14088,15412.058544158936
Z1550_14098,Z1545_14093,2568.6764240264893
Z1550_14098,Z1545_14094,10274.705696105957
Z1550_14098,Z1545_14095,25686.764240264893
Z1550_14098,Z1545_14099,7706.029272079468
Z1550_14098,Z1545_14101,2568.6764240264893
Z1550_14098,Z1546_14089,38530.14636039734
Z1550_14098,Z1546_14090,2568.6764240264893
Z1550_14098,Z1546_14091,15412.058544158936
Z1550_14098,Z1546_14092,7706.029272079468
Z1550_14098,Z1546_14093,25686.764240264893
Z1550_14098,Z1546_14094,15412.058544158936
Z1550_14098,Z1546_14095,61648.23417663574
Z1550_14098,Z1546_14096,20549.411392211914
Z1550_14098,Z1547_14087,10274.705696105957
Z1550_14098,Z1547_14089,23118.087816238403
Z1550_14098,Z1547_14091,141277.2033214569
Z1550_14098,Z1547_14092,33392.79351234436
Z1550_14098,Z1547_14093,64216.91060066223
Z1550_14098,Z1547_14094,71922.9398727417
Z1550_14098,Z1547_14095,38530.14636039734
Z1550_14098,Z1547_14097,2568.6764240264893
Z1550_14098,Z1548_14087,7706.029272079468
Z1550_14098,Z1548_14089,25686.764240264893
Z1550_14098,Z1548_14091,12843.382120132446
Z1550_14098,Z1548_14092,1330574.3876457214
Z1550_14098,Z1548_14093,202925.43749809265
Z1550_14098,Z1548_14094,308241.1708831787
Z1550_14098,Z1548_14095,74491.61629676819
Z1550_14098,Z1548_14096,10274.705696105957
Z1550_14098,Z1548_14098,28255.440664291382
Z1550_14098,Z1548_14101,10274.705696105957
Z1550_14098,Z1549_14088,10274.705696105957
Z1550_14098,Z1549_14092,148983.23259353638
Z1550_14098,Z1549_14093,380164.1107559204
Z1550_14098,Z1549_14094,444381.02135658264
Z1550_14098,Z1549_14095,156689.26186561584
Z1550_14098,Z1549_14096,23118.087816238403
Z1550_14098,Z1549_14097,38530.14636039734
Z1550_14098,Z1549_14101,15412.058544158936
Z1550_14098,Z1550_14088,2568.6764240264893
Z1550_14098,Z1550_14090,10274.705696105957
Z1550_14098,Z1550_14091,20549.411392211914
Z1550_14098,Z1550_14092,77060.29272079468
Z1550_14098,Z1550_14093,390438.81645202637
Z1550_14098,Z1550_14094,195219.40822601318
Z1550_14098,Z1550_14095,84766.32199287415
Z1550_14098,Z1550_14097,5137.3528480529785
Z1550_14098,Z1550_14099,7706.029272079468
Z1550_14098,Z1550_14100,2568.6764240264893
Z1550_14098,Z1550_14102,2568.6764240264893
Z1550_14098,Z1551_14086,15412.058544158936
Z1550_14098,Z1551_14090,15412.058544158936
Z1550_14098,Z1551_14092,5137.3528480529785
Z1550_14098,Z1551_14094,48804.852056503296
Z1550_14098,Z1551_14095,110453.08623313904
Z1550_14098,Z1552_14088,10274.705696105957
Z1550_14098,Z1552_14092,17980.734968185425
Z1550_14098,Z1552_14094,15412.058544158936
Z1550_14098,Z1552_14095,51373.528480529785
Z1550_14098,Z1552_14096,33392.79351234436
Z1550_14098,Z1552_14101,2568.6764240264893
Z1550_14098,Z1552_14102,2568.6764240264893
Z1550_14098,Z1553_14086,10274.705696105957
Z1550_14098,Z1553_14092,20549.411392211914
Z1550_14098,Z1553_14093,12843.382120132446
Z1550_14098,Z1553_14096,51373.528480529785
Z1550_14098,Z1554_14094,10274.705696105957
Z1550_14098,Z1554_14095,2568.6764240264893
Z1550_14098,Z1554_14097,7706.029272079468
Z1550_14098,Z1554_14098,12843.382120132446
Z1550_14098,Z1554_14099,2568.6764240264893
Z1550_14098,Z1554_14100,12843.382120132446
Z1550_14098,Z1555_14090,10274.705696105957
Z1550_14098,Z1555_14091,2568.6764240264893
Z1550_14098,Z1555_14093,2568.6764240264893
Z1550_14098,Z1555_14095,10274.705696105957
Z1550_14098,Z1555_14096,2568.6764240264893
Z1550_14098,Z1555_14097,10274.705696105957
Z1550_14099,Z1542_14088,16555.468225479126
Z1550_14099,Z1542_14089,2759.244704246521
Z1550_14099,Z1542_14091,33110.93645095825
Z1550_14099,Z1542_14093,33110.93645095825
Z1550_14099,Z1543_14094,165554.68225479126
Z1550_14099,Z1543_14099,2759.244704246521
Z1550_14099,Z1543_14100,11036.978816986084
Z1550_14099,Z1543_14101,16555.468225479126
Z1550_14099,Z1543_14102,33110.93645095825
Z1550_14099,Z1544_14087,16555.468225479126
Z1550_14099,Z1544_14089,19314.712929725647
Z1550_14099,Z1544_14091,11036.978816986084
Z1550_14099,Z1544_14092,33110.93645095825
Z1550_14099,Z1544_14093,2759.244704246521
Z1550_14099,Z1544_14094,137962.23521232605
Z1550_14099,Z1544_14099,11036.978816986084
Z1550_14099,Z1544_14100,2759.244704246521
Z1550_14099,Z1544_14101,57944.13878917694
Z1550_14099,Z1544_14102,11036.978816986084
Z1550_14099,Z1545_14088,16555.468225479126
Z1550_14099,Z1545_14093,2759.244704246521
Z1550_14099,Z1545_14094,11036.978816986084
Z1550_14099,Z1545_14095,27592.44704246521
Z1550_14099,Z1545_14099,8277.734112739563
Z1550_14099,Z1545_14101,2759.244704246521
Z1550_14099,Z1546_14089,41388.670563697815
Z1550_14099,Z1546_14090,2759.244704246521
Z1550_14099,Z1546_14091,16555.468225479126
Z1550_14099,Z1546_14092,8277.734112739563
Z1550_14099,Z1546_14093,27592.44704246521
Z1550_14099,Z1546_14094,16555.468225479126
Z1550_14099,Z1546_14095,66221.8729019165
Z1550_14099,Z1546_14096,22073.957633972168
Z1550_14099,Z1547_14087,11036.978816986084
Z1550_14099,Z1547_14089,24833.20233821869
Z1550_14099,Z1547_14091,151758.45873355865
Z1550_14099,Z1547_14092,35870.18115520477
Z1550_14099,Z1547_14093,68981.11760616302
Z1550_14099,Z1547_14094,77258.85171890259
Z1550_14099,Z1547_14095,41388.670563697815
Z1550_14099,Z1547_14097,2759.244704246521
Z1550_14099,Z1548_14087,8277.734112739563
Z1550_14099,Z1548_14089,27592.44704246521
Z1550_14099,Z1548_14091,13796.223521232605
Z1550_14099,Z1548_14092,1429288.7567996979
Z1550_14099,Z1548_14093,217980.33163547516
Z1550_14099,Z1548_14094,331109.3645095825
Z1550_14099,Z1548_14095,80018.09642314911
Z1550_14099,Z1548_14096,11036.978816986084
Z1550_14099,Z1548_14098,30351.69174671173
Z1550_14099,Z1548_14101,11036.978816986084
Z1550_14099,Z1549_14088,11036.978816986084
Z1550_14099,Z1549_14092,160036.19284629822
Z1550_14099,Z1549_14093,408368.2162284851
Z1550_14099,Z1549_14094,477349.33383464813
Z1550_14099,Z1549_14095,168313.92695903778
Z1550_14099,Z1549_14096,24833.20233821869
Z1550_14099,Z1549_14097,41388.670563697815
Z1550_14099,Z1549_14101,16555.468225479126
Z1550_14099,Z1550_14088,2759.244704246521
Z1550_14099,Z1550_14090,11036.978816986084
Z1550_14099,Z1550_14091,22073.957633972168
Z1550_14099,Z1550_14092,82777.34112739563
Z1550_14099,Z1550_14093,419405.1950454712
Z1550_14099,Z1550_14094,209702.5975227356
Z1550_14099,Z1550_14095,91055.0752401352
Z1550_14099,Z1550_14097,5518.489408493042
Z1550_14099,Z1550_14099,8277.734112739563
Z1550_14099,Z1550_14100,2759.244704246521
Z1550_14099,Z1550_14102,2759.244704246521
Z1550_14099,Z1551_14086,16555.468225479126
Z1550_14099,Z1551_14090,16555.468225479126
Z1550_14099,Z1551_14092,5518.489408493042
Z1550_14099,Z1551_14094,52425.6493806839
Z1550_14099,Z1551_14095,118647.5222826004
Z1550_14099,Z1552_14088,11036.978816986084
Z1550_14099,Z1552_14092,19314.712929725647
Z1550_14099,Z1552_14094,16555.468225479126
Z1550_14099,Z1552_14095,55184.89408493042
Z1550_14099,Z1552_14096,35870.18115520477
Z1550_14099,Z1552_14101,2759.244704246521
Z1550_14099,Z1552_14102,2759.244704246521
Z1550_14099,Z1553_14086,11036.978816986084
Z1550_14099,Z1553_14092,22073.957633972168
Z1550_14099,Z1553_14093,13796.223521232605
Z1550_14099,Z1553_14096,55184.89408493042
Z1550_14099,Z1554_14094,11036.978816986084
Z1550_14099,Z1554_14095,2759.244704246521
Z1550_14099,Z1554_14097,8277.734112739563
Z1550_14099,Z1554_14098,13796.223521232605
Z1550_14099,Z1554_14099,2759.244704246521
Z1550_14099,Z1554_14100,13796.223521232605
Z1550_14099,Z1555_14090,11036.978816986084
Z1550_14099,Z1555_14091,2759.244704246521
Z1550_14099,Z1555_14093,2759.244704246521
Z1550_14099,Z1555_14095,11036.978816986084
Z1550_14099,Z1555_14096,2759.244704246521
Z1550_14099,Z1555_14097,11036.978816986084
Z1550_14100,Z1542_14088,4974.325046539307
Z1550_14100,Z1542_14089,829.0541744232178
Z1550_14100,Z1542_14091,9948.650093078613
Z1550_14100,Z1542_14093,9948.650093078613
Z1550_14100,Z1543_14094,49743.25046539307
Z1550_14100,Z1543_14099,829.0541744232178
Z1550_14100,Z1543_14100,3316.216697692871
Z1550_14100,Z1543_14101,4974.325046539307
Z1550_14100,Z1543_14102,9948.650093078613
Z1550_14100,Z1544_14087,4974.325046539307
Z1550_14100,Z1544_14089,5803.379220962524
Z1550_14100,Z1544_14091,3316.216697692871
Z1550_14100,Z1544_14092,9948.650093078613
Z1550_14100,Z1544_14093,829.0541744232178
Z1550_14100,Z1544_14094,41452.70872116089
Z1550_14100,Z1544_14099,3316.216697692871
Z1550_14100,Z1544_14100,829.0541744232178
Z1550_14100,Z1544_14101,17410.137662887573
Z1550_14100,Z1544_14102,3316.216697692871
Z1550_14100,Z1545_14088,4974.325046539307
Z1550_14100,Z1545_14093,829.0541744232178
Z1550_14100,Z1545_14094,3316.216697692871
Z1550_14100,Z1545_14095,8290.541744232178
Z1550_14100,Z1545_14099,2487.1625232696533
Z1550_14100,Z1545_14101,829.0541744232178
Z1550_14100,Z1546_14089,12435.812616348267
Z1550_14100,Z1546_14090,829.0541744232178
Z1550_14100,Z1546_14091,4974.325046539307
Z1550_14100,Z1546_14092,2487.1625232696533
Z1550_14100,Z1546_14093,8290.541744232178
Z1550_14100,Z1546_14094,4974.325046539307
Z1550_14100,Z1546_14095,19897.300186157227
Z1550_14100,Z1546_14096,6632.433395385742
Z1550_14100,Z1547_14087,3316.216697692871
Z1550_14100,Z1547_14089,7461.48756980896
Z1550_14100,Z1547_14091,45597.97959327698
Z1550_14100,Z1547_14092,10777.704267501831
Z1550_14100,Z1547_14093,20726.354360580444
Z1550_14100,Z1547_14094,23213.516883850098
Z1550_14100,Z1547_14095,12435.812616348267
Z1550_14100,Z1547_14097,829.0541744232178
Z1550_14100,Z1548_14087,2487.1625232696533
Z1550_14100,Z1548_14089,8290.541744232178
Z1550_14100,Z1548_14091,4145.270872116089
Z1550_14100,Z1548_14092,429450.0623512268
Z1550_14100,Z1548_14093,65495.279779434204
Z1550_14100,Z1548_14094,99486.50093078613
Z1550_14100,Z1548_14095,24042.571058273315
Z1550_14100,Z1548_14096,3316.216697692871
Z1550_14100,Z1548_14098,9119.595918655396
Z1550_14100,Z1548_14101,3316.216697692871
Z1550_14100,Z1549_14088,3316.216697692871
Z1550_14100,Z1549_14092,48085.14211654663
Z1550_14100,Z1549_14093,122700.01781463623
Z1550_14100,Z1549_14094,143426.37217521667
Z1550_14100,Z1549_14095,50572.304639816284
Z1550_14100,Z1549_14096,7461.48756980896
Z1550_14100,Z1549_14097,12435.812616348267
Z1550_14100,Z1549_14101,4974.325046539307
Z1550_14100,Z1550_14088,829.0541744232178
Z1550_14100,Z1550_14090,3316.216697692871
Z1550_14100,Z1550_14091,6632.433395385742
Z1550_14100,Z1550_14092,24871.625232696533
Z1550_14100,Z1550_14093,126016.2345123291
Z1550_14100,Z1550_14094,63008.11725616455
Z1550_14100,Z1550_14095,27358.787755966187
Z1550_14100,Z1550_14097,1658.1083488464355
Z1550_14100,Z1550_14099,2487.1625232696533
Z1550_14100,Z1550_14100,829.0541744232178
Z1550_14100,Z1550_14102,829.0541744232178
Z1550_14100,Z1551_14086,4974.325046539307
Z1550_14100,Z1551_14090,4974.325046539307
Z1550_14100,Z1551_14092,1658.1083488464355
Z1550_14100,Z1551_14094,15752.029314041138
Z1550_14100,Z1551_14095,35649.329500198364
Z1550_14100,Z1552_14088,3316.216697692871
Z1550_14100,Z1552_14092,5803.379220962524
Z1550_14100,Z1552_14094,4974.325046539307
Z1550_14100,Z1552_14095,16581.083488464355
Z1550_14100,Z1552_14096,10777.704267501831
Z1550_14100,Z1552_14101,829.0541744232178
Z1550_14100,Z1552_14102,829.0541744232178
Z1550_14100,Z1553_14086,3316.216697692871
Z1550_14100,Z1553_14092,6632.433395385742
Z1550_14100,Z1553_14093,4145.270872116089
Z1550_14100,Z1553_14096,16581.083488464355
Z1550_14100,Z1554_14094,3316.216697692871
Z1550_14100,Z1554_14095,829.0541744232178
Z1550_14100,Z1554_14097,2487.1625232696533
Z1550_14100,Z1554_14098,4145.270872116089
Z1550_14100,Z1554_14099,829.0541744232178
Z1550_14100,Z1554_14100,4145.270872116089
Z1550_14100,Z1555_14090,3316.216697692871
Z1550_14100,Z1555_14091,829.0541744232178
Z1550_14100,Z1555_14093,829.0541744232178
Z1550_14100,Z1555_14095,3316.216697692871
Z1550_14100,Z1555_14096,829.0541744232178
Z1550_14100,Z1555_14097,3316.216697692871
Z1551_14089,Z1542_14088,5561.187465190887
Z1551_14089,Z1542_14089,926.8645775318146
Z1551_14089,Z1542_14091,11122.374930381775
Z1551_14089,Z1542_14093,11122.374930381775
Z1551_14089,Z1543_14094,55611.874651908875
Z1551_14089,Z1543_14099,926.8645775318146
Z1551_14089,Z1543_14100,3707.4583101272583
Z1551_14089,Z1543_14101,5561.187465190887
Z1551_14089,Z1543_14102,11122.374930381775
Z1551_14089,Z1544_14087,5561.187465190887
Z1551_14089,Z1544_14089,6488.052042722702
Z1551_14089,Z1544_14091,3707.4583101272583
Z1551_14089,Z1544_14092,11122.374930381775
Z1551_14089,Z1544_14093,926.8645775318146
Z1551_14089,Z1544_14094,46343.22887659073
Z1551_14089,Z1544_14099,3707.4583101272583
Z1551_14089,Z1544_14100,926.8645775318146
Z1551_14089,Z1544_14101,19464.156128168106
Z1551_14089,Z1544_14102,3707.4583101272583
Z1551_14089,Z1545_14088,5561.187465190887
Z1551_14089,Z1545_14093,926.8645775318146
Z1551_14089,Z1545_14094,3707.4583101272583
Z1551_14089,Z1545_14095,9268.645775318146
Z1551_14089,Z1545_14099,2780.5937325954437
Z1551_14089,Z1545_14101,926.8645775318146
Z1551_14089,Z1546_14089,13902.968662977219
Z1551_14089,Z1546_14090,926.8645775318146
Z1551_14089,Z1546_14091,5561.187465190887
Z1551_14089,Z1546_14092,2780.5937325954437
Z1551_14089,Z1546_14093,9268.645775318146
Z1551_14089,Z1546_14094,5561.187465190887
Z1551_14089,Z1546_14095,22244.74986076355
Z1551_14089,Z1546_14096,7414.916620254517
Z1551_14089,Z1547_14087,3707.4583101272583
Z1551_14089,Z1547_14089,8341.781197786331
Z1551_14089,Z1547_14091,50977.5517642498
Z1551_14089,Z1547_14092,12049.23950791359
Z1551_14089,Z1547_14093,23171.614438295364
Z1551_14089,Z1547_14094,25952.208170890808
Z1551_14089,Z1547_14095,13902.968662977219
Z1551_14089,Z1547_14097,926.8645775318146
Z1551_14089,Z1548_14087,2780.5937325954437
Z1551_14089,Z1548_14089,9268.645775318146
Z1551_14089,Z1548_14091,4634.322887659073
Z1551_14089,Z1548_14092,480115.85116147995
Z1551_14089,Z1548_14093,73222.30162501335
Z1551_14089,Z1548_14094,111223.74930381775
Z1551_14089,Z1548_14095,26879.072748422623
Z1551_14089,Z1548_14096,3707.4583101272583
Z1551_14089,Z1548_14098,10195.51035284996
Z1551_14089,Z1548_14101,3707.4583101272583
Z1551_14089,Z1549_14088,3707.4583101272583
Z1551_14089,Z1549_14092,53758.145496845245
Z1551_14089,Z1549_14093,137175.95747470856
Z1551_14089,Z1549_14094,160347.57191300392
Z1551_14089,Z1549_14095,56538.73922944069
Z1551_14089,Z1549_14096,8341.781197786331
Z1551_14089,Z1549_14097,13902.968662977219
Z1551_14089,Z1549_14101,5561.187465190887
Z1551_14089,Z1550_14088,926.8645775318146
Z1551_14089,Z1550_14090,3707.4583101272583
Z1551_14089,Z1550_14091,7414.916620254517
Z1551_14089,Z1550_14092,27805.937325954437
Z1551_14089,Z1550_14093,140883.41578483582
Z1551_14089,Z1550_14094,70441.70789241791
Z1551_14089,Z1550_14095,30586.53105854988
Z1551_14089,Z1550_14097,1853.7291550636292
Z1551_14089,Z1550_14099,2780.5937325954437
Z1551_14089,Z1550_14100,926.8645775318146
Z1551_14089,Z1550_14102,926.8645775318146
Z1551_14089,Z1551_14086,5561.187465190887
Z1551_14089,Z1551_14090,5561.187465190887
Z1551_14089,Z1551_14092,1853.7291550636292
Z1551_14089,Z1551_14094,17610.426973104477
Z1551_14089,Z1551_14095,39855.17683386803
Z1551_14089,Z1552_14088,3707.4583101272583
Z1551_14089,Z1552_14092,6488.052042722702
Z1551_14089,Z1552_14094,5561.187465190887
Z1551_14089,Z1552_14095,18537.29155063629
Z1551_14089,Z1552_14096,12049.23950791359
Z1551_14089,Z1552_14101,926.8645775318146
Z1551_14089,Z1552_14102,926.8645775318146
Z1551_14089,Z1553_14086,3707.4583101272583
Z1551_14089,Z1553_14092,7414.916620254517
Z1551_14089,Z1553_14093,4634.322887659073
Z1551_14089,Z1553_14096,18537.29155063629
Z1551_14089,Z1554_14094,3707.4583101272583
Z1551_14089,Z1554_14095,926.8645775318146
Z1551_14089,Z1554_14097,2780.5937325954437
Z1551_14089,Z1554_14098,4634.322887659073
Z1551_14089,Z1554_14099,926.8645775318146
Z1551_14089,Z1554_14100,4634.322887659073
Z1551_14089,Z1555_14090,3707.4583101272583
Z1551_14089,Z1555_14091,926.8645775318146
Z1551_14089,Z1555_14093,926.8645775318146
Z1551_14089,Z1555_14095,3707.4583101272583
Z1551_14089,Z1555_14096,926.8645775318146
Z1551_14089,Z1555_14097,3707.4583101272583
Z1551_14090,Z1542_14088,6759.366552829742
Z1551_14090,Z1542_14089,1126.5610921382904
Z1551_14090,Z1542_14091,13518.733105659485
Z1551_14090,Z1542_14093,13518.733105659485
Z1551_14090,Z1543_14094,67593.66552829742
Z1551_14090,Z1543_14099,1126.5610921382904
Z1551_14090,Z1543_14100,4506.244368553162
Z1551_14090,Z1543_14101,6759.366552829742
Z1551_14090,Z1543_14102,13518.733105659485
Z1551_14090,Z1544_14087,6759.366552829742
Z1551_14090,Z1544_14089,7885.927644968033
Z1551_14090,Z1544_14091,4506.244368553162
Z1551_14090,Z1544_14092,13518.733105659485
Z1551_14090,Z1544_14093,1126.5610921382904
Z1551_14090,Z1544_14094,56328.05460691452
Z1551_14090,Z1544_14099,4506.244368553162
Z1551_14090,Z1544_14100,1126.5610921382904
Z1551_14090,Z1544_14101,23657.7829349041
Z1551_14090,Z1544_14102,4506.244368553162
Z1551_14090,Z1545_14088,6759.366552829742
Z1551_14090,Z1545_14093,1126.5610921382904
Z1551_14090,Z1545_14094,4506.244368553162
Z1551_14090,Z1545_14095,11265.610921382904
Z1551_14090,Z1545_14099,3379.683276414871
Z1551_14090,Z1545_14101,1126.5610921382904
Z1551_14090,Z1546_14089,16898.416382074356
Z1551_14090,Z1546_14090,1126.5610921382904
Z1551_14090,Z1546_14091,6759.366552829742
Z1551_14090,Z1546_14092,3379.683276414871
Z1551_14090,Z1546_14093,11265.610921382904
Z1551_14090,Z1546_14094,6759.366552829742
Z1551_14090,Z1546_14095,27037.46621131897
Z1551_14090,Z1546_14096,9012.488737106323
Z1551_14090,Z1547_14087,4506.244368553162
Z1551_14090,Z1547_14089,10139.049829244614
Z1551_14090,Z1547_14091,61960.86006760597
Z1551_14090,Z1547_14092,14645.294197797775
Z1551_14090,Z1547_14093,28164.02730345726
Z1551_14090,Z1547_14094,31543.71057987213
Z1551_14090,Z1547_14095,16898.416382074356
Z1551_14090,Z1547_14097,1126.5610921382904
Z1551_14090,Z1548_14087,3379.683276414871
Z1551_14090,Z1548_14089,11265.610921382904
Z1551_14090,Z1548_14091,5632.805460691452
Z1551_14090,Z1548_14092,583558.6457276344
Z1551_14090,Z1548_14093,88998.32627892494
Z1551_14090,Z1548_14094,135187.33105659485
Z1551_14090,Z1548_14095,32670.27167201042
Z1551_14090,Z1548_14096,4506.244368553162
Z1551_14090,Z1548_14098,12392.172013521194
Z1551_14090,Z1548_14101,4506.244368553162
Z1551_14090,Z1549_14088,4506.244368553162
Z1551_14090,Z1549_14092,65340.54334402084
Z1551_14090,Z1549_14093,166731.04163646698
Z1551_14090,Z1549_14094,194895.06893992424
Z1551_14090,Z1549_14095,68720.22662043571
Z1551_14090,Z1549_14096,10139.049829244614
Z1551_14090,Z1549_14097,16898.416382074356
Z1551_14090,Z1549_14101,6759.366552829742
Z1551_14090,Z1550_14088,1126.5610921382904
Z1551_14090,Z1550_14090,4506.244368553162
Z1551_14090,Z1550_14091,9012.488737106323
Z1551_14090,Z1550_14092,33796.83276414871
Z1551_14090,Z1550_14093,171237.28600502014
Z1551_14090,Z1550_14094,85618.64300251007
Z1551_14090,Z1550_14095,37176.51604056358
Z1551_14090,Z1550_14097,2253.122184276581
Z1551_14090,Z1550_14099,3379.683276414871
Z1551_14090,Z1550_14100,1126.5610921382904
Z1551_14090,Z1550_14102,1126.5610921382904
Z1551_14090,Z1551_14086,6759.366552829742
Z1551_14090,Z1551_14090,6759.366552829742
Z1551_14090,Z1551_14092,2253.122184276581
Z1551_14090,Z1551_14094,21404.660750627518
Z1551_14090,Z1551_14095,48442.12696194649
Z1551_14090,Z1552_14088,4506.244368553162
Z1551_14090,Z1552_14092,7885.927644968033
Z1551_14090,Z1552_14094,6759.366552829742
Z1551_14090,Z1552_14095,22531.221842765808
Z1551_14090,Z1552_14096,14645.294197797775
Z1551_14090,Z1552_14101,1126.5610921382904
Z1551_14090,Z1552_14102,1126.5610921382904
Z1551_14090,Z1553_14086,4506.244368553162
Z1551_14090,Z1553_14092,9012.488737106323
Z1551_14090,Z1553_14093,5632.805460691452
Z1551_14090,Z1553_14096,22531.221842765808
Z1551_14090,Z1554_14094,4506.244368553162
Z1551_14090,Z1554_14095,1126.5610921382904
Z1551_14090,Z1554_14097,3379.683276414871
Z1551_14090,Z1554_14098,5632.805460691452
Z1551_14090,Z1554_14099,1126.5610921382904
Z1551_14090,Z1554_14100,5632.805460691452
Z1551_14090,Z1555_14090,4506.244368553162
Z1551_14090,Z1555_14091,1126.5610921382904
Z1551_14090,Z1555_14093,1126.5610921382904
Z1551_14090,Z1555_14095,4506.244368553162
Z1551_14090,Z1555_14096,1126.5610921382904
Z1551_14090,Z1555_14097,4506.244368553162
Z1551_14091,Z1542_14088,7485.32114982605
Z1551_14091,Z1542_14089,1247.5535249710083
Z1551_14091,Z1542_14091,14970.6422996521
Z1551_14091,Z1542_14093,14970.6422996521
Z1551_14091,Z1543_14094,74853.2114982605
Z1551_14091,Z1543_14099,1247.5535249710083
Z1551_14091,Z1543_14100,4990.214099884033
Z1551_14091,Z1543_14101,7485.32114982605
Z1551_14091,Z1543_14102,14970.6422996521
Z1551_14091,Z1544_14087,7485.32114982605
Z1551_14091,Z1544_14089,8732.874674797058
Z1551_14091,Z1544_14091,4990.214099884033
Z1551_14091,Z1544_14092,14970.6422996521
Z1551_14091,Z1544_14093,1247.5535249710083
Z1551_14091,Z1544_14094,62377.676248550415
Z1551_14091,Z1544_14099,4990.214099884033
Z1551_14091,Z1544_14100,1247.5535249710083
Z1551_14091,Z1544_14101,26198.624024391174
Z1551_14091,Z1544_14102,4990.214099884033
Z1551_14091,Z1545_14088,7485.32114982605
Z1551_14091,Z1545_14093,1247.5535249710083
Z1551_14091,Z1545_14094,4990.214099884033
Z1551_14091,Z1545_14095,12475.535249710083
Z1551_14091,Z1545_14099,3742.660574913025
Z1551_14091,Z1545_14101,1247.5535249710083
Z1551_14091,Z1546_14089,18713.302874565125
Z1551_14091,Z1546_14090,1247.5535249710083
Z1551_14091,Z1546_14091,7485.32114982605
Z1551_14091,Z1546_14092,3742.660574913025
Z1551_14091,Z1546_14093,12475.535249710083
Z1551_14091,Z1546_14094,7485.32114982605
Z1551_14091,Z1546_14095,29941.2845993042
Z1551_14091,Z1546_14096,9980.428199768066
Z1551_14091,Z1547_14087,4990.214099884033
Z1551_14091,Z1547_14089,11227.981724739075
Z1551_14091,Z1547_14091,68615.44387340546
Z1551_14091,Z1547_14092,16218.195824623108
Z1551_14091,Z1547_14093,31188.838124275208
Z1551_14091,Z1547_14094,34931.49869918823
Z1551_14091,Z1547_14095,18713.302874565125
Z1551_14091,Z1547_14097,1247.5535249710083
Z1551_14091,Z1548_14087,3742.660574913025
Z1551_14091,Z1548_14089,12475.535249710083
Z1551_14091,Z1548_14091,6237.7676248550415
Z1551_14091,Z1548_14092,646232.7259349823
Z1551_14091,Z1548_14093,98556.72847270966
Z1551_14091,Z1548_14094,149706.422996521
Z1551_14091,Z1548_14095,36179.05222415924
Z1551_14091,Z1548_14096,4990.214099884033
Z1551_14091,Z1548_14098,13723.088774681091
Z1551_14091,Z1548_14101,4990.214099884033
Z1551_14091,Z1549_14088,4990.214099884033
Z1551_14091,Z1549_14092,72358.10444831848
Z1551_14091,Z1549_14093,184637.92169570923
Z1551_14091,Z1549_14094,215826.75981998444
Z1551_14091,Z1549_14095,76100.7650232315
Z1551_14091,Z1549_14096,11227.981724739075
Z1551_14091,Z1549_14097,18713.302874565125
Z1551_14091,Z1549_14101,7485.32114982605
Z1551_14091,Z1550_14088,1247.5535249710083
Z1551_14091,Z1550_14090,4990.214099884033
Z1551_14091,Z1550_14091,9980.428199768066
Z1551_14091,Z1550_14092,37426.60574913025
Z1551_14091,Z1550_14093,189628.13579559326
Z1551_14091,Z1550_14094,94814.06789779663
Z1551_14091,Z1550_14095,41169.266324043274
Z1551_14091,Z1550_14097,2495.1070499420166
Z1551_14091,Z1550_14099,3742.660574913025
Z1551_14091,Z1550_14100,1247.5535249710083
Z1551_14091,Z1550_14102,1247.5535249710083
Z1551_14091,Z1551_14086,7485.32114982605
Z1551_14091,Z1551_14090,7485.32114982605
Z1551_14091,Z1551_14092,2495.1070499420166
Z1551_14091,Z1551_14094,23703.516974449158
Z1551_14091,Z1551_14095,53644.80157375336
Z1551_14091,Z1552_14088,4990.214099884033
Z1551_14091,Z1552_14092,8732.874674797058
Z1551_14091,Z1552_14094,7485.32114982605
Z1551_14091,Z1552_14095,24951.070499420166
Z1551_14091,Z1552_14096,16218.195824623108
Z1551_14091,Z1552_14101,1247.5535249710083
Z1551_14091,Z1552_14102,1247.5535249710083
Z1551_14091,Z1553_14086,4990.214099884033
Z1551_14091,Z1553_14092,9980.428199768066
Z1551_14091,Z1553_14093,6237.7676248550415
Z1551_14091,Z1553_14096,24951.070499420166
Z1551_14091,Z1554_14094,4990.214099884033
Z1551_14091,Z1554_14095,1247.5535249710083
Z1551_14091,Z1554_14097,3742.660574913025
Z1551_14091,Z1554_14098,6237.7676248550415
Z1551_14091,Z1554_14099,1247.5535249710083
Z1551_14091,Z1554_14100,6237.7676248550415
Z1551_14091,Z1555_14090,4990.214099884033
Z1551_14091,Z1555_14091,1247.5535249710083
Z1551_14091,Z1555_14093,1247.5535249710083
Z1551_14091,Z1555_14095,4990.214099884033
Z1551_14091,Z1555_14096,1247.5535249710083
Z1551_14091,Z1555_14097,4990.214099884033
Z1551_14092,Z1542_14088,20386.47834777832
Z1551_14092,Z1542_14089,3397.7463912963867
Z1551_14092,Z1542_14091,40772.95669555664
Z1551_14092,Z1542_14093,40772.95669555664
Z1551_14092,Z1543_14094,203864.7834777832
Z1551_14092,Z1543_14099,3397.7463912963867
Z1551_14092,Z1543_14100,13590.985565185547
Z1551_14092,Z1543_14101,20386.47834777832
Z1551_14092,Z1543_14102,40772.95669555664
Z1551_14092,Z1544_14087,20386.47834777832
Z1551_14092,Z1544_14089,23784.224739074707
Z1551_14092,Z1544_14091,13590.985565185547
Z1551_14092,Z1544_14092,40772.95669555664
Z1551_14092,Z1544_14093,3397.7463912963867
Z1551_14092,Z1544_14094,169887.31956481934
Z1551_14092,Z1544_14099,13590.985565185547
Z1551_14092,Z1544_14100,3397.7463912963867
Z1551_14092,Z1544_14101,71352.67421722412
Z1551_14092,Z1544_14102,13590.985565185547
Z1551_14092,Z1545_14088,20386.47834777832
Z1551_14092,Z1545_14093,3397.7463912963867
Z1551_14092,Z1545_14094,13590.985565185547
Z1551_14092,Z1545_14095,33977.46391296387
Z1551_14092,Z1545_14099,10193.23917388916
Z1551_14092,Z1545_14101,3397.7463912963867
Z1551_14092,Z1546_14089,50966.1958694458
Z1551_14092,Z1546_14090,3397.7463912963867
Z1551_14092,Z1546_14091,20386.47834777832
Z1551_14092,Z1546_14092,10193.23917388916
Z1551_14092,Z1546_14093,33977.46391296387
Z1551_14092,Z1546_14094,20386.47834777832
Z1551_14092,Z1546_14095,81545.91339111328
Z1551_14092,Z1546_14096,27181.971130371094
Z1551_14092,Z1547_14087,13590.985565185547
Z1551_14092,Z1547_14089,30579.71752166748
Z1551_14092,Z1547_14091,186876.05152130127
Z1551_14092,Z1547_14092,44170.70308685303
Z1551_14092,Z1547_14093,84943.65978240967
Z1551_14092,Z1547_14094,95136.89895629883
Z1551_14092,Z1547_14095,50966.1958694458
Z1551_14092,Z1547_14097,3397.7463912963867
Z1551_14092,Z1548_14087,10193.23917388916
Z1551_14092,Z1548_14089,33977.46391296387
Z1551_14092,Z1548_14091,16988.731956481934
Z1551_14092,Z1548_14092,1760032.6306915283
Z1551_14092,Z1548_14093,268421.96491241455
Z1551_14092,Z1548_14094,407729.5669555664
Z1551_14092,Z1548_14095,98534.64534759521
Z1551_14092,Z1548_14096,13590.985565185547
Z1551_14092,Z1548_14098,37375.210304260254
Z1551_14092,Z1548_14101,13590.985565185547
Z1551_14092,Z1549_14088,13590.985565185547
Z1551_14092,Z1549_14092,197069.29069519043
Z1551_14092,Z1549_14093,502866.46591186523
Z1551_14092,Z1549_14094,587810.1256942749
Z1551_14092,Z1549_14095,207262.5298690796
Z1551_14092,Z1549_14096,30579.71752166748
Z1551_14092,Z1549_14097,50966.1958694458
Z1551_14092,Z1549_14101,20386.47834777832
Z1551_14092,Z1550_14088,3397.7463912963867
Z1551_14092,Z1550_14090,13590.985565185547
Z1551_14092,Z1550_14091,27181.971130371094
Z1551_14092,Z1550_14092,101932.3917388916
Z1551_14092,Z1550_14093,516457.4514770508
Z1551_14092,Z1550_14094,258228.7257385254
Z1551_14092,Z1550_14095,112125.63091278076
Z1551_14092,Z1550_14097,6795.492782592773
Z1551_14092,Z1550_14099,10193.23917388916
Z1551_14092,Z1550_14100,3397.7463912963867
Z1551_14092,Z1550_14102,3397.7463912963867
Z1551_14092,Z1551_14086,20386.47834777832
Z1551_14092,Z1551_14090,20386.47834777832
Z1551_14092,Z1551_14092,6795.492782592773
Z1551_14092,Z1551_14094,64557.18143463135
Z1551_14092,Z1551_14095,146103.09482574463
Z1551_14092,Z1552_14088,13590.985565185547
Z1551_14092,Z1552_14092,23784.224739074707
Z1551_14092,Z1552_14094,20386.47834777832
Z1551_14092,Z1552_14095,67954.92782592773
Z1551_14092,Z1552_14096,44170.70308685303
Z1551_14092,Z1552_14101,3397.7463912963867
Z1551_14092,Z1552_14102,3397.7463912963867
Z1551_14092,Z1553_14086,13590.985565185547
Z1551_14092,Z1553_14092,27181.971130371094
Z1551_14092,Z1553_14093,16988.731956481934
Z1551_14092,Z1553_14096,67954.92782592773
Z1551_14092,Z1554_14094,13590.985565185547
Z1551_14092,Z1554_14095,3397.7463912963867
Z1551_14092,Z1554_14097,10193.23917388916
Z1551_14092,Z1554_14098,16988.731956481934
Z1551_14092,Z1554_14099,3397.7463912963867
Z1551_14092,Z1554_14100,16988.731956481934
Z1551_14092,Z1555_14090,13590.985565185547
Z1551_14092,Z1555_14091,3397.7463912963867
Z1551_14092,Z1555_14093,3397.7463912963867
Z1551_14092,Z1555_14095,13590.985565185547
Z1551_14092,Z1555_14096,3397.7463912963867
Z1551_14092,Z1555_14097,13590.985565185547
Z1551_14093,Z1542_14088,32178.70445251465
Z1551_14093,Z1542_14089,5363.117408752441
Z1551_14093,Z1542_14091,64357.4089050293
Z1551_14093,Z1542_14093,64357.4089050293
Z1551_14093,Z1543_14094,321787.0445251465
Z1551_14093,Z1543_14099,5363.117408752441
Z1551_14093,Z1543_14100,21452.469635009766
Z1551_14093,Z1543_14101,32178.70445251465
Z1551_14093,Z1543_14102,64357.4089050293
Z1551_14093,Z1544_14087,32178.70445251465
Z1551_14093,Z1544_14089,37541.82186126709
Z1551_14093,Z1544_14091,21452.469635009766
Z1551_14093,Z1544_14092,64357.4089050293
Z1551_14093,Z1544_14093,5363.117408752441
Z1551_14093,Z1544_14094,268155.87043762207
Z1551_14093,Z1544_14099,21452.469635009766
Z1551_14093,Z1544_14100,5363.117408752441
Z1551_14093,Z1544_14101,112625.46558380127
Z1551_14093,Z1544_14102,21452.469635009766
Z1551_14093,Z1545_14088,32178.70445251465
Z1551_14093,Z1545_14093,5363.117408752441
Z1551_14093,Z1545_14094,21452.469635009766
Z1551_14093,Z1545_14095,53631.174087524414
Z1551_14093,Z1545_14099,16089.352226257324
Z1551_14093,Z1545_14101,5363.117408752441
Z1551_14093,Z1546_14089,80446.76113128662
Z1551_14093,Z1546_14090,5363.117408752441
Z1551_14093,Z1546_14091,32178.70445251465
Z1551_14093,Z1546_14092,16089.352226257324
Z1551_14093,Z1546_14093,53631.174087524414
Z1551_14093,Z1546_14094,32178.70445251465
Z1551_14093,Z1546_14095,128714.8178100586
Z1551_14093,Z1546_14096,42904.93927001953
Z1551_14093,Z1547_14087,21452.469635009766
Z1551_14093,Z1547_14089,48268.05667877197
Z1551_14093,Z1547_14091,294971.4574813843
Z1551_14093,Z1547_14092,69720.52631378174
Z1551_14093,Z1547_14093,134077.93521881104
Z1551_14093,Z1547_14094,150167.28744506836
Z1551_14093,Z1547_14095,80446.76113128662
Z1551_14093,Z1547_14097,5363.117408752441
Z1551_14093,Z1548_14087,16089.352226257324
Z1551_14093,Z1548_14089,53631.174087524414
Z1551_14093,Z1548_14091,26815.587043762207
Z1551_14093,Z1548_14092,2778094.8177337646
Z1551_14093,Z1548_14093,423686.2752914429
Z1551_14093,Z1548_14094,643574.089050293
Z1551_14093,Z1548_14095,155530.4048538208
Z1551_14093,Z1548_14096,21452.469635009766
Z1551_14093,Z1548_14098,58994.291496276855
Z1551_14093,Z1548_14101,21452.469635009766
Z1551_14093,Z1549_14088,21452.469635009766
Z1551_14093,Z1549_14092,311060.8097076416
Z1551_14093,Z1549_14093,793741.3764953613
Z1551_14093,Z1549_14094,927819.3117141724
Z1551_14093,Z1549_14095,327150.1619338989
Z1551_14093,Z1549_14096,48268.05667877197
Z1551_14093,Z1549_14097,80446.76113128662
Z1551_14093,Z1549_14101,32178.70445251465
Z1551_14093,Z1550_14088,5363.117408752441
Z1551_14093,Z1550_14090,21452.469635009766
Z1551_14093,Z1550_14091,42904.93927001953
Z1551_14093,Z1550_14092,160893.52226257324
Z1551_14093,Z1550_14093,815193.8461303711
Z1551_14093,Z1550_14094,407596.92306518555
Z1551_14093,Z1550_14095,176982.87448883057
Z1551_14093,Z1550_14097,10726.234817504883
Z1551_14093,Z1550_14099,16089.352226257324
Z1551_14093,Z1550_14100,5363.117408752441
Z1551_14093,Z1550_14102,5363.117408752441
Z1551_14093,Z1551_14086,32178.70445251465
Z1551_14093,Z1551_14090,32178.70445251465
Z1551_14093,Z1551_14092,10726.234817504883
Z1551_14093,Z1551_14094,101899.23076629639
Z1551_14093,Z1551_14095,230614.04857635498
Z1551_14093,Z1552_14088,21452.469635009766
Z1551_14093,Z1552_14092,37541.82186126709
Z1551_14093,Z1552_14094,32178.70445251465
Z1551_14093,Z1552_14095,107262.34817504883
Z1551_14093,Z1552_14096,69720.52631378174
Z1551_14093,Z1552_14101,5363.117408752441
Z1551_14093,Z1552_14102,5363.117408752441
Z1551_14093,Z1553_14086,21452.469635009766
Z1551_14093,Z1553_14092,42904.93927001953
Z1551_14093,Z1553_14093,26815.587043762207
Z1551_14093,Z1553_14096,107262.34817504883
Z1551_14093,Z1554_14094,21452.469635009766
Z1551_14093,Z1554_14095,5363.117408752441
Z1551_14093,Z1554_14097,16089.352226257324
Z1551_14093,Z1554_14098,26815.587043762207
Z1551_14093,Z1554_14099,5363.117408752441
Z1551_14093,Z1554_14100,26815.587043762207
Z1551_14093,Z1555_14090,21452.469635009766
Z1551_14093,Z1555_14091,5363.117408752441
Z1551_14093,Z1555_14093,5363.117408752441
Z1551_14093,Z1555_14095,21452.469635009766
Z1551_14093,Z1555_14096,5363.117408752441
Z1551_14093,Z1555_14097,21452.469635009766
Z1551_14094,Z1542_14088,36618.71852874756
Z1551_14094,Z1542_14089,6103.11975479126
Z1551_14094,Z1542_14091,73237.43705749512
Z1551_14094,Z1542_14093,73237.43705749512
Z1551_14094,Z1543_14094,366187.1852874756
Z1551_14094,Z1543_14099,6103.11975479126
Z1551_14094,Z1543_14100,24412.47901916504
Z1551_14094,Z1543_14101,36618.71852874756
Z1551_14094,Z1543_14102,73237.43705749512
Z1551_14094,Z1544_14087,36618.71852874756
Z1551_14094,Z1544_14089,42721.83828353882
Z1551_14094,Z1544_14091,24412.47901916504
Z1551_14094,Z1544_14092,73237.43705749512
Z1551_14094,Z1544_14093,6103.11975479126
Z1551_14094,Z1544_14094,305155.987739563
Z1551_14094,Z1544_14099,24412.47901916504
Z1551_14094,Z1544_14100,6103.11975479126
Z1551_14094,Z1544_14101,128165.51485061646
Z1551_14094,Z1544_14102,24412.47901916504
Z1551_14094,Z1545_14088,36618.71852874756
Z1551_14094,Z1545_14093,6103.11975479126
Z1551_14094,Z1545_14094,24412.47901916504
Z1551_14094,Z1545_14095,61031.1975479126
Z1551_14094,Z1545_14099,18309.35926437378
Z1551_14094,Z1545_14101,6103.11975479126
Z1551_14094,Z1546_14089,91546.7963218689
Z1551_14094,Z1546_14090,6103.11975479126
Z1551_14094,Z1546_14091,36618.71852874756
Z1551_14094,Z1546_14092,18309.35926437378
Z1551_14094,Z1546_14093,61031.1975479126
Z1551_14094,Z1546_14094,36618.71852874756
Z1551_14094,Z1546_14095,146474.87411499023
Z1551_14094,Z1546_14096,48824.95803833008
Z1551_14094,Z1547_14087,24412.47901916504
Z1551_14094,Z1547_14089,54928.07779312134
Z1551_14094,Z1547_14091,335671.5865135193
Z1551_14094,Z1547_14092,79340.55681228638
Z1551_14094,Z1547_14093,152577.9938697815
Z1551_14094,Z1547_14094,170887.35313415527
Z1551_14094,Z1547_14095,91546.7963218689
Z1551_14094,Z1547_14097,6103.11975479126
Z1551_14094,Z1548_14087,18309.35926437378
Z1551_14094,Z1548_14089,61031.1975479126
Z1551_14094,Z1548_14091,30515.5987739563
Z1551_14094,Z1548_14092,3161416.0329818726
Z1551_14094,Z1548_14093,482146.4606285095
Z1551_14094,Z1548_14094,732374.3705749512
Z1551_14094,Z1548_14095,176990.47288894653
Z1551_14094,Z1548_14096,24412.47901916504
Z1551_14094,Z1548_14098,67134.31730270386
Z1551_14094,Z1548_14101,24412.47901916504
Z1551_14094,Z1549_14088,24412.47901916504
Z1551_14094,Z1549_14092,353980.94577789307
Z1551_14094,Z1549_14093,903261.7237091064
Z1551_14094,Z1549_14094,1055839.717578888
Z1551_14094,Z1549_14095,372290.30504226685
Z1551_14094,Z1549_14096,54928.07779312134
Z1551_14094,Z1549_14097,91546.7963218689
Z1551_14094,Z1549_14101,36618.71852874756
Z1551_14094,Z1550_14088,6103.11975479126
Z1551_14094,Z1550_14090,24412.47901916504
Z1551_14094,Z1550_14091,48824.95803833008
Z1551_14094,Z1550_14092,183093.5926437378
Z1551_14094,Z1550_14093,927674.2027282715
Z1551_14094,Z1550_14094,463837.10136413574
Z1551_14094,Z1550_14095,201402.95190811157
Z1551_14094,Z1550_14097,12206.23950958252
Z1551_14094,Z1550_14099,18309.35926437378
Z1551_14094,Z1550_14100,6103.11975479126
Z1551_14094,Z1550_14102,6103.11975479126
Z1551_14094,Z1551_14086,36618.71852874756
Z1551_14094,Z1551_14090,36618.71852874756
Z1551_14094,Z1551_14092,12206.23950958252
Z1551_14094,Z1551_14094,115959.27534103394
Z1551_14094,Z1551_14095,262434.14945602417
Z1551_14094,Z1552_14088,24412.47901916504
Z1551_14094,Z1552_14092,42721.83828353882
Z1551_14094,Z1552_14094,36618.71852874756
Z1551_14094,Z1552_14095,122062.3950958252
Z1551_14094,Z1552_14096,79340.55681228638
Z1551_14094,Z1552_14101,6103.11975479126
Z1551_14094,Z1552_14102,6103.11975479126
Z1551_14094,Z1553_14086,24412.47901916504
Z1551_14094,Z1553_14092,48824.95803833008
Z1551_14094,Z1553_14093,30515.5987739563
Z1551_14094,Z1553_14096,122062.3950958252
Z1551_14094,Z1554_14094,24412.47901916504
Z1551_14094,Z1554_14095,6103.11975479126
Z1551_14094,Z1554_14097,18309.35926437378
Z1551_14094,Z1554_14098,30515.5987739563
Z1551_14094,Z1554_14099,6103.11975479126
Z1551_14094,Z1554_14100,30515.5987739563
Z1551_14094,Z1555_14090,24412.47901916504
Z1551_14094,Z1555_14091,6103.11975479126
Z1551_14094,Z1555_14093,6103.11975479126
Z1551_14094,Z1555_14095,24412.47901916504
Z1551_14094,Z1555_14096,6103.11975479126
Z1551_14094,Z1555_14097,24412.47901916504
Z1551_14095,Z1542_14088,44706.115951538086
Z1551_14095,Z1542_14089,7451.019325256348
Z1551_14095,Z1542_14091,89412.23190307617
Z1551_14095,Z1542_14093,89412.23190307617
Z1551_14095,Z1543_14094,447061.15951538086
Z1551_14095,Z1543_14099,7451.019325256348
Z1551_14095,Z1543_14100,29804.07730102539
Z1551_14095,Z1543_14101,44706.115951538086
Z1551_14095,Z1543_14102,89412.23190307617
Z1551_14095,Z1544_14087,44706.115951538086
Z1551_14095,Z1544_14089,52157.13527679443
Z1551_14095,Z1544_14091,29804.07730102539
Z1551_14095,Z1544_14092,89412.23190307617
Z1551_14095,Z1544_14093,7451.019325256348
Z1551_14095,Z1544_14094,372550.9662628174
Z1551_14095,Z1544_14099,29804.07730102539
Z1551_14095,Z1544_14100,7451.019325256348
Z1551_14095,Z1544_14101,156471.4058303833
Z1551_14095,Z1544_14102,29804.07730102539
Z1551_14095,Z1545_14088,44706.115951538086
Z1551_14095,Z1545_14093,7451.019325256348
Z1551_14095,Z1545_14094,29804.07730102539
Z1551_14095,Z1545_14095,74510.19325256348
Z1551_14095,Z1545_14099,22353.057975769043
Z1551_14095,Z1545_14101,7451.019325256348
Z1551_14095,Z1546_14089,111765.28987884521
Z1551_14095,Z1546_14090,7451.019325256348
Z1551_14095,Z1546_14091,44706.115951538086
Z1551_14095,Z1546_14092,22353.057975769043
Z1551_14095,Z1546_14093,74510.19325256348
Z1551_14095,Z1546_14094,44706.115951538086
Z1551_14095,Z1546_14095,178824.46380615234
Z1551_14095,Z1546_14096,59608.15460205078
Z1551_14095,Z1547_14087,29804.07730102539
Z1551_14095,Z1547_14089,67059.17392730713
Z1551_14095,Z1547_14091,409806.0628890991
Z1551_14095,Z1547_14092,96863.25122833252
Z1551_14095,Z1547_14093,186275.4831314087
Z1551_14095,Z1547_14094,208628.54110717773
Z1551_14095,Z1547_14095,111765.28987884521
Z1551_14095,Z1547_14097,7451.019325256348
Z1551_14095,Z1548_14087,22353.057975769043
Z1551_14095,Z1548_14089,74510.19325256348
Z1551_14095,Z1548_14091,37255.09662628174
Z1551_14095,Z1548_14092,3859628.010482788
Z1551_14095,Z1548_14093,588630.5266952515
Z1551_14095,Z1548_14094,894122.3190307617
Z1551_14095,Z1548_14095,216079.56043243408
Z1551_14095,Z1548_14096,29804.07730102539
Z1551_14095,Z1548_14098,81961.21257781982
Z1551_14095,Z1548_14101,29804.07730102539
Z1551_14095,Z1549_14088,29804.07730102539
Z1551_14095,Z1549_14092,432159.12086486816
Z1551_14095,Z1549_14093,1102750.8601379395
Z1551_14095,Z1549_14094,1289026.3432693481
Z1551_14095,Z1549_14095,454512.1788406372
Z1551_14095,Z1549_14096,67059.17392730713
Z1551_14095,Z1549_14097,111765.28987884521
Z1551_14095,Z1549_14101,44706.115951538086
Z1551_14095,Z1550_14088,7451.019325256348
Z1551_14095,Z1550_14090,29804.07730102539
Z1551_14095,Z1550_14091,59608.15460205078
Z1551_14095,Z1550_14092,223530.57975769043
Z1551_14095,Z1550_14093,1132554.9374389648
Z1551_14095,Z1550_14094,566277.4687194824
Z1551_14095,Z1550_14095,245883.63773345947
Z1551_14095,Z1550_14097,14902.038650512695
Z1551_14095,Z1550_14099,22353.057975769043
Z1551_14095,Z1550_14100,7451.019325256348
Z1551_14095,Z1550_14102,7451.019325256348
Z1551_14095,Z1551_14086,44706.115951538086
Z1551_14095,Z1551_14090,44706.115951538086
Z1551_14095,Z1551_14092,14902.038650512695
Z1551_14095,Z1551_14094,141569.3671798706
Z1551_14095,Z1551_14095,320393.83098602295
Z1551_14095,Z1552_14088,29804.07730102539
Z1551_14095,Z1552_14092,52157.13527679443
Z1551_14095,Z1552_14094,44706.115951538086
Z1551_14095,Z1552_14095,149020.38650512695
Z1551_14095,Z1552_14096,96863.25122833252
Z1551_14095,Z1552_14101,7451.019325256348
Z1551_14095,Z1552_14102,7451.019325256348
Z1551_14095,Z1553_14086,29804.07730102539
Z1551_14095,Z1553_14092,59608.15460205078
Z1551_14095,Z1553_14093,37255.09662628174
Z1551_14095,Z1553_14096,149020.38650512695
Z1551_14095,Z1554_14094,29804.07730102539
Z1551_14095,Z1554_14095,7451.019325256348
Z1551_14095,Z1554_14097,22353.057975769043
Z1551_14095,Z1554_14098,37255.09662628174
Z1551_14095,Z1554_14099,7451.019325256348
Z1551_14095,Z1554_14100,37255.09662628174
Z1551_14095,Z1555_14090,29804.07730102539
Z1551_14095,Z1555_14091,7451.019325256348
Z1551_14095,Z1555_14093,7451.019325256348
Z1551_14095,Z1555_14095,29804.07730102539
Z1551_14095,Z1555_14096,7451.019325256348
Z1551_14095,Z1555_14097,29804.07730102539
Z1551_14096,Z1542_14088,36238.54099273682
Z1551_14096,Z1542_14089,6039.756832122803
Z1551_14096,Z1542_14091,72477.08198547363
Z1551_14096,Z1542_14093,72477.08198547363
Z1551_14096,Z1543_14094,362385.40992736816
Z1551_14096,Z1543_14099,6039.756832122803
Z1551_14096,Z1543_14100,24159.02732849121
Z1551_14096,Z1543_14101,36238.54099273682
Z1551_14096,Z1543_14102,72477.08198547363
Z1551_14096,Z1544_14087,36238.54099273682
Z1551_14096,Z1544_14089,42278.29782485962
Z1551_14096,Z1544_14091,24159.02732849121
Z1551_14096,Z1544_14092,72477.08198547363
Z1551_14096,Z1544_14093,6039.756832122803
Z1551_14096,Z1544_14094,301987.84160614014
Z1551_14096,Z1544_14099,24159.02732849121
Z1551_14096,Z1544_14100,6039.756832122803
Z1551_14096,Z1544_14101,126834.89347457886
Z1551_14096,Z1544_14102,24159.02732849121
Z1551_14096,Z1545_14088,36238.54099273682
Z1551_14096,Z1545_14093,6039.756832122803
Z1551_14096,Z1545_14094,24159.02732849121
Z1551_14096,Z1545_14095,60397.56832122803
Z1551_14096,Z1545_14099,18119.27049636841
Z1551_14096,Z1545_14101,6039.756832122803
Z1551_14096,Z1546_14089,90596.35248184204
Z1551_14096,Z1546_14090,6039.756832122803
Z1551_14096,Z1546_14091,36238.54099273682
Z1551_14096,Z1546_14092,18119.27049636841
Z1551_14096,Z1546_14093,60397.56832122803
Z1551_14096,Z1546_14094,36238.54099273682
Z1551_14096,Z1546_14095,144954.16397094727
Z1551_14096,Z1546_14096,48318.05465698242
Z1551_14096,Z1547_14087,24159.02732849121
Z1551_14096,Z1547_14089,54357.811489105225
Z1551_14096,Z1547_14091,332186.62576675415
Z1551_14096,Z1547_14092,78516.83881759644
Z1551_14096,Z1547_14093,150993.92080307007
Z1551_14096,Z1547_14094,169113.19129943848
Z1551_14096,Z1547_14095,90596.35248184204
Z1551_14096,Z1547_14097,6039.756832122803
Z1551_14096,Z1548_14087,18119.27049636841
Z1551_14096,Z1548_14089,60397.56832122803
Z1551_14096,Z1548_14091,30198.784160614014
Z1551_14096,Z1548_14092,3128594.039039612
Z1551_14096,Z1548_14093,477140.7897377014
Z1551_14096,Z1548_14094,724770.8198547363
Z1551_14096,Z1548_14095,175152.94813156128
Z1551_14096,Z1548_14096,24159.02732849121
Z1551_14096,Z1548_14098,66437.32515335083
Z1551_14096,Z1548_14101,24159.02732849121
Z1551_14096,Z1549_14088,24159.02732849121
Z1551_14096,Z1549_14092,350305.89626312256
Z1551_14096,Z1549_14093,893884.0111541748
Z1551_14096,Z1549_14094,1044877.9319572449
Z1551_14096,Z1549_14095,368425.16675949097
Z1551_14096,Z1549_14096,54357.811489105225
Z1551_14096,Z1549_14097,90596.35248184204
Z1551_14096,Z1549_14101,36238.54099273682
Z1551_14096,Z1550_14088,6039.756832122803
Z1551_14096,Z1550_14090,24159.02732849121
Z1551_14096,Z1550_14091,48318.05465698242
Z1551_14096,Z1550_14092,181192.70496368408
Z1551_14096,Z1550_14093,918043.038482666
Z1551_14096,Z1550_14094,459021.519241333
Z1551_14096,Z1550_14095,199311.9754600525
Z1551_14096,Z1550_14097,12079.513664245605
Z1551_14096,Z1550_14099,18119.27049636841
Z1551_14096,Z1550_14100,6039.756832122803
Z1551_14096,Z1550_14102,6039.756832122803
Z1551_14096,Z1551_14086,36238.54099273682
Z1551_14096,Z1551_14090,36238.54099273682
Z1551_14096,Z1551_14092,12079.513664245605
Z1551_14096,Z1551_14094,114755.37981033325
Z1551_14096,Z1551_14095,259709.54378128052
Z1551_14096,Z1552_14088,24159.02732849121
Z1551_14096,Z1552_14092,42278.29782485962
Z1551_14096,Z1552_14094,36238.54099273682
Z1551_14096,Z1552_14095,120795.13664245605
Z1551_14096,Z1552_14096,78516.83881759644
Z1551_14096,Z1552_14101,6039.756832122803
Z1551_14096,Z1552_14102,6039.756832122803
Z1551_14096,Z1553_14086,24159.02732849121
Z1551_14096,Z1553_14092,48318.05465698242
Z1551_14096,Z1553_14093,30198.784160614014
Z1551_14096,Z1553_14096,120795.13664245605
Z1551_14096,Z1554_14094,24159.02732849121
Z1551_14096,Z1554_14095,6039.756832122803
Z1551_14096,Z1554_14097,18119.27049636841
Z1551_14096,Z1554_14098,30198.784160614014
Z1551_14096,Z1554_14099,6039.756832122803
Z1551_14096,Z1554_14100,30198.784160614014
Z1551_14096,Z1555_14090,24159.02732849121
Z1551_14096,Z1555_14091,6039.756832122803
Z1551_14096,Z1555_14093,6039.756832122803
Z1551_14096,Z1555_14095,24159.02732849121
Z1551_14096,Z1555_14096,6039.756832122803
Z1551_14096,Z1555_14097,24159.02732849121
Z1551_14097,Z1542_14088,15804.022121429443
Z1551_14097,Z1542_14089,2634.003686904907
Z1551_14097,Z1542_14091,31608.044242858887
Z1551_14097,Z1542_14093,31608.044242858887
Z1551_14097,Z1543_14094,158040.22121429443
Z1551_14097,Z1543_14099,2634.003686904907
Z1551_14097,Z1543_14100,10536.014747619629
Z1551_14097,Z1543_14101,15804.022121429443
Z1551_14097,Z1543_14102,31608.044242858887
Z1551_14097,Z1544_14087,15804.022121429443
Z1551_14097,Z1544_14089,18438.02580833435
Z1551_14097,Z1544_14091,10536.014747619629
Z1551_14097,Z1544_14092,31608.044242858887
Z1551_14097,Z1544_14093,2634.003686904907
Z1551_14097,Z1544_14094,131700.18434524536
Z1551_14097,Z1544_14099,10536.014747619629
Z1551_14097,Z1544_14100,2634.003686904907
Z1551_14097,Z1544_14101,55314.07742500305
Z1551_14097,Z1544_14102,10536.014747619629
Z1551_14097,Z1545_14088,15804.022121429443
Z1551_14097,Z1545_14093,2634.003686904907
Z1551_14097,Z1545_14094,10536.014747619629
Z1551_14097,Z1545_14095,26340.036869049072
Z1551_14097,Z1545_14099,7902.011060714722
Z1551_14097,Z1545_14101,2634.003686904907
Z1551_14097,Z1546_14089,39510.05530357361
Z1551_14097,Z1546_14090,2634.003686904907
Z1551_14097,Z1546_14091,15804.022121429443
Z1551_14097,Z1546_14092,7902.011060714722
Z1551_14097,Z1546_14093,26340.036869049072
Z1551_14097,Z1546_14094,15804.022121429443
Z1551_14097,Z1546_14095,63216.08848571777
Z1551_14097,Z1546_14096,21072.029495239258
Z1551_14097,Z1547_14087,10536.014747619629
Z1551_14097,Z1547_14089,23706.033182144165
Z1551_14097,Z1547_14091,144870.2027797699
Z1551_14097,Z1547_14092,34242.047929763794
Z1551_14097,Z1547_14093,65850.09217262268
Z1551_14097,Z1547_14094,73752.1032333374
Z1551_14097,Z1547_14095,39510.05530357361
Z1551_14097,Z1547_14097,2634.003686904907
Z1551_14097,Z1548_14087,7902.011060714722
Z1551_14097,Z1548_14089,26340.036869049072
Z1551_14097,Z1548_14091,13170.018434524536
Z1551_14097,Z1548_14092,1364413.909816742
Z1551_14097,Z1548_14093,208086.29126548767
Z1551_14097,Z1548_14094,316080.44242858887
Z1551_14097,Z1548_14095,76386.10692024231
Z1551_14097,Z1548_14096,10536.014747619629
Z1551_14097,Z1548_14098,28974.04055595398
Z1551_14097,Z1548_14101,10536.014747619629
Z1551_14097,Z1549_14088,10536.014747619629
Z1551_14097,Z1549_14092,152772.21384048462
Z1551_14097,Z1549_14093,389832.54566192627
Z1551_14097,Z1549_14094,455682.63783454895
Z1551_14097,Z1549_14095,160674.22490119934
Z1551_14097,Z1549_14096,23706.033182144165
Z1551_14097,Z1549_14097,39510.05530357361
Z1551_14097,Z1549_14101,15804.022121429443
Z1551_14097,Z1550_14088,2634.003686904907
Z1551_14097,Z1550_14090,10536.014747619629
Z1551_14097,Z1550_14091,21072.029495239258
Z1551_14097,Z1550_14092,79020.11060714722
Z1551_14097,Z1550_14093,400368.5604095459
Z1551_14097,Z1550_14094,200184.28020477295
Z1551_14097,Z1550_14095,86922.12166786194
Z1551_14097,Z1550_14097,5268.007373809814
Z1551_14097,Z1550_14099,7902.011060714722
Z1551_14097,Z1550_14100,2634.003686904907
Z1551_14097,Z1550_14102,2634.003686904907
Z1551_14097,Z1551_14086,15804.022121429443
Z1551_14097,Z1551_14090,15804.022121429443
Z1551_14097,Z1551_14092,5268.007373809814
Z1551_14097,Z1551_14094,50046.07005119324
Z1551_14097,Z1551_14095,113262.15853691101
Z1551_14097,Z1552_14088,10536.014747619629
Z1551_14097,Z1552_14092,18438.02580833435
Z1551_14097,Z1552_14094,15804.022121429443
Z1551_14097,Z1552_14095,52680.073738098145
Z1551_14097,Z1552_14096,34242.047929763794
Z1551_14097,Z1552_14101,2634.003686904907
Z1551_14097,Z1552_14102,2634.003686904907
Z1551_14097,Z1553_14086,10536.014747619629
Z1551_14097,Z1553_14092,21072.029495239258
Z1551_14097,Z1553_14093,13170.018434524536
Z1551_14097,Z1553_14096,52680.073738098145
Z1551_14097,Z1554_14094,10536.014747619629
Z1551_14097,Z1554_14095,2634.003686904907
Z1551_14097,Z1554_14097,7902.011060714722
Z1551_14097,Z1554_14098,13170.018434524536
Z1551_14097,Z1554_14099,2634.003686904907
Z1551_14097,Z1554_14100,13170.018434524536
Z1551_14097,Z1555_14090,10536.014747619629
Z1551_14097,Z1555_14091,2634.003686904907
Z1551_14097,Z1555_14093,2634.003686904907
Z1551_14097,Z1555_14095,10536.014747619629
Z1551_14097,Z1555_14096,2634.003686904907
Z1551_14097,Z1555_14097,10536.014747619629
Z1551_14098,Z1542_14088,5209.677786827087
Z1551_14098,Z1542_14089,868.2796311378479
Z1551_14098,Z1542_14091,10419.355573654175
Z1551_14098,Z1542_14093,10419.355573654175
Z1551_14098,Z1543_14094,52096.777868270874
Z1551_14098,Z1543_14099,868.2796311378479
Z1551_14098,Z1543_14100,3473.1185245513916
Z1551_14098,Z1543_14101,5209.677786827087
Z1551_14098,Z1543_14102,10419.355573654175
Z1551_14098,Z1544_14087,5209.677786827087
Z1551_14098,Z1544_14089,6077.957417964935
Z1551_14098,Z1544_14091,3473.1185245513916
Z1551_14098,Z1544_14092,10419.355573654175
Z1551_14098,Z1544_14093,868.2796311378479
Z1551_14098,Z1544_14094,43413.981556892395
Z1551_14098,Z1544_14099,3473.1185245513916
Z1551_14098,Z1544_14100,868.2796311378479
Z1551_14098,Z1544_14101,18233.872253894806
Z1551_14098,Z1544_14102,3473.1185245513916
Z1551_14098,Z1545_14088,5209.677786827087
Z1551_14098,Z1545_14093,868.2796311378479
Z1551_14098,Z1545_14094,3473.1185245513916
Z1551_14098,Z1545_14095,8682.796311378479
Z1551_14098,Z1545_14099,2604.8388934135437
Z1551_14098,Z1545_14101,868.2796311378479
Z1551_14098,Z1546_14089,13024.194467067719
Z1551_14098,Z1546_14090,868.2796311378479
Z1551_14098,Z1546_14091,5209.677786827087
Z1551_14098,Z1546_14092,2604.8388934135437
Z1551_14098,Z1546_14093,8682.796311378479
Z1551_14098,Z1546_14094,5209.677786827087
Z1551_14098,Z1546_14095,20838.71114730835
Z1551_14098,Z1546_14096,6946.237049102783
Z1551_14098,Z1547_14087,3473.1185245513916
Z1551_14098,Z1547_14089,7814.516680240631
Z1551_14098,Z1547_14091,47755.379712581635
Z1551_14098,Z1547_14092,11287.635204792023
Z1551_14098,Z1547_14093,21706.990778446198
Z1551_14098,Z1547_14094,24311.82967185974
Z1551_14098,Z1547_14095,13024.194467067719
Z1551_14098,Z1547_14097,868.2796311378479
Z1551_14098,Z1548_14087,2604.8388934135437
Z1551_14098,Z1548_14089,8682.796311378479
Z1551_14098,Z1548_14091,4341.3981556892395
Z1551_14098,Z1548_14092,449768.8489294052
Z1551_14098,Z1548_14093,68594.09085988998
Z1551_14098,Z1548_14094,104193.55573654175
Z1551_14098,Z1548_14095,25180.10930299759
Z1551_14098,Z1548_14096,3473.1185245513916
Z1551_14098,Z1548_14098,9551.075942516327
Z1551_14098,Z1548_14101,3473.1185245513916
Z1551_14098,Z1549_14088,3473.1185245513916
Z1551_14098,Z1549_14092,50360.21860599518
Z1551_14098,Z1549_14093,128505.38540840149
Z1551_14098,Z1549_14094,150212.3761868477
Z1551_14098,Z1549_14095,52965.05749940872
Z1551_14098,Z1549_14096,7814.516680240631
Z1551_14098,Z1549_14097,13024.194467067719
Z1551_14098,Z1549_14101,5209.677786827087
Z1551_14098,Z1550_14088,868.2796311378479
Z1551_14098,Z1550_14090,3473.1185245513916
Z1551_14098,Z1550_14091,6946.237049102783
Z1551_14098,Z1550_14092,26048.388934135437
Z1551_14098,Z1550_14093,131978.50393295288
Z1551_14098,Z1550_14094,65989.25196647644
Z1551_14098,Z1550_14095,28653.22782754898
Z1551_14098,Z1550_14097,1736.5592622756958
Z1551_14098,Z1550_14099,2604.8388934135437
Z1551_14098,Z1550_14100,868.2796311378479
Z1551_14098,Z1550_14102,868.2796311378479
Z1551_14098,Z1551_14086,5209.677786827087
Z1551_14098,Z1551_14090,5209.677786827087
Z1551_14098,Z1551_14092,1736.5592622756958
Z1551_14098,Z1551_14094,16497.31299161911
Z1551_14098,Z1551_14095,37336.02413892746
Z1551_14098,Z1552_14088,3473.1185245513916
Z1551_14098,Z1552_14092,6077.957417964935
Z1551_14098,Z1552_14094,5209.677786827087
Z1551_14098,Z1552_14095,17365.592622756958
Z1551_14098,Z1552_14096,11287.635204792023
Z1551_14098,Z1552_14101,868.2796311378479
Z1551_14098,Z1552_14102,868.2796311378479
Z1551_14098,Z1553_14086,3473.1185245513916
Z1551_14098,Z1553_14092,6946.237049102783
Z1551_14098,Z1553_14093,4341.3981556892395
Z1551_14098,Z1553_14096,17365.592622756958
Z1551_14098,Z1554_14094,3473.1185245513916
Z1551_14098,Z1554_14095,868.2796311378479
Z1551_14098,Z1554_14097,2604.8388934135437
Z1551_14098,Z1554_14098,4341.3981556892395
Z1551_14098,Z1554_14099,868.2796311378479
Z1551_14098,Z1554_14100,4341.3981556892395
Z1551_14098,Z1555_14090,3473.1185245513916
Z1551_14098,Z1555_14091,868.2796311378479
Z1551_14098,Z1555_14093,868.2796311378479
Z1551_14098,Z1555_14095,3473.1185245513916
Z1551_14098,Z1555_14096,868.2796311378479
Z1551_14098,Z1555_14097,3473.1185245513916
Z1551_14099,Z1542_14088,7941.120157241821
Z1551_14099,Z1542_14089,1323.5200262069702
Z1551_14099,Z1542_14091,15882.240314483643
Z1551_14099,Z1542_14093,15882.240314483643
Z1551_14099,Z1543_14094,79411.20157241821
Z1551_14099,Z1543_14099,1323.5200262069702
Z1551_14099,Z1543_14100,5294.080104827881
Z1551_14099,Z1543_14101,7941.120157241821
Z1551_14099,Z1543_14102,15882.240314483643
Z1551_14099,Z1544_14087,7941.120157241821
Z1551_14099,Z1544_14089,9264.640183448792
Z1551_14099,Z1544_14091,5294.080104827881
Z1551_14099,Z1544_14092,15882.240314483643
Z1551_14099,Z1544_14093,1323.5200262069702
Z1551_14099,Z1544_14094,66176.00131034851
Z1551_14099,Z1544_14099,5294.080104827881
Z1551_14099,Z1544_14100,1323.5200262069702
Z1551_14099,Z1544_14101,27793.920550346375
Z1551_14099,Z1544_14102,5294.080104827881
Z1551_14099,Z1545_14088,7941.120157241821
Z1551_14099,Z1545_14093,1323.5200262069702
Z1551_14099,Z1545_14094,5294.080104827881
Z1551_14099,Z1545_14095,13235.200262069702
Z1551_14099,Z1545_14099,3970.5600786209106
Z1551_14099,Z1545_14101,1323.5200262069702
Z1551_14099,Z1546_14089,19852.800393104553
Z1551_14099,Z1546_14090,1323.5200262069702
Z1551_14099,Z1546_14091,7941.120157241821
Z1551_14099,Z1546_14092,3970.5600786209106
Z1551_14099,Z1546_14093,13235.200262069702
Z1551_14099,Z1546_14094,7941.120157241821
Z1551_14099,Z1546_14095,31764.480628967285
Z1551_14099,Z1546_14096,10588.160209655762
Z1551_14099,Z1547_14087,5294.080104827881
Z1551_14099,Z1547_14089,11911.680235862732
Z1551_14099,Z1547_14091,72793.60144138336
Z1551_14099,Z1547_14092,17205.760340690613
Z1551_14099,Z1547_14093,33088.000655174255
Z1551_14099,Z1547_14094,37058.560733795166
Z1551_14099,Z1547_14095,19852.800393104553
Z1551_14099,Z1547_14097,1323.5200262069702
Z1551_14099,Z1548_14087,3970.5600786209106
Z1551_14099,Z1548_14089,13235.200262069702
Z1551_14099,Z1548_14091,6617.600131034851
Z1551_14099,Z1548_14092,685583.3735752106
Z1551_14099,Z1548_14093,104558.08207035065
Z1551_14099,Z1548_14094,158822.40314483643
Z1551_14099,Z1548_14095,38382.080760002136
Z1551_14099,Z1548_14096,5294.080104827881
Z1551_14099,Z1548_14098,14558.720288276672
Z1551_14099,Z1548_14101,5294.080104827881
Z1551_14099,Z1549_14088,5294.080104827881
Z1551_14099,Z1549_14092,76764.16152000427
Z1551_14099,Z1549_14093,195880.9638786316
Z1551_14099,Z1549_14094,228968.96453380585
Z1551_14099,Z1549_14095,80734.72159862518
Z1551_14099,Z1549_14096,11911.680235862732
Z1551_14099,Z1549_14097,19852.800393104553
Z1551_14099,Z1549_14101,7941.120157241821
Z1551_14099,Z1550_14088,1323.5200262069702
Z1551_14099,Z1550_14090,5294.080104827881
Z1551_14099,Z1550_14091,10588.160209655762
Z1551_14099,Z1550_14092,39705.60078620911
Z1551_14099,Z1550_14093,201175.04398345947
Z1551_14099,Z1550_14094,100587.52199172974
Z1551_14099,Z1550_14095,43676.16086483002
Z1551_14099,Z1550_14097,2647.0400524139404
Z1551_14099,Z1550_14099,3970.5600786209106
Z1551_14099,Z1550_14100,1323.5200262069702
Z1551_14099,Z1550_14102,1323.5200262069702
Z1551_14099,Z1551_14086,7941.120157241821
Z1551_14099,Z1551_14090,7941.120157241821
Z1551_14099,Z1551_14092,2647.0400524139404
Z1551_14099,Z1551_14094,25146.880497932434
Z1551_14099,Z1551_14095,56911.36112689972
Z1551_14099,Z1552_14088,5294.080104827881
Z1551_14099,Z1552_14092,9264.640183448792
Z1551_14099,Z1552_14094,7941.120157241821
Z1551_14099,Z1552_14095,26470.400524139404
Z1551_14099,Z1552_14096,17205.760340690613
Z1551_14099,Z1552_14101,1323.5200262069702
Z1551_14099,Z1552_14102,1323.5200262069702
Z1551_14099,Z1553_14086,5294.080104827881
Z1551_14099,Z1553_14092,10588.160209655762
Z1551_14099,Z1553_14093,6617.600131034851
Z1551_14099,Z1553_14096,26470.400524139404
Z1551_14099,Z1554_14094,5294.080104827881
Z1551_14099,Z1554_14095,1323.5200262069702
Z1551_14099,Z1554_14097,3970.5600786209106
Z1551_14099,Z1554_14098,6617.600131034851
Z1551_14099,Z1554_14099,1323.5200262069702
Z1551_14099,Z1554_14100,6617.600131034851
Z1551_14099,Z1555_14090,5294.080104827881
Z1551_14099,Z1555_14091,1323.5200262069702
Z1551_14099,Z1555_14093,1323.5200262069702
Z1551_14099,Z1555_14095,5294.080104827881
Z1551_14099,Z1555_14096,1323.5200262069702
Z1551_14099,Z1555_14097,5294.080104827881
Z1551_14100,Z1542_14088,2654.725227355957
Z1551_14100,Z1542_14089,442.4542045593262
Z1551_14100,Z1542_14091,5309.450454711914
Z1551_14100,Z1542_14093,5309.450454711914
Z1551_14100,Z1543_14094,26547.25227355957
Z1551_14100,Z1543_14099,442.4542045593262
Z1551_14100,Z1543_14100,1769.8168182373047
Z1551_14100,Z1543_14101,2654.725227355957
Z1551_14100,Z1543_14102,5309.450454711914
Z1551_14100,Z1544_14087,2654.725227355957
Z1551_14100,Z1544_14089,3097.179431915283
Z1551_14100,Z1544_14091,1769.8168182373047
Z1551_14100,Z1544_14092,5309.450454711914
Z1551_14100,Z1544_14093,442.4542045593262
Z1551_14100,Z1544_14094,22122.71022796631
Z1551_14100,Z1544_14099,1769.8168182373047
Z1551_14100,Z1544_14100,442.4542045593262
Z1551_14100,Z1544_14101,9291.53829574585
Z1551_14100,Z1544_14102,1769.8168182373047
Z1551_14100,Z1545_14088,2654.725227355957
Z1551_14100,Z1545_14093,442.4542045593262
Z1551_14100,Z1545_14094,1769.8168182373047
Z1551_14100,Z1545_14095,4424.542045593262
Z1551_14100,Z1545_14099,1327.3626136779785
Z1551_14100,Z1545_14101,442.4542045593262
Z1551_14100,Z1546_14089,6636.813068389893
Z1551_14100,Z1546_14090,442.4542045593262
Z1551_14100,Z1546_14091,2654.725227355957
Z1551_14100,Z1546_14092,1327.3626136779785
Z1551_14100,Z1546_14093,4424.542045593262
Z1551_14100,Z1546_14094,2654.725227355957
Z1551_14100,Z1546_14095,10618.900909423828
Z1551_14100,Z1546_14096,3539.6336364746094
Z1551_14100,Z1547_14087,1769.8168182373047
Z1551_14100,Z1547_14089,3982.0878410339355
Z1551_14100,Z1547_14091,24334.98125076294
Z1551_14100,Z1547_14092,5751.90465927124
Z1551_14100,Z1547_14093,11061.355113983154
Z1551_14100,Z1547_14094,12388.717727661133
Z1551_14100,Z1547_14095,6636.813068389893
Z1551_14100,Z1547_14097,442.4542045593262
Z1551_14100,Z1548_14087,1327.3626136779785
Z1551_14100,Z1548_14089,4424.542045593262
Z1551_14100,Z1548_14091,2212.271022796631
Z1551_14100,Z1548_14092,229191.27796173096
Z1551_14100,Z1548_14093,34953.88216018677
Z1551_14100,Z1548_14094,53094.50454711914
Z1551_14100,Z1548_14095,12831.171932220459
Z1551_14100,Z1548_14096,1769.8168182373047
Z1551_14100,Z1548_14098,4866.996250152588
Z1551_14100,Z1548_14101,1769.8168182373047
Z1551_14100,Z1549_14088,1769.8168182373047
Z1551_14100,Z1549_14092,25662.343864440918
Z1551_14100,Z1549_14093,65483.22227478027
Z1551_14100,Z1549_14094,76544.57738876343
Z1551_14100,Z1549_14095,26989.706478118896
Z1551_14100,Z1549_14096,3982.0878410339355
Z1551_14100,Z1549_14097,6636.813068389893
Z1551_14100,Z1549_14101,2654.725227355957
Z1551_14100,Z1550_14088,442.4542045593262
Z1551_14100,Z1550_14090,1769.8168182373047
Z1551_14100,Z1550_14091,3539.6336364746094
Z1551_14100,Z1550_14092,13273.626136779785
Z1551_14100,Z1550_14093,67253.03909301758
Z1551_14100,Z1550_14094,33626.51954650879
Z1551_14100,Z1550_14095,14600.988750457764
Z1551_14100,Z1550_14097,884.9084091186523
Z1551_14100,Z1550_14099,1327.3626136779785
Z1551_14100,Z1550_14100,442.4542045593262
Z1551_14100,Z1550_14102,442.4542045593262
Z1551_14100,Z1551_14086,2654.725227355957
Z1551_14100,Z1551_14090,2654.725227355957
Z1551_14100,Z1551_14092,884.9084091186523
Z1551_14100,Z1551_14094,8406.629886627197
Z1551_14100,Z1551_14095,19025.530796051025
Z1551_14100,Z1552_14088,1769.8168182373047
Z1551_14100,Z1552_14092,3097.179431915283
Z1551_14100,Z1552_14094,2654.725227355957
Z1551_14100,Z1552_14095,8849.084091186523
Z1551_14100,Z1552_14096,5751.90465927124
Z1551_14100,Z1552_14101,442.4542045593262
Z1551_14100,Z1552_14102,442.4542045593262
Z1551_14100,Z1553_14086,1769.8168182373047
Z1551_14100,Z1553_14092,3539.6336364746094
Z1551_14100,Z1553_14093,2212.271022796631
Z1551_14100,Z1553_14096,8849.084091186523
Z1551_14100,Z1554_14094,1769.8168182373047
Z1551_14100,Z1554_14095,442.4542045593262
Z1551_14100,Z1554_14097,1327.3626136779785
Z1551_14100,Z1554_14098,2212.271022796631
Z1551_14100,Z1554_14099,442.4542045593262
Z1551_14100,Z1554_14100,2212.271022796631
Z1551_14100,Z1555_14090,1769.8168182373047
Z1551_14100,Z1555_14091,442.4542045593262
Z1551_14100,Z1555_14093,442.4542045593262
Z1551_14100,Z1555_14095,1769.8168182373047
Z1551_14100,Z1555_14096,442.4542045593262
Z1551_14100,Z1555_14097,1769.8168182373047
Z1552_14089,Z1542_14088,2180.229070186615
Z1552_14089,Z1542_14089,363.37151169776917
Z1552_14089,Z1542_14091,4360.45814037323
Z1552_14089,Z1542_14093,4360.45814037323
Z1552_14089,Z1543_14094,21802.29070186615
Z1552_14089,Z1543_14099,363.37151169776917
Z1552_14089,Z1543_14100,1453.4860467910767
Z1552_14089,Z1543_14101,2180.229070186615
Z1552_14089,Z1543_14102,4360.45814037323
Z1552_14089,Z1544_14087,2180.229070186615
Z1552_14089,Z1544_14089,2543.600581884384
Z1552_14089,Z1544_14091,1453.4860467910767
Z1552_14089,Z1544_14092,4360.45814037323
Z1552_14089,Z1544_14093,363.37151169776917
Z1552_14089,Z1544_14094,18168.57558488846
Z1552_14089,Z1544_14099,1453.4860467910767
Z1552_14089,Z1544_14100,363.37151169776917
Z1552_14089,Z1544_14101,7630.8017456531525
Z1552_14089,Z1544_14102,1453.4860467910767
Z1552_14089,Z1545_14088,2180.229070186615
Z1552_14089,Z1545_14093,363.37151169776917
Z1552_14089,Z1545_14094,1453.4860467910767
Z1552_14089,Z1545_14095,3633.7151169776917
Z1552_14089,Z1545_14099,1090.1145350933075
Z1552_14089,Z1545_14101,363.37151169776917
Z1552_14089,Z1546_14089,5450.5726754665375
Z1552_14089,Z1546_14090,363.37151169776917
Z1552_14089,Z1546_14091,2180.229070186615
Z1552_14089,Z1546_14092,1090.1145350933075
Z1552_14089,Z1546_14093,3633.7151169776917
Z1552_14089,Z1546_14094,2180.229070186615
Z1552_14089,Z1546_14095,8720.91628074646
Z1552_14089,Z1546_14096,2906.9720935821533
Z1552_14089,Z1547_14087,1453.4860467910767
Z1552_14089,Z1547_14089,3270.3436052799225
Z1552_14089,Z1547_14091,19985.433143377304
Z1552_14089,Z1547_14092,4723.829652070999
Z1552_14089,Z1547_14093,9084.28779244423
Z1552_14089,Z1547_14094,10174.402327537537
Z1552_14089,Z1547_14095,5450.5726754665375
Z1552_14089,Z1547_14097,363.37151169776917
Z1552_14089,Z1548_14087,1090.1145350933075
Z1552_14089,Z1548_14089,3633.7151169776917
Z1552_14089,Z1548_14091,1816.8575584888458
Z1552_14089,Z1548_14092,188226.44305944443
Z1552_14089,Z1548_14093,28706.349424123764
Z1552_14089,Z1548_14094,43604.5814037323
Z1552_14089,Z1548_14095,10537.773839235306
Z1552_14089,Z1548_14096,1453.4860467910767
Z1552_14089,Z1548_14098,3997.086628675461
Z1552_14089,Z1548_14101,1453.4860467910767
Z1552_14089,Z1549_14088,1453.4860467910767
Z1552_14089,Z1549_14092,21075.54767847061
Z1552_14089,Z1549_14093,53778.98373126984
Z1552_14089,Z1549_14094,62863.271523714066
Z1552_14089,Z1549_14095,22165.66221356392
Z1552_14089,Z1549_14096,3270.3436052799225
Z1552_14089,Z1549_14097,5450.5726754665375
Z1552_14089,Z1549_14101,2180.229070186615
Z1552_14089,Z1550_14088,363.37151169776917
Z1552_14089,Z1550_14090,1453.4860467910767
Z1552_14089,Z1550_14091,2906.9720935821533
Z1552_14089,Z1550_14092,10901.145350933075
Z1552_14089,Z1550_14093,55232.46977806091
Z1552_14089,Z1550_14094,27616.234889030457
Z1552_14089,Z1550_14095,11991.259886026382
Z1552_14089,Z1550_14097,726.7430233955383
Z1552_14089,Z1550_14099,1090.1145350933075
Z1552_14089,Z1550_14100,363.37151169776917
Z1552_14089,Z1550_14102,363.37151169776917
Z1552_14089,Z1551_14086,2180.229070186615
Z1552_14089,Z1551_14090,2180.229070186615
Z1552_14089,Z1551_14092,726.7430233955383
Z1552_14089,Z1551_14094,6904.058722257614
Z1552_14089,Z1551_14095,15624.975003004074
Z1552_14089,Z1552_14088,1453.4860467910767
Z1552_14089,Z1552_14092,2543.600581884384
Z1552_14089,Z1552_14094,2180.229070186615
Z1552_14089,Z1552_14095,7267.430233955383
Z1552_14089,Z1552_14096,4723.829652070999
Z1552_14089,Z1552_14101,363.37151169776917
Z1552_14089,Z1552_14102,363.37151169776917
Z1552_14089,Z1553_14086,1453.4860467910767
Z1552_14089,Z1553_14092,2906.9720935821533
Z1552_14089,Z1553_14093,1816.8575584888458
Z1552_14089,Z1553_14096,7267.430233955383
Z1552_14089,Z1554_14094,1453.4860467910767
Z1552_14089,Z1554_14095,363.37151169776917
Z1552_14089,Z1554_14097,1090.1145350933075
Z1552_14089,Z1554_14098,1816.8575584888458
Z1552_14089,Z1554_14099,363.37151169776917
Z1552_14089,Z1554_14100,1816.8575584888458
Z1552_14089,Z1555_14090,1453.4860467910767
Z1552_14089,Z1555_14091,363.37151169776917
Z1552_14089,Z1555_14093,363.37151169776917
Z1552_14089,Z1555_14095,1453.4860467910767
Z1552_14089,Z1555_14096,363.37151169776917
Z1552_14089,Z1555_14097,1453.4860467910767
Z1552_14090,Z1542_14088,3883.6985635757446
Z1552_14090,Z1542_14089,647.2830939292908
Z1552_14090,Z1542_14091,7767.397127151489
Z1552_14090,Z1542_14093,7767.397127151489
Z1552_14090,Z1543_14094,38836.985635757446
Z1552_14090,Z1543_14099,647.2830939292908
Z1552_14090,Z1543_14100,2589.132375717163
Z1552_14090,Z1543_14101,3883.6985635757446
Z1552_14090,Z1543_14102,7767.397127151489
Z1552_14090,Z1544_14087,3883.6985635757446
Z1552_14090,Z1544_14089,4530.981657505035
Z1552_14090,Z1544_14091,2589.132375717163
Z1552_14090,Z1544_14092,7767.397127151489
Z1552_14090,Z1544_14093,647.2830939292908
Z1552_14090,Z1544_14094,32364.15469646454
Z1552_14090,Z1544_14099,2589.132375717163
Z1552_14090,Z1544_14100,647.2830939292908
Z1552_14090,Z1544_14101,13592.944972515106
Z1552_14090,Z1544_14102,2589.132375717163
Z1552_14090,Z1545_14088,3883.6985635757446
Z1552_14090,Z1545_14093,647.2830939292908
Z1552_14090,Z1545_14094,2589.132375717163
Z1552_14090,Z1545_14095,6472.830939292908
Z1552_14090,Z1545_14099,1941.8492817878723
Z1552_14090,Z1545_14101,647.2830939292908
Z1552_14090,Z1546_14089,9709.246408939362
Z1552_14090,Z1546_14090,647.2830939292908
Z1552_14090,Z1546_14091,3883.6985635757446
Z1552_14090,Z1546_14092,1941.8492817878723
Z1552_14090,Z1546_14093,6472.830939292908
Z1552_14090,Z1546_14094,3883.6985635757446
Z1552_14090,Z1546_14095,15534.794254302979
Z1552_14090,Z1546_14096,5178.264751434326
Z1552_14090,Z1547_14087,2589.132375717163
Z1552_14090,Z1547_14089,5825.547845363617
Z1552_14090,Z1547_14091,35600.57016611099
Z1552_14090,Z1547_14092,8414.68022108078
Z1552_14090,Z1547_14093,16182.07734823227
Z1552_14090,Z1547_14094,18123.92663002014
Z1552_14090,Z1547_14095,9709.246408939362
Z1552_14090,Z1547_14097,647.2830939292908
Z1552_14090,Z1548_14087,1941.8492817878723
Z1552_14090,Z1548_14089,6472.830939292908
Z1552_14090,Z1548_14091,3236.415469646454
Z1552_14090,Z1548_14092,335292.6426553726
Z1552_14090,Z1548_14093,51135.36442041397
Z1552_14090,Z1548_14094,77673.97127151489
Z1552_14090,Z1548_14095,18771.209723949432
Z1552_14090,Z1548_14096,2589.132375717163
Z1552_14090,Z1548_14098,7120.1140332221985
Z1552_14090,Z1548_14101,2589.132375717163
Z1552_14090,Z1549_14088,2589.132375717163
Z1552_14090,Z1549_14092,37542.419447898865
Z1552_14090,Z1549_14093,95797.89790153503
Z1552_14090,Z1549_14094,111979.9752497673
Z1552_14090,Z1549_14095,39484.26872968674
Z1552_14090,Z1549_14096,5825.547845363617
Z1552_14090,Z1549_14097,9709.246408939362
Z1552_14090,Z1549_14101,3883.6985635757446
Z1552_14090,Z1550_14088,647.2830939292908
Z1552_14090,Z1550_14090,2589.132375717163
Z1552_14090,Z1550_14091,5178.264751434326
Z1552_14090,Z1550_14092,19418.492817878723
Z1552_14090,Z1550_14093,98387.0302772522
Z1552_14090,Z1550_14094,49193.5151386261
Z1552_14090,Z1550_14095,21360.342099666595
Z1552_14090,Z1550_14097,1294.5661878585815
Z1552_14090,Z1550_14099,1941.8492817878723
Z1552_14090,Z1550_14100,647.2830939292908
Z1552_14090,Z1550_14102,647.2830939292908
Z1552_14090,Z1551_14086,3883.6985635757446
Z1552_14090,Z1551_14090,3883.6985635757446
Z1552_14090,Z1551_14092,1294.5661878585815
Z1552_14090,Z1551_14094,12298.378784656525
Z1552_14090,Z1551_14095,27833.173038959503
Z1552_14090,Z1552_14088,2589.132375717163
Z1552_14090,Z1552_14092,4530.981657505035
Z1552_14090,Z1552_14094,3883.6985635757446
Z1552_14090,Z1552_14095,12945.661878585815
Z1552_14090,Z1552_14096,8414.68022108078
Z1552_14090,Z1552_14101,647.2830939292908
Z1552_14090,Z1552_14102,647.2830939292908
Z1552_14090,Z1553_14086,2589.132375717163
Z1552_14090,Z1553_14092,5178.264751434326
Z1552_14090,Z1553_14093,3236.415469646454
Z1552_14090,Z1553_14096,12945.661878585815
Z1552_14090,Z1554_14094,2589.132375717163
Z1552_14090,Z1554_14095,647.2830939292908
Z1552_14090,Z1554_14097,1941.8492817878723
Z1552_14090,Z1554_14098,3236.415469646454
Z1552_14090,Z1554_14099,647.2830939292908
Z1552_14090,Z1554_14100,3236.415469646454
Z1552_14090,Z1555_14090,2589.132375717163
Z1552_14090,Z1555_14091,647.2830939292908
Z1552_14090,Z1555_14093,647.2830939292908
Z1552_14090,Z1555_14095,2589.132375717163
Z1552_14090,Z1555_14096,647.2830939292908
Z1552_14090,Z1555_14097,2589.132375717163
Z1552_14091,Z1542_14088,6241.427192687988
Z1552_14091,Z1542_14089,1040.237865447998
Z1552_14091,Z1542_14091,12482.854385375977
Z1552_14091,Z1542_14093,12482.854385375977
Z1552_14091,Z1543_14094,62414.27192687988
Z1552_14091,Z1543_14099,1040.237865447998
Z1552_14091,Z1543_14100,4160.951461791992
Z1552_14091,Z1543_14101,6241.427192687988
Z1552_14091,Z1543_14102,12482.854385375977
Z1552_14091,Z1544_14087,6241.427192687988
Z1552_14091,Z1544_14089,7281.665058135986
Z1552_14091,Z1544_14091,4160.951461791992
Z1552_14091,Z1544_14092,12482.854385375977
Z1552_14091,Z1544_14093,1040.237865447998
Z1552_14091,Z1544_14094,52011.8932723999
Z1552_14091,Z1544_14099,4160.951461791992
Z1552_14091,Z1544_14100,1040.237865447998
Z1552_14091,Z1544_14101,21844.99517440796
Z1552_14091,Z1544_14102,4160.951461791992
Z1552_14091,Z1545_14088,6241.427192687988
Z1552_14091,Z1545_14093,1040.237865447998
Z1552_14091,Z1545_14094,4160.951461791992
Z1552_14091,Z1545_14095,10402.37865447998
Z1552_14091,Z1545_14099,3120.713596343994
Z1552_14091,Z1545_14101,1040.237865447998
Z1552_14091,Z1546_14089,15603.56798171997
Z1552_14091,Z1546_14090,1040.237865447998
Z1552_14091,Z1546_14091,6241.427192687988
Z1552_14091,Z1546_14092,3120.713596343994
Z1552_14091,Z1546_14093,10402.37865447998
Z1552_14091,Z1546_14094,6241.427192687988
Z1552_14091,Z1546_14095,24965.708770751953
Z1552_14091,Z1546_14096,8321.902923583984
Z1552_14091,Z1547_14087,4160.951461791992
Z1552_14091,Z1547_14089,9362.140789031982
Z1552_14091,Z1547_14091,57213.08259963989
Z1552_14091,Z1547_14092,13523.092250823975
Z1552_14091,Z1547_14093,26005.94663619995
Z1552_14091,Z1547_14094,29126.660232543945
Z1552_14091,Z1547_14095,15603.56798171997
Z1552_14091,Z1547_14097,1040.237865447998
Z1552_14091,Z1548_14087,3120.713596343994
Z1552_14091,Z1548_14089,10402.37865447998
Z1552_14091,Z1548_14091,5201.18932723999
Z1552_14091,Z1548_14092,538843.214302063
Z1552_14091,Z1548_14093,82178.79137039185
Z1552_14091,Z1548_14094,124828.54385375977
Z1552_14091,Z1548_14095,30166.898097991943
Z1552_14091,Z1548_14096,4160.951461791992
Z1552_14091,Z1548_14098,11442.616519927979
Z1552_14091,Z1548_14101,4160.951461791992
Z1552_14091,Z1549_14088,4160.951461791992
Z1552_14091,Z1549_14092,60333.79619598389
Z1552_14091,Z1549_14093,153955.2040863037
Z1552_14091,Z1549_14094,179961.15072250366
Z1552_14091,Z1549_14095,63454.50979232788
Z1552_14091,Z1549_14096,9362.140789031982
Z1552_14091,Z1549_14097,15603.56798171997
Z1552_14091,Z1549_14101,6241.427192687988
Z1552_14091,Z1550_14088,1040.237865447998
Z1552_14091,Z1550_14090,4160.951461791992
Z1552_14091,Z1550_14091,8321.902923583984
Z1552_14091,Z1550_14092,31207.13596343994
Z1552_14091,Z1550_14093,158116.1555480957
Z1552_14091,Z1550_14094,79058.07777404785
Z1552_14091,Z1550_14095,34327.849559783936
Z1552_14091,Z1550_14097,2080.475730895996
Z1552_14091,Z1550_14099,3120.713596343994
Z1552_14091,Z1550_14100,1040.237865447998
Z1552_14091,Z1550_14102,1040.237865447998
Z1552_14091,Z1551_14086,6241.427192687988
Z1552_14091,Z1551_14090,6241.427192687988
Z1552_14091,Z1551_14092,2080.475730895996
Z1552_14091,Z1551_14094,19764.519443511963
Z1552_14091,Z1551_14095,44730.228214263916
Z1552_14091,Z1552_14088,4160.951461791992
Z1552_14091,Z1552_14092,7281.665058135986
Z1552_14091,Z1552_14094,6241.427192687988
Z1552_14091,Z1552_14095,20804.75730895996
Z1552_14091,Z1552_14096,13523.092250823975
Z1552_14091,Z1552_14101,1040.237865447998
Z1552_14091,Z1552_14102,1040.237865447998
Z1552_14091,Z1553_14086,4160.951461791992
Z1552_14091,Z1553_14092,8321.902923583984
Z1552_14091,Z1553_14093,5201.18932723999
Z1552_14091,Z1553_14096,20804.75730895996
Z1552_14091,Z1554_14094,4160.951461791992
Z1552_14091,Z1554_14095,1040.237865447998
Z1552_14091,Z1554_14097,3120.713596343994
Z1552_14091,Z1554_14098,5201.18932723999
Z1552_14091,Z1554_14099,1040.237865447998
Z1552_14091,Z1554_14100,5201.18932723999
Z1552_14091,Z1555_14090,4160.951461791992
Z1552_14091,Z1555_14091,1040.237865447998
Z1552_14091,Z1555_14093,1040.237865447998
Z1552_14091,Z1555_14095,4160.951461791992
Z1552_14091,Z1555_14096,1040.237865447998
Z1552_14091,Z1555_14097,4160.951461791992
Z1552_14092,Z1542_14088,13174.208793640137
Z1552_14092,Z1542_14089,2195.7014656066895
Z1552_14092,Z1542_14091,26348.417587280273
Z1552_14092,Z1542_14093,26348.417587280273
Z1552_14092,Z1543_14094,131742.08793640137
Z1552_14092,Z1543_14099,2195.7014656066895
Z1552_14092,Z1543_14100,8782.805862426758
Z1552_14092,Z1543_14101,13174.208793640137
Z1552_14092,Z1543_14102,26348.417587280273
Z1552_14092,Z1544_14087,13174.208793640137
Z1552_14092,Z1544_14089,15369.910259246826
Z1552_14092,Z1544_14091,8782.805862426758
Z1552_14092,Z1544_14092,26348.417587280273
Z1552_14092,Z1544_14093,2195.7014656066895
Z1552_14092,Z1544_14094,109785.07328033447
Z1552_14092,Z1544_14099,8782.805862426758
Z1552_14092,Z1544_14100,2195.7014656066895
Z1552_14092,Z1544_14101,46109.73077774048
Z1552_14092,Z1544_14102,8782.805862426758
Z1552_14092,Z1545_14088,13174.208793640137
Z1552_14092,Z1545_14093,2195.7014656066895
Z1552_14092,Z1545_14094,8782.805862426758
Z1552_14092,Z1545_14095,21957.014656066895
Z1552_14092,Z1545_14099,6587.104396820068
Z1552_14092,Z1545_14101,2195.7014656066895
Z1552_14092,Z1546_14089,32935.52198410034
Z1552_14092,Z1546_14090,2195.7014656066895
Z1552_14092,Z1546_14091,13174.208793640137
Z1552_14092,Z1546_14092,6587.104396820068
Z1552_14092,Z1546_14093,21957.014656066895
Z1552_14092,Z1546_14094,13174.208793640137
Z1552_14092,Z1546_14095,52696.83517456055
Z1552_14092,Z1546_14096,17565.611724853516
Z1552_14092,Z1547_14087,8782.805862426758
Z1552_14092,Z1547_14089,19761.313190460205
Z1552_14092,Z1547_14091,120763.58060836792
Z1552_14092,Z1547_14092,28544.119052886963
Z1552_14092,Z1547_14093,54892.536640167236
Z1552_14092,Z1547_14094,61479.641036987305
Z1552_14092,Z1547_14095,32935.52198410034
Z1552_14092,Z1547_14097,2195.7014656066895
Z1552_14092,Z1548_14087,6587.104396820068
Z1552_14092,Z1548_14089,21957.014656066895
Z1552_14092,Z1548_14091,10978.507328033447
Z1552_14092,Z1548_14092,1137373.3591842651
Z1552_14092,Z1548_14093,173460.41578292847
Z1552_14092,Z1548_14094,263484.17587280273
Z1552_14092,Z1548_14095,63675.342502593994
Z1552_14092,Z1548_14096,8782.805862426758
Z1552_14092,Z1548_14098,24152.716121673584
Z1552_14092,Z1548_14101,8782.805862426758
Z1552_14092,Z1549_14088,8782.805862426758
Z1552_14092,Z1549_14092,127350.68500518799
Z1552_14092,Z1549_14093,324963.81690979004
Z1552_14092,Z1549_14094,379856.3535499573
Z1552_14092,Z1549_14095,133937.78940200806
Z1552_14092,Z1549_14096,19761.313190460205
Z1552_14092,Z1549_14097,32935.52198410034
Z1552_14092,Z1549_14101,13174.208793640137
Z1552_14092,Z1550_14088,2195.7014656066895
Z1552_14092,Z1550_14090,8782.805862426758
Z1552_14092,Z1550_14091,17565.611724853516
Z1552_14092,Z1550_14092,65871.04396820068
Z1552_14092,Z1550_14093,333746.6227722168
Z1552_14092,Z1550_14094,166873.3113861084
Z1552_14092,Z1550_14095,72458.14836502075
Z1552_14092,Z1550_14097,4391.402931213379
Z1552_14092,Z1550_14099,6587.104396820068
Z1552_14092,Z1550_14100,2195.7014656066895
Z1552_14092,Z1550_14102,2195.7014656066895
Z1552_14092,Z1551_14086,13174.208793640137
Z1552_14092,Z1551_14090,13174.208793640137
Z1552_14092,Z1551_14092,4391.402931213379
Z1552_14092,Z1551_14094,41718.3278465271
Z1552_14092,Z1551_14095,94415.16302108765
Z1552_14092,Z1552_14088,8782.805862426758
Z1552_14092,Z1552_14092,15369.910259246826
Z1552_14092,Z1552_14094,13174.208793640137
Z1552_14092,Z1552_14095,43914.02931213379
Z1552_14092,Z1552_14096,28544.119052886963
Z1552_14092,Z1552_14101,2195.7014656066895
Z1552_14092,Z1552_14102,2195.7014656066895
Z1552_14092,Z1553_14086,8782.805862426758
Z1552_14092,Z1553_14092,17565.611724853516
Z1552_14092,Z1553_14093,10978.507328033447
Z1552_14092,Z1553_14096,43914.02931213379
Z1552_14092,Z1554_14094,8782.805862426758
Z1552_14092,Z1554_14095,2195.7014656066895
Z1552_14092,Z1554_14097,6587.104396820068
Z1552_14092,Z1554_14098,10978.507328033447
Z1552_14092,Z1554_14099,2195.7014656066895
Z1552_14092,Z1554_14100,10978.507328033447
Z1552_14092,Z1555_14090,8782.805862426758
Z1552_14092,Z1555_14091,2195.7014656066895
Z1552_14092,Z1555_14093,2195.7014656066895
Z1552_14092,Z1555_14095,8782.805862426758
Z1552_14092,Z1555_14096,2195.7014656066895
Z1552_14092,Z1555_14097,8782.805862426758
Z1552_14093,Z1542_14088,21014.035634994507
Z1552_14093,Z1542_14089,3502.3392724990845
Z1552_14093,Z1542_14091,42028.071269989014
Z1552_14093,Z1542_14093,42028.071269989014
Z1552_14093,Z1543_14094,210140.35634994507
Z1552_14093,Z1543_14099,3502.3392724990845
Z1552_14093,Z1543_14100,14009.357089996338
Z1552_14093,Z1543_14101,21014.035634994507
Z1552_14093,Z1543_14102,42028.071269989014
Z1552_14093,Z1544_14087,21014.035634994507
Z1552_14093,Z1544_14089,24516.37490749359
Z1552_14093,Z1544_14091,14009.357089996338
Z1552_14093,Z1544_14092,42028.071269989014
Z1552_14093,Z1544_14093,3502.3392724990845
Z1552_14093,Z1544_14094,175116.96362495422
Z1552_14093,Z1544_14099,14009.357089996338
Z1552_14093,Z1544_14100,3502.3392724990845
Z1552_14093,Z1544_14101,73549.12472248077
Z1552_14093,Z1544_14102,14009.357089996338
Z1552_14093,Z1545_14088,21014.035634994507
Z1552_14093,Z1545_14093,3502.3392724990845
Z1552_14093,Z1545_14094,14009.357089996338
Z1552_14093,Z1545_14095,35023.392724990845
Z1552_14093,Z1545_14099,10507.017817497253
Z1552_14093,Z1545_14101,3502.3392724990845
Z1552_14093,Z1546_14089,52535.08908748627
Z1552_14093,Z1546_14090,3502.3392724990845
Z1552_14093,Z1546_14091,21014.035634994507
Z1552_14093,Z1546_14092,10507.017817497253
Z1552_14093,Z1546_14093,35023.392724990845
Z1552_14093,Z1546_14094,21014.035634994507
Z1552_14093,Z1546_14095,84056.14253997803
Z1552_14093,Z1546_14096,28018.714179992676
Z1552_14093,Z1547_14087,14009.357089996338
Z1552_14093,Z1547_14089,31521.05345249176
Z1552_14093,Z1547_14091,192628.65998744965
Z1552_14093,Z1547_14092,45530.4105424881
Z1552_14093,Z1547_14093,87558.48181247711
Z1552_14093,Z1547_14094,98065.49962997437
Z1552_14093,Z1547_14095,52535.08908748627
Z1552_14093,Z1547_14097,3502.3392724990845
Z1552_14093,Z1548_14087,10507.017817497253
Z1552_14093,Z1548_14089,35023.392724990845
Z1552_14093,Z1548_14091,17511.696362495422
Z1552_14093,Z1548_14092,1814211.7431545258
Z1552_14093,Z1548_14093,276684.8025274277
Z1552_14093,Z1548_14094,420280.71269989014
Z1552_14093,Z1548_14095,101567.83890247345
Z1552_14093,Z1548_14096,14009.357089996338
Z1552_14093,Z1548_14098,38525.73199748993
Z1552_14093,Z1548_14101,14009.357089996338
Z1552_14093,Z1549_14088,14009.357089996338
Z1552_14093,Z1549_14092,203135.6778049469
Z1552_14093,Z1549_14093,518346.2123298645
Z1552_14093,Z1549_14094,605904.6941423416
Z1552_14093,Z1549_14095,213642.69562244415
Z1552_14093,Z1549_14096,31521.05345249176
Z1552_14093,Z1549_14097,52535.08908748627
Z1552_14093,Z1549_14101,21014.035634994507
Z1552_14093,Z1550_14088,3502.3392724990845
Z1552_14093,Z1550_14090,14009.357089996338
Z1552_14093,Z1550_14091,28018.714179992676
Z1552_14093,Z1550_14092,105070.17817497253
Z1552_14093,Z1550_14093,532355.5694198608
Z1552_14093,Z1550_14094,266177.7847099304
Z1552_14093,Z1550_14095,115577.19599246979
Z1552_14093,Z1550_14097,7004.678544998169
Z1552_14093,Z1550_14099,10507.017817497253
Z1552_14093,Z1550_14100,3502.3392724990845
Z1552_14093,Z1550_14102,3502.3392724990845
Z1552_14093,Z1551_14086,21014.035634994507
Z1552_14093,Z1551_14090,21014.035634994507
Z1552_14093,Z1551_14092,7004.678544998169
Z1552_14093,Z1551_14094,66544.4461774826
Z1552_14093,Z1551_14095,150600.58871746063
Z1552_14093,Z1552_14088,14009.357089996338
Z1552_14093,Z1552_14092,24516.37490749359
Z1552_14093,Z1552_14094,21014.035634994507
Z1552_14093,Z1552_14095,70046.78544998169
Z1552_14093,Z1552_14096,45530.4105424881
Z1552_14093,Z1552_14101,3502.3392724990845
Z1552_14093,Z1552_14102,3502.3392724990845
Z1552_14093,Z1553_14086,14009.357089996338
Z1552_14093,Z1553_14092,28018.714179992676
Z1552_14093,Z1553_14093,17511.696362495422
Z1552_14093,Z1553_14096,70046.78544998169
Z1552_14093,Z1554_14094,14009.357089996338
Z1552_14093,Z1554_14095,3502.3392724990845
Z1552_14093,Z1554_14097,10507.017817497253
Z1552_14093,Z1554_14098,17511.696362495422
Z1552_14093,Z1554_14099,3502.3392724990845
Z1552_14093,Z1554_14100,17511.696362495422
Z1552_14093,Z1555_14090,14009.357089996338
Z1552_14093,Z1555_14091,3502.3392724990845
Z1552_14093,Z1555_14093,3502.3392724990845
Z1552_14093,Z1555_14095,14009.357089996338
Z1552_14093,Z1555_14096,3502.3392724990845
Z1552_14093,Z1555_14097,14009.357089996338
Z1552_14094,Z1542_14088,21457.333631515503
Z1552_14094,Z1542_14089,3576.2222719192505
Z1552_14094,Z1542_14091,42914.667263031006
Z1552_14094,Z1542_14093,42914.667263031006
Z1552_14094,Z1543_14094,214573.33631515503
Z1552_14094,Z1543_14099,3576.2222719192505
Z1552_14094,Z1543_14100,14304.889087677002
Z1552_14094,Z1543_14101,21457.333631515503
Z1552_14094,Z1543_14102,42914.667263031006
Z1552_14094,Z1544_14087,21457.333631515503
Z1552_14094,Z1544_14089,25033.555903434753
Z1552_14094,Z1544_14091,14304.889087677002
Z1552_14094,Z1544_14092,42914.667263031006
Z1552_14094,Z1544_14093,3576.2222719192505
Z1552_14094,Z1544_14094,178811.11359596252
Z1552_14094,Z1544_14099,14304.889087677002
Z1552_14094,Z1544_14100,3576.2222719192505
Z1552_14094,Z1544_14101,75100.66771030426
Z1552_14094,Z1544_14102,14304.889087677002
Z1552_14094,Z1545_14088,21457.333631515503
Z1552_14094,Z1545_14093,3576.2222719192505
Z1552_14094,Z1545_14094,14304.889087677002
Z1552_14094,Z1545_14095,35762.222719192505
Z1552_14094,Z1545_14099,10728.666815757751
Z1552_14094,Z1545_14101,3576.2222719192505
Z1552_14094,Z1546_14089,53643.33407878876
Z1552_14094,Z1546_14090,3576.2222719192505
Z1552_14094,Z1546_14091,21457.333631515503
Z1552_14094,Z1546_14092,10728.666815757751
Z1552_14094,Z1546_14093,35762.222719192505
Z1552_14094,Z1546_14094,21457.333631515503
Z1552_14094,Z1546_14095,85829.33452606201
Z1552_14094,Z1546_14096,28609.778175354004
Z1552_14094,Z1547_14087,14304.889087677002
Z1552_14094,Z1547_14089,32186.000447273254
Z1552_14094,Z1547_14091,196692.22495555878
Z1552_14094,Z1547_14092,46490.889534950256
Z1552_14094,Z1547_14093,89405.55679798126
Z1552_14094,Z1547_14094,100134.22361373901
Z1552_14094,Z1547_14095,53643.33407878876
Z1552_14094,Z1547_14097,3576.2222719192505
Z1552_14094,Z1548_14087,10728.666815757751
Z1552_14094,Z1548_14089,35762.222719192505
Z1552_14094,Z1548_14091,17881.111359596252
Z1552_14094,Z1548_14092,1852483.1368541718
Z1552_14094,Z1548_14093,282521.5594816208
Z1552_14094,Z1548_14094,429146.67263031006
Z1552_14094,Z1548_14095,103710.44588565826
Z1552_14094,Z1548_14096,14304.889087677002
Z1552_14094,Z1548_14098,39338.444991111755
Z1552_14094,Z1548_14101,14304.889087677002
Z1552_14094,Z1549_14088,14304.889087677002
Z1552_14094,Z1549_14092,207420.89177131653
Z1552_14094,Z1549_14093,529280.8962440491
Z1552_14094,Z1549_14094,618686.4530420303
Z1552_14094,Z1549_14095,218149.55858707428
Z1552_14094,Z1549_14096,32186.000447273254
Z1552_14094,Z1549_14097,53643.33407878876
Z1552_14094,Z1549_14101,21457.333631515503
Z1552_14094,Z1550_14088,3576.2222719192505
Z1552_14094,Z1550_14090,14304.889087677002
Z1552_14094,Z1550_14091,28609.778175354004
Z1552_14094,Z1550_14092,107286.66815757751
Z1552_14094,Z1550_14093,543585.7853317261
Z1552_14094,Z1550_14094,271792.89266586304
Z1552_14094,Z1550_14095,118015.33497333527
Z1552_14094,Z1550_14097,7152.444543838501
Z1552_14094,Z1550_14099,10728.666815757751
Z1552_14094,Z1550_14100,3576.2222719192505
Z1552_14094,Z1550_14102,3576.2222719192505
Z1552_14094,Z1551_14086,21457.333631515503
Z1552_14094,Z1551_14090,21457.333631515503
Z1552_14094,Z1551_14092,7152.444543838501
Z1552_14094,Z1551_14094,67948.22316646576
Z1552_14094,Z1551_14095,153777.55769252777
Z1552_14094,Z1552_14088,14304.889087677002
Z1552_14094,Z1552_14092,25033.555903434753
Z1552_14094,Z1552_14094,21457.333631515503
Z1552_14094,Z1552_14095,71524.44543838501
Z1552_14094,Z1552_14096,46490.889534950256
Z1552_14094,Z1552_14101,3576.2222719192505
Z1552_14094,Z1552_14102,3576.2222719192505
Z1552_14094,Z1553_14086,14304.889087677002
Z1552_14094,Z1553_14092,28609.778175354004
Z1552_14094,Z1553_14093,17881.111359596252
Z1552_14094,Z1553_14096,71524.44543838501
Z1552_14094,Z1554_14094,14304.889087677002
Z1552_14094,Z1554_14095,3576.2222719192505
Z1552_14094,Z1554_14097,10728.666815757751
Z1552_14094,Z1554_14098,17881.111359596252
Z1552_14094,Z1554_14099,3576.2222719192505
Z1552_14094,Z1554_14100,17881.111359596252
Z1552_14094,Z1555_14090,14304.889087677002
Z1552_14094,Z1555_14091,3576.2222719192505
Z1552_14094,Z1555_14093,3576.2222719192505
Z1552_14094,Z1555_14095,14304.889087677002
Z1552_14094,Z1555_14096,3576.2222719192505
Z1552_14094,Z1555_14097,14304.889087677002
Z1552_14095,Z1542_14088,28982.186222076416
Z1552_14095,Z1542_14089,4830.364370346069
Z1552_14095,Z1542_14091,57964.37244415283
Z1552_14095,Z1542_14093,57964.37244415283
Z1552_14095,Z1543_14094,289821.86222076416
Z1552_14095,Z1543_14099,4830.364370346069
Z1552_14095,Z1543_14100,19321.457481384277
Z1552_14095,Z1543_14101,28982.186222076416
Z1552_14095,Z1543_14102,57964.37244415283
Z1552_14095,Z1544_14087,28982.186222076416
Z1552_14095,Z1544_14089,33812.550592422485
Z1552_14095,Z1544_14091,19321.457481384277
Z1552_14095,Z1544_14092,57964.37244415283
Z1552_14095,Z1544_14093,4830.364370346069
Z1552_14095,Z1544_14094,241518.21851730347
Z1552_14095,Z1544_14099,19321.457481384277
Z1552_14095,Z1544_14100,4830.364370346069
Z1552_14095,Z1544_14101,101437.65177726746
Z1552_14095,Z1544_14102,19321.457481384277
Z1552_14095,Z1545_14088,28982.186222076416
Z1552_14095,Z1545_14093,4830.364370346069
Z1552_14095,Z1545_14094,19321.457481384277
Z1552_14095,Z1545_14095,48303.64370346069
Z1552_14095,Z1545_14099,14491.093111038208
Z1552_14095,Z1545_14101,4830.364370346069
Z1552_14095,Z1546_14089,72455.46555519104
Z1552_14095,Z1546_14090,4830.364370346069
Z1552_14095,Z1546_14091,28982.186222076416
Z1552_14095,Z1546_14092,14491.093111038208
Z1552_14095,Z1546_14093,48303.64370346069
Z1552_14095,Z1546_14094,28982.186222076416
Z1552_14095,Z1546_14095,115928.74488830566
Z1552_14095,Z1546_14096,38642.914962768555
Z1552_14095,Z1547_14087,19321.457481384277
Z1552_14095,Z1547_14089,43473.279333114624
Z1552_14095,Z1547_14091,265670.0403690338
Z1552_14095,Z1547_14092,62794.7368144989
Z1552_14095,Z1547_14093,120759.10925865173
Z1552_14095,Z1547_14094,135250.20236968994
Z1552_14095,Z1547_14095,72455.46555519104
Z1552_14095,Z1547_14097,4830.364370346069
Z1552_14095,Z1548_14087,14491.093111038208
Z1552_14095,Z1548_14089,48303.64370346069
Z1552_14095,Z1548_14091,24151.821851730347
Z1552_14095,Z1548_14092,2502128.743839264
Z1552_14095,Z1548_14093,381598.7852573395
Z1552_14095,Z1548_14094,579643.7244415283
Z1552_14095,Z1548_14095,140080.566740036
Z1552_14095,Z1548_14096,19321.457481384277
Z1552_14095,Z1548_14098,53134.00807380676
Z1552_14095,Z1548_14101,19321.457481384277
Z1552_14095,Z1549_14088,19321.457481384277
Z1552_14095,Z1549_14092,280161.133480072
Z1552_14095,Z1549_14093,714893.9268112183
Z1552_14095,Z1549_14094,835653.03606987
Z1552_14095,Z1549_14095,294652.22659111023
Z1552_14095,Z1549_14096,43473.279333114624
Z1552_14095,Z1549_14097,72455.46555519104
Z1552_14095,Z1549_14101,28982.186222076416
Z1552_14095,Z1550_14088,4830.364370346069
Z1552_14095,Z1550_14090,19321.457481384277
Z1552_14095,Z1550_14091,38642.914962768555
Z1552_14095,Z1550_14092,144910.93111038208
Z1552_14095,Z1550_14093,734215.3842926025
Z1552_14095,Z1550_14094,367107.69214630127
Z1552_14095,Z1550_14095,159402.0242214203
Z1552_14095,Z1550_14097,9660.728740692139
Z1552_14095,Z1550_14099,14491.093111038208
Z1552_14095,Z1550_14100,4830.364370346069
Z1552_14095,Z1550_14102,4830.364370346069
Z1552_14095,Z1551_14086,28982.186222076416
Z1552_14095,Z1551_14090,28982.186222076416
Z1552_14095,Z1551_14092,9660.728740692139
Z1552_14095,Z1551_14094,91776.92303657532
Z1552_14095,Z1551_14095,207705.66792488098
Z1552_14095,Z1552_14088,19321.457481384277
Z1552_14095,Z1552_14092,33812.550592422485
Z1552_14095,Z1552_14094,28982.186222076416
Z1552_14095,Z1552_14095,96607.28740692139
Z1552_14095,Z1552_14096,62794.7368144989
Z1552_14095,Z1552_14101,4830.364370346069
Z1552_14095,Z1552_14102,4830.364370346069
Z1552_14095,Z1553_14086,19321.457481384277
Z1552_14095,Z1553_14092,38642.914962768555
Z1552_14095,Z1553_14093,24151.821851730347
Z1552_14095,Z1553_14096,96607.28740692139
Z1552_14095,Z1554_14094,19321.457481384277
Z1552_14095,Z1554_14095,4830.364370346069
Z1552_14095,Z1554_14097,14491.093111038208
Z1552_14095,Z1554_14098,24151.821851730347
Z1552_14095,Z1554_14099,4830.364370346069
Z1552_14095,Z1554_14100,24151.821851730347
Z1552_14095,Z1555_14090,19321.457481384277
Z1552_14095,Z1555_14091,4830.364370346069
Z1552_14095,Z1555_14093,4830.364370346069
Z1552_14095,Z1555_14095,19321.457481384277
Z1552_14095,Z1555_14096,4830.364370346069
Z1552_14095,Z1555_14097,19321.457481384277
Z1552_14096,Z1542_14088,35106.49732589722
Z1552_14096,Z1542_14089,5851.082887649536
Z1552_14096,Z1542_14091,70212.99465179443
Z1552_14096,Z1542_14093,70212.99465179443
Z1552_14096,Z1543_14094,351064.97325897217
Z1552_14096,Z1543_14099,5851.082887649536
Z1552_14096,Z1543_14100,23404.331550598145
Z1552_14096,Z1543_14101,35106.49732589722
Z1552_14096,Z1543_14102,70212.99465179443
Z1552_14096,Z1544_14087,35106.49732589722
Z1552_14096,Z1544_14089,40957.58021354675
Z1552_14096,Z1544_14091,23404.331550598145
Z1552_14096,Z1544_14092,70212.99465179443
Z1552_14096,Z1544_14093,5851.082887649536
Z1552_14096,Z1544_14094,292554.1443824768
Z1552_14096,Z1544_14099,23404.331550598145
Z1552_14096,Z1544_14100,5851.082887649536
Z1552_14096,Z1544_14101,122872.74064064026
Z1552_14096,Z1544_14102,23404.331550598145
Z1552_14096,Z1545_14088,35106.49732589722
Z1552_14096,Z1545_14093,5851.082887649536
Z1552_14096,Z1545_14094,23404.331550598145
Z1552_14096,Z1545_14095,58510.82887649536
Z1552_14096,Z1545_14099,17553.24866294861
Z1552_14096,Z1545_14101,5851.082887649536
Z1552_14096,Z1546_14089,87766.24331474304
Z1552_14096,Z1546_14090,5851.082887649536
Z1552_14096,Z1546_14091,35106.49732589722
Z1552_14096,Z1546_14092,17553.24866294861
Z1552_14096,Z1546_14093,58510.82887649536
Z1552_14096,Z1546_14094,35106.49732589722
Z1552_14096,Z1546_14095,140425.98930358887
Z1552_14096,Z1546_14096,46808.66310119629
Z1552_14096,Z1547_14087,23404.331550598145
Z1552_14096,Z1547_14089,52659.745988845825
Z1552_14096,Z1547_14091,321809.5588207245
Z1552_14096,Z1547_14092,76064.07753944397
Z1552_14096,Z1547_14093,146277.0721912384
Z1552_14096,Z1547_14094,163830.320854187
Z1552_14096,Z1547_14095,87766.24331474304
Z1552_14096,Z1547_14097,5851.082887649536
Z1552_14096,Z1548_14087,17553.24866294861
Z1552_14096,Z1548_14089,58510.82887649536
Z1552_14096,Z1548_14091,29255.41443824768
Z1552_14096,Z1548_14092,3030860.9358024597
Z1552_14096,Z1548_14093,462235.54812431335
Z1552_14096,Z1548_14094,702129.9465179443
Z1552_14096,Z1548_14095,169681.40374183655
Z1552_14096,Z1548_14096,23404.331550598145
Z1552_14096,Z1548_14098,64361.9117641449
Z1552_14096,Z1548_14101,23404.331550598145
Z1552_14096,Z1549_14088,23404.331550598145
Z1552_14096,Z1549_14092,339362.8074836731
Z1552_14096,Z1549_14093,865960.2673721313
Z1552_14096,Z1549_14094,1012237.3395633698
Z1552_14096,Z1549_14095,356916.0561466217
Z1552_14096,Z1549_14096,52659.745988845825
Z1552_14096,Z1549_14097,87766.24331474304
Z1552_14096,Z1549_14101,35106.49732589722
Z1552_14096,Z1550_14088,5851.082887649536
Z1552_14096,Z1550_14090,23404.331550598145
Z1552_14096,Z1550_14091,46808.66310119629
Z1552_14096,Z1550_14092,175532.48662948608
Z1552_14096,Z1550_14093,889364.5989227295
Z1552_14096,Z1550_14094,444682.29946136475
Z1552_14096,Z1550_14095,193085.7352924347
Z1552_14096,Z1550_14097,11702.165775299072
Z1552_14096,Z1550_14099,17553.24866294861
Z1552_14096,Z1550_14100,5851.082887649536
Z1552_14096,Z1550_14102,5851.082887649536
Z1552_14096,Z1551_14086,35106.49732589722
Z1552_14096,Z1551_14090,35106.49732589722
Z1552_14096,Z1551_14092,11702.165775299072
Z1552_14096,Z1551_14094,111170.57486534119
Z1552_14096,Z1551_14095,251596.56416893005
Z1552_14096,Z1552_14088,23404.331550598145
Z1552_14096,Z1552_14092,40957.58021354675
Z1552_14096,Z1552_14094,35106.49732589722
Z1552_14096,Z1552_14095,117021.65775299072
Z1552_14096,Z1552_14096,76064.07753944397
Z1552_14096,Z1552_14101,5851.082887649536
Z1552_14096,Z1552_14102,5851.082887649536
Z1552_14096,Z1553_14086,23404.331550598145
Z1552_14096,Z1553_14092,46808.66310119629
Z1552_14096,Z1553_14093,29255.41443824768
Z1552_14096,Z1553_14096,117021.65775299072
Z1552_14096,Z1554_14094,23404.331550598145
Z1552_14096,Z1554_14095,5851.082887649536
Z1552_14096,Z1554_14097,17553.24866294861
Z1552_14096,Z1554_14098,29255.41443824768
Z1552_14096,Z1554_14099,5851.082887649536
Z1552_14096,Z1554_14100,29255.41443824768
Z1552_14096,Z1555_14090,23404.331550598145
Z1552_14096,Z1555_14091,5851.082887649536
Z1552_14096,Z1555_14093,5851.082887649536
Z1552_14096,Z1555_14095,23404.331550598145
Z1552_14096,Z1555_14096,5851.082887649536
Z1552_14096,Z1555_14097,23404.331550598145
Z1552_14097,Z1542_14088,12106.00004196167
Z1552_14097,Z1542_14089,2017.6666736602783
Z1552_14097,Z1542_14091,24212.00008392334
Z1552_14097,Z1542_14093,24212.00008392334
Z1552_14097,Z1543_14094,121060.0004196167
Z1552_14097,Z1543_14099,2017.6666736602783
Z1552_14097,Z1543_14100,8070.666694641113
Z1552_14097,Z1543_14101,12106.00004196167
Z1552_14097,Z1543_14102,24212.00008392334
Z1552_14097,Z1544_14087,12106.00004196167
Z1552_14097,Z1544_14089,14123.666715621948
Z1552_14097,Z1544_14091,8070.666694641113
Z1552_14097,Z1544_14092,24212.00008392334
Z1552_14097,Z1544_14093,2017.6666736602783
Z1552_14097,Z1544_14094,100883.33368301392
Z1552_14097,Z1544_14099,8070.666694641113
Z1552_14097,Z1544_14100,2017.6666736602783
Z1552_14097,Z1544_14101,42371.000146865845
Z1552_14097,Z1544_14102,8070.666694641113
Z1552_14097,Z1545_14088,12106.00004196167
Z1552_14097,Z1545_14093,2017.6666736602783
Z1552_14097,Z1545_14094,8070.666694641113
Z1552_14097,Z1545_14095,20176.666736602783
Z1552_14097,Z1545_14099,6053.000020980835
Z1552_14097,Z1545_14101,2017.6666736602783
Z1552_14097,Z1546_14089,30265.000104904175
Z1552_14097,Z1546_14090,2017.6666736602783
Z1552_14097,Z1546_14091,12106.00004196167
Z1552_14097,Z1546_14092,6053.000020980835
Z1552_14097,Z1546_14093,20176.666736602783
Z1552_14097,Z1546_14094,12106.00004196167
Z1552_14097,Z1546_14095,48424.00016784668
Z1552_14097,Z1546_14096,16141.333389282227
Z1552_14097,Z1547_14087,8070.666694641113
Z1552_14097,Z1547_14089,18159.000062942505
Z1552_14097,Z1547_14091,110971.66705131531
Z1552_14097,Z1547_14092,26229.666757583618
Z1552_14097,Z1547_14093,50441.66684150696
Z1552_14097,Z1547_14094,56494.66686248779
Z1552_14097,Z1547_14095,30265.000104904175
Z1552_14097,Z1547_14097,2017.6666736602783
Z1552_14097,Z1548_14087,6053.000020980835
Z1552_14097,Z1548_14089,20176.666736602783
Z1552_14097,Z1548_14091,10088.333368301392
Z1552_14097,Z1548_14092,1045151.3369560242
Z1552_14097,Z1548_14093,159395.667219162
Z1552_14097,Z1548_14094,242120.0008392334
Z1552_14097,Z1548_14095,58512.33353614807
Z1552_14097,Z1548_14096,8070.666694641113
Z1552_14097,Z1548_14098,22194.33341026306
Z1552_14097,Z1548_14101,8070.666694641113
Z1552_14097,Z1549_14088,8070.666694641113
Z1552_14097,Z1549_14092,117024.66707229614
Z1552_14097,Z1549_14093,298614.6677017212
Z1552_14097,Z1549_14094,349056.33454322815
Z1552_14097,Z1549_14095,123077.66709327698
Z1552_14097,Z1549_14096,18159.000062942505
Z1552_14097,Z1549_14097,30265.000104904175
Z1552_14097,Z1549_14101,12106.00004196167
Z1552_14097,Z1550_14088,2017.6666736602783
Z1552_14097,Z1550_14090,8070.666694641113
Z1552_14097,Z1550_14091,16141.333389282227
Z1552_14097,Z1550_14092,60530.00020980835
Z1552_14097,Z1550_14093,306685.3343963623
Z1552_14097,Z1550_14094,153342.66719818115
Z1552_14097,Z1550_14095,66583.00023078918
Z1552_14097,Z1550_14097,4035.3333473205566
Z1552_14097,Z1550_14099,6053.000020980835
Z1552_14097,Z1550_14100,2017.6666736602783
Z1552_14097,Z1550_14102,2017.6666736602783
Z1552_14097,Z1551_14086,12106.00004196167
Z1552_14097,Z1551_14090,12106.00004196167
Z1552_14097,Z1551_14092,4035.3333473205566
Z1552_14097,Z1551_14094,38335.66679954529
Z1552_14097,Z1551_14095,86759.66696739197
Z1552_14097,Z1552_14088,8070.666694641113
Z1552_14097,Z1552_14092,14123.666715621948
Z1552_14097,Z1552_14094,12106.00004196167
Z1552_14097,Z1552_14095,40353.33347320557
Z1552_14097,Z1552_14096,26229.666757583618
Z1552_14097,Z1552_14101,2017.6666736602783
Z1552_14097,Z1552_14102,2017.6666736602783
Z1552_14097,Z1553_14086,8070.666694641113
Z1552_14097,Z1553_14092,16141.333389282227
Z1552_14097,Z1553_14093,10088.333368301392
Z1552_14097,Z1553_14096,40353.33347320557
Z1552_14097,Z1554_14094,8070.666694641113
Z1552_14097,Z1554_14095,2017.6666736602783
Z1552_14097,Z1554_14097,6053.000020980835
Z1552_14097,Z1554_14098,10088.333368301392
Z1552_14097,Z1554_14099,2017.6666736602783
Z1552_14097,Z1554_14100,10088.333368301392
Z1552_14097,Z1555_14090,8070.666694641113
Z1552_14097,Z1555_14091,2017.6666736602783
Z1552_14097,Z1555_14093,2017.6666736602783
Z1552_14097,Z1555_14095,8070.666694641113
Z1552_14097,Z1555_14096,2017.6666736602783
Z1552_14097,Z1555_14097,8070.666694641113
Z1552_14098,Z1542_14088,3027.357530593872
Z1552_14098,Z1542_14089,504.559588432312
Z1552_14098,Z1542_14091,6054.715061187744
Z1552_14098,Z1542_14093,6054.715061187744
Z1552_14098,Z1543_14094,30273.57530593872
Z1552_14098,Z1543_14099,504.559588432312
Z1552_14098,Z1543_14100,2018.238353729248
Z1552_14098,Z1543_14101,3027.357530593872
Z1552_14098,Z1543_14102,6054.715061187744
Z1552_14098,Z1544_14087,3027.357530593872
Z1552_14098,Z1544_14089,3531.917119026184
Z1552_14098,Z1544_14091,2018.238353729248
Z1552_14098,Z1544_14092,6054.715061187744
Z1552_14098,Z1544_14093,504.559588432312
Z1552_14098,Z1544_14094,25227.9794216156
Z1552_14098,Z1544_14099,2018.238353729248
Z1552_14098,Z1544_14100,504.559588432312
Z1552_14098,Z1544_14101,10595.751357078552
Z1552_14098,Z1544_14102,2018.238353729248
Z1552_14098,Z1545_14088,3027.357530593872
Z1552_14098,Z1545_14093,504.559588432312
Z1552_14098,Z1545_14094,2018.238353729248
Z1552_14098,Z1545_14095,5045.59588432312
Z1552_14098,Z1545_14099,1513.678765296936
Z1552_14098,Z1545_14101,504.559588432312
Z1552_14098,Z1546_14089,7568.39382648468
Z1552_14098,Z1546_14090,504.559588432312
Z1552_14098,Z1546_14091,3027.357530593872
Z1552_14098,Z1546_14092,1513.678765296936
Z1552_14098,Z1546_14093,5045.59588432312
Z1552_14098,Z1546_14094,3027.357530593872
Z1552_14098,Z1546_14095,12109.430122375488
Z1552_14098,Z1546_14096,4036.476707458496
Z1552_14098,Z1547_14087,2018.238353729248
Z1552_14098,Z1547_14089,4541.036295890808
Z1552_14098,Z1547_14091,27750.77736377716
Z1552_14098,Z1547_14092,6559.274649620056
Z1552_14098,Z1547_14093,12613.9897108078
Z1552_14098,Z1547_14094,14127.668476104736
Z1552_14098,Z1547_14095,7568.39382648468
Z1552_14098,Z1547_14097,504.559588432312
Z1552_14098,Z1548_14087,1513.678765296936
Z1552_14098,Z1548_14089,5045.59588432312
Z1552_14098,Z1548_14091,2522.79794216156
Z1552_14098,Z1548_14092,261361.86680793762
Z1552_14098,Z1548_14093,39860.20748615265
Z1552_14098,Z1548_14094,60547.15061187744
Z1552_14098,Z1548_14095,14632.228064537048
Z1552_14098,Z1548_14096,2018.238353729248
Z1552_14098,Z1548_14098,5550.155472755432
Z1552_14098,Z1548_14101,2018.238353729248
Z1552_14098,Z1549_14088,2018.238353729248
Z1552_14098,Z1549_14092,29264.456129074097
Z1552_14098,Z1549_14093,74674.81908798218
Z1552_14098,Z1549_14094,87288.80879878998
Z1552_14098,Z1549_14095,30778.134894371033
Z1552_14098,Z1549_14096,4541.036295890808
Z1552_14098,Z1549_14097,7568.39382648468
Z1552_14098,Z1549_14101,3027.357530593872
Z1552_14098,Z1550_14088,504.559588432312
Z1552_14098,Z1550_14090,2018.238353729248
Z1552_14098,Z1550_14091,4036.476707458496
Z1552_14098,Z1550_14092,15136.78765296936
Z1552_14098,Z1550_14093,76693.05744171143
Z1552_14098,Z1550_14094,38346.52872085571
Z1552_14098,Z1550_14095,16650.466418266296
Z1552_14098,Z1550_14097,1009.119176864624
Z1552_14098,Z1550_14099,1513.678765296936
Z1552_14098,Z1550_14100,504.559588432312
Z1552_14098,Z1550_14102,504.559588432312
Z1552_14098,Z1551_14086,3027.357530593872
Z1552_14098,Z1551_14090,3027.357530593872
Z1552_14098,Z1551_14092,1009.119176864624
Z1552_14098,Z1551_14094,9586.632180213928
Z1552_14098,Z1551_14095,21696.062302589417
Z1552_14098,Z1552_14088,2018.238353729248
Z1552_14098,Z1552_14092,3531.917119026184
Z1552_14098,Z1552_14094,3027.357530593872
Z1552_14098,Z1552_14095,10091.19176864624
Z1552_14098,Z1552_14096,6559.274649620056
Z1552_14098,Z1552_14101,504.559588432312
Z1552_14098,Z1552_14102,504.559588432312
Z1552_14098,Z1553_14086,2018.238353729248
Z1552_14098,Z1553_14092,4036.476707458496
Z1552_14098,Z1553_14093,2522.79794216156
Z1552_14098,Z1553_14096,10091.19176864624
Z1552_14098,Z1554_14094,2018.238353729248
Z1552_14098,Z1554_14095,504.559588432312
Z1552_14098,Z1554_14097,1513.678765296936
Z1552_14098,Z1554_14098,2522.79794216156
Z1552_14098,Z1554_14099,504.559588432312
Z1552_14098,Z1554_14100,2522.79794216156
Z1552_14098,Z1555_14090,2018.238353729248
Z1552_14098,Z1555_14091,504.559588432312
Z1552_14098,Z1555_14093,504.559588432312
Z1552_14098,Z1555_14095,2018.238353729248
Z1552_14098,Z1555_14096,504.559588432312
Z1552_14098,Z1555_14097,2018.238353729248
Z1552_14099,Z1542_14088,5396.683402061462
Z1552_14099,Z1542_14089,899.4472336769104
Z1552_14099,Z1542_14091,10793.366804122925
Z1552_14099,Z1542_14093,10793.366804122925
Z1552_14099,Z1543_14094,53966.834020614624
Z1552_14099,Z1543_14099,899.4472336769104
Z1552_14099,Z1543_14100,3597.7889347076416
Z1552_14099,Z1543_14101,5396.683402061462
Z1552_14099,Z1543_14102,10793.366804122925
Z1552_14099,Z1544_14087,5396.683402061462
Z1552_14099,Z1544_14089,6296.130635738373
Z1552_14099,Z1544_14091,3597.7889347076416
Z1552_14099,Z1544_14092,10793.366804122925
Z1552_14099,Z1544_14093,899.4472336769104
Z1552_14099,Z1544_14094,44972.36168384552
Z1552_14099,Z1544_14099,3597.7889347076416
Z1552_14099,Z1544_14100,899.4472336769104
Z1552_14099,Z1544_14101,18888.39190721512
Z1552_14099,Z1544_14102,3597.7889347076416
Z1552_14099,Z1545_14088,5396.683402061462
Z1552_14099,Z1545_14093,899.4472336769104
Z1552_14099,Z1545_14094,3597.7889347076416
Z1552_14099,Z1545_14095,8994.472336769104
Z1552_14099,Z1545_14099,2698.341701030731
Z1552_14099,Z1545_14101,899.4472336769104
Z1552_14099,Z1546_14089,13491.708505153656
Z1552_14099,Z1546_14090,899.4472336769104
Z1552_14099,Z1546_14091,5396.683402061462
Z1552_14099,Z1546_14092,2698.341701030731
Z1552_14099,Z1546_14093,8994.472336769104
Z1552_14099,Z1546_14094,5396.683402061462
Z1552_14099,Z1546_14095,21586.73360824585
Z1552_14099,Z1546_14096,7195.577869415283
Z1552_14099,Z1547_14087,3597.7889347076416
Z1552_14099,Z1547_14089,8095.025103092194
Z1552_14099,Z1547_14091,49469.59785223007
Z1552_14099,Z1547_14092,11692.814037799835
Z1552_14099,Z1547_14093,22486.18084192276
Z1552_14099,Z1547_14094,25184.52254295349
Z1552_14099,Z1547_14095,13491.708505153656
Z1552_14099,Z1547_14097,899.4472336769104
Z1552_14099,Z1548_14087,2698.341701030731
Z1552_14099,Z1548_14089,8994.472336769104
Z1552_14099,Z1548_14091,4497.236168384552
Z1552_14099,Z1548_14092,465913.6670446396
Z1552_14099,Z1548_14093,71056.33146047592
Z1552_14099,Z1548_14094,107933.66804122925
Z1552_14099,Z1548_14095,26083.9697766304
Z1552_14099,Z1548_14096,3597.7889347076416
Z1552_14099,Z1548_14098,9893.919570446014
Z1552_14099,Z1548_14101,3597.7889347076416
Z1552_14099,Z1549_14088,3597.7889347076416
Z1552_14099,Z1549_14092,52167.9395532608
Z1552_14099,Z1549_14093,133118.19058418274
Z1552_14099,Z1549_14094,155604.3714261055
Z1552_14099,Z1549_14095,54866.281254291534
Z1552_14099,Z1549_14096,8095.025103092194
Z1552_14099,Z1549_14097,13491.708505153656
Z1552_14099,Z1549_14101,5396.683402061462
Z1552_14099,Z1550_14088,899.4472336769104
Z1552_14099,Z1550_14090,3597.7889347076416
Z1552_14099,Z1550_14091,7195.577869415283
Z1552_14099,Z1550_14092,26983.417010307312
Z1552_14099,Z1550_14093,136715.97951889038
Z1552_14099,Z1550_14094,68357.98975944519
Z1552_14099,Z1550_14095,29681.758711338043
Z1552_14099,Z1550_14097,1798.8944673538208
Z1552_14099,Z1550_14099,2698.341701030731
Z1552_14099,Z1550_14100,899.4472336769104
Z1552_14099,Z1550_14102,899.4472336769104
Z1552_14099,Z1551_14086,5396.683402061462
Z1552_14099,Z1551_14090,5396.683402061462
Z1552_14099,Z1551_14092,1798.8944673538208
Z1552_14099,Z1551_14094,17089.497439861298
Z1552_14099,Z1551_14095,38676.23104810715
Z1552_14099,Z1552_14088,3597.7889347076416
Z1552_14099,Z1552_14092,6296.130635738373
Z1552_14099,Z1552_14094,5396.683402061462
Z1552_14099,Z1552_14095,17988.944673538208
Z1552_14099,Z1552_14096,11692.814037799835
Z1552_14099,Z1552_14101,899.4472336769104
Z1552_14099,Z1552_14102,899.4472336769104
Z1552_14099,Z1553_14086,3597.7889347076416
Z1552_14099,Z1553_14092,7195.577869415283
Z1552_14099,Z1553_14093,4497.236168384552
Z1552_14099,Z1553_14096,17988.944673538208
Z1552_14099,Z1554_14094,3597.7889347076416
Z1552_14099,Z1554_14095,899.4472336769104
Z1552_14099,Z1554_14097,2698.341701030731
Z1552_14099,Z1554_14098,4497.236168384552
Z1552_14099,Z1554_14099,899.4472336769104
Z1552_14099,Z1554_14100,4497.236168384552
Z1552_14099,Z1555_14090,3597.7889347076416
Z1552_14099,Z1555_14091,899.4472336769104
Z1552_14099,Z1555_14093,899.4472336769104
Z1552_14099,Z1555_14095,3597.7889347076416
Z1552_14099,Z1555_14096,899.4472336769104
Z1552_14099,Z1555_14097,3597.7889347076416
Z1552_14100,Z1542_14088,1982.0610809326172
Z1552_14100,Z1542_14089,330.34351348876953
Z1552_14100,Z1542_14091,3964.1221618652344
Z1552_14100,Z1542_14093,3964.1221618652344
Z1552_14100,Z1543_14094,19820.610809326172
Z1552_14100,Z1543_14099,330.34351348876953
Z1552_14100,Z1543_14100,1321.3740539550781
Z1552_14100,Z1543_14101,1982.0610809326172
Z1552_14100,Z1543_14102,3964.1221618652344
Z1552_14100,Z1544_14087,1982.0610809326172
Z1552_14100,Z1544_14089,2312.4045944213867
Z1552_14100,Z1544_14091,1321.3740539550781
Z1552_14100,Z1544_14092,3964.1221618652344
Z1552_14100,Z1544_14093,330.34351348876953
Z1552_14100,Z1544_14094,16517.175674438477
Z1552_14100,Z1544_14099,1321.3740539550781
Z1552_14100,Z1544_14100,330.34351348876953
Z1552_14100,Z1544_14101,6937.21378326416
Z1552_14100,Z1544_14102,1321.3740539550781
Z1552_14100,Z1545_14088,1982.0610809326172
Z1552_14100,Z1545_14093,330.34351348876953
Z1552_14100,Z1545_14094,1321.3740539550781
Z1552_14100,Z1545_14095,3303.4351348876953
Z1552_14100,Z1545_14099,991.0305404663086
Z1552_14100,Z1545_14101,330.34351348876953
Z1552_14100,Z1546_14089,4955.152702331543
Z1552_14100,Z1546_14090,330.34351348876953
Z1552_14100,Z1546_14091,1982.0610809326172
Z1552_14100,Z1546_14092,991.0305404663086
Z1552_14100,Z1546_14093,3303.4351348876953
Z1552_14100,Z1546_14094,1982.0610809326172
Z1552_14100,Z1546_14095,7928.244323730469
Z1552_14100,Z1546_14096,2642.7481079101562
Z1552_14100,Z1547_14087,1321.3740539550781
Z1552_14100,Z1547_14089,2973.091621398926
Z1552_14100,Z1547_14091,18168.893241882324
Z1552_14100,Z1547_14092,4294.465675354004
Z1552_14100,Z1547_14093,8258.587837219238
Z1552_14100,Z1547_14094,9249.618377685547
Z1552_14100,Z1547_14095,4955.152702331543
Z1552_14100,Z1547_14097,330.34351348876953
Z1552_14100,Z1548_14087,991.0305404663086
Z1552_14100,Z1548_14089,3303.4351348876953
Z1552_14100,Z1548_14091,1651.7175674438477
Z1552_14100,Z1548_14092,171117.93998718262
Z1552_14100,Z1548_14093,26097.137565612793
Z1552_14100,Z1548_14094,39641.221618652344
Z1552_14100,Z1548_14095,9579.961891174316
Z1552_14100,Z1548_14096,1321.3740539550781
Z1552_14100,Z1548_14098,3633.778648376465
Z1552_14100,Z1548_14101,1321.3740539550781
Z1552_14100,Z1549_14088,1321.3740539550781
Z1552_14100,Z1549_14092,19159.923782348633
Z1552_14100,Z1549_14093,48890.83999633789
Z1552_14100,Z1549_14094,57149.42783355713
Z1552_14100,Z1549_14095,20150.95432281494
Z1552_14100,Z1549_14096,2973.091621398926
Z1552_14100,Z1549_14097,4955.152702331543
Z1552_14100,Z1549_14101,1982.0610809326172
Z1552_14100,Z1550_14088,330.34351348876953
Z1552_14100,Z1550_14090,1321.3740539550781
Z1552_14100,Z1550_14091,2642.7481079101562
Z1552_14100,Z1550_14092,9910.305404663086
Z1552_14100,Z1550_14093,50212.21405029297
Z1552_14100,Z1550_14094,25106.107025146484
Z1552_14100,Z1550_14095,10901.335945129395
Z1552_14100,Z1550_14097,660.6870269775391
Z1552_14100,Z1550_14099,991.0305404663086
Z1552_14100,Z1550_14100,330.34351348876953
Z1552_14100,Z1550_14102,330.34351348876953
Z1552_14100,Z1551_14086,1982.0610809326172
Z1552_14100,Z1551_14090,1982.0610809326172
Z1552_14100,Z1551_14092,660.6870269775391
Z1552_14100,Z1551_14094,6276.526756286621
Z1552_14100,Z1551_14095,14204.77108001709
Z1552_14100,Z1552_14088,1321.3740539550781
Z1552_14100,Z1552_14092,2312.4045944213867
Z1552_14100,Z1552_14094,1982.0610809326172
Z1552_14100,Z1552_14095,6606.870269775391
Z1552_14100,Z1552_14096,4294.465675354004
Z1552_14100,Z1552_14101,330.34351348876953
Z1552_14100,Z1552_14102,330.34351348876953
Z1552_14100,Z1553_14086,1321.3740539550781
Z1552_14100,Z1553_14092,2642.7481079101562
Z1552_14100,Z1553_14093,1651.7175674438477
Z1552_14100,Z1553_14096,6606.870269775391
Z1552_14100,Z1554_14094,1321.3740539550781
Z1552_14100,Z1554_14095,330.34351348876953
Z1552_14100,Z1554_14097,991.0305404663086
Z1552_14100,Z1554_14098,1651.7175674438477
Z1552_14100,Z1554_14099,330.34351348876953
Z1552_14100,Z1554_14100,1651.7175674438477
Z1552_14100,Z1555_14090,1321.3740539550781
Z1552_14100,Z1555_14091,330.34351348876953
Z1552_14100,Z1555_14093,330.34351348876953
Z1552_14100,Z1555_14095,1321.3740539550781
Z1552_14100,Z1555_14096,330.34351348876953
Z1552_14100,Z1555_14097,1321.3740539550781
Z1553_14089,Z1542_14088,1837.3634362220764
Z1553_14089,Z1542_14089,306.22723937034607
Z1553_14089,Z1542_14091,3674.726872444153
Z1553_14089,Z1542_14093,3674.726872444153
Z1553_14089,Z1543_14094,18373.634362220764
Z1553_14089,Z1543_14099,306.22723937034607
Z1553_14089,Z1543_14100,1224.9089574813843
Z1553_14089,Z1543_14101,1837.3634362220764
Z1553_14089,Z1543_14102,3674.726872444153
Z1553_14089,Z1544_14087,1837.3634362220764
Z1553_14089,Z1544_14089,2143.5906755924225
Z1553_14089,Z1544_14091,1224.9089574813843
Z1553_14089,Z1544_14092,3674.726872444153
Z1553_14089,Z1544_14093,306.22723937034607
Z1553_14089,Z1544_14094,15311.361968517303
Z1553_14089,Z1544_14099,1224.9089574813843
Z1553_14089,Z1544_14100,306.22723937034607
Z1553_14089,Z1544_14101,6430.7720267772675
Z1553_14089,Z1544_14102,1224.9089574813843
Z1553_14089,Z1545_14088,1837.3634362220764
Z1553_14089,Z1545_14093,306.22723937034607
Z1553_14089,Z1545_14094,1224.9089574813843
Z1553_14089,Z1545_14095,3062.2723937034607
Z1553_14089,Z1545_14099,918.6817181110382
Z1553_14089,Z1545_14101,306.22723937034607
Z1553_14089,Z1546_14089,4593.408590555191
Z1553_14089,Z1546_14090,306.22723937034607
Z1553_14089,Z1546_14091,1837.3634362220764
Z1553_14089,Z1546_14092,918.6817181110382
Z1553_14089,Z1546_14093,3062.2723937034607
Z1553_14089,Z1546_14094,1837.3634362220764
Z1553_14089,Z1546_14095,7349.453744888306
Z1553_14089,Z1546_14096,2449.8179149627686
Z1553_14089,Z1547_14087,1224.9089574813843
Z1553_14089,Z1547_14089,2756.0451543331146
Z1553_14089,Z1547_14091,16842.498165369034
Z1553_14089,Z1547_14092,3980.954111814499
Z1553_14089,Z1547_14093,7655.680984258652
Z1553_14089,Z1547_14094,8574.36270236969
Z1553_14089,Z1547_14095,4593.408590555191
Z1553_14089,Z1547_14097,306.22723937034607
Z1553_14089,Z1548_14087,918.6817181110382
Z1553_14089,Z1548_14089,3062.2723937034607
Z1553_14089,Z1548_14091,1531.1361968517303
Z1553_14089,Z1548_14092,158625.70999383926
Z1553_14089,Z1548_14093,24191.95191025734
Z1553_14089,Z1548_14094,36747.26872444153
Z1553_14089,Z1548_14095,8880.589941740036
Z1553_14089,Z1548_14096,1224.9089574813843
Z1553_14089,Z1548_14098,3368.4996330738068
Z1553_14089,Z1548_14101,1224.9089574813843
Z1553_14089,Z1549_14088,1224.9089574813843
Z1553_14089,Z1549_14092,17761.179883480072
Z1553_14089,Z1549_14093,45321.63142681122
Z1553_14089,Z1549_14094,52977.31241106987
Z1553_14089,Z1549_14095,18679.86160159111
Z1553_14089,Z1549_14096,2756.0451543331146
Z1553_14089,Z1549_14097,4593.408590555191
Z1553_14089,Z1549_14101,1837.3634362220764
Z1553_14089,Z1550_14088,306.22723937034607
Z1553_14089,Z1550_14090,1224.9089574813843
Z1553_14089,Z1550_14091,2449.8179149627686
Z1553_14089,Z1550_14092,9186.817181110382
Z1553_14089,Z1550_14093,46546.5403842926
Z1553_14089,Z1550_14094,23273.2701921463
Z1553_14089,Z1550_14095,10105.49889922142
Z1553_14089,Z1550_14097,612.4544787406921
Z1553_14089,Z1550_14099,918.6817181110382
Z1553_14089,Z1550_14100,306.22723937034607
Z1553_14089,Z1550_14102,306.22723937034607
Z1553_14089,Z1551_14086,1837.3634362220764
Z1553_14089,Z1551_14090,1837.3634362220764
Z1553_14089,Z1551_14092,612.4544787406921
Z1553_14089,Z1551_14094,5818.317548036575
Z1553_14089,Z1551_14095,13167.771292924881
Z1553_14089,Z1552_14088,1224.9089574813843
Z1553_14089,Z1552_14092,2143.5906755924225
Z1553_14089,Z1552_14094,1837.3634362220764
Z1553_14089,Z1552_14095,6124.544787406921
Z1553_14089,Z1552_14096,3980.954111814499
Z1553_14089,Z1552_14101,306.22723937034607
Z1553_14089,Z1552_14102,306.22723937034607
Z1553_14089,Z1553_14086,1224.9089574813843
Z1553_14089,Z1553_14092,2449.8179149627686
Z1553_14089,Z1553_14093,1531.1361968517303
Z1553_14089,Z1553_14096,6124.544787406921
Z1553_14089,Z1554_14094,1224.9089574813843
Z1553_14089,Z1554_14095,306.22723937034607
Z1553_14089,Z1554_14097,918.6817181110382
Z1553_14089,Z1554_14098,1531.1361968517303
Z1553_14089,Z1554_14099,306.22723937034607
Z1553_14089,Z1554_14100,1531.1361968517303
Z1553_14089,Z1555_14090,1224.9089574813843
Z1553_14089,Z1555_14091,306.22723937034607
Z1553_14089,Z1555_14093,306.22723937034607
Z1553_14089,Z1555_14095,1224.9089574813843
Z1553_14089,Z1555_14096,306.22723937034607
Z1553_14089,Z1555_14097,1224.9089574813843
Z1553_14090,Z1542_14088,7579.756829738617
Z1553_14090,Z1542_14089,1263.2928049564362
Z1553_14090,Z1542_14091,15159.513659477234
Z1553_14090,Z1542_14093,15159.513659477234
Z1553_14090,Z1543_14094,75797.56829738617
Z1553_14090,Z1543_14099,1263.2928049564362
Z1553_14090,Z1543_14100,5053.171219825745
Z1553_14090,Z1543_14101,7579.756829738617
Z1553_14090,Z1543_14102,15159.513659477234
Z1553_14090,Z1544_14087,7579.756829738617
Z1553_14090,Z1544_14089,8843.049634695053
Z1553_14090,Z1544_14091,5053.171219825745
Z1553_14090,Z1544_14092,15159.513659477234
Z1553_14090,Z1544_14093,1263.2928049564362
Z1553_14090,Z1544_14094,63164.64024782181
Z1553_14090,Z1544_14099,5053.171219825745
Z1553_14090,Z1544_14100,1263.2928049564362
Z1553_14090,Z1544_14101,26529.14890408516
Z1553_14090,Z1544_14102,5053.171219825745
Z1553_14090,Z1545_14088,7579.756829738617
Z1553_14090,Z1545_14093,1263.2928049564362
Z1553_14090,Z1545_14094,5053.171219825745
Z1553_14090,Z1545_14095,12632.928049564362
Z1553_14090,Z1545_14099,3789.8784148693085
Z1553_14090,Z1545_14101,1263.2928049564362
Z1553_14090,Z1546_14089,18949.392074346542
Z1553_14090,Z1546_14090,1263.2928049564362
Z1553_14090,Z1546_14091,7579.756829738617
Z1553_14090,Z1546_14092,3789.8784148693085
Z1553_14090,Z1546_14093,12632.928049564362
Z1553_14090,Z1546_14094,7579.756829738617
Z1553_14090,Z1546_14095,30319.027318954468
Z1553_14090,Z1546_14096,10106.34243965149
Z1553_14090,Z1547_14087,5053.171219825745
Z1553_14090,Z1547_14089,11369.635244607925
Z1553_14090,Z1547_14091,69481.10427260399
Z1553_14090,Z1547_14092,16422.80646443367
Z1553_14090,Z1547_14093,31582.320123910904
Z1553_14090,Z1547_14094,35372.19853878021
Z1553_14090,Z1547_14095,18949.392074346542
Z1553_14090,Z1547_14097,1263.2928049564362
Z1553_14090,Z1548_14087,3789.8784148693085
Z1553_14090,Z1548_14089,12632.928049564362
Z1553_14090,Z1548_14091,6316.464024782181
Z1553_14090,Z1548_14092,654385.6729674339
Z1553_14090,Z1548_14093,99800.13159155846
Z1553_14090,Z1548_14094,151595.13659477234
Z1553_14090,Z1548_14095,36635.49134373665
Z1553_14090,Z1548_14096,5053.171219825745
Z1553_14090,Z1548_14098,13896.220854520798
Z1553_14090,Z1548_14101,5053.171219825745
Z1553_14090,Z1549_14088,5053.171219825745
Z1553_14090,Z1549_14092,73270.9826874733
Z1553_14090,Z1549_14093,186967.33513355255
Z1553_14090,Z1549_14094,218549.65525746346
Z1553_14090,Z1549_14095,77060.8611023426
Z1553_14090,Z1549_14096,11369.635244607925
Z1553_14090,Z1549_14097,18949.392074346542
Z1553_14090,Z1549_14101,7579.756829738617
Z1553_14090,Z1550_14088,1263.2928049564362
Z1553_14090,Z1550_14090,5053.171219825745
Z1553_14090,Z1550_14091,10106.34243965149
Z1553_14090,Z1550_14092,37898.784148693085
Z1553_14090,Z1550_14093,192020.5063533783
Z1553_14090,Z1550_14094,96010.25317668915
Z1553_14090,Z1550_14095,41688.66256356239
Z1553_14090,Z1550_14097,2526.5856099128723
Z1553_14090,Z1550_14099,3789.8784148693085
Z1553_14090,Z1550_14100,1263.2928049564362
Z1553_14090,Z1550_14102,1263.2928049564362
Z1553_14090,Z1551_14086,7579.756829738617
Z1553_14090,Z1551_14090,7579.756829738617
Z1553_14090,Z1551_14092,2526.5856099128723
Z1553_14090,Z1551_14094,24002.563294172287
Z1553_14090,Z1551_14095,54321.590613126755
Z1553_14090,Z1552_14088,5053.171219825745
Z1553_14090,Z1552_14092,8843.049634695053
Z1553_14090,Z1552_14094,7579.756829738617
Z1553_14090,Z1552_14095,25265.856099128723
Z1553_14090,Z1552_14096,16422.80646443367
Z1553_14090,Z1552_14101,1263.2928049564362
Z1553_14090,Z1552_14102,1263.2928049564362
Z1553_14090,Z1553_14086,5053.171219825745
Z1553_14090,Z1553_14092,10106.34243965149
Z1553_14090,Z1553_14093,6316.464024782181
Z1553_14090,Z1553_14096,25265.856099128723
Z1553_14090,Z1554_14094,5053.171219825745
Z1553_14090,Z1554_14095,1263.2928049564362
Z1553_14090,Z1554_14097,3789.8784148693085
Z1553_14090,Z1554_14098,6316.464024782181
Z1553_14090,Z1554_14099,1263.2928049564362
Z1553_14090,Z1554_14100,6316.464024782181
Z1553_14090,Z1555_14090,5053.171219825745
Z1553_14090,Z1555_14091,1263.2928049564362
Z1553_14090,Z1555_14093,1263.2928049564362
Z1553_14090,Z1555_14095,5053.171219825745
Z1553_14090,Z1555_14096,1263.2928049564362
Z1553_14090,Z1555_14097,5053.171219825745
Z1553_14091,Z1542_14088,8925.200686454773
Z1553_14091,Z1542_14089,1487.5334477424622
Z1553_14091,Z1542_14091,17850.401372909546
Z1553_14091,Z1542_14093,17850.401372909546
Z1553_14091,Z1543_14094,89252.00686454773
Z1553_14091,Z1543_14099,1487.5334477424622
Z1553_14091,Z1543_14100,5950.133790969849
Z1553_14091,Z1543_14101,8925.200686454773
Z1553_14091,Z1543_14102,17850.401372909546
Z1553_14091,Z1544_14087,8925.200686454773
Z1553_14091,Z1544_14089,10412.734134197235
Z1553_14091,Z1544_14091,5950.133790969849
Z1553_14091,Z1544_14092,17850.401372909546
Z1553_14091,Z1544_14093,1487.5334477424622
Z1553_14091,Z1544_14094,74376.67238712311
Z1553_14091,Z1544_14099,5950.133790969849
Z1553_14091,Z1544_14100,1487.5334477424622
Z1553_14091,Z1544_14101,31238.202402591705
Z1553_14091,Z1544_14102,5950.133790969849
Z1553_14091,Z1545_14088,8925.200686454773
Z1553_14091,Z1545_14093,1487.5334477424622
Z1553_14091,Z1545_14094,5950.133790969849
Z1553_14091,Z1545_14095,14875.334477424622
Z1553_14091,Z1545_14099,4462.6003432273865
Z1553_14091,Z1545_14101,1487.5334477424622
Z1553_14091,Z1546_14089,22313.001716136932
Z1553_14091,Z1546_14090,1487.5334477424622
Z1553_14091,Z1546_14091,8925.200686454773
Z1553_14091,Z1546_14092,4462.6003432273865
Z1553_14091,Z1546_14093,14875.334477424622
Z1553_14091,Z1546_14094,8925.200686454773
Z1553_14091,Z1546_14095,35700.80274581909
Z1553_14091,Z1546_14096,11900.267581939697
Z1553_14091,Z1547_14087,5950.133790969849
Z1553_14091,Z1547_14089,13387.80102968216
Z1553_14091,Z1547_14091,81814.33962583542
Z1553_14091,Z1547_14092,19337.934820652008
Z1553_14091,Z1547_14093,37188.336193561554
Z1553_14091,Z1547_14094,41650.93653678894
Z1553_14091,Z1547_14095,22313.001716136932
Z1553_14091,Z1547_14097,1487.5334477424622
Z1553_14091,Z1548_14087,4462.6003432273865
Z1553_14091,Z1548_14089,14875.334477424622
Z1553_14091,Z1548_14091,7437.667238712311
Z1553_14091,Z1548_14092,770542.3259305954
Z1553_14091,Z1548_14093,117515.14237165451
Z1553_14091,Z1548_14094,178504.01372909546
Z1553_14091,Z1548_14095,43138.4699845314
Z1553_14091,Z1548_14096,5950.133790969849
Z1553_14091,Z1548_14098,16362.867925167084
Z1553_14091,Z1548_14101,5950.133790969849
Z1553_14091,Z1549_14088,5950.133790969849
Z1553_14091,Z1549_14092,86276.9399690628
Z1553_14091,Z1549_14093,220154.9502658844
Z1553_14091,Z1549_14094,257343.28645944595
Z1553_14091,Z1549_14095,90739.54031229019
Z1553_14091,Z1549_14096,13387.80102968216
Z1553_14091,Z1549_14097,22313.001716136932
Z1553_14091,Z1549_14101,8925.200686454773
Z1553_14091,Z1550_14088,1487.5334477424622
Z1553_14091,Z1550_14090,5950.133790969849
Z1553_14091,Z1550_14091,11900.267581939697
Z1553_14091,Z1550_14092,44626.003432273865
Z1553_14091,Z1550_14093,226105.08405685425
Z1553_14091,Z1550_14094,113052.54202842712
Z1553_14091,Z1550_14095,49088.60377550125
Z1553_14091,Z1550_14097,2975.0668954849243
Z1553_14091,Z1550_14099,4462.6003432273865
Z1553_14091,Z1550_14100,1487.5334477424622
Z1553_14091,Z1550_14102,1487.5334477424622
Z1553_14091,Z1551_14086,8925.200686454773
Z1553_14091,Z1551_14090,8925.200686454773
Z1553_14091,Z1551_14092,2975.0668954849243
Z1553_14091,Z1551_14094,28263.13550710678
Z1553_14091,Z1551_14095,63963.93825292587
Z1553_14091,Z1552_14088,5950.133790969849
Z1553_14091,Z1552_14092,10412.734134197235
Z1553_14091,Z1552_14094,8925.200686454773
Z1553_14091,Z1552_14095,29750.668954849243
Z1553_14091,Z1552_14096,19337.934820652008
Z1553_14091,Z1552_14101,1487.5334477424622
Z1553_14091,Z1552_14102,1487.5334477424622
Z1553_14091,Z1553_14086,5950.133790969849
Z1553_14091,Z1553_14092,11900.267581939697
Z1553_14091,Z1553_14093,7437.667238712311
Z1553_14091,Z1553_14096,29750.668954849243
Z1553_14091,Z1554_14094,5950.133790969849
Z1553_14091,Z1554_14095,1487.5334477424622
Z1553_14091,Z1554_14097,4462.6003432273865
Z1553_14091,Z1554_14098,7437.667238712311
Z1553_14091,Z1554_14099,1487.5334477424622
Z1553_14091,Z1554_14100,7437.667238712311
Z1553_14091,Z1555_14090,5950.133790969849
Z1553_14091,Z1555_14091,1487.5334477424622
Z1553_14091,Z1555_14093,1487.5334477424622
Z1553_14091,Z1555_14095,5950.133790969849
Z1553_14091,Z1555_14096,1487.5334477424622
Z1553_14091,Z1555_14097,5950.133790969849
Z1553_14092,Z1542_14088,11068.022718429565
Z1553_14092,Z1542_14089,1844.6704530715942
Z1553_14092,Z1542_14091,22136.04543685913
Z1553_14092,Z1542_14093,22136.04543685913
Z1553_14092,Z1543_14094,110680.22718429565
Z1553_14092,Z1543_14099,1844.6704530715942
Z1553_14092,Z1543_14100,7378.681812286377
Z1553_14092,Z1543_14101,11068.022718429565
Z1553_14092,Z1543_14102,22136.04543685913
Z1553_14092,Z1544_14087,11068.022718429565
Z1553_14092,Z1544_14089,12912.69317150116
Z1553_14092,Z1544_14091,7378.681812286377
Z1553_14092,Z1544_14092,22136.04543685913
Z1553_14092,Z1544_14093,1844.6704530715942
Z1553_14092,Z1544_14094,92233.52265357971
Z1553_14092,Z1544_14099,7378.681812286377
Z1553_14092,Z1544_14100,1844.6704530715942
Z1553_14092,Z1544_14101,38738.07951450348
Z1553_14092,Z1544_14102,7378.681812286377
Z1553_14092,Z1545_14088,11068.022718429565
Z1553_14092,Z1545_14093,1844.6704530715942
Z1553_14092,Z1545_14094,7378.681812286377
Z1553_14092,Z1545_14095,18446.704530715942
Z1553_14092,Z1545_14099,5534.011359214783
Z1553_14092,Z1545_14101,1844.6704530715942
Z1553_14092,Z1546_14089,27670.056796073914
Z1553_14092,Z1546_14090,1844.6704530715942
Z1553_14092,Z1546_14091,11068.022718429565
Z1553_14092,Z1546_14092,5534.011359214783
Z1553_14092,Z1546_14093,18446.704530715942
Z1553_14092,Z1546_14094,11068.022718429565
Z1553_14092,Z1546_14095,44272.09087371826
Z1553_14092,Z1546_14096,14757.363624572754
Z1553_14092,Z1547_14087,7378.681812286377
Z1553_14092,Z1547_14089,16602.034077644348
Z1553_14092,Z1547_14091,101456.87491893768
Z1553_14092,Z1547_14092,23980.715889930725
Z1553_14092,Z1547_14093,46116.761326789856
Z1553_14092,Z1547_14094,51650.77268600464
Z1553_14092,Z1547_14095,27670.056796073914
Z1553_14092,Z1547_14097,1844.6704530715942
Z1553_14092,Z1548_14087,5534.011359214783
Z1553_14092,Z1548_14089,18446.704530715942
Z1553_14092,Z1548_14091,9223.352265357971
Z1553_14092,Z1548_14092,955539.2946910858
Z1553_14092,Z1548_14093,145728.96579265594
Z1553_14092,Z1548_14094,221360.4543685913
Z1553_14092,Z1548_14095,53495.44313907623
Z1553_14092,Z1548_14096,7378.681812286377
Z1553_14092,Z1548_14098,20291.374983787537
Z1553_14092,Z1548_14101,7378.681812286377
Z1553_14092,Z1549_14088,7378.681812286377
Z1553_14092,Z1549_14092,106990.88627815247
Z1553_14092,Z1549_14093,273011.22705459595
Z1553_14092,Z1549_14094,319127.9883813858
Z1553_14092,Z1549_14095,112524.89763736725
Z1553_14092,Z1549_14096,16602.034077644348
Z1553_14092,Z1549_14097,27670.056796073914
Z1553_14092,Z1549_14101,11068.022718429565
Z1553_14092,Z1550_14088,1844.6704530715942
Z1553_14092,Z1550_14090,7378.681812286377
Z1553_14092,Z1550_14091,14757.363624572754
Z1553_14092,Z1550_14092,55340.11359214783
Z1553_14092,Z1550_14093,280389.9088668823
Z1553_14092,Z1550_14094,140194.95443344116
Z1553_14092,Z1550_14095,60874.12495136261
Z1553_14092,Z1550_14097,3689.3409061431885
Z1553_14092,Z1550_14099,5534.011359214783
Z1553_14092,Z1550_14100,1844.6704530715942
Z1553_14092,Z1550_14102,1844.6704530715942
Z1553_14092,Z1551_14086,11068.022718429565
Z1553_14092,Z1551_14090,11068.022718429565
Z1553_14092,Z1551_14092,3689.3409061431885
Z1553_14092,Z1551_14094,35048.73860836029
Z1553_14092,Z1551_14095,79320.82948207855
Z1553_14092,Z1552_14088,7378.681812286377
Z1553_14092,Z1552_14092,12912.69317150116
Z1553_14092,Z1552_14094,11068.022718429565
Z1553_14092,Z1552_14095,36893.409061431885
Z1553_14092,Z1552_14096,23980.715889930725
Z1553_14092,Z1552_14101,1844.6704530715942
Z1553_14092,Z1552_14102,1844.6704530715942
Z1553_14092,Z1553_14086,7378.681812286377
Z1553_14092,Z1553_14092,14757.363624572754
Z1553_14092,Z1553_14093,9223.352265357971
Z1553_14092,Z1553_14096,36893.409061431885
Z1553_14092,Z1554_14094,7378.681812286377
Z1553_14092,Z1554_14095,1844.6704530715942
Z1553_14092,Z1554_14097,5534.011359214783
Z1553_14092,Z1554_14098,9223.352265357971
Z1553_14092,Z1554_14099,1844.6704530715942
Z1553_14092,Z1554_14100,9223.352265357971
Z1553_14092,Z1555_14090,7378.681812286377
Z1553_14092,Z1555_14091,1844.6704530715942
Z1553_14092,Z1555_14093,1844.6704530715942
Z1553_14092,Z1555_14095,7378.681812286377
Z1553_14092,Z1555_14096,1844.6704530715942
Z1553_14092,Z1555_14097,7378.681812286377
Z1553_14093,Z1542_14088,14914.30100440979
Z1553_14093,Z1542_14089,2485.7168340682983
Z1553_14093,Z1542_14091,29828.60200881958
Z1553_14093,Z1542_14093,29828.60200881958
Z1553_14093,Z1543_14094,149143.0100440979
Z1553_14093,Z1543_14099,2485.7168340682983
Z1553_14093,Z1543_14100,9942.867336273193
Z1553_14093,Z1543_14101,14914.30100440979
Z1553_14093,Z1543_14102,29828.60200881958
Z1553_14093,Z1544_14087,14914.30100440979
Z1553_14093,Z1544_14089,17400.01783847809
Z1553_14093,Z1544_14091,9942.867336273193
Z1553_14093,Z1544_14092,29828.60200881958
Z1553_14093,Z1544_14093,2485.7168340682983
Z1553_14093,Z1544_14094,124285.84170341492
Z1553_14093,Z1544_14099,9942.867336273193
Z1553_14093,Z1544_14100,2485.7168340682983
Z1553_14093,Z1544_14101,52200.053515434265
Z1553_14093,Z1544_14102,9942.867336273193
Z1553_14093,Z1545_14088,14914.30100440979
Z1553_14093,Z1545_14093,2485.7168340682983
Z1553_14093,Z1545_14094,9942.867336273193
Z1553_14093,Z1545_14095,24857.168340682983
Z1553_14093,Z1545_14099,7457.150502204895
Z1553_14093,Z1545_14101,2485.7168340682983
Z1553_14093,Z1546_14089,37285.752511024475
Z1553_14093,Z1546_14090,2485.7168340682983
Z1553_14093,Z1546_14091,14914.30100440979
Z1553_14093,Z1546_14092,7457.150502204895
Z1553_14093,Z1546_14093,24857.168340682983
Z1553_14093,Z1546_14094,14914.30100440979
Z1553_14093,Z1546_14095,59657.20401763916
Z1553_14093,Z1546_14096,19885.734672546387
Z1553_14093,Z1547_14087,9942.867336273193
Z1553_14093,Z1547_14089,22371.451506614685
Z1553_14093,Z1547_14091,136714.4258737564
Z1553_14093,Z1547_14092,32314.31884288788
Z1553_14093,Z1547_14093,62142.92085170746
Z1553_14093,Z1547_14094,69600.07135391235
Z1553_14093,Z1547_14095,37285.752511024475
Z1553_14093,Z1547_14097,2485.7168340682983
Z1553_14093,Z1548_14087,7457.150502204895
Z1553_14093,Z1548_14089,24857.168340682983
Z1553_14093,Z1548_14091,12428.584170341492
Z1553_14093,Z1548_14092,1287601.3200473785
Z1553_14093,Z1548_14093,196371.62989139557
Z1553_14093,Z1548_14094,298286.0200881958
Z1553_14093,Z1548_14095,72085.78818798065
Z1553_14093,Z1548_14096,9942.867336273193
Z1553_14093,Z1548_14098,27342.88517475128
Z1553_14093,Z1548_14101,9942.867336273193
Z1553_14093,Z1549_14088,9942.867336273193
Z1553_14093,Z1549_14092,144171.5763759613
Z1553_14093,Z1549_14093,367886.09144210815
Z1553_14093,Z1549_14094,430029.0122938156
Z1553_14093,Z1549_14095,151628.7268781662
Z1553_14093,Z1549_14096,22371.451506614685
Z1553_14093,Z1549_14097,37285.752511024475
Z1553_14093,Z1549_14101,14914.30100440979
Z1553_14093,Z1550_14088,2485.7168340682983
Z1553_14093,Z1550_14090,9942.867336273193
Z1553_14093,Z1550_14091,19885.734672546387
Z1553_14093,Z1550_14092,74571.50502204895
Z1553_14093,Z1550_14093,377828.95877838135
Z1553_14093,Z1550_14094,188914.47938919067
Z1553_14093,Z1550_14095,82028.65552425385
Z1553_14093,Z1550_14097,4971.433668136597
Z1553_14093,Z1550_14099,7457.150502204895
Z1553_14093,Z1550_14100,2485.7168340682983
Z1553_14093,Z1550_14102,2485.7168340682983
Z1553_14093,Z1551_14086,14914.30100440979
Z1553_14093,Z1551_14090,14914.30100440979
Z1553_14093,Z1551_14092,4971.433668136597
Z1553_14093,Z1551_14094,47228.61984729767
Z1553_14093,Z1551_14095,106885.82386493683
Z1553_14093,Z1552_14088,9942.867336273193
Z1553_14093,Z1552_14092,17400.01783847809
Z1553_14093,Z1552_14094,14914.30100440979
Z1553_14093,Z1552_14095,49714.33668136597
Z1553_14093,Z1552_14096,32314.31884288788
Z1553_14093,Z1552_14101,2485.7168340682983
Z1553_14093,Z1552_14102,2485.7168340682983
Z1553_14093,Z1553_14086,9942.867336273193
Z1553_14093,Z1553_14092,19885.734672546387
Z1553_14093,Z1553_14093,12428.584170341492
Z1553_14093,Z1553_14096,49714.33668136597
Z1553_14093,Z1554_14094,9942.867336273193
Z1553_14093,Z1554_14095,2485.7168340682983
Z1553_14093,Z1554_14097,7457.150502204895
Z1553_14093,Z1554_14098,12428.584170341492
Z1553_14093,Z1554_14099,2485.7168340682983
Z1553_14093,Z1554_14100,12428.584170341492
Z1553_14093,Z1555_14090,9942.867336273193
Z1553_14093,Z1555_14091,2485.7168340682983
Z1553_14093,Z1555_14093,2485.7168340682983
Z1553_14093,Z1555_14095,9942.867336273193
Z1553_14093,Z1555_14096,2485.7168340682983
Z1553_14093,Z1555_14097,9942.867336273193
Z1553_14094,Z1542_14088,12143.771982192993
Z1553_14094,Z1542_14089,2023.9619970321655
Z1553_14094,Z1542_14091,24287.543964385986
Z1553_14094,Z1542_14093,24287.543964385986
Z1553_14094,Z1543_14094,121437.71982192993
Z1553_14094,Z1543_14099,2023.9619970321655
Z1553_14094,Z1543_14100,8095.847988128662
Z1553_14094,Z1543_14101,12143.771982192993
Z1553_14094,Z1543_14102,24287.543964385986
Z1553_14094,Z1544_14087,12143.771982192993
Z1553_14094,Z1544_14089,14167.733979225159
Z1553_14094,Z1544_14091,8095.847988128662
Z1553_14094,Z1544_14092,24287.543964385986
Z1553_14094,Z1544_14093,2023.9619970321655
Z1553_14094,Z1544_14094,101198.09985160828
Z1553_14094,Z1544_14099,8095.847988128662
Z1553_14094,Z1544_14100,2023.9619970321655
Z1553_14094,Z1544_14101,42503.201937675476
Z1553_14094,Z1544_14102,8095.847988128662
Z1553_14094,Z1545_14088,12143.771982192993
Z1553_14094,Z1545_14093,2023.9619970321655
Z1553_14094,Z1545_14094,8095.847988128662
Z1553_14094,Z1545_14095,20239.619970321655
Z1553_14094,Z1545_14099,6071.885991096497
Z1553_14094,Z1545_14101,2023.9619970321655
Z1553_14094,Z1546_14089,30359.429955482483
Z1553_14094,Z1546_14090,2023.9619970321655
Z1553_14094,Z1546_14091,12143.771982192993
Z1553_14094,Z1546_14092,6071.885991096497
Z1553_14094,Z1546_14093,20239.619970321655
Z1553_14094,Z1546_14094,12143.771982192993
Z1553_14094,Z1546_14095,48575.08792877197
Z1553_14094,Z1546_14096,16191.695976257324
Z1553_14094,Z1547_14087,8095.847988128662
Z1553_14094,Z1547_14089,18215.65797328949
Z1553_14094,Z1547_14091,111317.9098367691
Z1553_14094,Z1547_14092,26311.505961418152
Z1553_14094,Z1547_14093,50599.04992580414
Z1553_14094,Z1547_14094,56670.935916900635
Z1553_14094,Z1547_14095,30359.429955482483
Z1553_14094,Z1547_14097,2023.9619970321655
Z1553_14094,Z1548_14087,6071.885991096497
Z1553_14094,Z1548_14089,20239.619970321655
Z1553_14094,Z1548_14091,10119.809985160828
Z1553_14094,Z1548_14092,1048412.3144626617
Z1553_14094,Z1548_14093,159892.99776554108
Z1553_14094,Z1548_14094,242875.43964385986
Z1553_14094,Z1548_14095,58694.8979139328
Z1553_14094,Z1548_14096,8095.847988128662
Z1553_14094,Z1548_14098,22263.58196735382
Z1553_14094,Z1548_14101,8095.847988128662
Z1553_14094,Z1549_14088,8095.847988128662
Z1553_14094,Z1549_14092,117389.7958278656
Z1553_14094,Z1549_14093,299546.3755607605
Z1553_14094,Z1549_14094,350145.42548656464
Z1553_14094,Z1549_14095,123461.6818189621
Z1553_14094,Z1549_14096,18215.65797328949
Z1553_14094,Z1549_14097,30359.429955482483
Z1553_14094,Z1549_14101,12143.771982192993
Z1553_14094,Z1550_14088,2023.9619970321655
Z1553_14094,Z1550_14090,8095.847988128662
Z1553_14094,Z1550_14091,16191.695976257324
Z1553_14094,Z1550_14092,60718.859910964966
Z1553_14094,Z1550_14093,307642.22354888916
Z1553_14094,Z1550_14094,153821.11177444458
Z1553_14094,Z1550_14095,66790.74590206146
Z1553_14094,Z1550_14097,4047.923994064331
Z1553_14094,Z1550_14099,6071.885991096497
Z1553_14094,Z1550_14100,2023.9619970321655
Z1553_14094,Z1550_14102,2023.9619970321655
Z1553_14094,Z1551_14086,12143.771982192993
Z1553_14094,Z1551_14090,12143.771982192993
Z1553_14094,Z1551_14092,4047.923994064331
Z1553_14094,Z1551_14094,38455.277943611145
Z1553_14094,Z1551_14095,87030.36587238312
Z1553_14094,Z1552_14088,8095.847988128662
Z1553_14094,Z1552_14092,14167.733979225159
Z1553_14094,Z1552_14094,12143.771982192993
Z1553_14094,Z1552_14095,40479.23994064331
Z1553_14094,Z1552_14096,26311.505961418152
Z1553_14094,Z1552_14101,2023.9619970321655
Z1553_14094,Z1552_14102,2023.9619970321655
Z1553_14094,Z1553_14086,8095.847988128662
Z1553_14094,Z1553_14092,16191.695976257324
Z1553_14094,Z1553_14093,10119.809985160828
Z1553_14094,Z1553_14096,40479.23994064331
Z1553_14094,Z1554_14094,8095.847988128662
Z1553_14094,Z1554_14095,2023.9619970321655
Z1553_14094,Z1554_14097,6071.885991096497
Z1553_14094,Z1554_14098,10119.809985160828
Z1553_14094,Z1554_14099,2023.9619970321655
Z1553_14094,Z1554_14100,10119.809985160828
Z1553_14094,Z1555_14090,8095.847988128662
Z1553_14094,Z1555_14091,2023.9619970321655
Z1553_14094,Z1555_14093,2023.9619970321655
Z1553_14094,Z1555_14095,8095.847988128662
Z1553_14094,Z1555_14096,2023.9619970321655
Z1553_14094,Z1555_14097,8095.847988128662
Z1553_14095,Z1542_14088,17491.3352394104
Z1553_14095,Z1542_14089,2915.2225399017334
Z1553_14095,Z1542_14091,34982.6704788208
Z1553_14095,Z1542_14093,34982.6704788208
Z1553_14095,Z1543_14094,174913.352394104
Z1553_14095,Z1543_14099,2915.2225399017334
Z1553_14095,Z1543_14100,11660.890159606934
Z1553_14095,Z1543_14101,17491.3352394104
Z1553_14095,Z1543_14102,34982.6704788208
Z1553_14095,Z1544_14087,17491.3352394104
Z1553_14095,Z1544_14089,20406.557779312134
Z1553_14095,Z1544_14091,11660.890159606934
Z1553_14095,Z1544_14092,34982.6704788208
Z1553_14095,Z1544_14093,2915.2225399017334
Z1553_14095,Z1544_14094,145761.12699508667
Z1553_14095,Z1544_14099,11660.890159606934
Z1553_14095,Z1544_14100,2915.2225399017334
Z1553_14095,Z1544_14101,61219.6733379364
Z1553_14095,Z1544_14102,11660.890159606934
Z1553_14095,Z1545_14088,17491.3352394104
Z1553_14095,Z1545_14093,2915.2225399017334
Z1553_14095,Z1545_14094,11660.890159606934
Z1553_14095,Z1545_14095,29152.225399017334
Z1553_14095,Z1545_14099,8745.6676197052
Z1553_14095,Z1545_14101,2915.2225399017334
Z1553_14095,Z1546_14089,43728.338098526
Z1553_14095,Z1546_14090,2915.2225399017334
Z1553_14095,Z1546_14091,17491.3352394104
Z1553_14095,Z1546_14092,8745.6676197052
Z1553_14095,Z1546_14093,29152.225399017334
Z1553_14095,Z1546_14094,17491.3352394104
Z1553_14095,Z1546_14095,69965.3409576416
Z1553_14095,Z1546_14096,23321.780319213867
Z1553_14095,Z1547_14087,11660.890159606934
Z1553_14095,Z1547_14089,26237.0028591156
Z1553_14095,Z1547_14091,160337.23969459534
Z1553_14095,Z1547_14092,37897.893018722534
Z1553_14095,Z1547_14093,72880.56349754333
Z1553_14095,Z1547_14094,81626.23111724854
Z1553_14095,Z1547_14095,43728.338098526
Z1553_14095,Z1547_14097,2915.2225399017334
Z1553_14095,Z1548_14087,8745.6676197052
Z1553_14095,Z1548_14089,29152.225399017334
Z1553_14095,Z1548_14091,14576.112699508667
Z1553_14095,Z1548_14092,1510085.275669098
Z1553_14095,Z1548_14093,230302.58065223694
Z1553_14095,Z1548_14094,349826.704788208
Z1553_14095,Z1548_14095,84541.45365715027
Z1553_14095,Z1548_14096,11660.890159606934
Z1553_14095,Z1548_14098,32067.447938919067
Z1553_14095,Z1548_14101,11660.890159606934
Z1553_14095,Z1549_14088,11660.890159606934
Z1553_14095,Z1549_14092,169082.90731430054
Z1553_14095,Z1549_14093,431452.93590545654
Z1553_14095,Z1549_14094,504333.4994029999
Z1553_14095,Z1549_14095,177828.57493400574
Z1553_14095,Z1549_14096,26237.0028591156
Z1553_14095,Z1549_14097,43728.338098526
Z1553_14095,Z1549_14101,17491.3352394104
Z1553_14095,Z1550_14088,2915.2225399017334
Z1553_14095,Z1550_14090,11660.890159606934
Z1553_14095,Z1550_14091,23321.780319213867
Z1553_14095,Z1550_14092,87456.676197052
Z1553_14095,Z1550_14093,443113.8260650635
Z1553_14095,Z1550_14094,221556.91303253174
Z1553_14095,Z1550_14095,96202.3438167572
Z1553_14095,Z1550_14097,5830.445079803467
Z1553_14095,Z1550_14099,8745.6676197052
Z1553_14095,Z1550_14100,2915.2225399017334
Z1553_14095,Z1550_14102,2915.2225399017334
Z1553_14095,Z1551_14086,17491.3352394104
Z1553_14095,Z1551_14090,17491.3352394104
Z1553_14095,Z1551_14092,5830.445079803467
Z1553_14095,Z1551_14094,55389.228258132935
Z1553_14095,Z1551_14095,125354.56921577454
Z1553_14095,Z1552_14088,11660.890159606934
Z1553_14095,Z1552_14092,20406.557779312134
Z1553_14095,Z1552_14094,17491.3352394104
Z1553_14095,Z1552_14095,58304.45079803467
Z1553_14095,Z1552_14096,37897.893018722534
Z1553_14095,Z1552_14101,2915.2225399017334
Z1553_14095,Z1552_14102,2915.2225399017334
Z1553_14095,Z1553_14086,11660.890159606934
Z1553_14095,Z1553_14092,23321.780319213867
Z1553_14095,Z1553_14093,14576.112699508667
Z1553_14095,Z1553_14096,58304.45079803467
Z1553_14095,Z1554_14094,11660.890159606934
Z1553_14095,Z1554_14095,2915.2225399017334
Z1553_14095,Z1554_14097,8745.6676197052
Z1553_14095,Z1554_14098,14576.112699508667
Z1553_14095,Z1554_14099,2915.2225399017334
Z1553_14095,Z1554_14100,14576.112699508667
Z1553_14095,Z1555_14090,11660.890159606934
Z1553_14095,Z1555_14091,2915.2225399017334
Z1553_14095,Z1555_14093,2915.2225399017334
Z1553_14095,Z1555_14095,11660.890159606934
Z1553_14095,Z1555_14096,2915.2225399017334
Z1553_14095,Z1555_14097,11660.890159606934
Z1553_14096,Z1542_14088,20387.24573135376
Z1553_14096,Z1542_14089,3397.87428855896
Z1553_14096,Z1542_14091,40774.49146270752
Z1553_14096,Z1542_14093,40774.49146270752
Z1553_14096,Z1543_14094,203872.4573135376
Z1553_14096,Z1543_14099,3397.87428855896
Z1553_14096,Z1543_14100,13591.49715423584
Z1553_14096,Z1543_14101,20387.24573135376
Z1553_14096,Z1543_14102,40774.49146270752
Z1553_14096,Z1544_14087,20387.24573135376
Z1553_14096,Z1544_14089,23785.12001991272
Z1553_14096,Z1544_14091,13591.49715423584
Z1553_14096,Z1544_14092,40774.49146270752
Z1553_14096,Z1544_14093,3397.87428855896
Z1553_14096,Z1544_14094,169893.714427948
Z1553_14096,Z1544_14099,13591.49715423584
Z1553_14096,Z1544_14100,3397.87428855896
Z1553_14096,Z1544_14101,71355.36005973816
Z1553_14096,Z1544_14102,13591.49715423584
Z1553_14096,Z1545_14088,20387.24573135376
Z1553_14096,Z1545_14093,3397.87428855896
Z1553_14096,Z1545_14094,13591.49715423584
Z1553_14096,Z1545_14095,33978.7428855896
Z1553_14096,Z1545_14099,10193.62286567688
Z1553_14096,Z1545_14101,3397.87428855896
Z1553_14096,Z1546_14089,50968.1143283844
Z1553_14096,Z1546_14090,3397.87428855896
Z1553_14096,Z1546_14091,20387.24573135376
Z1553_14096,Z1546_14092,10193.62286567688
Z1553_14096,Z1546_14093,33978.7428855896
Z1553_14096,Z1546_14094,20387.24573135376
Z1553_14096,Z1546_14095,81548.98292541504
Z1553_14096,Z1546_14096,27182.99430847168
Z1553_14096,Z1547_14087,13591.49715423584
Z1553_14096,Z1547_14089,30580.86859703064
Z1553_14096,Z1547_14091,186883.0858707428
Z1553_14096,Z1547_14092,44172.36575126648
Z1553_14096,Z1547_14093,84946.857213974
Z1553_14096,Z1547_14094,95140.48007965088
Z1553_14096,Z1547_14095,50968.1143283844
Z1553_14096,Z1547_14097,3397.87428855896
Z1553_14096,Z1548_14087,10193.62286567688
Z1553_14096,Z1548_14089,33978.7428855896
Z1553_14096,Z1548_14091,16989.3714427948
Z1553_14096,Z1548_14092,1760098.8814735413
Z1553_14096,Z1548_14093,268432.06879615784
Z1553_14096,Z1548_14094,407744.9146270752
Z1553_14096,Z1548_14095,98538.35436820984
Z1553_14096,Z1548_14096,13591.49715423584
Z1553_14096,Z1548_14098,37376.61717414856
Z1553_14096,Z1548_14101,13591.49715423584
Z1553_14096,Z1549_14088,13591.49715423584
Z1553_14096,Z1549_14092,197076.70873641968
Z1553_14096,Z1549_14093,502885.3947067261
Z1553_14096,Z1549_14094,587832.2519207001
Z1553_14096,Z1549_14095,207270.33160209656
Z1553_14096,Z1549_14096,30580.86859703064
Z1553_14096,Z1549_14097,50968.1143283844
Z1553_14096,Z1549_14101,20387.24573135376
Z1553_14096,Z1550_14088,3397.87428855896
Z1553_14096,Z1550_14090,13591.49715423584
Z1553_14096,Z1550_14091,27182.99430847168
Z1553_14096,Z1550_14092,101936.2286567688
Z1553_14096,Z1550_14093,516476.8918609619
Z1553_14096,Z1550_14094,258238.44593048096
Z1553_14096,Z1550_14095,112129.85152244568
Z1553_14096,Z1550_14097,6795.74857711792
Z1553_14096,Z1550_14099,10193.62286567688
Z1553_14096,Z1550_14100,3397.87428855896
Z1553_14096,Z1550_14102,3397.87428855896
Z1553_14096,Z1551_14086,20387.24573135376
Z1553_14096,Z1551_14090,20387.24573135376
Z1553_14096,Z1551_14092,6795.74857711792
Z1553_14096,Z1551_14094,64559.61148262024
Z1553_14096,Z1551_14095,146108.59440803528
Z1553_14096,Z1552_14088,13591.49715423584
Z1553_14096,Z1552_14092,23785.12001991272
Z1553_14096,Z1552_14094,20387.24573135376
Z1553_14096,Z1552_14095,67957.4857711792
Z1553_14096,Z1552_14096,44172.36575126648
Z1553_14096,Z1552_14101,3397.87428855896
Z1553_14096,Z1552_14102,3397.87428855896
Z1553_14096,Z1553_14086,13591.49715423584
Z1553_14096,Z1553_14092,27182.99430847168
Z1553_14096,Z1553_14093,16989.3714427948
Z1553_14096,Z1553_14096,67957.4857711792
Z1553_14096,Z1554_14094,13591.49715423584
Z1553_14096,Z1554_14095,3397.87428855896
Z1553_14096,Z1554_14097,10193.62286567688
Z1553_14096,Z1554_14098,16989.3714427948
Z1553_14096,Z1554_14099,3397.87428855896
Z1553_14096,Z1554_14100,16989.3714427948
Z1553_14096,Z1555_14090,13591.49715423584
Z1553_14096,Z1555_14091,3397.87428855896
Z1553_14096,Z1555_14093,3397.87428855896
Z1553_14096,Z1555_14095,13591.49715423584
Z1553_14096,Z1555_14096,3397.87428855896
Z1553_14096,Z1555_14097,13591.49715423584
Z1553_14097,Z1542_14088,11613.621397018433
Z1553_14097,Z1542_14089,1935.6035661697388
Z1553_14097,Z1542_14091,23227.242794036865
Z1553_14097,Z1542_14093,23227.242794036865
Z1553_14097,Z1543_14094,116136.21397018433
Z1553_14097,Z1543_14099,1935.6035661697388
Z1553_14097,Z1543_14100,7742.414264678955
Z1553_14097,Z1543_14101,11613.621397018433
Z1553_14097,Z1543_14102,23227.242794036865
Z1553_14097,Z1544_14087,11613.621397018433
Z1553_14097,Z1544_14089,13549.224963188171
Z1553_14097,Z1544_14091,7742.414264678955
Z1553_14097,Z1544_14092,23227.242794036865
Z1553_14097,Z1544_14093,1935.6035661697388
Z1553_14097,Z1544_14094,96780.17830848694
Z1553_14097,Z1544_14099,7742.414264678955
Z1553_14097,Z1544_14100,1935.6035661697388
Z1553_14097,Z1544_14101,40647.674889564514
Z1553_14097,Z1544_14102,7742.414264678955
Z1553_14097,Z1545_14088,11613.621397018433
Z1553_14097,Z1545_14093,1935.6035661697388
Z1553_14097,Z1545_14094,7742.414264678955
Z1553_14097,Z1545_14095,19356.035661697388
Z1553_14097,Z1545_14099,5806.810698509216
Z1553_14097,Z1545_14101,1935.6035661697388
Z1553_14097,Z1546_14089,29034.05349254608
Z1553_14097,Z1546_14090,1935.6035661697388
Z1553_14097,Z1546_14091,11613.621397018433
Z1553_14097,Z1546_14092,5806.810698509216
Z1553_14097,Z1546_14093,19356.035661697388
Z1553_14097,Z1546_14094,11613.621397018433
Z1553_14097,Z1546_14095,46454.48558807373
Z1553_14097,Z1546_14096,15484.82852935791
Z1553_14097,Z1547_14087,7742.414264678955
Z1553_14097,Z1547_14089,17420.43209552765
Z1553_14097,Z1547_14091,106458.19613933563
Z1553_14097,Z1547_14092,25162.846360206604
Z1553_14097,Z1547_14093,48390.08915424347
Z1553_14097,Z1547_14094,54196.899852752686
Z1553_14097,Z1547_14095,29034.05349254608
Z1553_14097,Z1547_14097,1935.6035661697388
Z1553_14097,Z1548_14087,5806.810698509216
Z1553_14097,Z1548_14089,19356.035661697388
Z1553_14097,Z1548_14091,9678.017830848694
Z1553_14097,Z1548_14092,1002642.6472759247
Z1553_14097,Z1548_14093,152912.68172740936
Z1553_14097,Z1548_14094,232272.42794036865
Z1553_14097,Z1548_14095,56132.503418922424
Z1553_14097,Z1548_14096,7742.414264678955
Z1553_14097,Z1548_14098,21291.639227867126
Z1553_14097,Z1548_14101,7742.414264678955
Z1553_14097,Z1549_14088,7742.414264678955
Z1553_14097,Z1549_14092,112265.00683784485
Z1553_14097,Z1549_14093,286469.32779312134
Z1553_14097,Z1549_14094,334859.4169473648
Z1553_14097,Z1549_14095,118071.81753635406
Z1553_14097,Z1549_14096,17420.43209552765
Z1553_14097,Z1549_14097,29034.05349254608
Z1553_14097,Z1549_14101,11613.621397018433
Z1553_14097,Z1550_14088,1935.6035661697388
Z1553_14097,Z1550_14090,7742.414264678955
Z1553_14097,Z1550_14091,15484.82852935791
Z1553_14097,Z1550_14092,58068.10698509216
Z1553_14097,Z1550_14093,294211.7420578003
Z1553_14097,Z1550_14094,147105.87102890015
Z1553_14097,Z1550_14095,63874.91768360138
Z1553_14097,Z1550_14097,3871.2071323394775
Z1553_14097,Z1550_14099,5806.810698509216
Z1553_14097,Z1550_14100,1935.6035661697388
Z1553_14097,Z1550_14102,1935.6035661697388
Z1553_14097,Z1551_14086,11613.621397018433
Z1553_14097,Z1551_14090,11613.621397018433
Z1553_14097,Z1551_14092,3871.2071323394775
Z1553_14097,Z1551_14094,36776.46775722504
Z1553_14097,Z1551_14095,83230.95334529877
Z1553_14097,Z1552_14088,7742.414264678955
Z1553_14097,Z1552_14092,13549.224963188171
Z1553_14097,Z1552_14094,11613.621397018433
Z1553_14097,Z1552_14095,38712.071323394775
Z1553_14097,Z1552_14096,25162.846360206604
Z1553_14097,Z1552_14101,1935.6035661697388
Z1553_14097,Z1552_14102,1935.6035661697388
Z1553_14097,Z1553_14086,7742.414264678955
Z1553_14097,Z1553_14092,15484.82852935791
Z1553_14097,Z1553_14093,9678.017830848694
Z1553_14097,Z1553_14096,38712.071323394775
Z1553_14097,Z1554_14094,7742.414264678955
Z1553_14097,Z1554_14095,1935.6035661697388
Z1553_14097,Z1554_14097,5806.810698509216
Z1553_14097,Z1554_14098,9678.017830848694
Z1553_14097,Z1554_14099,1935.6035661697388
Z1553_14097,Z1554_14100,9678.017830848694
Z1553_14097,Z1555_14090,7742.414264678955
Z1553_14097,Z1555_14091,1935.6035661697388
Z1553_14097,Z1555_14093,1935.6035661697388
Z1553_14097,Z1555_14095,7742.414264678955
Z1553_14097,Z1555_14096,1935.6035661697388
Z1553_14097,Z1555_14097,7742.414264678955
Z1553_14098,Z1542_14088,4628.78876209259
Z1553_14098,Z1542_14089,771.4647936820984
Z1553_14098,Z1542_14091,9257.57752418518
Z1553_14098,Z1542_14093,9257.57752418518
Z1553_14098,Z1543_14094,46287.8876209259
Z1553_14098,Z1543_14099,771.4647936820984
Z1553_14098,Z1543_14100,3085.8591747283936
Z1553_14098,Z1543_14101,4628.78876209259
Z1553_14098,Z1543_14102,9257.57752418518
Z1553_14098,Z1544_14087,4628.78876209259
Z1553_14098,Z1544_14089,5400.253555774689
Z1553_14098,Z1544_14091,3085.8591747283936
Z1553_14098,Z1544_14092,9257.57752418518
Z1553_14098,Z1544_14093,771.4647936820984
Z1553_14098,Z1544_14094,38573.23968410492
Z1553_14098,Z1544_14099,3085.8591747283936
Z1553_14098,Z1544_14100,771.4647936820984
Z1553_14098,Z1544_14101,16200.760667324066
Z1553_14098,Z1544_14102,3085.8591747283936
Z1553_14098,Z1545_14088,4628.78876209259
Z1553_14098,Z1545_14093,771.4647936820984
Z1553_14098,Z1545_14094,3085.8591747283936
Z1553_14098,Z1545_14095,7714.647936820984
Z1553_14098,Z1545_14099,2314.394381046295
Z1553_14098,Z1545_14101,771.4647936820984
Z1553_14098,Z1546_14089,11571.971905231476
Z1553_14098,Z1546_14090,771.4647936820984
Z1553_14098,Z1546_14091,4628.78876209259
Z1553_14098,Z1546_14092,2314.394381046295
Z1553_14098,Z1546_14093,7714.647936820984
Z1553_14098,Z1546_14094,4628.78876209259
Z1553_14098,Z1546_14095,18515.15504837036
Z1553_14098,Z1546_14096,6171.718349456787
Z1553_14098,Z1547_14087,3085.8591747283936
Z1553_14098,Z1547_14089,6943.1831431388855
Z1553_14098,Z1547_14091,42430.56365251541
Z1553_14098,Z1547_14092,10029.042317867279
Z1553_14098,Z1547_14093,19286.61984205246
Z1553_14098,Z1547_14094,21601.014223098755
Z1553_14098,Z1547_14095,11571.971905231476
Z1553_14098,Z1547_14097,771.4647936820984
Z1553_14098,Z1548_14087,2314.394381046295
Z1553_14098,Z1548_14089,7714.647936820984
Z1553_14098,Z1548_14091,3857.323968410492
Z1553_14098,Z1548_14092,399618.76312732697
Z1553_14098,Z1548_14093,60945.71870088577
Z1553_14098,Z1548_14094,92575.7752418518
Z1553_14098,Z1548_14095,22372.479016780853
Z1553_14098,Z1548_14096,3085.8591747283936
Z1553_14098,Z1548_14098,8486.112730503082
Z1553_14098,Z1548_14101,3085.8591747283936
Z1553_14098,Z1549_14088,3085.8591747283936
Z1553_14098,Z1549_14092,44744.95803356171
Z1553_14098,Z1549_14093,114176.78946495056
Z1553_14098,Z1549_14094,133463.40930700302
Z1553_14098,Z1549_14095,47059.352414608
Z1553_14098,Z1549_14096,6943.1831431388855
Z1553_14098,Z1549_14097,11571.971905231476
Z1553_14098,Z1549_14101,4628.78876209259
Z1553_14098,Z1550_14088,771.4647936820984
Z1553_14098,Z1550_14090,3085.8591747283936
Z1553_14098,Z1550_14091,6171.718349456787
Z1553_14098,Z1550_14092,23143.94381046295
Z1553_14098,Z1550_14093,117262.64863967896
Z1553_14098,Z1550_14094,58631.32431983948
Z1553_14098,Z1550_14095,25458.338191509247
Z1553_14098,Z1550_14097,1542.9295873641968
Z1553_14098,Z1550_14099,2314.394381046295
Z1553_14098,Z1550_14100,771.4647936820984
Z1553_14098,Z1550_14102,771.4647936820984
Z1553_14098,Z1551_14086,4628.78876209259
Z1553_14098,Z1551_14090,4628.78876209259
Z1553_14098,Z1551_14092,1542.9295873641968
Z1553_14098,Z1551_14094,14657.83107995987
Z1553_14098,Z1551_14095,33172.98612833023
Z1553_14098,Z1552_14088,3085.8591747283936
Z1553_14098,Z1552_14092,5400.253555774689
Z1553_14098,Z1552_14094,4628.78876209259
Z1553_14098,Z1552_14095,15429.295873641968
Z1553_14098,Z1552_14096,10029.042317867279
Z1553_14098,Z1552_14101,771.4647936820984
Z1553_14098,Z1552_14102,771.4647936820984
Z1553_14098,Z1553_14086,3085.8591747283936
Z1553_14098,Z1553_14092,6171.718349456787
Z1553_14098,Z1553_14093,3857.323968410492
Z1553_14098,Z1553_14096,15429.295873641968
Z1553_14098,Z1554_14094,3085.8591747283936
Z1553_14098,Z1554_14095,771.4647936820984
Z1553_14098,Z1554_14097,2314.394381046295
Z1553_14098,Z1554_14098,3857.323968410492
Z1553_14098,Z1554_14099,771.4647936820984
Z1553_14098,Z1554_14100,3857.323968410492
Z1553_14098,Z1555_14090,3085.8591747283936
Z1553_14098,Z1555_14091,771.4647936820984
Z1553_14098,Z1555_14093,771.4647936820984
Z1553_14098,Z1555_14095,3085.8591747283936
Z1553_14098,Z1555_14096,771.4647936820984
Z1553_14098,Z1555_14097,3085.8591747283936
Z1553_14099,Z1542_14088,5897.822306156158
Z1553_14099,Z1542_14089,982.9703843593597
Z1553_14099,Z1542_14091,11795.644612312317
Z1553_14099,Z1542_14093,11795.644612312317
Z1553_14099,Z1543_14094,58978.223061561584
Z1553_14099,Z1543_14099,982.9703843593597
Z1553_14099,Z1543_14100,3931.881537437439
Z1553_14099,Z1543_14101,5897.822306156158
Z1553_14099,Z1543_14102,11795.644612312317
Z1553_14099,Z1544_14087,5897.822306156158
Z1553_14099,Z1544_14089,6880.792690515518
Z1553_14099,Z1544_14091,3931.881537437439
Z1553_14099,Z1544_14092,11795.644612312317
Z1553_14099,Z1544_14093,982.9703843593597
Z1553_14099,Z1544_14094,49148.51921796799
Z1553_14099,Z1544_14099,3931.881537437439
Z1553_14099,Z1544_14100,982.9703843593597
Z1553_14099,Z1544_14101,20642.378071546555
Z1553_14099,Z1544_14102,3931.881537437439
Z1553_14099,Z1545_14088,5897.822306156158
Z1553_14099,Z1545_14093,982.9703843593597
Z1553_14099,Z1545_14094,3931.881537437439
Z1553_14099,Z1545_14095,9829.703843593597
Z1553_14099,Z1545_14099,2948.911153078079
Z1553_14099,Z1545_14101,982.9703843593597
Z1553_14099,Z1546_14089,14744.555765390396
Z1553_14099,Z1546_14090,982.9703843593597
Z1553_14099,Z1546_14091,5897.822306156158
Z1553_14099,Z1546_14092,2948.911153078079
Z1553_14099,Z1546_14093,9829.703843593597
Z1553_14099,Z1546_14094,5897.822306156158
Z1553_14099,Z1546_14095,23591.289224624634
Z1553_14099,Z1546_14096,7863.763074874878
Z1553_14099,Z1547_14087,3931.881537437439
Z1553_14099,Z1547_14089,8846.733459234238
Z1553_14099,Z1547_14091,54063.371139764786
Z1553_14099,Z1547_14092,12778.614996671677
Z1553_14099,Z1547_14093,24574.259608983994
Z1553_14099,Z1547_14094,27523.170762062073
Z1553_14099,Z1547_14095,14744.555765390396
Z1553_14099,Z1547_14097,982.9703843593597
Z1553_14099,Z1548_14087,2948.911153078079
Z1553_14099,Z1548_14089,9829.703843593597
Z1553_14099,Z1548_14091,4914.851921796799
Z1553_14099,Z1548_14092,509178.65909814835
Z1553_14099,Z1548_14093,77654.66036438942
Z1553_14099,Z1548_14094,117956.44612312317
Z1553_14099,Z1548_14095,28506.141146421432
Z1553_14099,Z1548_14096,3931.881537437439
Z1553_14099,Z1548_14098,10812.674227952957
Z1553_14099,Z1548_14101,3931.881537437439
Z1553_14099,Z1549_14088,3931.881537437439
Z1553_14099,Z1549_14092,57012.282292842865
Z1553_14099,Z1549_14093,145479.61688518524
Z1553_14099,Z1549_14094,170053.87649416924
Z1553_14099,Z1549_14095,59961.193445920944
Z1553_14099,Z1549_14096,8846.733459234238
Z1553_14099,Z1549_14097,14744.555765390396
Z1553_14099,Z1549_14101,5897.822306156158
Z1553_14099,Z1550_14088,982.9703843593597
Z1553_14099,Z1550_14090,3931.881537437439
Z1553_14099,Z1550_14091,7863.763074874878
Z1553_14099,Z1550_14092,29489.111530780792
Z1553_14099,Z1550_14093,149411.49842262268
Z1553_14099,Z1550_14094,74705.74921131134
Z1553_14099,Z1550_14095,32438.02268385887
Z1553_14099,Z1550_14097,1965.9407687187195
Z1553_14099,Z1550_14099,2948.911153078079
Z1553_14099,Z1550_14100,982.9703843593597
Z1553_14099,Z1550_14102,982.9703843593597
Z1553_14099,Z1551_14086,5897.822306156158
Z1553_14099,Z1551_14090,5897.822306156158
Z1553_14099,Z1551_14092,1965.9407687187195
Z1553_14099,Z1551_14094,18676.437302827835
Z1553_14099,Z1551_14095,42267.72652745247
Z1553_14099,Z1552_14088,3931.881537437439
Z1553_14099,Z1552_14092,6880.792690515518
Z1553_14099,Z1552_14094,5897.822306156158
Z1553_14099,Z1552_14095,19659.407687187195
Z1553_14099,Z1552_14096,12778.614996671677
Z1553_14099,Z1552_14101,982.9703843593597
Z1553_14099,Z1552_14102,982.9703843593597
Z1553_14099,Z1553_14086,3931.881537437439
Z1553_14099,Z1553_14092,7863.763074874878
Z1553_14099,Z1553_14093,4914.851921796799
Z1553_14099,Z1553_14096,19659.407687187195
Z1553_14099,Z1554_14094,3931.881537437439
Z1553_14099,Z1554_14095,982.9703843593597
Z1553_14099,Z1554_14097,2948.911153078079
Z1553_14099,Z1554_14098,4914.851921796799
Z1553_14099,Z1554_14099,982.9703843593597
Z1553_14099,Z1554_14100,4914.851921796799
Z1553_14099,Z1555_14090,3931.881537437439
Z1553_14099,Z1555_14091,982.9703843593597
Z1553_14099,Z1555_14093,982.9703843593597
Z1553_14099,Z1555_14095,3931.881537437439
Z1553_14099,Z1555_14096,982.9703843593597
Z1553_14099,Z1555_14097,3931.881537437439
Z1553_14100,Z1542_14088,1479.7581052780151
Z1553_14100,Z1542_14089,246.6263508796692
Z1553_14100,Z1542_14091,2959.5162105560303
Z1553_14100,Z1542_14093,2959.5162105560303
Z1553_14100,Z1543_14094,14797.581052780151
Z1553_14100,Z1543_14099,246.6263508796692
Z1553_14100,Z1543_14100,986.5054035186768
Z1553_14100,Z1543_14101,1479.7581052780151
Z1553_14100,Z1543_14102,2959.5162105560303
Z1553_14100,Z1544_14087,1479.7581052780151
Z1553_14100,Z1544_14089,1726.3844561576843
Z1553_14100,Z1544_14091,986.5054035186768
Z1553_14100,Z1544_14092,2959.5162105560303
Z1553_14100,Z1544_14093,246.6263508796692
Z1553_14100,Z1544_14094,12331.31754398346
Z1553_14100,Z1544_14099,986.5054035186768
Z1553_14100,Z1544_14100,246.6263508796692
Z1553_14100,Z1544_14101,5179.153368473053
Z1553_14100,Z1544_14102,986.5054035186768
Z1553_14100,Z1545_14088,1479.7581052780151
Z1553_14100,Z1545_14093,246.6263508796692
Z1553_14100,Z1545_14094,986.5054035186768
Z1553_14100,Z1545_14095,2466.263508796692
Z1553_14100,Z1545_14099,739.8790526390076
Z1553_14100,Z1545_14101,246.6263508796692
Z1553_14100,Z1546_14089,3699.395263195038
Z1553_14100,Z1546_14090,246.6263508796692
Z1553_14100,Z1546_14091,1479.7581052780151
Z1553_14100,Z1546_14092,739.8790526390076
Z1553_14100,Z1546_14093,2466.263508796692
Z1553_14100,Z1546_14094,1479.7581052780151
Z1553_14100,Z1546_14095,5919.032421112061
Z1553_14100,Z1546_14096,1973.0108070373535
Z1553_14100,Z1547_14087,986.5054035186768
Z1553_14100,Z1547_14089,2219.6371579170227
Z1553_14100,Z1547_14091,13564.449298381805
Z1553_14100,Z1547_14092,3206.1425614356995
Z1553_14100,Z1547_14093,6165.65877199173
Z1553_14100,Z1547_14094,6905.537824630737
Z1553_14100,Z1547_14095,3699.395263195038
Z1553_14100,Z1547_14097,246.6263508796692
Z1553_14100,Z1548_14087,739.8790526390076
Z1553_14100,Z1548_14089,2466.263508796692
Z1553_14100,Z1548_14091,1233.131754398346
Z1553_14100,Z1548_14092,127752.44975566864
Z1553_14100,Z1548_14093,19483.481719493866
Z1553_14100,Z1548_14094,29595.162105560303
Z1553_14100,Z1548_14095,7152.1641755104065
Z1553_14100,Z1548_14096,986.5054035186768
Z1553_14100,Z1548_14098,2712.889859676361
Z1553_14100,Z1548_14101,986.5054035186768
Z1553_14100,Z1549_14088,986.5054035186768
Z1553_14100,Z1549_14092,14304.328351020813
Z1553_14100,Z1549_14093,36500.69993019104
Z1553_14100,Z1549_14094,42666.35870218277
Z1553_14100,Z1549_14095,15044.20740365982
Z1553_14100,Z1549_14096,2219.6371579170227
Z1553_14100,Z1549_14097,3699.395263195038
Z1553_14100,Z1549_14101,1479.7581052780151
Z1553_14100,Z1550_14088,246.6263508796692
Z1553_14100,Z1550_14090,986.5054035186768
Z1553_14100,Z1550_14091,1973.0108070373535
Z1553_14100,Z1550_14092,7398.790526390076
Z1553_14100,Z1550_14093,37487.20533370972
Z1553_14100,Z1550_14094,18743.60266685486
Z1553_14100,Z1550_14095,8138.669579029083
Z1553_14100,Z1550_14097,493.2527017593384
Z1553_14100,Z1550_14099,739.8790526390076
Z1553_14100,Z1550_14100,246.6263508796692
Z1553_14100,Z1550_14102,246.6263508796692
Z1553_14100,Z1551_14086,1479.7581052780151
Z1553_14100,Z1551_14090,1479.7581052780151
Z1553_14100,Z1551_14092,493.2527017593384
Z1553_14100,Z1551_14094,4685.900666713715
Z1553_14100,Z1551_14095,10604.933087825775
Z1553_14100,Z1552_14088,986.5054035186768
Z1553_14100,Z1552_14092,1726.3844561576843
Z1553_14100,Z1552_14094,1479.7581052780151
Z1553_14100,Z1552_14095,4932.527017593384
Z1553_14100,Z1552_14096,3206.1425614356995
Z1553_14100,Z1552_14101,246.6263508796692
Z1553_14100,Z1552_14102,246.6263508796692
Z1553_14100,Z1553_14086,986.5054035186768
Z1553_14100,Z1553_14092,1973.0108070373535
Z1553_14100,Z1553_14093,1233.131754398346
Z1553_14100,Z1553_14096,4932.527017593384
Z1553_14100,Z1554_14094,986.5054035186768
Z1553_14100,Z1554_14095,246.6263508796692
Z1553_14100,Z1554_14097,739.8790526390076
Z1553_14100,Z1554_14098,1233.131754398346
Z1553_14100,Z1554_14099,246.6263508796692
Z1553_14100,Z1554_14100,1233.131754398346
Z1553_14100,Z1555_14090,986.5054035186768
Z1553_14100,Z1555_14091,246.6263508796692
Z1553_14100,Z1555_14093,246.6263508796692
Z1553_14100,Z1555_14095,986.5054035186768
Z1553_14100,Z1555_14096,246.6263508796692
Z1553_14100,Z1555_14097,986.5054035186768
Z1554_14089,Z1542_14088,676.7893838882446
Z1554_14089,Z1542_14089,112.79823064804077
Z1554_14089,Z1542_14091,1353.5787677764893
Z1554_14089,Z1542_14093,1353.5787677764893
Z1554_14089,Z1543_14094,6767.893838882446
Z1554_14089,Z1543_14099,112.79823064804077
Z1554_14089,Z1543_14100,451.1929225921631
Z1554_14089,Z1543_14101,676.7893838882446
Z1554_14089,Z1543_14102,1353.5787677764893
Z1554_14089,Z1544_14087,676.7893838882446
Z1554_14089,Z1544_14089,789.5876145362854
Z1554_14089,Z1544_14091,451.1929225921631
Z1554_14089,Z1544_14092,1353.5787677764893
Z1554_14089,Z1544_14093,112.79823064804077
Z1554_14089,Z1544_14094,5639.911532402039
Z1554_14089,Z1544_14099,451.1929225921631
Z1554_14089,Z1544_14100,112.79823064804077
Z1554_14089,Z1544_14101,2368.762843608856
Z1554_14089,Z1544_14102,451.1929225921631
Z1554_14089,Z1545_14088,676.7893838882446
Z1554_14089,Z1545_14093,112.79823064804077
Z1554_14089,Z1545_14094,451.1929225921631
Z1554_14089,Z1545_14095,1127.9823064804077
Z1554_14089,Z1545_14099,338.3946919441223
Z1554_14089,Z1545_14101,112.79823064804077
Z1554_14089,Z1546_14089,1691.9734597206116
Z1554_14089,Z1546_14090,112.79823064804077
Z1554_14089,Z1546_14091,676.7893838882446
Z1554_14089,Z1546_14092,338.3946919441223
Z1554_14089,Z1546_14093,1127.9823064804077
Z1554_14089,Z1546_14094,676.7893838882446
Z1554_14089,Z1546_14095,2707.1575355529785
Z1554_14089,Z1546_14096,902.3858451843262
Z1554_14089,Z1547_14087,451.1929225921631
Z1554_14089,Z1547_14089,1015.184075832367
Z1554_14089,Z1547_14091,6203.902685642242
Z1554_14089,Z1547_14092,1466.37699842453
Z1554_14089,Z1547_14093,2819.9557662010193
Z1554_14089,Z1547_14094,3158.3504581451416
Z1554_14089,Z1547_14095,1691.9734597206116
Z1554_14089,Z1547_14097,112.79823064804077
Z1554_14089,Z1548_14087,338.3946919441223
Z1554_14089,Z1548_14089,1127.9823064804077
Z1554_14089,Z1548_14091,563.9911532402039
Z1554_14089,Z1548_14092,58429.48347568512
Z1554_14089,Z1548_14093,8911.060221195221
Z1554_14089,Z1548_14094,13535.787677764893
Z1554_14089,Z1548_14095,3271.1486887931824
Z1554_14089,Z1548_14096,451.1929225921631
Z1554_14089,Z1548_14098,1240.7805371284485
Z1554_14089,Z1548_14101,451.1929225921631
Z1554_14089,Z1549_14088,451.1929225921631
Z1554_14089,Z1549_14092,6542.297377586365
Z1554_14089,Z1549_14093,16694.138135910034
Z1554_14089,Z1549_14094,19514.093902111053
Z1554_14089,Z1549_14095,6880.692069530487
Z1554_14089,Z1549_14096,1015.184075832367
Z1554_14089,Z1549_14097,1691.9734597206116
Z1554_14089,Z1549_14101,676.7893838882446
Z1554_14089,Z1550_14088,112.79823064804077
Z1554_14089,Z1550_14090,451.1929225921631
Z1554_14089,Z1550_14091,902.3858451843262
Z1554_14089,Z1550_14092,3383.946919441223
Z1554_14089,Z1550_14093,17145.331058502197
Z1554_14089,Z1550_14094,8572.665529251099
Z1554_14089,Z1550_14095,3722.3416113853455
Z1554_14089,Z1550_14097,225.59646129608154
Z1554_14089,Z1550_14099,338.3946919441223
Z1554_14089,Z1550_14100,112.79823064804077
Z1554_14089,Z1550_14102,112.79823064804077
Z1554_14089,Z1551_14086,676.7893838882446
Z1554_14089,Z1551_14090,676.7893838882446
Z1554_14089,Z1551_14092,225.59646129608154
Z1554_14089,Z1551_14094,2143.1663823127747
Z1554_14089,Z1551_14095,4850.323917865753
Z1554_14089,Z1552_14088,451.1929225921631
Z1554_14089,Z1552_14092,789.5876145362854
Z1554_14089,Z1552_14094,676.7893838882446
Z1554_14089,Z1552_14095,2255.9646129608154
Z1554_14089,Z1552_14096,1466.37699842453
Z1554_14089,Z1552_14101,112.79823064804077
Z1554_14089,Z1552_14102,112.79823064804077
Z1554_14089,Z1553_14086,451.1929225921631
Z1554_14089,Z1553_14092,902.3858451843262
Z1554_14089,Z1553_14093,563.9911532402039
Z1554_14089,Z1553_14096,2255.9646129608154
Z1554_14089,Z1554_14094,451.1929225921631
Z1554_14089,Z1554_14095,112.79823064804077
Z1554_14089,Z1554_14097,338.3946919441223
Z1554_14089,Z1554_14098,563.9911532402039
Z1554_14089,Z1554_14099,112.79823064804077
Z1554_14089,Z1554_14100,563.9911532402039
Z1554_14089,Z1555_14090,451.1929225921631
Z1554_14089,Z1555_14091,112.79823064804077
Z1554_14089,Z1555_14093,112.79823064804077
Z1554_14089,Z1555_14095,451.1929225921631
Z1554_14089,Z1555_14096,112.79823064804077
Z1554_14089,Z1555_14097,451.1929225921631
Z1554_14090,Z1542_14088,1875.5589079856873
Z1554_14090,Z1542_14089,312.5931513309479
Z1554_14090,Z1542_14091,3751.1178159713745
Z1554_14090,Z1542_14093,3751.1178159713745
Z1554_14090,Z1543_14094,18755.589079856873
Z1554_14090,Z1543_14099,312.5931513309479
Z1554_14090,Z1543_14100,1250.3726053237915
Z1554_14090,Z1543_14101,1875.5589079856873
Z1554_14090,Z1543_14102,3751.1178159713745
Z1554_14090,Z1544_14087,1875.5589079856873
Z1554_14090,Z1544_14089,2188.152059316635
Z1554_14090,Z1544_14091,1250.3726053237915
Z1554_14090,Z1544_14092,3751.1178159713745
Z1554_14090,Z1544_14093,312.5931513309479
Z1554_14090,Z1544_14094,15629.657566547394
Z1554_14090,Z1544_14099,1250.3726053237915
Z1554_14090,Z1544_14100,312.5931513309479
Z1554_14090,Z1544_14101,6564.456177949905
Z1554_14090,Z1544_14102,1250.3726053237915
Z1554_14090,Z1545_14088,1875.5589079856873
Z1554_14090,Z1545_14093,312.5931513309479
Z1554_14090,Z1545_14094,1250.3726053237915
Z1554_14090,Z1545_14095,3125.9315133094788
Z1554_14090,Z1545_14099,937.7794539928436
Z1554_14090,Z1545_14101,312.5931513309479
Z1554_14090,Z1546_14089,4688.897269964218
Z1554_14090,Z1546_14090,312.5931513309479
Z1554_14090,Z1546_14091,1875.5589079856873
Z1554_14090,Z1546_14092,937.7794539928436
Z1554_14090,Z1546_14093,3125.9315133094788
Z1554_14090,Z1546_14094,1875.5589079856873
Z1554_14090,Z1546_14095,7502.235631942749
Z1554_14090,Z1546_14096,2500.745210647583
Z1554_14090,Z1547_14087,1250.3726053237915
Z1554_14090,Z1547_14089,2813.338361978531
Z1554_14090,Z1547_14091,17192.623323202133
Z1554_14090,Z1547_14092,4063.7109673023224
Z1554_14090,Z1547_14093,7814.828783273697
Z1554_14090,Z1547_14094,8752.60823726654
Z1554_14090,Z1547_14095,4688.897269964218
Z1554_14090,Z1547_14097,312.5931513309479
Z1554_14090,Z1548_14087,937.7794539928436
Z1554_14090,Z1548_14089,3125.9315133094788
Z1554_14090,Z1548_14091,1562.9657566547394
Z1554_14090,Z1548_14092,161923.252389431
Z1554_14090,Z1548_14093,24694.858955144882
Z1554_14090,Z1548_14094,37511.178159713745
Z1554_14090,Z1548_14095,9065.201388597488
Z1554_14090,Z1548_14096,1250.3726053237915
Z1554_14090,Z1548_14098,3438.5246646404266
Z1554_14090,Z1548_14101,1250.3726053237915
Z1554_14090,Z1549_14088,1250.3726053237915
Z1554_14090,Z1549_14092,18130.402777194977
Z1554_14090,Z1549_14093,46263.786396980286
Z1554_14090,Z1549_14094,54078.61518025398
Z1554_14090,Z1549_14095,19068.18223118782
Z1554_14090,Z1549_14096,2813.338361978531
Z1554_14090,Z1549_14097,4688.897269964218
Z1554_14090,Z1549_14101,1875.5589079856873
Z1554_14090,Z1550_14088,312.5931513309479
Z1554_14090,Z1550_14090,1250.3726053237915
Z1554_14090,Z1550_14091,2500.745210647583
Z1554_14090,Z1550_14092,9377.794539928436
Z1554_14090,Z1550_14093,47514.15900230408
Z1554_14090,Z1550_14094,23757.07950115204
Z1554_14090,Z1550_14095,10315.57399392128
Z1554_14090,Z1550_14097,625.1863026618958
Z1554_14090,Z1550_14099,937.7794539928436
Z1554_14090,Z1550_14100,312.5931513309479
Z1554_14090,Z1550_14102,312.5931513309479
Z1554_14090,Z1551_14086,1875.5589079856873
Z1554_14090,Z1551_14090,1875.5589079856873
Z1554_14090,Z1551_14092,625.1863026618958
Z1554_14090,Z1551_14094,5939.26987528801
Z1554_14090,Z1551_14095,13441.505507230759
Z1554_14090,Z1552_14088,1250.3726053237915
Z1554_14090,Z1552_14092,2188.152059316635
Z1554_14090,Z1552_14094,1875.5589079856873
Z1554_14090,Z1552_14095,6251.8630266189575
Z1554_14090,Z1552_14096,4063.7109673023224
Z1554_14090,Z1552_14101,312.5931513309479
Z1554_14090,Z1552_14102,312.5931513309479
Z1554_14090,Z1553_14086,1250.3726053237915
Z1554_14090,Z1553_14092,2500.745210647583
Z1554_14090,Z1553_14093,1562.9657566547394
Z1554_14090,Z1553_14096,6251.8630266189575
Z1554_14090,Z1554_14094,1250.3726053237915
Z1554_14090,Z1554_14095,312.5931513309479
Z1554_14090,Z1554_14097,937.7794539928436
Z1554_14090,Z1554_14098,1562.9657566547394
Z1554_14090,Z1554_14099,312.5931513309479
Z1554_14090,Z1554_14100,1562.9657566547394
Z1554_14090,Z1555_14090,1250.3726053237915
Z1554_14090,Z1555_14091,312.5931513309479
Z1554_14090,Z1555_14093,312.5931513309479
Z1554_14090,Z1555_14095,1250.3726053237915
Z1554_14090,Z1555_14096,312.5931513309479
Z1554_14090,Z1555_14097,1250.3726053237915
Z1554_14091,Z1542_14088,1738.4312295913696
Z1554_14091,Z1542_14089,289.73853826522827
Z1554_14091,Z1542_14091,3476.8624591827393
Z1554_14091,Z1542_14093,3476.8624591827393
Z1554_14091,Z1543_14094,17384.312295913696
Z1554_14091,Z1543_14099,289.73853826522827
Z1554_14091,Z1543_14100,1158.954153060913
Z1554_14091,Z1543_14101,1738.4312295913696
Z1554_14091,Z1543_14102,3476.8624591827393
Z1554_14091,Z1544_14087,1738.4312295913696
Z1554_14091,Z1544_14089,2028.169767856598
Z1554_14091,Z1544_14091,1158.954153060913
Z1554_14091,Z1544_14092,3476.8624591827393
Z1554_14091,Z1544_14093,289.73853826522827
Z1554_14091,Z1544_14094,14486.926913261414
Z1554_14091,Z1544_14099,1158.954153060913
Z1554_14091,Z1544_14100,289.73853826522827
Z1554_14091,Z1544_14101,6084.509303569794
Z1554_14091,Z1544_14102,1158.954153060913
Z1554_14091,Z1545_14088,1738.4312295913696
Z1554_14091,Z1545_14093,289.73853826522827
Z1554_14091,Z1545_14094,1158.954153060913
Z1554_14091,Z1545_14095,2897.3853826522827
Z1554_14091,Z1545_14099,869.2156147956848
Z1554_14091,Z1545_14101,289.73853826522827
Z1554_14091,Z1546_14089,4346.078073978424
Z1554_14091,Z1546_14090,289.73853826522827
Z1554_14091,Z1546_14091,1738.4312295913696
Z1554_14091,Z1546_14092,869.2156147956848
Z1554_14091,Z1546_14093,2897.3853826522827
Z1554_14091,Z1546_14094,1738.4312295913696
Z1554_14091,Z1546_14095,6953.7249183654785
Z1554_14091,Z1546_14096,2317.908306121826
Z1554_14091,Z1547_14087,1158.954153060913
Z1554_14091,Z1547_14089,2607.6468443870544
Z1554_14091,Z1547_14091,15935.619604587555
Z1554_14091,Z1547_14092,3766.6009974479675
Z1554_14091,Z1547_14093,7243.463456630707
Z1554_14091,Z1547_14094,8112.679071426392
Z1554_14091,Z1547_14095,4346.078073978424
Z1554_14091,Z1547_14097,289.73853826522827
Z1554_14091,Z1548_14087,869.2156147956848
Z1554_14091,Z1548_14089,2897.3853826522827
Z1554_14091,Z1548_14091,1448.6926913261414
Z1554_14091,Z1548_14092,150084.56282138824
Z1554_14091,Z1548_14093,22889.344522953033
Z1554_14091,Z1548_14094,34768.62459182739
Z1554_14091,Z1548_14095,8402.41760969162
Z1554_14091,Z1548_14096,1158.954153060913
Z1554_14091,Z1548_14098,3187.123920917511
Z1554_14091,Z1548_14101,1158.954153060913
Z1554_14091,Z1549_14088,1158.954153060913
Z1554_14091,Z1549_14092,16804.83521938324
Z1554_14091,Z1549_14093,42881.303663253784
Z1554_14091,Z1549_14094,50124.76711988449
Z1554_14091,Z1549_14095,17674.050834178925
Z1554_14091,Z1549_14096,2607.6468443870544
Z1554_14091,Z1549_14097,4346.078073978424
Z1554_14091,Z1549_14101,1738.4312295913696
Z1554_14091,Z1550_14088,289.73853826522827
Z1554_14091,Z1550_14090,1158.954153060913
Z1554_14091,Z1550_14091,2317.908306121826
Z1554_14091,Z1550_14092,8692.156147956848
Z1554_14091,Z1550_14093,44040.2578163147
Z1554_14091,Z1550_14094,22020.12890815735
Z1554_14091,Z1550_14095,9561.371762752533
Z1554_14091,Z1550_14097,579.4770765304565
Z1554_14091,Z1550_14099,869.2156147956848
Z1554_14091,Z1550_14100,289.73853826522827
Z1554_14091,Z1550_14102,289.73853826522827
Z1554_14091,Z1551_14086,1738.4312295913696
Z1554_14091,Z1551_14090,1738.4312295913696
Z1554_14091,Z1551_14092,579.4770765304565
Z1554_14091,Z1551_14094,5505.032227039337
Z1554_14091,Z1551_14095,12458.757145404816
Z1554_14091,Z1552_14088,1158.954153060913
Z1554_14091,Z1552_14092,2028.169767856598
Z1554_14091,Z1552_14094,1738.4312295913696
Z1554_14091,Z1552_14095,5794.770765304565
Z1554_14091,Z1552_14096,3766.6009974479675
Z1554_14091,Z1552_14101,289.73853826522827
Z1554_14091,Z1552_14102,289.73853826522827
Z1554_14091,Z1553_14086,1158.954153060913
Z1554_14091,Z1553_14092,2317.908306121826
Z1554_14091,Z1553_14093,1448.6926913261414
Z1554_14091,Z1553_14096,5794.770765304565
Z1554_14091,Z1554_14094,1158.954153060913
Z1554_14091,Z1554_14095,289.73853826522827
Z1554_14091,Z1554_14097,869.2156147956848
Z1554_14091,Z1554_14098,1448.6926913261414
Z1554_14091,Z1554_14099,289.73853826522827
Z1554_14091,Z1554_14100,1448.6926913261414
Z1554_14091,Z1555_14090,1158.954153060913
Z1554_14091,Z1555_14091,289.73853826522827
Z1554_14091,Z1555_14093,289.73853826522827
Z1554_14091,Z1555_14095,1158.954153060913
Z1554_14091,Z1555_14096,289.73853826522827
Z1554_14091,Z1555_14097,1158.954153060913
Z1554_14092,Z1542_14088,2122.6821184158325
Z1554_14092,Z1542_14089,353.7803530693054
Z1554_14092,Z1542_14091,4245.364236831665
Z1554_14092,Z1542_14093,4245.364236831665
Z1554_14092,Z1543_14094,21226.821184158325
Z1554_14092,Z1543_14099,353.7803530693054
Z1554_14092,Z1543_14100,1415.1214122772217
Z1554_14092,Z1543_14101,2122.6821184158325
Z1554_14092,Z1543_14102,4245.364236831665
Z1554_14092,Z1544_14087,2122.6821184158325
Z1554_14092,Z1544_14089,2476.462471485138
Z1554_14092,Z1544_14091,1415.1214122772217
Z1554_14092,Z1544_14092,4245.364236831665
Z1554_14092,Z1544_14093,353.7803530693054
Z1554_14092,Z1544_14094,17689.01765346527
Z1554_14092,Z1544_14099,1415.1214122772217
Z1554_14092,Z1544_14100,353.7803530693054
Z1554_14092,Z1544_14101,7429.387414455414
Z1554_14092,Z1544_14102,1415.1214122772217
Z1554_14092,Z1545_14088,2122.6821184158325
Z1554_14092,Z1545_14093,353.7803530693054
Z1554_14092,Z1545_14094,1415.1214122772217
Z1554_14092,Z1545_14095,3537.803530693054
Z1554_14092,Z1545_14099,1061.3410592079163
Z1554_14092,Z1545_14101,353.7803530693054
Z1554_14092,Z1546_14089,5306.705296039581
Z1554_14092,Z1546_14090,353.7803530693054
Z1554_14092,Z1546_14091,2122.6821184158325
Z1554_14092,Z1546_14092,1061.3410592079163
Z1554_14092,Z1546_14093,3537.803530693054
Z1554_14092,Z1546_14094,2122.6821184158325
Z1554_14092,Z1546_14095,8490.72847366333
Z1554_14092,Z1546_14096,2830.2428245544434
Z1554_14092,Z1547_14087,1415.1214122772217
Z1554_14092,Z1547_14089,3184.023177623749
Z1554_14092,Z1547_14091,19457.919418811798
Z1554_14092,Z1547_14092,4599.1445899009705
Z1554_14092,Z1547_14093,8844.508826732635
Z1554_14092,Z1547_14094,9905.849885940552
Z1554_14092,Z1547_14095,5306.705296039581
Z1554_14092,Z1547_14097,353.7803530693054
Z1554_14092,Z1548_14087,1061.3410592079163
Z1554_14092,Z1548_14089,3537.803530693054
Z1554_14092,Z1548_14091,1768.901765346527
Z1554_14092,Z1548_14092,183258.2228899002
Z1554_14092,Z1548_14093,27948.647892475128
Z1554_14092,Z1548_14094,42453.64236831665
Z1554_14092,Z1548_14095,10259.630239009857
Z1554_14092,Z1548_14096,1415.1214122772217
Z1554_14092,Z1548_14098,3891.5838837623596
Z1554_14092,Z1548_14101,1415.1214122772217
Z1554_14092,Z1549_14088,1415.1214122772217
Z1554_14092,Z1549_14092,20519.260478019714
Z1554_14092,Z1549_14093,52359.4922542572
Z1554_14092,Z1549_14094,61204.00108098984
Z1554_14092,Z1549_14095,21580.60153722763
Z1554_14092,Z1549_14096,3184.023177623749
Z1554_14092,Z1549_14097,5306.705296039581
Z1554_14092,Z1549_14101,2122.6821184158325
Z1554_14092,Z1550_14088,353.7803530693054
Z1554_14092,Z1550_14090,1415.1214122772217
Z1554_14092,Z1550_14091,2830.2428245544434
Z1554_14092,Z1550_14092,10613.410592079163
Z1554_14092,Z1550_14093,53774.613666534424
Z1554_14092,Z1550_14094,26887.306833267212
Z1554_14092,Z1550_14095,11674.751651287079
Z1554_14092,Z1550_14097,707.5607061386108
Z1554_14092,Z1550_14099,1061.3410592079163
Z1554_14092,Z1550_14100,353.7803530693054
Z1554_14092,Z1550_14102,353.7803530693054
Z1554_14092,Z1551_14086,2122.6821184158325
Z1554_14092,Z1551_14090,2122.6821184158325
Z1554_14092,Z1551_14092,707.5607061386108
Z1554_14092,Z1551_14094,6721.826708316803
Z1554_14092,Z1551_14095,15212.555181980133
Z1554_14092,Z1552_14088,1415.1214122772217
Z1554_14092,Z1552_14092,2476.462471485138
Z1554_14092,Z1552_14094,2122.6821184158325
Z1554_14092,Z1552_14095,7075.607061386108
Z1554_14092,Z1552_14096,4599.1445899009705
Z1554_14092,Z1552_14101,353.7803530693054
Z1554_14092,Z1552_14102,353.7803530693054
Z1554_14092,Z1553_14086,1415.1214122772217
Z1554_14092,Z1553_14092,2830.2428245544434
Z1554_14092,Z1553_14093,1768.901765346527
Z1554_14092,Z1553_14096,7075.607061386108
Z1554_14092,Z1554_14094,1415.1214122772217
Z1554_14092,Z1554_14095,353.7803530693054
Z1554_14092,Z1554_14097,1061.3410592079163
Z1554_14092,Z1554_14098,1768.901765346527
Z1554_14092,Z1554_14099,353.7803530693054
Z1554_14092,Z1554_14100,1768.901765346527
Z1554_14092,Z1555_14090,1415.1214122772217
Z1554_14092,Z1555_14091,353.7803530693054
Z1554_14092,Z1555_14093,353.7803530693054
Z1554_14092,Z1555_14095,1415.1214122772217
Z1554_14092,Z1555_14096,353.7803530693054
Z1554_14092,Z1555_14097,1415.1214122772217
Z1554_14093,Z1542_14088,5402.231769561768
Z1554_14093,Z1542_14089,900.3719615936279
Z1554_14093,Z1542_14091,10804.463539123535
Z1554_14093,Z1542_14093,10804.463539123535
Z1554_14093,Z1543_14094,54022.317695617676
Z1554_14093,Z1543_14099,900.3719615936279
Z1554_14093,Z1543_14100,3601.4878463745117
Z1554_14093,Z1543_14101,5402.231769561768
Z1554_14093,Z1543_14102,10804.463539123535
Z1554_14093,Z1544_14087,5402.231769561768
Z1554_14093,Z1544_14089,6302.6037311553955
Z1554_14093,Z1544_14091,3601.4878463745117
Z1554_14093,Z1544_14092,10804.463539123535
Z1554_14093,Z1544_14093,900.3719615936279
Z1554_14093,Z1544_14094,45018.5980796814
Z1554_14093,Z1544_14099,3601.4878463745117
Z1554_14093,Z1544_14100,900.3719615936279
Z1554_14093,Z1544_14101,18907.811193466187
Z1554_14093,Z1544_14102,3601.4878463745117
Z1554_14093,Z1545_14088,5402.231769561768
Z1554_14093,Z1545_14093,900.3719615936279
Z1554_14093,Z1545_14094,3601.4878463745117
Z1554_14093,Z1545_14095,9003.71961593628
Z1554_14093,Z1545_14099,2701.115884780884
Z1554_14093,Z1545_14101,900.3719615936279
Z1554_14093,Z1546_14089,13505.579423904419
Z1554_14093,Z1546_14090,900.3719615936279
Z1554_14093,Z1546_14091,5402.231769561768
Z1554_14093,Z1546_14092,2701.115884780884
Z1554_14093,Z1546_14093,9003.71961593628
Z1554_14093,Z1546_14094,5402.231769561768
Z1554_14093,Z1546_14095,21608.92707824707
Z1554_14093,Z1546_14096,7202.975692749023
Z1554_14093,Z1547_14087,3601.4878463745117
Z1554_14093,Z1547_14089,8103.347654342651
Z1554_14093,Z1547_14091,49520.457887649536
Z1554_14093,Z1547_14092,11704.835500717163
Z1554_14093,Z1547_14093,22509.2990398407
Z1554_14093,Z1547_14094,25210.414924621582
Z1554_14093,Z1547_14095,13505.579423904419
Z1554_14093,Z1547_14097,900.3719615936279
Z1554_14093,Z1548_14087,2701.115884780884
Z1554_14093,Z1548_14089,9003.71961593628
Z1554_14093,Z1548_14091,4501.85980796814
Z1554_14093,Z1548_14092,466392.67610549927
Z1554_14093,Z1548_14093,71129.3849658966
Z1554_14093,Z1548_14094,108044.63539123535
Z1554_14093,Z1548_14095,26110.78688621521
Z1554_14093,Z1548_14096,3601.4878463745117
Z1554_14093,Z1548_14098,9904.091577529907
Z1554_14093,Z1548_14101,3601.4878463745117
Z1554_14093,Z1549_14088,3601.4878463745117
Z1554_14093,Z1549_14092,52221.57377243042
Z1554_14093,Z1549_14093,133255.05031585693
Z1554_14093,Z1549_14094,155764.34935569763
Z1554_14093,Z1549_14095,54922.689657211304
Z1554_14093,Z1549_14096,8103.347654342651
Z1554_14093,Z1549_14097,13505.579423904419
Z1554_14093,Z1549_14101,5402.231769561768
Z1554_14093,Z1550_14088,900.3719615936279
Z1554_14093,Z1550_14090,3601.4878463745117
Z1554_14093,Z1550_14091,7202.975692749023
Z1554_14093,Z1550_14092,27011.158847808838
Z1554_14093,Z1550_14093,136856.53816223145
Z1554_14093,Z1550_14094,68428.26908111572
Z1554_14093,Z1550_14095,29712.27473258972
Z1554_14093,Z1550_14097,1800.7439231872559
Z1554_14093,Z1550_14099,2701.115884780884
Z1554_14093,Z1550_14100,900.3719615936279
Z1554_14093,Z1550_14102,900.3719615936279
Z1554_14093,Z1551_14086,5402.231769561768
Z1554_14093,Z1551_14090,5402.231769561768
Z1554_14093,Z1551_14092,1800.7439231872559
Z1554_14093,Z1551_14094,17107.06727027893
Z1554_14093,Z1551_14095,38715.994348526
Z1554_14093,Z1552_14088,3601.4878463745117
Z1554_14093,Z1552_14092,6302.6037311553955
Z1554_14093,Z1552_14094,5402.231769561768
Z1554_14093,Z1552_14095,18007.43923187256
Z1554_14093,Z1552_14096,11704.835500717163
Z1554_14093,Z1552_14101,900.3719615936279
Z1554_14093,Z1552_14102,900.3719615936279
Z1554_14093,Z1553_14086,3601.4878463745117
Z1554_14093,Z1553_14092,7202.975692749023
Z1554_14093,Z1553_14093,4501.85980796814
Z1554_14093,Z1553_14096,18007.43923187256
Z1554_14093,Z1554_14094,3601.4878463745117
Z1554_14093,Z1554_14095,900.3719615936279
Z1554_14093,Z1554_14097,2701.115884780884
Z1554_14093,Z1554_14098,4501.85980796814
Z1554_14093,Z1554_14099,900.3719615936279
Z1554_14093,Z1554_14100,4501.85980796814
Z1554_14093,Z1555_14090,3601.4878463745117
Z1554_14093,Z1555_14091,900.3719615936279
Z1554_14093,Z1555_14093,900.3719615936279
Z1554_14093,Z1555_14095,3601.4878463745117
Z1554_14093,Z1555_14096,900.3719615936279
Z1554_14093,Z1555_14097,3601.4878463745117
Z1554_14094,Z1542_14088,3875.935821533203
Z1554_14094,Z1542_14089,645.9893035888672
Z1554_14094,Z1542_14091,7751.871643066406
Z1554_14094,Z1542_14093,7751.871643066406
Z1554_14094,Z1543_14094,38759.35821533203
Z1554_14094,Z1543_14099,645.9893035888672
Z1554_14094,Z1543_14100,2583.9572143554688
Z1554_14094,Z1543_14101,3875.935821533203
Z1554_14094,Z1543_14102,7751.871643066406
Z1554_14094,Z1544_14087,3875.935821533203
Z1554_14094,Z1544_14089,4521.92512512207
Z1554_14094,Z1544_14091,2583.9572143554688
Z1554_14094,Z1544_14092,7751.871643066406
Z1554_14094,Z1544_14093,645.9893035888672
Z1554_14094,Z1544_14094,32299.46517944336
Z1554_14094,Z1544_14099,2583.9572143554688
Z1554_14094,Z1544_14100,645.9893035888672
Z1554_14094,Z1544_14101,13565.775375366211
Z1554_14094,Z1544_14102,2583.9572143554688
Z1554_14094,Z1545_14088,3875.935821533203
Z1554_14094,Z1545_14093,645.9893035888672
Z1554_14094,Z1545_14094,2583.9572143554688
Z1554_14094,Z1545_14095,6459.893035888672
Z1554_14094,Z1545_14099,1937.9679107666016
Z1554_14094,Z1545_14101,645.9893035888672
Z1554_14094,Z1546_14089,9689.839553833008
Z1554_14094,Z1546_14090,645.9893035888672
Z1554_14094,Z1546_14091,3875.935821533203
Z1554_14094,Z1546_14092,1937.9679107666016
Z1554_14094,Z1546_14093,6459.893035888672
Z1554_14094,Z1546_14094,3875.935821533203
Z1554_14094,Z1546_14095,15503.743286132812
Z1554_14094,Z1546_14096,5167.9144287109375
Z1554_14094,Z1547_14087,2583.9572143554688
Z1554_14094,Z1547_14089,5813.903732299805
Z1554_14094,Z1547_14091,35529.411697387695
Z1554_14094,Z1547_14092,8397.860946655273
Z1554_14094,Z1547_14093,16149.73258972168
Z1554_14094,Z1547_14094,18087.70050048828
Z1554_14094,Z1547_14095,9689.839553833008
Z1554_14094,Z1547_14097,645.9893035888672
Z1554_14094,Z1548_14087,1937.9679107666016
Z1554_14094,Z1548_14089,6459.893035888672
Z1554_14094,Z1548_14091,3229.946517944336
Z1554_14094,Z1548_14092,334622.4592590332
Z1554_14094,Z1548_14093,51033.15498352051
Z1554_14094,Z1548_14094,77518.71643066406
Z1554_14094,Z1548_14095,18733.68980407715
Z1554_14094,Z1548_14096,2583.9572143554688
Z1554_14094,Z1548_14098,7105.882339477539
Z1554_14094,Z1548_14101,2583.9572143554688
Z1554_14094,Z1549_14088,2583.9572143554688
Z1554_14094,Z1549_14092,37467.3796081543
Z1554_14094,Z1549_14093,95606.41693115234
Z1554_14094,Z1549_14094,111756.14952087402
Z1554_14094,Z1549_14095,39405.3475189209
Z1554_14094,Z1549_14096,5813.903732299805
Z1554_14094,Z1549_14097,9689.839553833008
Z1554_14094,Z1549_14101,3875.935821533203
Z1554_14094,Z1550_14088,645.9893035888672
Z1554_14094,Z1550_14090,2583.9572143554688
Z1554_14094,Z1550_14091,5167.9144287109375
Z1554_14094,Z1550_14092,19379.679107666016
Z1554_14094,Z1550_14093,98190.37414550781
Z1554_14094,Z1550_14094,49095.187072753906
Z1554_14094,Z1550_14095,21317.647018432617
Z1554_14094,Z1550_14097,1291.9786071777344
Z1554_14094,Z1550_14099,1937.9679107666016
Z1554_14094,Z1550_14100,645.9893035888672
Z1554_14094,Z1550_14102,645.9893035888672
Z1554_14094,Z1551_14086,3875.935821533203
Z1554_14094,Z1551_14090,3875.935821533203
Z1554_14094,Z1551_14092,1291.9786071777344
Z1554_14094,Z1551_14094,12273.796768188477
Z1554_14094,Z1551_14095,27777.54005432129
Z1554_14094,Z1552_14088,2583.9572143554688
Z1554_14094,Z1552_14092,4521.92512512207
Z1554_14094,Z1552_14094,3875.935821533203
Z1554_14094,Z1552_14095,12919.786071777344
Z1554_14094,Z1552_14096,8397.860946655273
Z1554_14094,Z1552_14101,645.9893035888672
Z1554_14094,Z1552_14102,645.9893035888672
Z1554_14094,Z1553_14086,2583.9572143554688
Z1554_14094,Z1553_14092,5167.9144287109375
Z1554_14094,Z1553_14093,3229.946517944336
Z1554_14094,Z1553_14096,12919.786071777344
Z1554_14094,Z1554_14094,2583.9572143554688
Z1554_14094,Z1554_14095,645.9893035888672
Z1554_14094,Z1554_14097,1937.9679107666016
Z1554_14094,Z1554_14098,3229.946517944336
Z1554_14094,Z1554_14099,645.9893035888672
Z1554_14094,Z1554_14100,3229.946517944336
Z1554_14094,Z1555_14090,2583.9572143554688
Z1554_14094,Z1555_14091,645.9893035888672
Z1554_14094,Z1555_14093,645.9893035888672
Z1554_14094,Z1555_14095,2583.9572143554688
Z1554_14094,Z1555_14096,645.9893035888672
Z1554_14094,Z1555_14097,2583.9572143554688
Z1554_14095,Z1542_14088,2241.3597106933594
Z1554_14095,Z1542_14089,373.55995178222656
Z1554_14095,Z1542_14091,4482.719421386719
Z1554_14095,Z1542_14093,4482.719421386719
Z1554_14095,Z1543_14094,22413.597106933594
Z1554_14095,Z1543_14099,373.55995178222656
Z1554_14095,Z1543_14100,1494.2398071289062
Z1554_14095,Z1543_14101,2241.3597106933594
Z1554_14095,Z1543_14102,4482.719421386719
Z1554_14095,Z1544_14087,2241.3597106933594
Z1554_14095,Z1544_14089,2614.919662475586
Z1554_14095,Z1544_14091,1494.2398071289062
Z1554_14095,Z1544_14092,4482.719421386719
Z1554_14095,Z1544_14093,373.55995178222656
Z1554_14095,Z1544_14094,18677.997589111328
Z1554_14095,Z1544_14099,1494.2398071289062
Z1554_14095,Z1544_14100,373.55995178222656
Z1554_14095,Z1544_14101,7844.758987426758
Z1554_14095,Z1544_14102,1494.2398071289062
Z1554_14095,Z1545_14088,2241.3597106933594
Z1554_14095,Z1545_14093,373.55995178222656
Z1554_14095,Z1545_14094,1494.2398071289062
Z1554_14095,Z1545_14095,3735.5995178222656
Z1554_14095,Z1545_14099,1120.6798553466797
Z1554_14095,Z1545_14101,373.55995178222656
Z1554_14095,Z1546_14089,5603.399276733398
Z1554_14095,Z1546_14090,373.55995178222656
Z1554_14095,Z1546_14091,2241.3597106933594
Z1554_14095,Z1546_14092,1120.6798553466797
Z1554_14095,Z1546_14093,3735.5995178222656
Z1554_14095,Z1546_14094,2241.3597106933594
Z1554_14095,Z1546_14095,8965.438842773438
Z1554_14095,Z1546_14096,2988.4796142578125
Z1554_14095,Z1547_14087,1494.2398071289062
Z1554_14095,Z1547_14089,3362.039566040039
Z1554_14095,Z1547_14091,20545.79734802246
Z1554_14095,Z1547_14092,4856.279373168945
Z1554_14095,Z1547_14093,9338.998794555664
Z1554_14095,Z1547_14094,10459.678649902344
Z1554_14095,Z1547_14095,5603.399276733398
Z1554_14095,Z1547_14097,373.55995178222656
Z1554_14095,Z1548_14087,1120.6798553466797
Z1554_14095,Z1548_14089,3735.5995178222656
Z1554_14095,Z1548_14091,1867.7997589111328
Z1554_14095,Z1548_14092,193504.05502319336
Z1554_14095,Z1548_14093,29511.2361907959
Z1554_14095,Z1548_14094,44827.19421386719
Z1554_14095,Z1548_14095,10833.23860168457
Z1554_14095,Z1548_14096,1494.2398071289062
Z1554_14095,Z1548_14098,4109.159469604492
Z1554_14095,Z1548_14101,1494.2398071289062
Z1554_14095,Z1549_14088,1494.2398071289062
Z1554_14095,Z1549_14092,21666.47720336914
Z1554_14095,Z1549_14093,55286.87286376953
Z1554_14095,Z1549_14094,64625.871658325195
Z1554_14095,Z1549_14095,22787.15705871582
Z1554_14095,Z1549_14096,3362.039566040039
Z1554_14095,Z1549_14097,5603.399276733398
Z1554_14095,Z1549_14101,2241.3597106933594
Z1554_14095,Z1550_14088,373.55995178222656
Z1554_14095,Z1550_14090,1494.2398071289062
Z1554_14095,Z1550_14091,2988.4796142578125
Z1554_14095,Z1550_14092,11206.798553466797
Z1554_14095,Z1550_14093,56781.11267089844
Z1554_14095,Z1550_14094,28390.55633544922
Z1554_14095,Z1550_14095,12327.478408813477
Z1554_14095,Z1550_14097,747.1199035644531
Z1554_14095,Z1550_14099,1120.6798553466797
Z1554_14095,Z1550_14100,373.55995178222656
Z1554_14095,Z1550_14102,373.55995178222656
Z1554_14095,Z1551_14086,2241.3597106933594
Z1554_14095,Z1551_14090,2241.3597106933594
Z1554_14095,Z1551_14092,747.1199035644531
Z1554_14095,Z1551_14094,7097.639083862305
Z1554_14095,Z1551_14095,16063.077926635742
Z1554_14095,Z1552_14088,1494.2398071289062
Z1554_14095,Z1552_14092,2614.919662475586
Z1554_14095,Z1552_14094,2241.3597106933594
Z1554_14095,Z1552_14095,7471.199035644531
Z1554_14095,Z1552_14096,4856.279373168945
Z1554_14095,Z1552_14101,373.55995178222656
Z1554_14095,Z1552_14102,373.55995178222656
Z1554_14095,Z1553_14086,1494.2398071289062
Z1554_14095,Z1553_14092,2988.4796142578125
Z1554_14095,Z1553_14093,1867.7997589111328
Z1554_14095,Z1553_14096,7471.199035644531
Z1554_14095,Z1554_14094,1494.2398071289062
Z1554_14095,Z1554_14095,373.55995178222656
Z1554_14095,Z1554_14097,1120.6798553466797
Z1554_14095,Z1554_14098,1867.7997589111328
Z1554_14095,Z1554_14099,373.55995178222656
Z1554_14095,Z1554_14100,1867.7997589111328
Z1554_14095,Z1555_14090,1494.2398071289062
Z1554_14095,Z1555_14091,373.55995178222656
Z1554_14095,Z1555_14093,373.55995178222656
Z1554_14095,Z1555_14095,1494.2398071289062
Z1554_14095,Z1555_14096,373.55995178222656
Z1554_14095,Z1555_14097,1494.2398071289062
Z1554_14096,Z1542_14088,1893.5898971557617
Z1554_14096,Z1542_14089,315.59831619262695
Z1554_14096,Z1542_14091,3787.1797943115234
Z1554_14096,Z1542_14093,3787.1797943115234
Z1554_14096,Z1543_14094,18935.898971557617
Z1554_14096,Z1543_14099,315.59831619262695
Z1554_14096,Z1543_14100,1262.3932647705078
Z1554_14096,Z1543_14101,1893.5898971557617
Z1554_14096,Z1543_14102,3787.1797943115234
Z1554_14096,Z1544_14087,1893.5898971557617
Z1554_14096,Z1544_14089,2209.1882133483887
Z1554_14096,Z1544_14091,1262.3932647705078
Z1554_14096,Z1544_14092,3787.1797943115234
Z1554_14096,Z1544_14093,315.59831619262695
Z1554_14096,Z1544_14094,15779.915809631348
Z1554_14096,Z1544_14099,1262.3932647705078
Z1554_14096,Z1544_14100,315.59831619262695
Z1554_14096,Z1544_14101,6627.564640045166
Z1554_14096,Z1544_14102,1262.3932647705078
Z1554_14096,Z1545_14088,1893.5898971557617
Z1554_14096,Z1545_14093,315.59831619262695
Z1554_14096,Z1545_14094,1262.3932647705078
Z1554_14096,Z1545_14095,3155.9831619262695
Z1554_14096,Z1545_14099,946.7949485778809
Z1554_14096,Z1545_14101,315.59831619262695
Z1554_14096,Z1546_14089,4733.974742889404
Z1554_14096,Z1546_14090,315.59831619262695
Z1554_14096,Z1546_14091,1893.5898971557617
Z1554_14096,Z1546_14092,946.7949485778809
Z1554_14096,Z1546_14093,3155.9831619262695
Z1554_14096,Z1546_14094,1893.5898971557617
Z1554_14096,Z1546_14095,7574.359588623047
Z1554_14096,Z1546_14096,2524.7865295410156
Z1554_14096,Z1547_14087,1262.3932647705078
Z1554_14096,Z1547_14089,2840.3848457336426
Z1554_14096,Z1547_14091,17357.907390594482
Z1554_14096,Z1547_14092,4102.77811050415
Z1554_14096,Z1547_14093,7889.957904815674
Z1554_14096,Z1547_14094,8836.752853393555
Z1554_14096,Z1547_14095,4733.974742889404
Z1554_14096,Z1547_14097,315.59831619262695
Z1554_14096,Z1548_14087,946.7949485778809
Z1554_14096,Z1548_14089,3155.9831619262695
Z1554_14096,Z1548_14091,1577.9915809631348
Z1554_14096,Z1548_14092,163479.92778778076
Z1554_14096,Z1548_14093,24932.26697921753
Z1554_14096,Z1548_14094,37871.797943115234
Z1554_14096,Z1548_14095,9152.351169586182
Z1554_14096,Z1548_14096,1262.3932647705078
Z1554_14096,Z1548_14098,3471.5814781188965
Z1554_14096,Z1548_14101,1262.3932647705078
Z1554_14096,Z1549_14088,1262.3932647705078
Z1554_14096,Z1549_14092,18304.702339172363
Z1554_14096,Z1549_14093,46708.55079650879
Z1554_14096,Z1549_14094,54598.50870132446
Z1554_14096,Z1549_14095,19251.497287750244
Z1554_14096,Z1549_14096,2840.3848457336426
Z1554_14096,Z1549_14097,4733.974742889404
Z1554_14096,Z1549_14101,1893.5898971557617
Z1554_14096,Z1550_14088,315.59831619262695
Z1554_14096,Z1550_14090,1262.3932647705078
Z1554_14096,Z1550_14091,2524.7865295410156
Z1554_14096,Z1550_14092,9467.949485778809
Z1554_14096,Z1550_14093,47970.9440612793
Z1554_14096,Z1550_14094,23985.47203063965
Z1554_14096,Z1550_14095,10414.74443435669
Z1554_14096,Z1550_14097,631.1966323852539
Z1554_14096,Z1550_14099,946.7949485778809
Z1554_14096,Z1550_14100,315.59831619262695
Z1554_14096,Z1550_14102,315.59831619262695
Z1554_14096,Z1551_14086,1893.5898971557617
Z1554_14096,Z1551_14090,1893.5898971557617
Z1554_14096,Z1551_14092,631.1966323852539
Z1554_14096,Z1551_14094,5996.368007659912
Z1554_14096,Z1551_14095,13570.727596282959
Z1554_14096,Z1552_14088,1262.3932647705078
Z1554_14096,Z1552_14092,2209.1882133483887
Z1554_14096,Z1552_14094,1893.5898971557617
Z1554_14096,Z1552_14095,6311.966323852539
Z1554_14096,Z1552_14096,4102.77811050415
Z1554_14096,Z1552_14101,315.59831619262695
Z1554_14096,Z1552_14102,315.59831619262695
Z1554_14096,Z1553_14086,1262.3932647705078
Z1554_14096,Z1553_14092,2524.7865295410156
Z1554_14096,Z1553_14093,1577.9915809631348
Z1554_14096,Z1553_14096,6311.966323852539
Z1554_14096,Z1554_14094,1262.3932647705078
Z1554_14096,Z1554_14095,315.59831619262695
Z1554_14096,Z1554_14097,946.7949485778809
Z1554_14096,Z1554_14098,1577.9915809631348
Z1554_14096,Z1554_14099,315.59831619262695
Z1554_14096,Z1554_14100,1577.9915809631348
Z1554_14096,Z1555_14090,1262.3932647705078
Z1554_14096,Z1555_14091,315.59831619262695
Z1554_14096,Z1555_14093,315.59831619262695
Z1554_14096,Z1555_14095,1262.3932647705078
Z1554_14096,Z1555_14096,315.59831619262695
Z1554_14096,Z1555_14097,1262.3932647705078
Z1554_14097,Z1542_14088,1895.644998550415
Z1554_14097,Z1542_14089,315.94083309173584
Z1554_14097,Z1542_14091,3791.28999710083
Z1554_14097,Z1542_14093,3791.28999710083
Z1554_14097,Z1543_14094,18956.44998550415
Z1554_14097,Z1543_14099,315.94083309173584
Z1554_14097,Z1543_14100,1263.7633323669434
Z1554_14097,Z1543_14101,1895.644998550415
Z1554_14097,Z1543_14102,3791.28999710083
Z1554_14097,Z1544_14087,1895.644998550415
Z1554_14097,Z1544_14089,2211.585831642151
Z1554_14097,Z1544_14091,1263.7633323669434
Z1554_14097,Z1544_14092,3791.28999710083
Z1554_14097,Z1544_14093,315.94083309173584
Z1554_14097,Z1544_14094,15797.041654586792
Z1554_14097,Z1544_14099,1263.7633323669434
Z1554_14097,Z1544_14100,315.94083309173584
Z1554_14097,Z1544_14101,6634.757494926453
Z1554_14097,Z1544_14102,1263.7633323669434
Z1554_14097,Z1545_14088,1895.644998550415
Z1554_14097,Z1545_14093,315.94083309173584
Z1554_14097,Z1545_14094,1263.7633323669434
Z1554_14097,Z1545_14095,3159.4083309173584
Z1554_14097,Z1545_14099,947.8224992752075
Z1554_14097,Z1545_14101,315.94083309173584
Z1554_14097,Z1546_14089,4739.112496376038
Z1554_14097,Z1546_14090,315.94083309173584
Z1554_14097,Z1546_14091,1895.644998550415
Z1554_14097,Z1546_14092,947.8224992752075
Z1554_14097,Z1546_14093,3159.4083309173584
Z1554_14097,Z1546_14094,1895.644998550415
Z1554_14097,Z1546_14095,7582.57999420166
Z1554_14097,Z1546_14096,2527.5266647338867
Z1554_14097,Z1547_14087,1263.7633323669434
Z1554_14097,Z1547_14089,2843.4674978256226
Z1554_14097,Z1547_14091,17376.74582004547
Z1554_14097,Z1547_14092,4107.230830192566
Z1554_14097,Z1547_14093,7898.520827293396
Z1554_14097,Z1547_14094,8846.343326568604
Z1554_14097,Z1547_14095,4739.112496376038
Z1554_14097,Z1547_14097,315.94083309173584
Z1554_14097,Z1548_14087,947.8224992752075
Z1554_14097,Z1548_14089,3159.4083309173584
Z1554_14097,Z1548_14091,1579.7041654586792
Z1554_14097,Z1548_14092,163657.35154151917
Z1554_14097,Z1548_14093,24959.32581424713
Z1554_14097,Z1548_14094,37912.8999710083
Z1554_14097,Z1548_14095,9162.28415966034
Z1554_14097,Z1548_14096,1263.7633323669434
Z1554_14097,Z1548_14098,3475.3491640090942
Z1554_14097,Z1548_14101,1263.7633323669434
Z1554_14097,Z1549_14088,1263.7633323669434
Z1554_14097,Z1549_14092,18324.56831932068
Z1554_14097,Z1549_14093,46759.243297576904
Z1554_14097,Z1549_14094,54657.7641248703
Z1554_14097,Z1549_14095,19272.390818595886
Z1554_14097,Z1549_14096,2843.4674978256226
Z1554_14097,Z1549_14097,4739.112496376038
Z1554_14097,Z1549_14101,1895.644998550415
Z1554_14097,Z1550_14088,315.94083309173584
Z1554_14097,Z1550_14090,1263.7633323669434
Z1554_14097,Z1550_14091,2527.5266647338867
Z1554_14097,Z1550_14092,9478.224992752075
Z1554_14097,Z1550_14093,48023.00662994385
Z1554_14097,Z1550_14094,24011.503314971924
Z1554_14097,Z1550_14095,10426.047492027283
Z1554_14097,Z1550_14097,631.8816661834717
Z1554_14097,Z1550_14099,947.8224992752075
Z1554_14097,Z1550_14100,315.94083309173584
Z1554_14097,Z1550_14102,315.94083309173584
Z1554_14097,Z1551_14086,1895.644998550415
Z1554_14097,Z1551_14090,1895.644998550415
Z1554_14097,Z1551_14092,631.8816661834717
Z1554_14097,Z1551_14094,6002.875828742981
Z1554_14097,Z1551_14095,13585.455822944641
Z1554_14097,Z1552_14088,1263.7633323669434
Z1554_14097,Z1552_14092,2211.585831642151
Z1554_14097,Z1552_14094,1895.644998550415
Z1554_14097,Z1552_14095,6318.816661834717
Z1554_14097,Z1552_14096,4107.230830192566
Z1554_14097,Z1552_14101,315.94083309173584
Z1554_14097,Z1552_14102,315.94083309173584
Z1554_14097,Z1553_14086,1263.7633323669434
Z1554_14097,Z1553_14092,2527.5266647338867
Z1554_14097,Z1553_14093,1579.7041654586792
Z1554_14097,Z1553_14096,6318.816661834717
Z1554_14097,Z1554_14094,1263.7633323669434
Z1554_14097,Z1554_14095,315.94083309173584
Z1554_14097,Z1554_14097,947.8224992752075
Z1554_14097,Z1554_14098,1579.7041654586792
Z1554_14097,Z1554_14099,315.94083309173584
Z1554_14097,Z1554_14100,1579.7041654586792
Z1554_14097,Z1555_14090,1263.7633323669434
Z1554_14097,Z1555_14091,315.94083309173584
Z1554_14097,Z1555_14093,315.94083309173584
Z1554_14097,Z1555_14095,1263.7633323669434
Z1554_14097,Z1555_14096,315.94083309173584
Z1554_14097,Z1555_14097,1263.7633323669434
Z1554_14098,Z1542_14088,1082.9897117614746
Z1554_14098,Z1542_14089,180.4982852935791
Z1554_14098,Z1542_14091,2165.979423522949
Z1554_14098,Z1542_14093,2165.979423522949
Z1554_14098,Z1543_14094,10829.897117614746
Z1554_14098,Z1543_14099,180.4982852935791
Z1554_14098,Z1543_14100,721.9931411743164
Z1554_14098,Z1543_14101,1082.9897117614746
Z1554_14098,Z1543_14102,2165.979423522949
Z1554_14098,Z1544_14087,1082.9897117614746
Z1554_14098,Z1544_14089,1263.4879970550537
Z1554_14098,Z1544_14091,721.9931411743164
Z1554_14098,Z1544_14092,2165.979423522949
Z1554_14098,Z1544_14093,180.4982852935791
Z1554_14098,Z1544_14094,9024.914264678955
Z1554_14098,Z1544_14099,721.9931411743164
Z1554_14098,Z1544_14100,180.4982852935791
Z1554_14098,Z1544_14101,3790.463991165161
Z1554_14098,Z1544_14102,721.9931411743164
Z1554_14098,Z1545_14088,1082.9897117614746
Z1554_14098,Z1545_14093,180.4982852935791
Z1554_14098,Z1545_14094,721.9931411743164
Z1554_14098,Z1545_14095,1804.982852935791
Z1554_14098,Z1545_14099,541.4948558807373
Z1554_14098,Z1545_14101,180.4982852935791
Z1554_14098,Z1546_14089,2707.4742794036865
Z1554_14098,Z1546_14090,180.4982852935791
Z1554_14098,Z1546_14091,1082.9897117614746
Z1554_14098,Z1546_14092,541.4948558807373
Z1554_14098,Z1546_14093,1804.982852935791
Z1554_14098,Z1546_14094,1082.9897117614746
Z1554_14098,Z1546_14095,4331.958847045898
Z1554_14098,Z1546_14096,1443.9862823486328
Z1554_14098,Z1547_14087,721.9931411743164
Z1554_14098,Z1547_14089,1624.484567642212
Z1554_14098,Z1547_14091,9927.40569114685
Z1554_14098,Z1547_14092,2346.4777088165283
Z1554_14098,Z1547_14093,4512.4571323394775
Z1554_14098,Z1547_14094,5053.951988220215
Z1554_14098,Z1547_14095,2707.4742794036865
Z1554_14098,Z1547_14097,180.4982852935791
Z1554_14098,Z1548_14087,541.4948558807373
Z1554_14098,Z1548_14089,1804.982852935791
Z1554_14098,Z1548_14091,902.4914264678955
Z1554_14098,Z1548_14092,93498.11178207397
Z1554_14098,Z1548_14093,14259.364538192749
Z1554_14098,Z1548_14094,21659.794235229492
Z1554_14098,Z1548_14095,5234.450273513794
Z1554_14098,Z1548_14096,721.9931411743164
Z1554_14098,Z1548_14098,1985.4811382293701
Z1554_14098,Z1548_14101,721.9931411743164
Z1554_14098,Z1549_14088,721.9931411743164
Z1554_14098,Z1549_14092,10468.900547027588
Z1554_14098,Z1549_14093,26713.746223449707
Z1554_14098,Z1549_14094,31226.203355789185
Z1554_14098,Z1549_14095,11010.395402908325
Z1554_14098,Z1549_14096,1624.484567642212
Z1554_14098,Z1549_14097,2707.4742794036865
Z1554_14098,Z1549_14101,1082.9897117614746
Z1554_14098,Z1550_14088,180.4982852935791
Z1554_14098,Z1550_14090,721.9931411743164
Z1554_14098,Z1550_14091,1443.9862823486328
Z1554_14098,Z1550_14092,5414.948558807373
Z1554_14098,Z1550_14093,27435.739364624023
Z1554_14098,Z1550_14094,13717.869682312012
Z1554_14098,Z1550_14095,5956.44341468811
Z1554_14098,Z1550_14097,360.9965705871582
Z1554_14098,Z1550_14099,541.4948558807373
Z1554_14098,Z1550_14100,180.4982852935791
Z1554_14098,Z1550_14102,180.4982852935791
Z1554_14098,Z1551_14086,1082.9897117614746
Z1554_14098,Z1551_14090,1082.9897117614746
Z1554_14098,Z1551_14092,360.9965705871582
Z1554_14098,Z1551_14094,3429.467420578003
Z1554_14098,Z1551_14095,7761.426267623901
Z1554_14098,Z1552_14088,721.9931411743164
Z1554_14098,Z1552_14092,1263.4879970550537
Z1554_14098,Z1552_14094,1082.9897117614746
Z1554_14098,Z1552_14095,3609.965705871582
Z1554_14098,Z1552_14096,2346.4777088165283
Z1554_14098,Z1552_14101,180.4982852935791
Z1554_14098,Z1552_14102,180.4982852935791
Z1554_14098,Z1553_14086,721.9931411743164
Z1554_14098,Z1553_14092,1443.9862823486328
Z1554_14098,Z1553_14093,902.4914264678955
Z1554_14098,Z1553_14096,3609.965705871582
Z1554_14098,Z1554_14094,721.9931411743164
Z1554_14098,Z1554_14095,180.4982852935791
Z1554_14098,Z1554_14097,541.4948558807373
Z1554_14098,Z1554_14098,902.4914264678955
Z1554_14098,Z1554_14099,180.4982852935791
Z1554_14098,Z1554_14100,902.4914264678955
Z1554_14098,Z1555_14090,721.9931411743164
Z1554_14098,Z1555_14091,180.4982852935791
Z1554_14098,Z1555_14093,180.4982852935791
Z1554_14098,Z1555_14095,721.9931411743164
Z1554_14098,Z1555_14096,180.4982852935791
Z1554_14098,Z1555_14097,721.9931411743164
Z1554_14099,Z1542_14088,1083.9023780822754
Z1554_14099,Z1542_14089,180.6503963470459
Z1554_14099,Z1542_14091,2167.804756164551
Z1554_14099,Z1542_14093,2167.804756164551
Z1554_14099,Z1543_14094,10839.023780822754
Z1554_14099,Z1543_14099,180.6503963470459
Z1554_14099,Z1543_14100,722.6015853881836
Z1554_14099,Z1543_14101,1083.9023780822754
Z1554_14099,Z1543_14102,2167.804756164551
Z1554_14099,Z1544_14087,1083.9023780822754
Z1554_14099,Z1544_14089,1264.5527744293213
Z1554_14099,Z1544_14091,722.6015853881836
Z1554_14099,Z1544_14092,2167.804756164551
Z1554_14099,Z1544_14093,180.6503963470459
Z1554_14099,Z1544_14094,9032.519817352295
Z1554_14099,Z1544_14099,722.6015853881836
Z1554_14099,Z1544_14100,180.6503963470459
Z1554_14099,Z1544_14101,3793.658323287964
Z1554_14099,Z1544_14102,722.6015853881836
Z1554_14099,Z1545_14088,1083.9023780822754
Z1554_14099,Z1545_14093,180.6503963470459
Z1554_14099,Z1545_14094,722.6015853881836
Z1554_14099,Z1545_14095,1806.503963470459
Z1554_14099,Z1545_14099,541.9511890411377
Z1554_14099,Z1545_14101,180.6503963470459
Z1554_14099,Z1546_14089,2709.7559452056885
Z1554_14099,Z1546_14090,180.6503963470459
Z1554_14099,Z1546_14091,1083.9023780822754
Z1554_14099,Z1546_14092,541.9511890411377
Z1554_14099,Z1546_14093,1806.503963470459
Z1554_14099,Z1546_14094,1083.9023780822754
Z1554_14099,Z1546_14095,4335.609512329102
Z1554_14099,Z1546_14096,1445.2031707763672
Z1554_14099,Z1547_14087,722.6015853881836
Z1554_14099,Z1547_14089,1625.853567123413
Z1554_14099,Z1547_14091,9935.771799087524
Z1554_14099,Z1547_14092,2348.4551525115967
Z1554_14099,Z1547_14093,4516.2599086761475
Z1554_14099,Z1547_14094,5058.211097717285
Z1554_14099,Z1547_14095,2709.7559452056885
Z1554_14099,Z1547_14097,180.6503963470459
Z1554_14099,Z1548_14087,541.9511890411377
Z1554_14099,Z1548_14089,1806.503963470459
Z1554_14099,Z1548_14091,903.2519817352295
Z1554_14099,Z1548_14092,93576.90530776978
Z1554_14099,Z1548_14093,14271.381311416626
Z1554_14099,Z1548_14094,21678.047561645508
Z1554_14099,Z1548_14095,5238.861494064331
Z1554_14099,Z1548_14096,722.6015853881836
Z1554_14099,Z1548_14098,1987.1543598175049
Z1554_14099,Z1548_14101,722.6015853881836
Z1554_14099,Z1549_14088,722.6015853881836
Z1554_14099,Z1549_14092,10477.722988128662
Z1554_14099,Z1549_14093,26736.258659362793
Z1554_14099,Z1549_14094,31252.51856803894
Z1554_14099,Z1549_14095,11019.6741771698
Z1554_14099,Z1549_14096,1625.853567123413
Z1554_14099,Z1549_14097,2709.7559452056885
Z1554_14099,Z1549_14101,1083.9023780822754
Z1554_14099,Z1550_14088,180.6503963470459
Z1554_14099,Z1550_14090,722.6015853881836
Z1554_14099,Z1550_14091,1445.2031707763672
Z1554_14099,Z1550_14092,5419.511890411377
Z1554_14099,Z1550_14093,27458.860244750977
Z1554_14099,Z1550_14094,13729.430122375488
Z1554_14099,Z1550_14095,5961.463079452515
Z1554_14099,Z1550_14097,361.3007926940918
Z1554_14099,Z1550_14099,541.9511890411377
Z1554_14099,Z1550_14100,180.6503963470459
Z1554_14099,Z1550_14102,180.6503963470459
Z1554_14099,Z1551_14086,1083.9023780822754
Z1554_14099,Z1551_14090,1083.9023780822754
Z1554_14099,Z1551_14092,361.3007926940918
Z1554_14099,Z1551_14094,3432.357530593872
Z1554_14099,Z1551_14095,7767.967042922974
Z1554_14099,Z1552_14088,722.6015853881836
Z1554_14099,Z1552_14092,1264.5527744293213
Z1554_14099,Z1552_14094,1083.9023780822754
Z1554_14099,Z1552_14095,3613.007926940918
Z1554_14099,Z1552_14096,2348.4551525115967
Z1554_14099,Z1552_14101,180.6503963470459
Z1554_14099,Z1552_14102,180.6503963470459
Z1554_14099,Z1553_14086,722.6015853881836
Z1554_14099,Z1553_14092,1445.2031707763672
Z1554_14099,Z1553_14093,903.2519817352295
Z1554_14099,Z1553_14096,3613.007926940918
Z1554_14099,Z1554_14094,722.6015853881836
Z1554_14099,Z1554_14095,180.6503963470459
Z1554_14099,Z1554_14097,541.9511890411377
Z1554_14099,Z1554_14098,903.2519817352295
Z1554_14099,Z1554_14099,180.6503963470459
Z1554_14099,Z1554_14100,903.2519817352295
Z1554_14099,Z1555_14090,722.6015853881836
Z1554_14099,Z1555_14091,180.6503963470459
Z1554_14099,Z1555_14093,180.6503963470459
Z1554_14099,Z1555_14095,722.6015853881836
Z1554_14099,Z1555_14096,180.6503963470459
Z1554_14099,Z1555_14097,722.6015853881836
Z1554_14100,Z1542_14088,568.1701183319092
Z1554_14100,Z1542_14089,94.69501972198486
Z1554_14100,Z1542_14091,1136.3402366638184
Z1554_14100,Z1542_14093,1136.3402366638184
Z1554_14100,Z1543_14094,5681.701183319092
Z1554_14100,Z1543_14099,94.69501972198486
Z1554_14100,Z1543_14100,378.78007888793945
Z1554_14100,Z1543_14101,568.1701183319092
Z1554_14100,Z1543_14102,1136.3402366638184
Z1554_14100,Z1544_14087,568.1701183319092
Z1554_14100,Z1544_14089,662.865138053894
Z1554_14100,Z1544_14091,378.78007888793945
Z1554_14100,Z1544_14092,1136.3402366638184
Z1554_14100,Z1544_14093,94.69501972198486
Z1554_14100,Z1544_14094,4734.750986099243
Z1554_14100,Z1544_14099,378.78007888793945
Z1554_14100,Z1544_14100,94.69501972198486
Z1554_14100,Z1544_14101,1988.5954141616821
Z1554_14100,Z1544_14102,378.78007888793945
Z1554_14100,Z1545_14088,568.1701183319092
Z1554_14100,Z1545_14093,94.69501972198486
Z1554_14100,Z1545_14094,378.78007888793945
Z1554_14100,Z1545_14095,946.9501972198486
Z1554_14100,Z1545_14099,284.0850591659546
Z1554_14100,Z1545_14101,94.69501972198486
Z1554_14100,Z1546_14089,1420.425295829773
Z1554_14100,Z1546_14090,94.69501972198486
Z1554_14100,Z1546_14091,568.1701183319092
Z1554_14100,Z1546_14092,284.0850591659546
Z1554_14100,Z1546_14093,946.9501972198486
Z1554_14100,Z1546_14094,568.1701183319092
Z1554_14100,Z1546_14095,2272.6804733276367
Z1554_14100,Z1546_14096,757.5601577758789
Z1554_14100,Z1547_14087,378.78007888793945
Z1554_14100,Z1547_14089,852.2551774978638
Z1554_14100,Z1547_14091,5208.2260847091675
Z1554_14100,Z1547_14092,1231.0352563858032
Z1554_14100,Z1547_14093,2367.3754930496216
Z1554_14100,Z1547_14094,2651.460552215576
Z1554_14100,Z1547_14095,1420.425295829773
Z1554_14100,Z1547_14097,94.69501972198486
Z1554_14100,Z1548_14087,284.0850591659546
Z1554_14100,Z1548_14089,946.9501972198486
Z1554_14100,Z1548_14091,473.4750986099243
Z1554_14100,Z1548_14092,49052.02021598816
Z1554_14100,Z1548_14093,7480.906558036804
Z1554_14100,Z1548_14094,11363.402366638184
Z1554_14100,Z1548_14095,2746.155571937561
Z1554_14100,Z1548_14096,378.78007888793945
Z1554_14100,Z1548_14098,1041.6452169418335
Z1554_14100,Z1548_14101,378.78007888793945
Z1554_14100,Z1549_14088,378.78007888793945
Z1554_14100,Z1549_14092,5492.311143875122
Z1554_14100,Z1549_14093,14014.86291885376
Z1554_14100,Z1549_14094,16382.238411903381
Z1554_14100,Z1549_14095,5776.396203041077
Z1554_14100,Z1549_14096,852.2551774978638
Z1554_14100,Z1549_14097,1420.425295829773
Z1554_14100,Z1549_14101,568.1701183319092
Z1554_14100,Z1550_14088,94.69501972198486
Z1554_14100,Z1550_14090,378.78007888793945
Z1554_14100,Z1550_14091,757.5601577758789
Z1554_14100,Z1550_14092,2840.850591659546
Z1554_14100,Z1550_14093,14393.6429977417
Z1554_14100,Z1550_14094,7196.82149887085
Z1554_14100,Z1550_14095,3124.9356508255005
Z1554_14100,Z1550_14097,189.39003944396973
Z1554_14100,Z1550_14099,284.0850591659546
Z1554_14100,Z1550_14100,94.69501972198486
Z1554_14100,Z1550_14102,94.69501972198486
Z1554_14100,Z1551_14086,568.1701183319092
Z1554_14100,Z1551_14090,568.1701183319092
Z1554_14100,Z1551_14092,189.39003944396973
Z1554_14100,Z1551_14094,1799.2053747177124
Z1554_14100,Z1551_14095,4071.885848045349
Z1554_14100,Z1552_14088,378.78007888793945
Z1554_14100,Z1552_14092,662.865138053894
Z1554_14100,Z1552_14094,568.1701183319092
Z1554_14100,Z1552_14095,1893.9003944396973
Z1554_14100,Z1552_14096,1231.0352563858032
Z1554_14100,Z1552_14101,94.69501972198486
Z1554_14100,Z1552_14102,94.69501972198486
Z1554_14100,Z1553_14086,378.78007888793945
Z1554_14100,Z1553_14092,757.5601577758789
Z1554_14100,Z1553_14093,473.4750986099243
Z1554_14100,Z1553_14096,1893.9003944396973
Z1554_14100,Z1554_14094,378.78007888793945
Z1554_14100,Z1554_14095,94.69501972198486
Z1554_14100,Z1554_14097,284.0850591659546
Z1554_14100,Z1554_14098,473.4750986099243
Z1554_14100,Z1554_14099,94.69501972198486
Z1554_14100,Z1554_14100,473.4750986099243
Z1554_14100,Z1555_14090,378.78007888793945
Z1554_14100,Z1555_14091,94.69501972198486
Z1554_14100,Z1555_14093,94.69501972198486
Z1554_14100,Z1555_14095,378.78007888793945
Z1554_14100,Z1555_14096,94.69501972198486
Z1554_14100,Z1555_14097,378.78007888793945
